here() starts at /home
── Attaching core tidyverse packages ──────────────────────── tidyverse 2.0.0 ──
✔ dplyr     1.2.1     ✔ readr     2.2.0
✔ forcats   1.0.1     ✔ stringr   1.6.0
✔ ggplot2   4.0.3     ✔ tibble    3.3.1
✔ lubridate 1.9.5     ✔ tidyr     1.3.2
✔ purrr     1.2.2     
── Conflicts ────────────────────────────────────────── tidyverse_conflicts() ──
✖ dplyr::filter() masks stats::filter()
✖ dplyr::lag()    masks stats::lag()
ℹ Use the conflicted package (<http://conflicted.r-lib.org/>) to force all conflicts to become errors
Loading required package: Matrix

Attaching package: ‘Matrix’

The following objects are masked from ‘package:tidyr’:

    expand, pack, unpack


Attaching package: ‘lmerTest’

The following object is masked from ‘package:lme4’:

    lmer

The following object is masked from ‘package:stats’:

    step

RQ3 model (LMM-II) fitted.
Linear mixed model fit by REML. t-tests use Satterthwaite's method [
lmerModLmerTest]
Formula: 
log(Runtime.Per.Sample) ~ (Backend + PP + Buffer.Size + Iteration.Count +  
    Environment + Model.Unique)^5 + (1 | Repetition.Index)
   Data: data

REML criterion at convergence: -5407.1

Scaled residuals: 
    Min      1Q  Median      3Q     Max 
-4.8653 -0.1826 -0.0034  0.0818 19.7943 

Random effects:
 Groups           Name        Variance Std.Dev.
 Repetition.Index (Intercept) 0.001243 0.03525 
 Residual                     0.017359 0.13175 
Number of obs: 7200, groups:  Repetition.Index, 1440

Fixed effects:
                                                                                                  Estimate
(Intercept)                                                                                     -6.658e+00
Backendjs-bypass                                                                                 4.584e-02
Backendjs-onnx                                                                                   2.342e+00
Backendwasm-onnx                                                                                 2.320e+00
PPjs                                                                                             5.033e-02
Buffer.Size1024                                                                                 -2.564e-01
Buffer.Size8192                                                                                 -3.008e-01
Iteration.Count1                                                                                 4.781e-01
Iteration.Count2                                                                                -1.097e-01
Iteration.Count3                                                                                -1.181e-01
Iteration.Count4                                                                                -1.303e-01
EnvironmentFirefox                                                                              -1.424e-01
EnvironmentSafari                                                                                1.091e-01
Model.Uniquesteerable-nafx                                                                      -2.642e-01
Backendjs-bypass:PPjs                                                                           -1.133e-02
Backendjs-onnx:PPjs                                                                             -5.307e-02
Backendwasm-onnx:PPjs                                                                           -7.409e-02
Backendjs-bypass:Buffer.Size1024                                                                -3.525e-02
Backendjs-onnx:Buffer.Size1024                                                                   1.555e-01
Backendwasm-onnx:Buffer.Size1024                                                                 1.401e-01
Backendjs-bypass:Buffer.Size8192                                                                -4.038e-02
Backendjs-onnx:Buffer.Size8192                                                                   1.756e-01
Backendwasm-onnx:Buffer.Size8192                                                                 1.803e-01
Backendjs-bypass:Iteration.Count1                                                               -3.941e-02
Backendjs-onnx:Iteration.Count1                                                                 -1.538e-01
Backendwasm-onnx:Iteration.Count1                                                               -3.204e-01
Backendjs-bypass:Iteration.Count2                                                               -5.562e-04
Backendjs-onnx:Iteration.Count2                                                                  2.274e-02
Backendwasm-onnx:Iteration.Count2                                                                5.386e-02
Backendjs-bypass:Iteration.Count3                                                                3.475e-02
Backendjs-onnx:Iteration.Count3                                                                  3.120e-02
Backendwasm-onnx:Iteration.Count3                                                                5.230e-02
Backendjs-bypass:Iteration.Count4                                                                1.851e-02
Backendjs-onnx:Iteration.Count4                                                                  5.835e-02
Backendwasm-onnx:Iteration.Count4                                                                9.267e-02
Backendjs-bypass:EnvironmentFirefox                                                              7.425e-03
Backendjs-onnx:EnvironmentFirefox                                                               -5.172e-01
Backendwasm-onnx:EnvironmentFirefox                                                             -3.754e-01
Backendjs-bypass:EnvironmentSafari                                                              -2.446e-03
Backendjs-onnx:EnvironmentSafari                                                                -5.758e-01
Backendwasm-onnx:EnvironmentSafari                                                              -6.141e-01
Backendjs-bypass:Model.Uniquesteerable-nafx                                                     -1.977e-02
Backendjs-onnx:Model.Uniquesteerable-nafx                                                        3.317e+00
Backendwasm-onnx:Model.Uniquesteerable-nafx                                                      3.328e+00
PPjs:Buffer.Size1024                                                                            -4.108e-02
PPjs:Buffer.Size8192                                                                            -3.330e-02
PPjs:Iteration.Count1                                                                           -1.173e-01
PPjs:Iteration.Count2                                                                            1.230e-02
PPjs:Iteration.Count3                                                                           -9.126e-03
PPjs:Iteration.Count4                                                                            3.868e-02
PPjs:EnvironmentFirefox                                                                         -1.869e-02
PPjs:EnvironmentSafari                                                                          -4.064e-02
PPjs:Model.Uniquesteerable-nafx                                                                 -5.557e-02
Buffer.Size1024:Iteration.Count1                                                                -4.264e-01
Buffer.Size8192:Iteration.Count1                                                                -4.735e-01
Buffer.Size1024:Iteration.Count2                                                                 9.823e-02
Buffer.Size8192:Iteration.Count2                                                                 1.033e-01
Buffer.Size1024:Iteration.Count3                                                                 1.159e-01
Buffer.Size8192:Iteration.Count3                                                                 1.104e-01
Buffer.Size1024:Iteration.Count4                                                                 1.126e-01
Buffer.Size8192:Iteration.Count4                                                                 1.347e-01
Buffer.Size1024:EnvironmentFirefox                                                              -2.156e-01
Buffer.Size8192:EnvironmentFirefox                                                              -2.830e-01
Buffer.Size1024:EnvironmentSafari                                                               -4.930e-01
Buffer.Size8192:EnvironmentSafari                                                               -6.993e-01
Buffer.Size1024:Model.Uniquesteerable-nafx                                                      -1.798e+00
Buffer.Size8192:Model.Uniquesteerable-nafx                                                      -2.914e+00
Iteration.Count1:EnvironmentFirefox                                                              1.828e-02
Iteration.Count2:EnvironmentFirefox                                                             -3.720e-02
Iteration.Count3:EnvironmentFirefox                                                              4.632e-03
Iteration.Count4:EnvironmentFirefox                                                              1.243e-02
Iteration.Count1:EnvironmentSafari                                                               6.613e-01
Iteration.Count2:EnvironmentSafari                                                              -1.788e-01
Iteration.Count3:EnvironmentSafari                                                              -1.641e-01
Iteration.Count4:EnvironmentSafari                                                              -1.438e-01
Iteration.Count1:Model.Uniquesteerable-nafx                                                      2.606e-01
Iteration.Count2:Model.Uniquesteerable-nafx                                                     -2.796e-02
Iteration.Count3:Model.Uniquesteerable-nafx                                                     -1.017e-01
Iteration.Count4:Model.Uniquesteerable-nafx                                                     -7.067e-02
EnvironmentFirefox:Model.Uniquesteerable-nafx                                                    1.704e-01
EnvironmentSafari:Model.Uniquesteerable-nafx                                                     4.309e-02
Backendjs-bypass:PPjs:Buffer.Size1024                                                            1.145e-02
Backendjs-onnx:PPjs:Buffer.Size1024                                                              4.438e-02
Backendwasm-onnx:PPjs:Buffer.Size1024                                                            7.533e-02
Backendjs-bypass:PPjs:Buffer.Size8192                                                            2.384e-03
Backendjs-onnx:PPjs:Buffer.Size8192                                                              3.778e-02
Backendwasm-onnx:PPjs:Buffer.Size8192                                                            6.276e-02
Backendjs-bypass:PPjs:Iteration.Count1                                                           9.167e-02
Backendjs-onnx:PPjs:Iteration.Count1                                                             1.147e-01
Backendwasm-onnx:PPjs:Iteration.Count1                                                           5.423e-02
Backendjs-bypass:PPjs:Iteration.Count2                                                           1.480e-02
Backendjs-onnx:PPjs:Iteration.Count2                                                            -1.364e-02
Backendwasm-onnx:PPjs:Iteration.Count2                                                           1.074e-02
Backendjs-bypass:PPjs:Iteration.Count3                                                          -7.811e-03
Backendjs-onnx:PPjs:Iteration.Count3                                                             1.100e-02
Backendwasm-onnx:PPjs:Iteration.Count3                                                           3.077e-02
Backendjs-bypass:PPjs:Iteration.Count4                                                          -3.273e-02
Backendjs-onnx:PPjs:Iteration.Count4                                                            -4.399e-02
Backendwasm-onnx:PPjs:Iteration.Count4                                                          -2.931e-02
Backendjs-bypass:PPjs:EnvironmentFirefox                                                         9.034e-02
Backendjs-onnx:PPjs:EnvironmentFirefox                                                           2.073e-02
Backendwasm-onnx:PPjs:EnvironmentFirefox                                                         4.928e-02
Backendjs-bypass:PPjs:EnvironmentSafari                                                          6.181e-02
Backendjs-onnx:PPjs:EnvironmentSafari                                                            2.003e-02
Backendwasm-onnx:PPjs:EnvironmentSafari                                                          8.577e-02
Backendjs-bypass:PPjs:Model.Uniquesteerable-nafx                                                 2.302e-02
Backendjs-onnx:PPjs:Model.Uniquesteerable-nafx                                                   6.247e-02
Backendwasm-onnx:PPjs:Model.Uniquesteerable-nafx                                                 7.710e-02
Backendjs-bypass:Buffer.Size1024:Iteration.Count1                                                6.964e-02
Backendjs-onnx:Buffer.Size1024:Iteration.Count1                                                  2.428e-01
Backendwasm-onnx:Buffer.Size1024:Iteration.Count1                                                3.166e-01
Backendjs-bypass:Buffer.Size8192:Iteration.Count1                                                3.950e-02
Backendjs-onnx:Buffer.Size8192:Iteration.Count1                                                  1.867e-01
Backendwasm-onnx:Buffer.Size8192:Iteration.Count1                                                3.431e-01
Backendjs-bypass:Buffer.Size1024:Iteration.Count2                                               -1.424e-02
Backendjs-onnx:Buffer.Size1024:Iteration.Count2                                                 -4.243e-02
Backendwasm-onnx:Buffer.Size1024:Iteration.Count2                                               -5.325e-02
Backendjs-bypass:Buffer.Size8192:Iteration.Count2                                                6.231e-03
Backendjs-onnx:Buffer.Size8192:Iteration.Count2                                                 -3.028e-02
Backendwasm-onnx:Buffer.Size8192:Iteration.Count2                                               -5.574e-02
Backendjs-bypass:Buffer.Size1024:Iteration.Count3                                               -3.958e-02
Backendjs-onnx:Buffer.Size1024:Iteration.Count3                                                 -6.604e-02
Backendwasm-onnx:Buffer.Size1024:Iteration.Count3                                               -6.169e-02
Backendjs-bypass:Buffer.Size8192:Iteration.Count3                                               -2.397e-02
Backendjs-onnx:Buffer.Size8192:Iteration.Count3                                                 -3.071e-02
Backendwasm-onnx:Buffer.Size8192:Iteration.Count3                                               -5.253e-02
Backendjs-bypass:Buffer.Size1024:Iteration.Count4                                               -1.862e-02
Backendjs-onnx:Buffer.Size1024:Iteration.Count4                                                 -7.862e-02
Backendwasm-onnx:Buffer.Size1024:Iteration.Count4                                               -9.086e-02
Backendjs-bypass:Buffer.Size8192:Iteration.Count4                                               -2.827e-02
Backendjs-onnx:Buffer.Size8192:Iteration.Count4                                                 -7.267e-02
Backendwasm-onnx:Buffer.Size8192:Iteration.Count4                                               -1.058e-01
Backendjs-bypass:Buffer.Size1024:EnvironmentFirefox                                             -4.977e-02
Backendjs-onnx:Buffer.Size1024:EnvironmentFirefox                                                1.490e-01
Backendwasm-onnx:Buffer.Size1024:EnvironmentFirefox                                              1.027e-01
Backendjs-bypass:Buffer.Size8192:EnvironmentFirefox                                             -1.752e-02
Backendjs-onnx:Buffer.Size8192:EnvironmentFirefox                                                2.229e-01
Backendwasm-onnx:Buffer.Size8192:EnvironmentFirefox                                              1.588e-01
Backendjs-bypass:Buffer.Size1024:EnvironmentSafari                                              -7.601e-02
Backendjs-onnx:Buffer.Size1024:EnvironmentSafari                                                 3.059e-01
Backendwasm-onnx:Buffer.Size1024:EnvironmentSafari                                               2.855e-01
Backendjs-bypass:Buffer.Size8192:EnvironmentSafari                                               8.365e-03
Backendjs-onnx:Buffer.Size8192:EnvironmentSafari                                                 4.643e-01
Backendwasm-onnx:Buffer.Size8192:EnvironmentSafari                                               4.389e-01
Backendjs-bypass:Buffer.Size1024:Model.Uniquesteerable-nafx                                      7.667e-02
Backendjs-onnx:Buffer.Size1024:Model.Uniquesteerable-nafx                                       -1.130e-01
Backendwasm-onnx:Buffer.Size1024:Model.Uniquesteerable-nafx                                     -9.813e-02
Backendjs-bypass:Buffer.Size8192:Model.Uniquesteerable-nafx                                      4.343e-02
Backendjs-onnx:Buffer.Size8192:Model.Uniquesteerable-nafx                                       -6.136e-01
Backendwasm-onnx:Buffer.Size8192:Model.Uniquesteerable-nafx                                     -6.104e-01
Backendjs-bypass:Iteration.Count1:EnvironmentFirefox                                             4.096e-02
Backendjs-onnx:Iteration.Count1:EnvironmentFirefox                                              -7.952e-02
Backendwasm-onnx:Iteration.Count1:EnvironmentFirefox                                             1.079e-02
Backendjs-bypass:Iteration.Count2:EnvironmentFirefox                                             7.588e-02
Backendjs-onnx:Iteration.Count2:EnvironmentFirefox                                               8.626e-02
Backendwasm-onnx:Iteration.Count2:EnvironmentFirefox                                             4.689e-02
Backendjs-bypass:Iteration.Count3:EnvironmentFirefox                                            -4.841e-02
Backendjs-onnx:Iteration.Count3:EnvironmentFirefox                                               9.962e-03
Backendwasm-onnx:Iteration.Count3:EnvironmentFirefox                                             2.832e-02
Backendjs-bypass:Iteration.Count4:EnvironmentFirefox                                            -6.638e-02
Backendjs-onnx:Iteration.Count4:EnvironmentFirefox                                              -2.413e-02
Backendwasm-onnx:Iteration.Count4:EnvironmentFirefox                                            -3.108e-02
Backendjs-bypass:Iteration.Count1:EnvironmentSafari                                             -1.882e-01
Backendjs-onnx:Iteration.Count1:EnvironmentSafari                                               -5.468e-01
Backendwasm-onnx:Iteration.Count1:EnvironmentSafari                                             -4.010e-01
Backendjs-bypass:Iteration.Count2:EnvironmentSafari                                              2.866e-02
Backendjs-onnx:Iteration.Count2:EnvironmentSafari                                                2.520e-01
Backendwasm-onnx:Iteration.Count2:EnvironmentSafari                                              1.932e-01
Backendjs-bypass:Iteration.Count3:EnvironmentSafari                                              2.242e-02
Backendjs-onnx:Iteration.Count3:EnvironmentSafari                                                9.885e-02
Backendwasm-onnx:Iteration.Count3:EnvironmentSafari                                              1.116e-01
Backendjs-bypass:Iteration.Count4:EnvironmentSafari                                              4.982e-02
Backendjs-onnx:Iteration.Count4:EnvironmentSafari                                                7.301e-02
Backendwasm-onnx:Iteration.Count4:EnvironmentSafari                                              4.096e-02
Backendjs-bypass:Iteration.Count1:Model.Uniquesteerable-nafx                                    -1.344e-01
Backendjs-onnx:Iteration.Count1:Model.Uniquesteerable-nafx                                      -5.041e-01
Backendwasm-onnx:Iteration.Count1:Model.Uniquesteerable-nafx                                    -3.642e-01
Backendjs-bypass:Iteration.Count2:Model.Uniquesteerable-nafx                                    -9.679e-03
Backendjs-onnx:Iteration.Count2:Model.Uniquesteerable-nafx                                       8.996e-02
Backendwasm-onnx:Iteration.Count2:Model.Uniquesteerable-nafx                                     6.610e-02
Backendjs-bypass:Iteration.Count3:Model.Uniquesteerable-nafx                                     1.315e-02
Backendjs-onnx:Iteration.Count3:Model.Uniquesteerable-nafx                                       1.753e-01
Backendwasm-onnx:Iteration.Count3:Model.Uniquesteerable-nafx                                     1.633e-01
Backendjs-bypass:Iteration.Count4:Model.Uniquesteerable-nafx                                     7.725e-03
Backendjs-onnx:Iteration.Count4:Model.Uniquesteerable-nafx                                       1.192e-01
Backendwasm-onnx:Iteration.Count4:Model.Uniquesteerable-nafx                                     8.704e-02
Backendjs-bypass:EnvironmentFirefox:Model.Uniquesteerable-nafx                                  -5.357e-02
Backendjs-onnx:EnvironmentFirefox:Model.Uniquesteerable-nafx                                    -2.261e-01
Backendwasm-onnx:EnvironmentFirefox:Model.Uniquesteerable-nafx                                  -3.663e-01
Backendjs-bypass:EnvironmentSafari:Model.Uniquesteerable-nafx                                   -3.820e-02
Backendjs-onnx:EnvironmentSafari:Model.Uniquesteerable-nafx                                     -2.946e-01
Backendwasm-onnx:EnvironmentSafari:Model.Uniquesteerable-nafx                                   -2.465e-01
PPjs:Buffer.Size1024:Iteration.Count1                                                            1.338e-01
PPjs:Buffer.Size8192:Iteration.Count1                                                            1.321e-01
PPjs:Buffer.Size1024:Iteration.Count2                                                           -1.928e-02
PPjs:Buffer.Size8192:Iteration.Count2                                                           -2.055e-03
PPjs:Buffer.Size1024:Iteration.Count3                                                            5.876e-03
PPjs:Buffer.Size8192:Iteration.Count3                                                            1.132e-02
PPjs:Buffer.Size1024:Iteration.Count4                                                           -4.364e-02
PPjs:Buffer.Size8192:Iteration.Count4                                                           -5.662e-02
PPjs:Buffer.Size1024:EnvironmentFirefox                                                          3.145e-02
PPjs:Buffer.Size8192:EnvironmentFirefox                                                          5.480e-02
PPjs:Buffer.Size1024:EnvironmentSafari                                                           2.631e-01
PPjs:Buffer.Size8192:EnvironmentSafari                                                           2.814e-01
PPjs:Buffer.Size1024:Model.Uniquesteerable-nafx                                                  9.545e-02
PPjs:Buffer.Size8192:Model.Uniquesteerable-nafx                                                  9.860e-03
PPjs:Iteration.Count1:EnvironmentFirefox                                                         7.457e-02
PPjs:Iteration.Count2:EnvironmentFirefox                                                         5.513e-02
PPjs:Iteration.Count3:EnvironmentFirefox                                                        -4.783e-02
PPjs:Iteration.Count4:EnvironmentFirefox                                                        -2.517e-02
PPjs:Iteration.Count1:EnvironmentSafari                                                         -8.615e-02
PPjs:Iteration.Count2:EnvironmentSafari                                                          2.274e-02
PPjs:Iteration.Count3:EnvironmentSafari                                                          6.035e-02
PPjs:Iteration.Count4:EnvironmentSafari                                                          9.718e-03
PPjs:Iteration.Count1:Model.Uniquesteerable-nafx                                                -9.791e-02
PPjs:Iteration.Count2:Model.Uniquesteerable-nafx                                                -2.055e-02
PPjs:Iteration.Count3:Model.Uniquesteerable-nafx                                                 9.824e-02
PPjs:Iteration.Count4:Model.Uniquesteerable-nafx                                                 3.030e-02
PPjs:EnvironmentFirefox:Model.Uniquesteerable-nafx                                               6.698e-03
PPjs:EnvironmentSafari:Model.Uniquesteerable-nafx                                                1.332e-02
Buffer.Size1024:Iteration.Count1:EnvironmentFirefox                                              1.033e-01
Buffer.Size8192:Iteration.Count1:EnvironmentFirefox                                             -1.322e-02
Buffer.Size1024:Iteration.Count2:EnvironmentFirefox                                              1.182e-02
Buffer.Size8192:Iteration.Count2:EnvironmentFirefox                                              3.049e-02
Buffer.Size1024:Iteration.Count3:EnvironmentFirefox                                             -3.000e-02
Buffer.Size8192:Iteration.Count3:EnvironmentFirefox                                             -2.480e-03
Buffer.Size1024:Iteration.Count4:EnvironmentFirefox                                             -6.242e-02
Buffer.Size8192:Iteration.Count4:EnvironmentFirefox                                             -6.095e-03
Buffer.Size1024:Iteration.Count1:EnvironmentSafari                                              -2.950e-01
Buffer.Size8192:Iteration.Count1:EnvironmentSafari                                              -5.614e-01
Buffer.Size1024:Iteration.Count2:EnvironmentSafari                                               6.432e-02
Buffer.Size8192:Iteration.Count2:EnvironmentSafari                                               1.838e-01
Buffer.Size1024:Iteration.Count3:EnvironmentSafari                                               6.830e-02
Buffer.Size8192:Iteration.Count3:EnvironmentSafari                                               1.342e-01
Buffer.Size1024:Iteration.Count4:EnvironmentSafari                                               1.045e-01
Buffer.Size8192:Iteration.Count4:EnvironmentSafari                                               1.089e-01
Buffer.Size1024:Iteration.Count1:Model.Uniquesteerable-nafx                                      3.278e-01
Buffer.Size8192:Iteration.Count1:Model.Uniquesteerable-nafx                                      7.168e-02
Buffer.Size1024:Iteration.Count2:Model.Uniquesteerable-nafx                                     -1.276e-01
Buffer.Size8192:Iteration.Count2:Model.Uniquesteerable-nafx                                     -5.944e-02
Buffer.Size1024:Iteration.Count3:Model.Uniquesteerable-nafx                                     -4.321e-02
Buffer.Size8192:Iteration.Count3:Model.Uniquesteerable-nafx                                      3.838e-02
Buffer.Size1024:Iteration.Count4:Model.Uniquesteerable-nafx                                     -7.199e-02
Buffer.Size8192:Iteration.Count4:Model.Uniquesteerable-nafx                                     -1.834e-02
Buffer.Size1024:EnvironmentFirefox:Model.Uniquesteerable-nafx                                    1.878e-01
Buffer.Size8192:EnvironmentFirefox:Model.Uniquesteerable-nafx                                   -1.294e-01
Buffer.Size1024:EnvironmentSafari:Model.Uniquesteerable-nafx                                     5.243e-01
Buffer.Size8192:EnvironmentSafari:Model.Uniquesteerable-nafx                                     2.905e-01
Iteration.Count1:EnvironmentFirefox:Model.Uniquesteerable-nafx                                  -2.310e-01
Iteration.Count2:EnvironmentFirefox:Model.Uniquesteerable-nafx                                  -7.771e-03
Iteration.Count3:EnvironmentFirefox:Model.Uniquesteerable-nafx                                   8.464e-02
Iteration.Count4:EnvironmentFirefox:Model.Uniquesteerable-nafx                                   8.347e-02
Iteration.Count1:EnvironmentSafari:Model.Uniquesteerable-nafx                                   -3.149e-01
Iteration.Count2:EnvironmentSafari:Model.Uniquesteerable-nafx                                    8.367e-02
Iteration.Count3:EnvironmentSafari:Model.Uniquesteerable-nafx                                   -1.512e-02
Iteration.Count4:EnvironmentSafari:Model.Uniquesteerable-nafx                                    1.241e-01
Backendjs-bypass:PPjs:Buffer.Size1024:Iteration.Count1                                          -9.192e-02
Backendjs-onnx:PPjs:Buffer.Size1024:Iteration.Count1                                            -1.417e-01
Backendwasm-onnx:PPjs:Buffer.Size1024:Iteration.Count1                                          -8.884e-02
Backendjs-bypass:PPjs:Buffer.Size8192:Iteration.Count1                                          -9.731e-02
Backendjs-onnx:PPjs:Buffer.Size8192:Iteration.Count1                                            -1.306e-01
Backendwasm-onnx:PPjs:Buffer.Size8192:Iteration.Count1                                          -6.727e-02
Backendjs-bypass:PPjs:Buffer.Size1024:Iteration.Count2                                          -2.001e-03
Backendjs-onnx:PPjs:Buffer.Size1024:Iteration.Count2                                             2.297e-02
Backendwasm-onnx:PPjs:Buffer.Size1024:Iteration.Count2                                          -8.344e-03
Backendjs-bypass:PPjs:Buffer.Size8192:Iteration.Count2                                          -2.353e-02
Backendjs-onnx:PPjs:Buffer.Size8192:Iteration.Count2                                             9.189e-03
Backendwasm-onnx:PPjs:Buffer.Size8192:Iteration.Count2                                          -2.214e-02
Backendjs-bypass:PPjs:Buffer.Size1024:Iteration.Count3                                          -1.217e-02
Backendjs-onnx:PPjs:Buffer.Size1024:Iteration.Count3                                            -4.513e-03
Backendwasm-onnx:PPjs:Buffer.Size1024:Iteration.Count3                                           7.055e-03
Backendjs-bypass:PPjs:Buffer.Size8192:Iteration.Count3                                          -9.659e-03
Backendjs-onnx:PPjs:Buffer.Size8192:Iteration.Count3                                            -1.599e-02
Backendwasm-onnx:PPjs:Buffer.Size8192:Iteration.Count3                                          -2.927e-02
Backendjs-bypass:PPjs:Buffer.Size1024:Iteration.Count4                                           2.651e-02
Backendjs-onnx:PPjs:Buffer.Size1024:Iteration.Count4                                             5.372e-02
Backendwasm-onnx:PPjs:Buffer.Size1024:Iteration.Count4                                           3.365e-02
Backendjs-bypass:PPjs:Buffer.Size8192:Iteration.Count4                                           5.144e-02
Backendjs-onnx:PPjs:Buffer.Size8192:Iteration.Count4                                             6.470e-02
Backendwasm-onnx:PPjs:Buffer.Size8192:Iteration.Count4                                           5.130e-02
Backendjs-bypass:PPjs:Buffer.Size1024:EnvironmentFirefox                                        -3.739e-02
Backendjs-onnx:PPjs:Buffer.Size1024:EnvironmentFirefox                                          -2.156e-02
Backendwasm-onnx:PPjs:Buffer.Size1024:EnvironmentFirefox                                        -6.023e-02
Backendjs-bypass:PPjs:Buffer.Size8192:EnvironmentFirefox                                        -7.067e-02
Backendjs-onnx:PPjs:Buffer.Size8192:EnvironmentFirefox                                          -5.189e-02
Backendwasm-onnx:PPjs:Buffer.Size8192:EnvironmentFirefox                                        -8.244e-02
Backendjs-bypass:PPjs:Buffer.Size1024:EnvironmentSafari                                         -6.533e-02
Backendjs-onnx:PPjs:Buffer.Size1024:EnvironmentSafari                                           -2.210e-01
Backendwasm-onnx:PPjs:Buffer.Size1024:EnvironmentSafari                                         -2.889e-01
Backendjs-bypass:PPjs:Buffer.Size8192:EnvironmentSafari                                          6.121e-02
Backendjs-onnx:PPjs:Buffer.Size8192:EnvironmentSafari                                           -2.270e-01
Backendwasm-onnx:PPjs:Buffer.Size8192:EnvironmentSafari                                         -3.058e-01
Backendjs-bypass:PPjs:Buffer.Size1024:Model.Uniquesteerable-nafx                                -7.358e-02
Backendjs-onnx:PPjs:Buffer.Size1024:Model.Uniquesteerable-nafx                                  -9.929e-02
Backendwasm-onnx:PPjs:Buffer.Size1024:Model.Uniquesteerable-nafx                                -1.266e-01
Backendjs-bypass:PPjs:Buffer.Size8192:Model.Uniquesteerable-nafx                                 2.697e-02
Backendjs-onnx:PPjs:Buffer.Size8192:Model.Uniquesteerable-nafx                                  -1.671e-02
Backendwasm-onnx:PPjs:Buffer.Size8192:Model.Uniquesteerable-nafx                                -3.719e-02
Backendjs-bypass:PPjs:Iteration.Count1:EnvironmentFirefox                                       -1.291e-01
Backendjs-onnx:PPjs:Iteration.Count1:EnvironmentFirefox                                         -8.282e-02
Backendwasm-onnx:PPjs:Iteration.Count1:EnvironmentFirefox                                       -1.102e-02
Backendjs-bypass:PPjs:Iteration.Count2:EnvironmentFirefox                                       -7.618e-02
Backendjs-onnx:PPjs:Iteration.Count2:EnvironmentFirefox                                         -6.238e-02
Backendwasm-onnx:PPjs:Iteration.Count2:EnvironmentFirefox                                       -7.297e-02
Backendjs-bypass:PPjs:Iteration.Count3:EnvironmentFirefox                                        5.509e-02
Backendjs-onnx:PPjs:Iteration.Count3:EnvironmentFirefox                                          4.841e-02
Backendwasm-onnx:PPjs:Iteration.Count3:EnvironmentFirefox                                        1.975e-02
Backendjs-bypass:PPjs:Iteration.Count4:EnvironmentFirefox                                        7.135e-02
Backendjs-onnx:PPjs:Iteration.Count4:EnvironmentFirefox                                          5.215e-02
Backendwasm-onnx:PPjs:Iteration.Count4:EnvironmentFirefox                                        2.428e-02
Backendjs-bypass:PPjs:Iteration.Count1:EnvironmentSafari                                         4.279e-02
Backendjs-onnx:PPjs:Iteration.Count1:EnvironmentSafari                                           1.034e-01
Backendwasm-onnx:PPjs:Iteration.Count1:EnvironmentSafari                                         1.666e-01
Backendjs-bypass:PPjs:Iteration.Count2:EnvironmentSafari                                         3.297e-03
Backendjs-onnx:PPjs:Iteration.Count2:EnvironmentSafari                                          -7.852e-02
Backendwasm-onnx:PPjs:Iteration.Count2:EnvironmentSafari                                        -5.356e-02
Backendjs-bypass:PPjs:Iteration.Count3:EnvironmentSafari                                        -2.126e-02
Backendjs-onnx:PPjs:Iteration.Count3:EnvironmentSafari                                          -4.778e-02
Backendwasm-onnx:PPjs:Iteration.Count3:EnvironmentSafari                                        -9.745e-02
Backendjs-bypass:PPjs:Iteration.Count4:EnvironmentSafari                                        -3.445e-02
Backendjs-onnx:PPjs:Iteration.Count4:EnvironmentSafari                                           2.171e-02
Backendwasm-onnx:PPjs:Iteration.Count4:EnvironmentSafari                                        -1.484e-02
Backendjs-bypass:PPjs:Iteration.Count1:Model.Uniquesteerable-nafx                                9.185e-02
Backendjs-onnx:PPjs:Iteration.Count1:Model.Uniquesteerable-nafx                                  9.995e-02
Backendwasm-onnx:PPjs:Iteration.Count1:Model.Uniquesteerable-nafx                                1.246e-01
Backendjs-bypass:PPjs:Iteration.Count2:Model.Uniquesteerable-nafx                                7.603e-03
Backendjs-onnx:PPjs:Iteration.Count2:Model.Uniquesteerable-nafx                                  2.639e-02
Backendwasm-onnx:PPjs:Iteration.Count2:Model.Uniquesteerable-nafx                                1.039e-02
Backendjs-bypass:PPjs:Iteration.Count3:Model.Uniquesteerable-nafx                               -5.926e-02
Backendjs-onnx:PPjs:Iteration.Count3:Model.Uniquesteerable-nafx                                 -9.826e-02
Backendwasm-onnx:PPjs:Iteration.Count3:Model.Uniquesteerable-nafx                               -1.072e-01
Backendjs-bypass:PPjs:Iteration.Count4:Model.Uniquesteerable-nafx                                1.253e-02
Backendjs-onnx:PPjs:Iteration.Count4:Model.Uniquesteerable-nafx                                 -2.215e-02
Backendwasm-onnx:PPjs:Iteration.Count4:Model.Uniquesteerable-nafx                               -2.343e-02
Backendjs-bypass:PPjs:EnvironmentFirefox:Model.Uniquesteerable-nafx                             -8.040e-02
Backendjs-onnx:PPjs:EnvironmentFirefox:Model.Uniquesteerable-nafx                               -1.564e-02
Backendwasm-onnx:PPjs:EnvironmentFirefox:Model.Uniquesteerable-nafx                             -3.517e-02
Backendjs-bypass:PPjs:EnvironmentSafari:Model.Uniquesteerable-nafx                              -3.522e-02
Backendjs-onnx:PPjs:EnvironmentSafari:Model.Uniquesteerable-nafx                                 7.398e-04
Backendwasm-onnx:PPjs:EnvironmentSafari:Model.Uniquesteerable-nafx                              -5.147e-02
Backendjs-bypass:Buffer.Size1024:Iteration.Count1:EnvironmentFirefox                            -9.057e-02
Backendjs-onnx:Buffer.Size1024:Iteration.Count1:EnvironmentFirefox                              -7.085e-02
Backendwasm-onnx:Buffer.Size1024:Iteration.Count1:EnvironmentFirefox                            -1.260e-01
Backendjs-bypass:Buffer.Size8192:Iteration.Count1:EnvironmentFirefox                            -3.608e-02
Backendjs-onnx:Buffer.Size8192:Iteration.Count1:EnvironmentFirefox                               7.887e-02
Backendwasm-onnx:Buffer.Size8192:Iteration.Count1:EnvironmentFirefox                            -1.790e-02
Backendjs-bypass:Buffer.Size1024:Iteration.Count2:EnvironmentFirefox                            -5.192e-02
Backendjs-onnx:Buffer.Size1024:Iteration.Count2:EnvironmentFirefox                              -5.255e-02
Backendwasm-onnx:Buffer.Size1024:Iteration.Count2:EnvironmentFirefox                            -2.141e-02
Backendjs-bypass:Buffer.Size8192:Iteration.Count2:EnvironmentFirefox                            -6.960e-02
Backendjs-onnx:Buffer.Size8192:Iteration.Count2:EnvironmentFirefox                              -7.724e-02
Backendwasm-onnx:Buffer.Size8192:Iteration.Count2:EnvironmentFirefox                            -4.169e-02
Backendjs-bypass:Buffer.Size1024:Iteration.Count3:EnvironmentFirefox                             3.105e-02
Backendjs-onnx:Buffer.Size1024:Iteration.Count3:EnvironmentFirefox                               2.291e-02
Backendwasm-onnx:Buffer.Size1024:Iteration.Count3:EnvironmentFirefox                            -1.064e-02
Backendjs-bypass:Buffer.Size8192:Iteration.Count3:EnvironmentFirefox                             2.173e-02
Backendjs-onnx:Buffer.Size8192:Iteration.Count3:EnvironmentFirefox                              -1.958e-02
Backendwasm-onnx:Buffer.Size8192:Iteration.Count3:EnvironmentFirefox                            -3.351e-02
Backendjs-bypass:Buffer.Size1024:Iteration.Count4:EnvironmentFirefox                             8.299e-02
Backendjs-onnx:Buffer.Size1024:Iteration.Count4:EnvironmentFirefox                               8.731e-02
Backendwasm-onnx:Buffer.Size1024:Iteration.Count4:EnvironmentFirefox                             8.669e-02
Backendjs-bypass:Buffer.Size8192:Iteration.Count4:EnvironmentFirefox                             8.033e-02
Backendjs-onnx:Buffer.Size8192:Iteration.Count4:EnvironmentFirefox                               2.113e-02
Backendwasm-onnx:Buffer.Size8192:Iteration.Count4:EnvironmentFirefox                             3.273e-02
Backendjs-bypass:Buffer.Size1024:Iteration.Count1:EnvironmentSafari                              4.107e-02
Backendjs-onnx:Buffer.Size1024:Iteration.Count1:EnvironmentSafari                                2.187e-01
Backendwasm-onnx:Buffer.Size1024:Iteration.Count1:EnvironmentSafari                              1.375e-01
Backendjs-bypass:Buffer.Size8192:Iteration.Count1:EnvironmentSafari                              1.605e-01
Backendjs-onnx:Buffer.Size8192:Iteration.Count1:EnvironmentSafari                                4.756e-01
Backendwasm-onnx:Buffer.Size8192:Iteration.Count1:EnvironmentSafari                              3.365e-01
Backendjs-bypass:Buffer.Size1024:Iteration.Count2:EnvironmentSafari                              5.224e-02
Backendjs-onnx:Buffer.Size1024:Iteration.Count2:EnvironmentSafari                               -1.420e-01
Backendwasm-onnx:Buffer.Size1024:Iteration.Count2:EnvironmentSafari                             -9.629e-02
Backendjs-bypass:Buffer.Size8192:Iteration.Count2:EnvironmentSafari                             -1.628e-02
Backendjs-onnx:Buffer.Size8192:Iteration.Count2:EnvironmentSafari                               -2.634e-01
Backendwasm-onnx:Buffer.Size8192:Iteration.Count2:EnvironmentSafari                             -2.052e-01
Backendjs-bypass:Buffer.Size1024:Iteration.Count3:EnvironmentSafari                             -3.380e-03
Backendjs-onnx:Buffer.Size1024:Iteration.Count3:EnvironmentSafari                               -8.605e-03
Backendwasm-onnx:Buffer.Size1024:Iteration.Count3:EnvironmentSafari                             -4.681e-02
Backendjs-bypass:Buffer.Size8192:Iteration.Count3:EnvironmentSafari                             -3.000e-02
Backendjs-onnx:Buffer.Size8192:Iteration.Count3:EnvironmentSafari                               -8.003e-02
Backendwasm-onnx:Buffer.Size8192:Iteration.Count3:EnvironmentSafari                             -9.292e-02
Backendjs-bypass:Buffer.Size1024:Iteration.Count4:EnvironmentSafari                             -7.792e-02
Backendjs-onnx:Buffer.Size1024:Iteration.Count4:EnvironmentSafari                               -4.120e-02
Backendwasm-onnx:Buffer.Size1024:Iteration.Count4:EnvironmentSafari                             -2.207e-02
Backendjs-bypass:Buffer.Size8192:Iteration.Count4:EnvironmentSafari                             -4.420e-02
Backendjs-onnx:Buffer.Size8192:Iteration.Count4:EnvironmentSafari                               -4.060e-02
Backendwasm-onnx:Buffer.Size8192:Iteration.Count4:EnvironmentSafari                             -8.581e-03
Backendjs-bypass:Buffer.Size1024:Iteration.Count1:Model.Uniquesteerable-nafx                    -2.088e-02
Backendjs-onnx:Buffer.Size1024:Iteration.Count1:Model.Uniquesteerable-nafx                      -1.585e-01
Backendwasm-onnx:Buffer.Size1024:Iteration.Count1:Model.Uniquesteerable-nafx                    -2.505e-01
Backendjs-bypass:Buffer.Size8192:Iteration.Count1:Model.Uniquesteerable-nafx                    -1.326e-02
Backendjs-onnx:Buffer.Size8192:Iteration.Count1:Model.Uniquesteerable-nafx                       1.859e-01
Backendwasm-onnx:Buffer.Size8192:Iteration.Count1:Model.Uniquesteerable-nafx                     2.672e-02
Backendjs-bypass:Buffer.Size1024:Iteration.Count2:Model.Uniquesteerable-nafx                     4.836e-02
Backendjs-onnx:Buffer.Size1024:Iteration.Count2:Model.Uniquesteerable-nafx                       7.897e-02
Backendwasm-onnx:Buffer.Size1024:Iteration.Count2:Model.Uniquesteerable-nafx                     9.452e-02
Backendjs-bypass:Buffer.Size8192:Iteration.Count2:Model.Uniquesteerable-nafx                     2.916e-02
Backendjs-onnx:Buffer.Size8192:Iteration.Count2:Model.Uniquesteerable-nafx                       1.044e-02
Backendwasm-onnx:Buffer.Size8192:Iteration.Count2:Model.Uniquesteerable-nafx                     3.227e-02
Backendjs-bypass:Buffer.Size1024:Iteration.Count3:Model.Uniquesteerable-nafx                     4.148e-03
Backendjs-onnx:Buffer.Size1024:Iteration.Count3:Model.Uniquesteerable-nafx                      -4.766e-03
Backendwasm-onnx:Buffer.Size1024:Iteration.Count3:Model.Uniquesteerable-nafx                    -8.442e-03
Backendjs-bypass:Buffer.Size8192:Iteration.Count3:Model.Uniquesteerable-nafx                     5.908e-02
Backendjs-onnx:Buffer.Size8192:Iteration.Count3:Model.Uniquesteerable-nafx                      -1.226e-01
Backendwasm-onnx:Buffer.Size8192:Iteration.Count3:Model.Uniquesteerable-nafx                    -9.697e-02
Backendjs-bypass:Buffer.Size1024:Iteration.Count4:Model.Uniquesteerable-nafx                     6.011e-02
Backendjs-onnx:Buffer.Size1024:Iteration.Count4:Model.Uniquesteerable-nafx                       4.403e-02
Backendwasm-onnx:Buffer.Size1024:Iteration.Count4:Model.Uniquesteerable-nafx                     6.708e-02
Backendjs-bypass:Buffer.Size8192:Iteration.Count4:Model.Uniquesteerable-nafx                     3.011e-02
Backendjs-onnx:Buffer.Size8192:Iteration.Count4:Model.Uniquesteerable-nafx                      -3.379e-02
Backendwasm-onnx:Buffer.Size8192:Iteration.Count4:Model.Uniquesteerable-nafx                     5.709e-03
Backendjs-bypass:Buffer.Size1024:EnvironmentFirefox:Model.Uniquesteerable-nafx                   2.651e-02
Backendjs-onnx:Buffer.Size1024:EnvironmentFirefox:Model.Uniquesteerable-nafx                    -1.236e-01
Backendwasm-onnx:Buffer.Size1024:EnvironmentFirefox:Model.Uniquesteerable-nafx                  -6.668e-02
Backendjs-bypass:Buffer.Size8192:EnvironmentFirefox:Model.Uniquesteerable-nafx                   1.695e-01
Backendjs-onnx:Buffer.Size8192:EnvironmentFirefox:Model.Uniquesteerable-nafx                     1.822e-01
Backendwasm-onnx:Buffer.Size8192:EnvironmentFirefox:Model.Uniquesteerable-nafx                   2.778e-01
Backendjs-bypass:Buffer.Size1024:EnvironmentSafari:Model.Uniquesteerable-nafx                    1.086e-01
Backendjs-onnx:Buffer.Size1024:EnvironmentSafari:Model.Uniquesteerable-nafx                     -3.372e-01
Backendwasm-onnx:Buffer.Size1024:EnvironmentSafari:Model.Uniquesteerable-nafx                   -3.057e-01
Backendjs-bypass:Buffer.Size8192:EnvironmentSafari:Model.Uniquesteerable-nafx                    4.001e-02
Backendjs-onnx:Buffer.Size8192:EnvironmentSafari:Model.Uniquesteerable-nafx                     -5.811e-02
Backendwasm-onnx:Buffer.Size8192:EnvironmentSafari:Model.Uniquesteerable-nafx                   -1.453e-02
Backendjs-bypass:Iteration.Count1:EnvironmentFirefox:Model.Uniquesteerable-nafx                  1.407e-01
Backendjs-onnx:Iteration.Count1:EnvironmentFirefox:Model.Uniquesteerable-nafx                    2.864e-01
Backendwasm-onnx:Iteration.Count1:EnvironmentFirefox:Model.Uniquesteerable-nafx                  1.691e-01
Backendjs-bypass:Iteration.Count2:EnvironmentFirefox:Model.Uniquesteerable-nafx                  1.797e-03
Backendjs-onnx:Iteration.Count2:EnvironmentFirefox:Model.Uniquesteerable-nafx                   -3.301e-02
Backendwasm-onnx:Iteration.Count2:EnvironmentFirefox:Model.Uniquesteerable-nafx                  1.430e-02
Backendjs-bypass:Iteration.Count3:EnvironmentFirefox:Model.Uniquesteerable-nafx                  9.756e-03
Backendjs-onnx:Iteration.Count3:EnvironmentFirefox:Model.Uniquesteerable-nafx                   -1.023e-01
Backendwasm-onnx:Iteration.Count3:EnvironmentFirefox:Model.Uniquesteerable-nafx                 -1.213e-01
Backendjs-bypass:Iteration.Count4:EnvironmentFirefox:Model.Uniquesteerable-nafx                 -2.092e-02
Backendjs-onnx:Iteration.Count4:EnvironmentFirefox:Model.Uniquesteerable-nafx                   -7.174e-02
Backendwasm-onnx:Iteration.Count4:EnvironmentFirefox:Model.Uniquesteerable-nafx                 -4.853e-02
Backendjs-bypass:Iteration.Count1:EnvironmentSafari:Model.Uniquesteerable-nafx                   2.674e-01
Backendjs-onnx:Iteration.Count1:EnvironmentSafari:Model.Uniquesteerable-nafx                     2.072e-01
Backendwasm-onnx:Iteration.Count1:EnvironmentSafari:Model.Uniquesteerable-nafx                   6.478e-02
Backendjs-bypass:Iteration.Count2:EnvironmentSafari:Model.Uniquesteerable-nafx                  -6.465e-02
Backendjs-onnx:Iteration.Count2:EnvironmentSafari:Model.Uniquesteerable-nafx                    -1.457e-01
Backendwasm-onnx:Iteration.Count2:EnvironmentSafari:Model.Uniquesteerable-nafx                  -9.584e-02
Backendjs-bypass:Iteration.Count3:EnvironmentSafari:Model.Uniquesteerable-nafx                   9.697e-02
Backendjs-onnx:Iteration.Count3:EnvironmentSafari:Model.Uniquesteerable-nafx                     6.644e-02
Backendwasm-onnx:Iteration.Count3:EnvironmentSafari:Model.Uniquesteerable-nafx                   5.386e-02
Backendjs-bypass:Iteration.Count4:EnvironmentSafari:Model.Uniquesteerable-nafx                  -1.034e-01
Backendjs-onnx:Iteration.Count4:EnvironmentSafari:Model.Uniquesteerable-nafx                    -5.335e-02
Backendwasm-onnx:Iteration.Count4:EnvironmentSafari:Model.Uniquesteerable-nafx                  -1.281e-02
PPjs:Buffer.Size1024:Iteration.Count1:EnvironmentFirefox                                        -1.240e-01
PPjs:Buffer.Size8192:Iteration.Count1:EnvironmentFirefox                                        -7.922e-02
PPjs:Buffer.Size1024:Iteration.Count2:EnvironmentFirefox                                        -4.820e-02
PPjs:Buffer.Size8192:Iteration.Count2:EnvironmentFirefox                                        -5.407e-02
PPjs:Buffer.Size1024:Iteration.Count3:EnvironmentFirefox                                         6.676e-02
PPjs:Buffer.Size8192:Iteration.Count3:EnvironmentFirefox                                         3.791e-02
PPjs:Buffer.Size1024:Iteration.Count4:EnvironmentFirefox                                         5.119e-02
PPjs:Buffer.Size8192:Iteration.Count4:EnvironmentFirefox                                         3.523e-02
PPjs:Buffer.Size1024:Iteration.Count1:EnvironmentSafari                                         -1.613e-01
PPjs:Buffer.Size8192:Iteration.Count1:EnvironmentSafari                                          3.537e-02
PPjs:Buffer.Size1024:Iteration.Count2:EnvironmentSafari                                          3.878e-02
PPjs:Buffer.Size8192:Iteration.Count2:EnvironmentSafari                                         -4.412e-02
PPjs:Buffer.Size1024:Iteration.Count3:EnvironmentSafari                                         -1.462e-03
PPjs:Buffer.Size8192:Iteration.Count3:EnvironmentSafari                                         -3.912e-02
PPjs:Buffer.Size1024:Iteration.Count4:EnvironmentSafari                                          1.075e-02
PPjs:Buffer.Size8192:Iteration.Count4:EnvironmentSafari                                          2.200e-02
PPjs:Buffer.Size1024:Iteration.Count1:Model.Uniquesteerable-nafx                                -8.660e-02
PPjs:Buffer.Size8192:Iteration.Count1:Model.Uniquesteerable-nafx                                -1.404e-01
PPjs:Buffer.Size1024:Iteration.Count2:Model.Uniquesteerable-nafx                                 8.207e-02
PPjs:Buffer.Size8192:Iteration.Count2:Model.Uniquesteerable-nafx                                 6.940e-02
PPjs:Buffer.Size1024:Iteration.Count3:Model.Uniquesteerable-nafx                                -7.159e-02
PPjs:Buffer.Size8192:Iteration.Count3:Model.Uniquesteerable-nafx                                -6.421e-02
PPjs:Buffer.Size1024:Iteration.Count4:Model.Uniquesteerable-nafx                                 1.909e-02
PPjs:Buffer.Size8192:Iteration.Count4:Model.Uniquesteerable-nafx                                 4.853e-02
PPjs:Buffer.Size1024:EnvironmentFirefox:Model.Uniquesteerable-nafx                              -8.130e-02
PPjs:Buffer.Size8192:EnvironmentFirefox:Model.Uniquesteerable-nafx                               2.175e-02
PPjs:Buffer.Size1024:EnvironmentSafari:Model.Uniquesteerable-nafx                               -3.210e-01
PPjs:Buffer.Size8192:EnvironmentSafari:Model.Uniquesteerable-nafx                               -2.741e-01
PPjs:Iteration.Count1:EnvironmentFirefox:Model.Uniquesteerable-nafx                              1.956e-01
PPjs:Iteration.Count2:EnvironmentFirefox:Model.Uniquesteerable-nafx                             -4.035e-02
PPjs:Iteration.Count3:EnvironmentFirefox:Model.Uniquesteerable-nafx                             -2.958e-02
PPjs:Iteration.Count4:EnvironmentFirefox:Model.Uniquesteerable-nafx                             -1.013e-01
PPjs:Iteration.Count1:EnvironmentSafari:Model.Uniquesteerable-nafx                               1.899e-01
PPjs:Iteration.Count2:EnvironmentSafari:Model.Uniquesteerable-nafx                              -2.895e-02
PPjs:Iteration.Count3:EnvironmentSafari:Model.Uniquesteerable-nafx                              -2.017e-02
PPjs:Iteration.Count4:EnvironmentSafari:Model.Uniquesteerable-nafx                              -1.014e-01
Buffer.Size1024:Iteration.Count1:EnvironmentFirefox:Model.Uniquesteerable-nafx                   8.730e-02
Buffer.Size8192:Iteration.Count1:EnvironmentFirefox:Model.Uniquesteerable-nafx                   2.790e-01
Buffer.Size1024:Iteration.Count2:EnvironmentFirefox:Model.Uniquesteerable-nafx                   4.426e-02
Buffer.Size8192:Iteration.Count2:EnvironmentFirefox:Model.Uniquesteerable-nafx                  -5.254e-03
Buffer.Size1024:Iteration.Count3:EnvironmentFirefox:Model.Uniquesteerable-nafx                  -7.380e-02
Buffer.Size8192:Iteration.Count3:EnvironmentFirefox:Model.Uniquesteerable-nafx                  -1.061e-01
Buffer.Size1024:Iteration.Count4:EnvironmentFirefox:Model.Uniquesteerable-nafx                   1.498e-02
Buffer.Size8192:Iteration.Count4:EnvironmentFirefox:Model.Uniquesteerable-nafx                  -1.143e-01
Buffer.Size1024:Iteration.Count1:EnvironmentSafari:Model.Uniquesteerable-nafx                    4.514e-01
Buffer.Size8192:Iteration.Count1:EnvironmentSafari:Model.Uniquesteerable-nafx                    5.952e-01
Buffer.Size1024:Iteration.Count2:EnvironmentSafari:Model.Uniquesteerable-nafx                   -5.631e-02
Buffer.Size8192:Iteration.Count2:EnvironmentSafari:Model.Uniquesteerable-nafx                   -1.409e-01
Buffer.Size1024:Iteration.Count3:EnvironmentSafari:Model.Uniquesteerable-nafx                   -5.287e-02
Buffer.Size8192:Iteration.Count3:EnvironmentSafari:Model.Uniquesteerable-nafx                   -7.968e-02
Buffer.Size1024:Iteration.Count4:EnvironmentSafari:Model.Uniquesteerable-nafx                   -1.755e-01
Buffer.Size8192:Iteration.Count4:EnvironmentSafari:Model.Uniquesteerable-nafx                   -1.847e-01
Backendjs-bypass:PPjs:Buffer.Size1024:Iteration.Count1:EnvironmentFirefox                        1.442e-01
Backendjs-onnx:PPjs:Buffer.Size1024:Iteration.Count1:EnvironmentFirefox                          1.491e-01
Backendwasm-onnx:PPjs:Buffer.Size1024:Iteration.Count1:EnvironmentFirefox                        9.137e-02
Backendjs-bypass:PPjs:Buffer.Size8192:Iteration.Count1:EnvironmentFirefox                        1.214e-01
Backendjs-onnx:PPjs:Buffer.Size8192:Iteration.Count1:EnvironmentFirefox                          7.890e-02
Backendwasm-onnx:PPjs:Buffer.Size8192:Iteration.Count1:EnvironmentFirefox                        7.337e-03
Backendjs-bypass:PPjs:Buffer.Size1024:Iteration.Count2:EnvironmentFirefox                        6.034e-02
Backendjs-onnx:PPjs:Buffer.Size1024:Iteration.Count2:EnvironmentFirefox                          5.952e-02
Backendwasm-onnx:PPjs:Buffer.Size1024:Iteration.Count2:EnvironmentFirefox                        7.582e-02
Backendjs-bypass:PPjs:Buffer.Size8192:Iteration.Count2:EnvironmentFirefox                        6.783e-02
Backendjs-onnx:PPjs:Buffer.Size8192:Iteration.Count2:EnvironmentFirefox                          5.904e-02
Backendwasm-onnx:PPjs:Buffer.Size8192:Iteration.Count2:EnvironmentFirefox                        7.281e-02
Backendjs-bypass:PPjs:Buffer.Size1024:Iteration.Count3:EnvironmentFirefox                       -3.005e-02
Backendjs-onnx:PPjs:Buffer.Size1024:Iteration.Count3:EnvironmentFirefox                         -7.532e-02
Backendwasm-onnx:PPjs:Buffer.Size1024:Iteration.Count3:EnvironmentFirefox                       -7.191e-02
Backendjs-bypass:PPjs:Buffer.Size8192:Iteration.Count3:EnvironmentFirefox                       -1.510e-03
Backendjs-onnx:PPjs:Buffer.Size8192:Iteration.Count3:EnvironmentFirefox                         -3.623e-02
Backendwasm-onnx:PPjs:Buffer.Size8192:Iteration.Count3:EnvironmentFirefox                       -1.455e-02
Backendjs-bypass:PPjs:Buffer.Size1024:Iteration.Count4:EnvironmentFirefox                       -6.961e-02
Backendjs-onnx:PPjs:Buffer.Size1024:Iteration.Count4:EnvironmentFirefox                         -9.453e-02
Backendwasm-onnx:PPjs:Buffer.Size1024:Iteration.Count4:EnvironmentFirefox                       -6.272e-02
Backendjs-bypass:PPjs:Buffer.Size8192:Iteration.Count4:EnvironmentFirefox                       -1.023e-01
Backendjs-onnx:PPjs:Buffer.Size8192:Iteration.Count4:EnvironmentFirefox                         -6.451e-02
Backendwasm-onnx:PPjs:Buffer.Size8192:Iteration.Count4:EnvironmentFirefox                       -3.938e-02
Backendjs-bypass:PPjs:Buffer.Size1024:Iteration.Count1:EnvironmentSafari                         1.900e-01
Backendjs-onnx:PPjs:Buffer.Size1024:Iteration.Count1:EnvironmentSafari                           1.406e-01
Backendwasm-onnx:PPjs:Buffer.Size1024:Iteration.Count1:EnvironmentSafari                         9.582e-02
Backendjs-bypass:PPjs:Buffer.Size8192:Iteration.Count1:EnvironmentSafari                         4.105e-04
Backendjs-onnx:PPjs:Buffer.Size8192:Iteration.Count1:EnvironmentSafari                          -3.677e-02
Backendwasm-onnx:PPjs:Buffer.Size8192:Iteration.Count1:EnvironmentSafari                        -1.072e-01
Backendjs-bypass:PPjs:Buffer.Size1024:Iteration.Count2:EnvironmentSafari                        -9.124e-02
Backendjs-onnx:PPjs:Buffer.Size1024:Iteration.Count2:EnvironmentSafari                           8.396e-03
Backendwasm-onnx:PPjs:Buffer.Size1024:Iteration.Count2:EnvironmentSafari                        -2.144e-05
Backendjs-bypass:PPjs:Buffer.Size8192:Iteration.Count2:EnvironmentSafari                         2.226e-02
Backendjs-onnx:PPjs:Buffer.Size8192:Iteration.Count2:EnvironmentSafari                           9.773e-02
Backendwasm-onnx:PPjs:Buffer.Size8192:Iteration.Count2:EnvironmentSafari                         7.588e-02
Backendjs-bypass:PPjs:Buffer.Size1024:Iteration.Count3:EnvironmentSafari                        -2.140e-02
Backendjs-onnx:PPjs:Buffer.Size1024:Iteration.Count3:EnvironmentSafari                          -1.079e-02
Backendwasm-onnx:PPjs:Buffer.Size1024:Iteration.Count3:EnvironmentSafari                         1.112e-02
Backendjs-bypass:PPjs:Buffer.Size8192:Iteration.Count3:EnvironmentSafari                         9.431e-02
Backendjs-onnx:PPjs:Buffer.Size8192:Iteration.Count3:EnvironmentSafari                           2.724e-02
Backendwasm-onnx:PPjs:Buffer.Size8192:Iteration.Count3:EnvironmentSafari                         7.137e-02
Backendjs-bypass:PPjs:Buffer.Size1024:Iteration.Count4:EnvironmentSafari                         5.580e-02
Backendjs-onnx:PPjs:Buffer.Size1024:Iteration.Count4:EnvironmentSafari                          -4.453e-02
Backendwasm-onnx:PPjs:Buffer.Size1024:Iteration.Count4:EnvironmentSafari                        -1.241e-02
Backendjs-bypass:PPjs:Buffer.Size8192:Iteration.Count4:EnvironmentSafari                        -3.886e-02
Backendjs-onnx:PPjs:Buffer.Size8192:Iteration.Count4:EnvironmentSafari                          -6.730e-02
Backendwasm-onnx:PPjs:Buffer.Size8192:Iteration.Count4:EnvironmentSafari                        -3.093e-02
Backendjs-bypass:PPjs:Buffer.Size1024:Iteration.Count1:Model.Uniquesteerable-nafx                2.310e-02
Backendjs-onnx:PPjs:Buffer.Size1024:Iteration.Count1:Model.Uniquesteerable-nafx                  1.076e-01
Backendwasm-onnx:PPjs:Buffer.Size1024:Iteration.Count1:Model.Uniquesteerable-nafx                9.163e-02
Backendjs-bypass:PPjs:Buffer.Size8192:Iteration.Count1:Model.Uniquesteerable-nafx                1.017e-01
Backendjs-onnx:PPjs:Buffer.Size8192:Iteration.Count1:Model.Uniquesteerable-nafx                  1.359e-01
Backendwasm-onnx:PPjs:Buffer.Size8192:Iteration.Count1:Model.Uniquesteerable-nafx                1.198e-01
Backendjs-bypass:PPjs:Buffer.Size1024:Iteration.Count2:Model.Uniquesteerable-nafx               -7.880e-02
Backendjs-onnx:PPjs:Buffer.Size1024:Iteration.Count2:Model.Uniquesteerable-nafx                 -9.427e-02
Backendwasm-onnx:PPjs:Buffer.Size1024:Iteration.Count2:Model.Uniquesteerable-nafx               -7.261e-02
Backendjs-bypass:PPjs:Buffer.Size8192:Iteration.Count2:Model.Uniquesteerable-nafx               -4.543e-02
Backendjs-onnx:PPjs:Buffer.Size8192:Iteration.Count2:Model.Uniquesteerable-nafx                 -8.973e-02
Backendwasm-onnx:PPjs:Buffer.Size8192:Iteration.Count2:Model.Uniquesteerable-nafx               -5.816e-02
Backendjs-bypass:PPjs:Buffer.Size1024:Iteration.Count3:Model.Uniquesteerable-nafx                1.081e-01
Backendjs-onnx:PPjs:Buffer.Size1024:Iteration.Count3:Model.Uniquesteerable-nafx                  6.447e-02
Backendwasm-onnx:PPjs:Buffer.Size1024:Iteration.Count3:Model.Uniquesteerable-nafx                4.517e-02
Backendjs-bypass:PPjs:Buffer.Size8192:Iteration.Count3:Model.Uniquesteerable-nafx               -3.076e-03
Backendjs-onnx:PPjs:Buffer.Size8192:Iteration.Count3:Model.Uniquesteerable-nafx                  6.710e-02
Backendwasm-onnx:PPjs:Buffer.Size8192:Iteration.Count3:Model.Uniquesteerable-nafx                6.072e-02
Backendjs-bypass:PPjs:Buffer.Size1024:Iteration.Count4:Model.Uniquesteerable-nafx               -6.022e-02
Backendjs-onnx:PPjs:Buffer.Size1024:Iteration.Count4:Model.Uniquesteerable-nafx                 -3.645e-02
Backendwasm-onnx:PPjs:Buffer.Size1024:Iteration.Count4:Model.Uniquesteerable-nafx               -3.496e-02
Backendjs-bypass:PPjs:Buffer.Size8192:Iteration.Count4:Model.Uniquesteerable-nafx               -6.329e-02
Backendjs-onnx:PPjs:Buffer.Size8192:Iteration.Count4:Model.Uniquesteerable-nafx                 -6.362e-02
Backendwasm-onnx:PPjs:Buffer.Size8192:Iteration.Count4:Model.Uniquesteerable-nafx               -6.650e-02
Backendjs-bypass:PPjs:Buffer.Size1024:EnvironmentFirefox:Model.Uniquesteerable-nafx              1.303e-01
Backendjs-onnx:PPjs:Buffer.Size1024:EnvironmentFirefox:Model.Uniquesteerable-nafx                7.471e-02
Backendwasm-onnx:PPjs:Buffer.Size1024:EnvironmentFirefox:Model.Uniquesteerable-nafx              1.085e-01
Backendjs-bypass:PPjs:Buffer.Size8192:EnvironmentFirefox:Model.Uniquesteerable-nafx             -8.532e-02
Backendjs-onnx:PPjs:Buffer.Size8192:EnvironmentFirefox:Model.Uniquesteerable-nafx               -1.864e-02
Backendwasm-onnx:PPjs:Buffer.Size8192:EnvironmentFirefox:Model.Uniquesteerable-nafx              3.244e-03
Backendjs-bypass:PPjs:Buffer.Size1024:EnvironmentSafari:Model.Uniquesteerable-nafx               1.118e-01
Backendjs-onnx:PPjs:Buffer.Size1024:EnvironmentSafari:Model.Uniquesteerable-nafx                 2.812e-01
Backendwasm-onnx:PPjs:Buffer.Size1024:EnvironmentSafari:Model.Uniquesteerable-nafx               3.396e-01
Backendjs-bypass:PPjs:Buffer.Size8192:EnvironmentSafari:Model.Uniquesteerable-nafx               3.066e-02
Backendjs-onnx:PPjs:Buffer.Size8192:EnvironmentSafari:Model.Uniquesteerable-nafx                 2.228e-01
Backendwasm-onnx:PPjs:Buffer.Size8192:EnvironmentSafari:Model.Uniquesteerable-nafx               2.926e-01
Backendjs-bypass:PPjs:Iteration.Count1:EnvironmentFirefox:Model.Uniquesteerable-nafx            -1.078e-01
Backendjs-onnx:PPjs:Iteration.Count1:EnvironmentFirefox:Model.Uniquesteerable-nafx              -1.984e-01
Backendwasm-onnx:PPjs:Iteration.Count1:EnvironmentFirefox:Model.Uniquesteerable-nafx            -2.172e-01
Backendjs-bypass:PPjs:Iteration.Count2:EnvironmentFirefox:Model.Uniquesteerable-nafx             4.681e-02
Backendjs-onnx:PPjs:Iteration.Count2:EnvironmentFirefox:Model.Uniquesteerable-nafx               5.016e-02
Backendwasm-onnx:PPjs:Iteration.Count2:EnvironmentFirefox:Model.Uniquesteerable-nafx             4.673e-02
Backendjs-bypass:PPjs:Iteration.Count3:EnvironmentFirefox:Model.Uniquesteerable-nafx            -4.267e-02
Backendjs-onnx:PPjs:Iteration.Count3:EnvironmentFirefox:Model.Uniquesteerable-nafx               2.153e-02
Backendwasm-onnx:PPjs:Iteration.Count3:EnvironmentFirefox:Model.Uniquesteerable-nafx             4.090e-02
Backendjs-bypass:PPjs:Iteration.Count4:EnvironmentFirefox:Model.Uniquesteerable-nafx             3.481e-02
Backendjs-onnx:PPjs:Iteration.Count4:EnvironmentFirefox:Model.Uniquesteerable-nafx               7.241e-02
Backendwasm-onnx:PPjs:Iteration.Count4:EnvironmentFirefox:Model.Uniquesteerable-nafx             7.545e-02
Backendjs-bypass:PPjs:Iteration.Count1:EnvironmentSafari:Model.Uniquesteerable-nafx             -1.188e-01
Backendjs-onnx:PPjs:Iteration.Count1:EnvironmentSafari:Model.Uniquesteerable-nafx               -1.929e-01
Backendwasm-onnx:PPjs:Iteration.Count1:EnvironmentSafari:Model.Uniquesteerable-nafx             -2.029e-01
Backendjs-bypass:PPjs:Iteration.Count2:EnvironmentSafari:Model.Uniquesteerable-nafx              1.605e-02
Backendjs-onnx:PPjs:Iteration.Count2:EnvironmentSafari:Model.Uniquesteerable-nafx                6.206e-02
Backendwasm-onnx:PPjs:Iteration.Count2:EnvironmentSafari:Model.Uniquesteerable-nafx              4.044e-02
Backendjs-bypass:PPjs:Iteration.Count3:EnvironmentSafari:Model.Uniquesteerable-nafx             -5.355e-02
Backendjs-onnx:PPjs:Iteration.Count3:EnvironmentSafari:Model.Uniquesteerable-nafx                1.326e-02
Backendwasm-onnx:PPjs:Iteration.Count3:EnvironmentSafari:Model.Uniquesteerable-nafx              3.656e-02
Backendjs-bypass:PPjs:Iteration.Count4:EnvironmentSafari:Model.Uniquesteerable-nafx              4.560e-02
Backendjs-onnx:PPjs:Iteration.Count4:EnvironmentSafari:Model.Uniquesteerable-nafx                6.690e-02
Backendwasm-onnx:PPjs:Iteration.Count4:EnvironmentSafari:Model.Uniquesteerable-nafx              7.684e-02
Backendjs-bypass:Buffer.Size1024:Iteration.Count1:EnvironmentFirefox:Model.Uniquesteerable-nafx  6.822e-02
Backendjs-onnx:Buffer.Size1024:Iteration.Count1:EnvironmentFirefox:Model.Uniquesteerable-nafx   -1.112e-01
Backendwasm-onnx:Buffer.Size1024:Iteration.Count1:EnvironmentFirefox:Model.Uniquesteerable-nafx -2.672e-02
Backendjs-bypass:Buffer.Size8192:Iteration.Count1:EnvironmentFirefox:Model.Uniquesteerable-nafx -8.850e-02
Backendjs-onnx:Buffer.Size8192:Iteration.Count1:EnvironmentFirefox:Model.Uniquesteerable-nafx   -3.532e-01
Backendwasm-onnx:Buffer.Size8192:Iteration.Count1:EnvironmentFirefox:Model.Uniquesteerable-nafx -2.211e-01
Backendjs-bypass:Buffer.Size1024:Iteration.Count2:EnvironmentFirefox:Model.Uniquesteerable-nafx -5.252e-02
Backendjs-onnx:Buffer.Size1024:Iteration.Count2:EnvironmentFirefox:Model.Uniquesteerable-nafx   -3.287e-03
Backendwasm-onnx:Buffer.Size1024:Iteration.Count2:EnvironmentFirefox:Model.Uniquesteerable-nafx -4.381e-02
Backendjs-bypass:Buffer.Size8192:Iteration.Count2:EnvironmentFirefox:Model.Uniquesteerable-nafx -3.704e-03
Backendjs-onnx:Buffer.Size8192:Iteration.Count2:EnvironmentFirefox:Model.Uniquesteerable-nafx    4.505e-02
Backendwasm-onnx:Buffer.Size8192:Iteration.Count2:EnvironmentFirefox:Model.Uniquesteerable-nafx -8.951e-03
Backendjs-bypass:Buffer.Size1024:Iteration.Count3:EnvironmentFirefox:Model.Uniquesteerable-nafx  7.994e-03
Backendjs-onnx:Buffer.Size1024:Iteration.Count3:EnvironmentFirefox:Model.Uniquesteerable-nafx    7.086e-02
Backendwasm-onnx:Buffer.Size1024:Iteration.Count3:EnvironmentFirefox:Model.Uniquesteerable-nafx  1.072e-01
Backendjs-bypass:Buffer.Size8192:Iteration.Count3:EnvironmentFirefox:Model.Uniquesteerable-nafx -1.853e-02
Backendjs-onnx:Buffer.Size8192:Iteration.Count3:EnvironmentFirefox:Model.Uniquesteerable-nafx    1.380e-01
Backendwasm-onnx:Buffer.Size8192:Iteration.Count3:EnvironmentFirefox:Model.Uniquesteerable-nafx  1.524e-01
Backendjs-bypass:Buffer.Size1024:Iteration.Count4:EnvironmentFirefox:Model.Uniquesteerable-nafx -1.323e-01
Backendjs-onnx:Buffer.Size1024:Iteration.Count4:EnvironmentFirefox:Model.Uniquesteerable-nafx   -4.585e-02
Backendwasm-onnx:Buffer.Size1024:Iteration.Count4:EnvironmentFirefox:Model.Uniquesteerable-nafx -6.251e-02
Backendjs-bypass:Buffer.Size8192:Iteration.Count4:EnvironmentFirefox:Model.Uniquesteerable-nafx  1.416e-02
Backendjs-onnx:Buffer.Size8192:Iteration.Count4:EnvironmentFirefox:Model.Uniquesteerable-nafx    1.002e-01
Backendwasm-onnx:Buffer.Size8192:Iteration.Count4:EnvironmentFirefox:Model.Uniquesteerable-nafx  7.026e-02
Backendjs-bypass:Buffer.Size1024:Iteration.Count1:EnvironmentSafari:Model.Uniquesteerable-nafx  -2.651e-01
Backendjs-onnx:Buffer.Size1024:Iteration.Count1:EnvironmentSafari:Model.Uniquesteerable-nafx    -3.517e-01
Backendwasm-onnx:Buffer.Size1024:Iteration.Count1:EnvironmentSafari:Model.Uniquesteerable-nafx  -2.438e-01
Backendjs-bypass:Buffer.Size8192:Iteration.Count1:EnvironmentSafari:Model.Uniquesteerable-nafx  -1.127e-01
Backendjs-onnx:Buffer.Size8192:Iteration.Count1:EnvironmentSafari:Model.Uniquesteerable-nafx    -4.866e-01
Backendwasm-onnx:Buffer.Size8192:Iteration.Count1:EnvironmentSafari:Model.Uniquesteerable-nafx  -3.262e-01
Backendjs-bypass:Buffer.Size1024:Iteration.Count2:EnvironmentSafari:Model.Uniquesteerable-nafx   4.038e-02
Backendjs-onnx:Buffer.Size1024:Iteration.Count2:EnvironmentSafari:Model.Uniquesteerable-nafx     1.144e-01
Backendwasm-onnx:Buffer.Size1024:Iteration.Count2:EnvironmentSafari:Model.Uniquesteerable-nafx   7.182e-02
Backendjs-bypass:Buffer.Size8192:Iteration.Count2:EnvironmentSafari:Model.Uniquesteerable-nafx   3.221e-02
Backendjs-onnx:Buffer.Size8192:Iteration.Count2:EnvironmentSafari:Model.Uniquesteerable-nafx     1.859e-01
Backendwasm-onnx:Buffer.Size8192:Iteration.Count2:EnvironmentSafari:Model.Uniquesteerable-nafx   1.412e-01
Backendjs-bypass:Buffer.Size1024:Iteration.Count3:EnvironmentSafari:Model.Uniquesteerable-nafx  -2.408e-02
Backendjs-onnx:Buffer.Size1024:Iteration.Count3:EnvironmentSafari:Model.Uniquesteerable-nafx    -4.573e-03
Backendwasm-onnx:Buffer.Size1024:Iteration.Count3:EnvironmentSafari:Model.Uniquesteerable-nafx   2.601e-02
Backendjs-bypass:Buffer.Size8192:Iteration.Count3:EnvironmentSafari:Model.Uniquesteerable-nafx  -7.772e-02
Backendjs-onnx:Buffer.Size8192:Iteration.Count3:EnvironmentSafari:Model.Uniquesteerable-nafx     4.101e-02
Backendwasm-onnx:Buffer.Size8192:Iteration.Count3:EnvironmentSafari:Model.Uniquesteerable-nafx   3.783e-02
Backendjs-bypass:Buffer.Size1024:Iteration.Count4:EnvironmentSafari:Model.Uniquesteerable-nafx   7.486e-02
Backendjs-onnx:Buffer.Size1024:Iteration.Count4:EnvironmentSafari:Model.Uniquesteerable-nafx     1.070e-01
Backendwasm-onnx:Buffer.Size1024:Iteration.Count4:EnvironmentSafari:Model.Uniquesteerable-nafx   6.909e-02
Backendjs-bypass:Buffer.Size8192:Iteration.Count4:EnvironmentSafari:Model.Uniquesteerable-nafx   1.704e-02
Backendjs-onnx:Buffer.Size8192:Iteration.Count4:EnvironmentSafari:Model.Uniquesteerable-nafx     1.094e-01
Backendwasm-onnx:Buffer.Size8192:Iteration.Count4:EnvironmentSafari:Model.Uniquesteerable-nafx   5.831e-02
PPjs:Buffer.Size1024:Iteration.Count1:EnvironmentFirefox:Model.Uniquesteerable-nafx             -3.159e-02
PPjs:Buffer.Size8192:Iteration.Count1:EnvironmentFirefox:Model.Uniquesteerable-nafx              2.528e-02
PPjs:Buffer.Size1024:Iteration.Count2:EnvironmentFirefox:Model.Uniquesteerable-nafx             -1.253e-02
PPjs:Buffer.Size8192:Iteration.Count2:EnvironmentFirefox:Model.Uniquesteerable-nafx             -5.060e-03
PPjs:Buffer.Size1024:Iteration.Count3:EnvironmentFirefox:Model.Uniquesteerable-nafx              2.550e-02
PPjs:Buffer.Size8192:Iteration.Count3:EnvironmentFirefox:Model.Uniquesteerable-nafx              4.715e-03
PPjs:Buffer.Size1024:Iteration.Count4:EnvironmentFirefox:Model.Uniquesteerable-nafx              5.496e-02
PPjs:Buffer.Size8192:Iteration.Count4:EnvironmentFirefox:Model.Uniquesteerable-nafx              3.743e-02
PPjs:Buffer.Size1024:Iteration.Count1:EnvironmentSafari:Model.Uniquesteerable-nafx              -1.525e-02
PPjs:Buffer.Size8192:Iteration.Count1:EnvironmentSafari:Model.Uniquesteerable-nafx              -2.250e-02
PPjs:Buffer.Size1024:Iteration.Count2:EnvironmentSafari:Model.Uniquesteerable-nafx              -1.294e-02
PPjs:Buffer.Size8192:Iteration.Count2:EnvironmentSafari:Model.Uniquesteerable-nafx              -1.145e-02
PPjs:Buffer.Size1024:Iteration.Count3:EnvironmentSafari:Model.Uniquesteerable-nafx               9.224e-03
PPjs:Buffer.Size8192:Iteration.Count3:EnvironmentSafari:Model.Uniquesteerable-nafx               3.517e-03
PPjs:Buffer.Size1024:Iteration.Count4:EnvironmentSafari:Model.Uniquesteerable-nafx               4.204e-02
PPjs:Buffer.Size8192:Iteration.Count4:EnvironmentSafari:Model.Uniquesteerable-nafx               5.502e-02
                                                                                                Std. Error
(Intercept)                                                                                      2.171e-02
Backendjs-bypass                                                                                 3.071e-02
Backendjs-onnx                                                                                   3.071e-02
Backendwasm-onnx                                                                                 3.071e-02
PPjs                                                                                             3.071e-02
Buffer.Size1024                                                                                  3.071e-02
Buffer.Size8192                                                                                  3.071e-02
Iteration.Count1                                                                                 3.568e-02
Iteration.Count2                                                                                 3.568e-02
Iteration.Count3                                                                                 3.568e-02
Iteration.Count4                                                                                 3.568e-02
EnvironmentFirefox                                                                               3.071e-02
EnvironmentSafari                                                                                3.071e-02
Model.Uniquesteerable-nafx                                                                       3.071e-02
Backendjs-bypass:PPjs                                                                            4.343e-02
Backendjs-onnx:PPjs                                                                              4.343e-02
Backendwasm-onnx:PPjs                                                                            4.343e-02
Backendjs-bypass:Buffer.Size1024                                                                 4.343e-02
Backendjs-onnx:Buffer.Size1024                                                                   4.343e-02
Backendwasm-onnx:Buffer.Size1024                                                                 4.343e-02
Backendjs-bypass:Buffer.Size8192                                                                 4.343e-02
Backendjs-onnx:Buffer.Size8192                                                                   4.343e-02
Backendwasm-onnx:Buffer.Size8192                                                                 4.343e-02
Backendjs-bypass:Iteration.Count1                                                                4.969e-02
Backendjs-onnx:Iteration.Count1                                                                  4.969e-02
Backendwasm-onnx:Iteration.Count1                                                                4.969e-02
Backendjs-bypass:Iteration.Count2                                                                4.969e-02
Backendjs-onnx:Iteration.Count2                                                                  4.969e-02
Backendwasm-onnx:Iteration.Count2                                                                4.969e-02
Backendjs-bypass:Iteration.Count3                                                                4.969e-02
Backendjs-onnx:Iteration.Count3                                                                  4.969e-02
Backendwasm-onnx:Iteration.Count3                                                                4.969e-02
Backendjs-bypass:Iteration.Count4                                                                4.969e-02
Backendjs-onnx:Iteration.Count4                                                                  4.969e-02
Backendwasm-onnx:Iteration.Count4                                                                4.969e-02
Backendjs-bypass:EnvironmentFirefox                                                              4.343e-02
Backendjs-onnx:EnvironmentFirefox                                                                4.343e-02
Backendwasm-onnx:EnvironmentFirefox                                                              4.343e-02
Backendjs-bypass:EnvironmentSafari                                                               4.343e-02
Backendjs-onnx:EnvironmentSafari                                                                 4.343e-02
Backendwasm-onnx:EnvironmentSafari                                                               4.343e-02
Backendjs-bypass:Model.Uniquesteerable-nafx                                                      4.343e-02
Backendjs-onnx:Model.Uniquesteerable-nafx                                                        4.343e-02
Backendwasm-onnx:Model.Uniquesteerable-nafx                                                      4.343e-02
PPjs:Buffer.Size1024                                                                             4.343e-02
PPjs:Buffer.Size8192                                                                             4.343e-02
PPjs:Iteration.Count1                                                                            4.811e-02
PPjs:Iteration.Count2                                                                            4.811e-02
PPjs:Iteration.Count3                                                                            4.811e-02
PPjs:Iteration.Count4                                                                            4.811e-02
PPjs:EnvironmentFirefox                                                                          4.343e-02
PPjs:EnvironmentSafari                                                                           4.343e-02
PPjs:Model.Uniquesteerable-nafx                                                                  4.343e-02
Buffer.Size1024:Iteration.Count1                                                                 4.930e-02
Buffer.Size8192:Iteration.Count1                                                                 4.930e-02
Buffer.Size1024:Iteration.Count2                                                                 4.930e-02
Buffer.Size8192:Iteration.Count2                                                                 4.930e-02
Buffer.Size1024:Iteration.Count3                                                                 4.930e-02
Buffer.Size8192:Iteration.Count3                                                                 4.930e-02
Buffer.Size1024:Iteration.Count4                                                                 4.930e-02
Buffer.Size8192:Iteration.Count4                                                                 4.930e-02
Buffer.Size1024:EnvironmentFirefox                                                               4.343e-02
Buffer.Size8192:EnvironmentFirefox                                                               4.343e-02
Buffer.Size1024:EnvironmentSafari                                                                4.343e-02
Buffer.Size8192:EnvironmentSafari                                                                4.343e-02
Buffer.Size1024:Model.Uniquesteerable-nafx                                                       4.343e-02
Buffer.Size8192:Model.Uniquesteerable-nafx                                                       4.343e-02
Iteration.Count1:EnvironmentFirefox                                                              4.930e-02
Iteration.Count2:EnvironmentFirefox                                                              4.930e-02
Iteration.Count3:EnvironmentFirefox                                                              4.930e-02
Iteration.Count4:EnvironmentFirefox                                                              4.930e-02
Iteration.Count1:EnvironmentSafari                                                               4.930e-02
Iteration.Count2:EnvironmentSafari                                                               4.930e-02
Iteration.Count3:EnvironmentSafari                                                               4.930e-02
Iteration.Count4:EnvironmentSafari                                                               4.930e-02
Iteration.Count1:Model.Uniquesteerable-nafx                                                      4.811e-02
Iteration.Count2:Model.Uniquesteerable-nafx                                                      4.811e-02
Iteration.Count3:Model.Uniquesteerable-nafx                                                      4.811e-02
Iteration.Count4:Model.Uniquesteerable-nafx                                                      4.811e-02
EnvironmentFirefox:Model.Uniquesteerable-nafx                                                    4.343e-02
EnvironmentSafari:Model.Uniquesteerable-nafx                                                     4.343e-02
Backendjs-bypass:PPjs:Buffer.Size1024                                                            6.141e-02
Backendjs-onnx:PPjs:Buffer.Size1024                                                              6.141e-02
Backendwasm-onnx:PPjs:Buffer.Size1024                                                            6.141e-02
Backendjs-bypass:PPjs:Buffer.Size8192                                                            6.141e-02
Backendjs-onnx:PPjs:Buffer.Size8192                                                              6.141e-02
Backendwasm-onnx:PPjs:Buffer.Size8192                                                            6.141e-02
Backendjs-bypass:PPjs:Iteration.Count1                                                           6.573e-02
Backendjs-onnx:PPjs:Iteration.Count1                                                             6.573e-02
Backendwasm-onnx:PPjs:Iteration.Count1                                                           6.573e-02
Backendjs-bypass:PPjs:Iteration.Count2                                                           6.573e-02
Backendjs-onnx:PPjs:Iteration.Count2                                                             6.573e-02
Backendwasm-onnx:PPjs:Iteration.Count2                                                           6.573e-02
Backendjs-bypass:PPjs:Iteration.Count3                                                           6.573e-02
Backendjs-onnx:PPjs:Iteration.Count3                                                             6.573e-02
Backendwasm-onnx:PPjs:Iteration.Count3                                                           6.573e-02
Backendjs-bypass:PPjs:Iteration.Count4                                                           6.573e-02
Backendjs-onnx:PPjs:Iteration.Count4                                                             6.573e-02
Backendwasm-onnx:PPjs:Iteration.Count4                                                           6.573e-02
Backendjs-bypass:PPjs:EnvironmentFirefox                                                         6.141e-02
Backendjs-onnx:PPjs:EnvironmentFirefox                                                           6.141e-02
Backendwasm-onnx:PPjs:EnvironmentFirefox                                                         6.141e-02
Backendjs-bypass:PPjs:EnvironmentSafari                                                          6.141e-02
Backendjs-onnx:PPjs:EnvironmentSafari                                                            6.141e-02
Backendwasm-onnx:PPjs:EnvironmentSafari                                                          6.141e-02
Backendjs-bypass:PPjs:Model.Uniquesteerable-nafx                                                 6.141e-02
Backendjs-onnx:PPjs:Model.Uniquesteerable-nafx                                                   6.141e-02
Backendwasm-onnx:PPjs:Model.Uniquesteerable-nafx                                                 6.141e-02
Backendjs-bypass:Buffer.Size1024:Iteration.Count1                                                6.804e-02
Backendjs-onnx:Buffer.Size1024:Iteration.Count1                                                  6.804e-02
Backendwasm-onnx:Buffer.Size1024:Iteration.Count1                                                6.804e-02
Backendjs-bypass:Buffer.Size8192:Iteration.Count1                                                6.804e-02
Backendjs-onnx:Buffer.Size8192:Iteration.Count1                                                  6.804e-02
Backendwasm-onnx:Buffer.Size8192:Iteration.Count1                                                6.804e-02
Backendjs-bypass:Buffer.Size1024:Iteration.Count2                                                6.804e-02
Backendjs-onnx:Buffer.Size1024:Iteration.Count2                                                  6.804e-02
Backendwasm-onnx:Buffer.Size1024:Iteration.Count2                                                6.804e-02
Backendjs-bypass:Buffer.Size8192:Iteration.Count2                                                6.804e-02
Backendjs-onnx:Buffer.Size8192:Iteration.Count2                                                  6.804e-02
Backendwasm-onnx:Buffer.Size8192:Iteration.Count2                                                6.804e-02
Backendjs-bypass:Buffer.Size1024:Iteration.Count3                                                6.804e-02
Backendjs-onnx:Buffer.Size1024:Iteration.Count3                                                  6.804e-02
Backendwasm-onnx:Buffer.Size1024:Iteration.Count3                                                6.804e-02
Backendjs-bypass:Buffer.Size8192:Iteration.Count3                                                6.804e-02
Backendjs-onnx:Buffer.Size8192:Iteration.Count3                                                  6.804e-02
Backendwasm-onnx:Buffer.Size8192:Iteration.Count3                                                6.804e-02
Backendjs-bypass:Buffer.Size1024:Iteration.Count4                                                6.804e-02
Backendjs-onnx:Buffer.Size1024:Iteration.Count4                                                  6.804e-02
Backendwasm-onnx:Buffer.Size1024:Iteration.Count4                                                6.804e-02
Backendjs-bypass:Buffer.Size8192:Iteration.Count4                                                6.804e-02
Backendjs-onnx:Buffer.Size8192:Iteration.Count4                                                  6.804e-02
Backendwasm-onnx:Buffer.Size8192:Iteration.Count4                                                6.804e-02
Backendjs-bypass:Buffer.Size1024:EnvironmentFirefox                                              6.141e-02
Backendjs-onnx:Buffer.Size1024:EnvironmentFirefox                                                6.141e-02
Backendwasm-onnx:Buffer.Size1024:EnvironmentFirefox                                              6.141e-02
Backendjs-bypass:Buffer.Size8192:EnvironmentFirefox                                              6.141e-02
Backendjs-onnx:Buffer.Size8192:EnvironmentFirefox                                                6.141e-02
Backendwasm-onnx:Buffer.Size8192:EnvironmentFirefox                                              6.141e-02
Backendjs-bypass:Buffer.Size1024:EnvironmentSafari                                               6.141e-02
Backendjs-onnx:Buffer.Size1024:EnvironmentSafari                                                 6.141e-02
Backendwasm-onnx:Buffer.Size1024:EnvironmentSafari                                               6.141e-02
Backendjs-bypass:Buffer.Size8192:EnvironmentSafari                                               6.141e-02
Backendjs-onnx:Buffer.Size8192:EnvironmentSafari                                                 6.141e-02
Backendwasm-onnx:Buffer.Size8192:EnvironmentSafari                                               6.141e-02
Backendjs-bypass:Buffer.Size1024:Model.Uniquesteerable-nafx                                      6.141e-02
Backendjs-onnx:Buffer.Size1024:Model.Uniquesteerable-nafx                                        6.141e-02
Backendwasm-onnx:Buffer.Size1024:Model.Uniquesteerable-nafx                                      6.141e-02
Backendjs-bypass:Buffer.Size8192:Model.Uniquesteerable-nafx                                      6.141e-02
Backendjs-onnx:Buffer.Size8192:Model.Uniquesteerable-nafx                                        6.141e-02
Backendwasm-onnx:Buffer.Size8192:Model.Uniquesteerable-nafx                                      6.141e-02
Backendjs-bypass:Iteration.Count1:EnvironmentFirefox                                             6.804e-02
Backendjs-onnx:Iteration.Count1:EnvironmentFirefox                                               6.804e-02
Backendwasm-onnx:Iteration.Count1:EnvironmentFirefox                                             6.804e-02
Backendjs-bypass:Iteration.Count2:EnvironmentFirefox                                             6.804e-02
Backendjs-onnx:Iteration.Count2:EnvironmentFirefox                                               6.804e-02
Backendwasm-onnx:Iteration.Count2:EnvironmentFirefox                                             6.804e-02
Backendjs-bypass:Iteration.Count3:EnvironmentFirefox                                             6.804e-02
Backendjs-onnx:Iteration.Count3:EnvironmentFirefox                                               6.804e-02
Backendwasm-onnx:Iteration.Count3:EnvironmentFirefox                                             6.804e-02
Backendjs-bypass:Iteration.Count4:EnvironmentFirefox                                             6.804e-02
Backendjs-onnx:Iteration.Count4:EnvironmentFirefox                                               6.804e-02
Backendwasm-onnx:Iteration.Count4:EnvironmentFirefox                                             6.804e-02
Backendjs-bypass:Iteration.Count1:EnvironmentSafari                                              6.804e-02
Backendjs-onnx:Iteration.Count1:EnvironmentSafari                                                6.804e-02
Backendwasm-onnx:Iteration.Count1:EnvironmentSafari                                              6.804e-02
Backendjs-bypass:Iteration.Count2:EnvironmentSafari                                              6.804e-02
Backendjs-onnx:Iteration.Count2:EnvironmentSafari                                                6.804e-02
Backendwasm-onnx:Iteration.Count2:EnvironmentSafari                                              6.804e-02
Backendjs-bypass:Iteration.Count3:EnvironmentSafari                                              6.804e-02
Backendjs-onnx:Iteration.Count3:EnvironmentSafari                                                6.804e-02
Backendwasm-onnx:Iteration.Count3:EnvironmentSafari                                              6.804e-02
Backendjs-bypass:Iteration.Count4:EnvironmentSafari                                              6.804e-02
Backendjs-onnx:Iteration.Count4:EnvironmentSafari                                                6.804e-02
Backendwasm-onnx:Iteration.Count4:EnvironmentSafari                                              6.804e-02
Backendjs-bypass:Iteration.Count1:Model.Uniquesteerable-nafx                                     6.573e-02
Backendjs-onnx:Iteration.Count1:Model.Uniquesteerable-nafx                                       6.573e-02
Backendwasm-onnx:Iteration.Count1:Model.Uniquesteerable-nafx                                     6.573e-02
Backendjs-bypass:Iteration.Count2:Model.Uniquesteerable-nafx                                     6.573e-02
Backendjs-onnx:Iteration.Count2:Model.Uniquesteerable-nafx                                       6.573e-02
Backendwasm-onnx:Iteration.Count2:Model.Uniquesteerable-nafx                                     6.573e-02
Backendjs-bypass:Iteration.Count3:Model.Uniquesteerable-nafx                                     6.573e-02
Backendjs-onnx:Iteration.Count3:Model.Uniquesteerable-nafx                                       6.573e-02
Backendwasm-onnx:Iteration.Count3:Model.Uniquesteerable-nafx                                     6.573e-02
Backendjs-bypass:Iteration.Count4:Model.Uniquesteerable-nafx                                     6.573e-02
Backendjs-onnx:Iteration.Count4:Model.Uniquesteerable-nafx                                       6.573e-02
Backendwasm-onnx:Iteration.Count4:Model.Uniquesteerable-nafx                                     6.573e-02
Backendjs-bypass:EnvironmentFirefox:Model.Uniquesteerable-nafx                                   6.141e-02
Backendjs-onnx:EnvironmentFirefox:Model.Uniquesteerable-nafx                                     6.141e-02
Backendwasm-onnx:EnvironmentFirefox:Model.Uniquesteerable-nafx                                   6.141e-02
Backendjs-bypass:EnvironmentSafari:Model.Uniquesteerable-nafx                                    6.141e-02
Backendjs-onnx:EnvironmentSafari:Model.Uniquesteerable-nafx                                      6.141e-02
Backendwasm-onnx:EnvironmentSafari:Model.Uniquesteerable-nafx                                    6.141e-02
PPjs:Buffer.Size1024:Iteration.Count1                                                            6.455e-02
PPjs:Buffer.Size8192:Iteration.Count1                                                            6.455e-02
PPjs:Buffer.Size1024:Iteration.Count2                                                            6.455e-02
PPjs:Buffer.Size8192:Iteration.Count2                                                            6.455e-02
PPjs:Buffer.Size1024:Iteration.Count3                                                            6.455e-02
PPjs:Buffer.Size8192:Iteration.Count3                                                            6.455e-02
PPjs:Buffer.Size1024:Iteration.Count4                                                            6.455e-02
PPjs:Buffer.Size8192:Iteration.Count4                                                            6.455e-02
PPjs:Buffer.Size1024:EnvironmentFirefox                                                          6.141e-02
PPjs:Buffer.Size8192:EnvironmentFirefox                                                          6.141e-02
PPjs:Buffer.Size1024:EnvironmentSafari                                                           6.141e-02
PPjs:Buffer.Size8192:EnvironmentSafari                                                           6.141e-02
PPjs:Buffer.Size1024:Model.Uniquesteerable-nafx                                                  6.141e-02
PPjs:Buffer.Size8192:Model.Uniquesteerable-nafx                                                  6.141e-02
PPjs:Iteration.Count1:EnvironmentFirefox                                                         6.455e-02
PPjs:Iteration.Count2:EnvironmentFirefox                                                         6.455e-02
PPjs:Iteration.Count3:EnvironmentFirefox                                                         6.455e-02
PPjs:Iteration.Count4:EnvironmentFirefox                                                         6.455e-02
PPjs:Iteration.Count1:EnvironmentSafari                                                          6.455e-02
PPjs:Iteration.Count2:EnvironmentSafari                                                          6.455e-02
PPjs:Iteration.Count3:EnvironmentSafari                                                          6.455e-02
PPjs:Iteration.Count4:EnvironmentSafari                                                          6.455e-02
PPjs:Iteration.Count1:Model.Uniquesteerable-nafx                                                 6.085e-02
PPjs:Iteration.Count2:Model.Uniquesteerable-nafx                                                 6.085e-02
PPjs:Iteration.Count3:Model.Uniquesteerable-nafx                                                 6.085e-02
PPjs:Iteration.Count4:Model.Uniquesteerable-nafx                                                 6.085e-02
PPjs:EnvironmentFirefox:Model.Uniquesteerable-nafx                                               6.141e-02
PPjs:EnvironmentSafari:Model.Uniquesteerable-nafx                                                6.141e-02
Buffer.Size1024:Iteration.Count1:EnvironmentFirefox                                              6.718e-02
Buffer.Size8192:Iteration.Count1:EnvironmentFirefox                                              6.718e-02
Buffer.Size1024:Iteration.Count2:EnvironmentFirefox                                              6.718e-02
Buffer.Size8192:Iteration.Count2:EnvironmentFirefox                                              6.718e-02
Buffer.Size1024:Iteration.Count3:EnvironmentFirefox                                              6.718e-02
Buffer.Size8192:Iteration.Count3:EnvironmentFirefox                                              6.718e-02
Buffer.Size1024:Iteration.Count4:EnvironmentFirefox                                              6.718e-02
Buffer.Size8192:Iteration.Count4:EnvironmentFirefox                                              6.718e-02
Buffer.Size1024:Iteration.Count1:EnvironmentSafari                                               6.718e-02
Buffer.Size8192:Iteration.Count1:EnvironmentSafari                                               6.718e-02
Buffer.Size1024:Iteration.Count2:EnvironmentSafari                                               6.718e-02
Buffer.Size8192:Iteration.Count2:EnvironmentSafari                                               6.718e-02
Buffer.Size1024:Iteration.Count3:EnvironmentSafari                                               6.718e-02
Buffer.Size8192:Iteration.Count3:EnvironmentSafari                                               6.718e-02
Buffer.Size1024:Iteration.Count4:EnvironmentSafari                                               6.718e-02
Buffer.Size8192:Iteration.Count4:EnvironmentSafari                                               6.718e-02
Buffer.Size1024:Iteration.Count1:Model.Uniquesteerable-nafx                                      6.455e-02
Buffer.Size8192:Iteration.Count1:Model.Uniquesteerable-nafx                                      6.455e-02
Buffer.Size1024:Iteration.Count2:Model.Uniquesteerable-nafx                                      6.455e-02
Buffer.Size8192:Iteration.Count2:Model.Uniquesteerable-nafx                                      6.455e-02
Buffer.Size1024:Iteration.Count3:Model.Uniquesteerable-nafx                                      6.455e-02
Buffer.Size8192:Iteration.Count3:Model.Uniquesteerable-nafx                                      6.455e-02
Buffer.Size1024:Iteration.Count4:Model.Uniquesteerable-nafx                                      6.455e-02
Buffer.Size8192:Iteration.Count4:Model.Uniquesteerable-nafx                                      6.455e-02
Buffer.Size1024:EnvironmentFirefox:Model.Uniquesteerable-nafx                                    6.141e-02
Buffer.Size8192:EnvironmentFirefox:Model.Uniquesteerable-nafx                                    6.141e-02
Buffer.Size1024:EnvironmentSafari:Model.Uniquesteerable-nafx                                     6.141e-02
Buffer.Size8192:EnvironmentSafari:Model.Uniquesteerable-nafx                                     6.141e-02
Iteration.Count1:EnvironmentFirefox:Model.Uniquesteerable-nafx                                   6.455e-02
Iteration.Count2:EnvironmentFirefox:Model.Uniquesteerable-nafx                                   6.455e-02
Iteration.Count3:EnvironmentFirefox:Model.Uniquesteerable-nafx                                   6.455e-02
Iteration.Count4:EnvironmentFirefox:Model.Uniquesteerable-nafx                                   6.455e-02
Iteration.Count1:EnvironmentSafari:Model.Uniquesteerable-nafx                                    6.455e-02
Iteration.Count2:EnvironmentSafari:Model.Uniquesteerable-nafx                                    6.455e-02
Iteration.Count3:EnvironmentSafari:Model.Uniquesteerable-nafx                                    6.455e-02
Iteration.Count4:EnvironmentSafari:Model.Uniquesteerable-nafx                                    6.455e-02
Backendjs-bypass:PPjs:Buffer.Size1024:Iteration.Count1                                           8.606e-02
Backendjs-onnx:PPjs:Buffer.Size1024:Iteration.Count1                                             8.606e-02
Backendwasm-onnx:PPjs:Buffer.Size1024:Iteration.Count1                                           8.606e-02
Backendjs-bypass:PPjs:Buffer.Size8192:Iteration.Count1                                           8.606e-02
Backendjs-onnx:PPjs:Buffer.Size8192:Iteration.Count1                                             8.606e-02
Backendwasm-onnx:PPjs:Buffer.Size8192:Iteration.Count1                                           8.606e-02
Backendjs-bypass:PPjs:Buffer.Size1024:Iteration.Count2                                           8.606e-02
Backendjs-onnx:PPjs:Buffer.Size1024:Iteration.Count2                                             8.606e-02
Backendwasm-onnx:PPjs:Buffer.Size1024:Iteration.Count2                                           8.606e-02
Backendjs-bypass:PPjs:Buffer.Size8192:Iteration.Count2                                           8.606e-02
Backendjs-onnx:PPjs:Buffer.Size8192:Iteration.Count2                                             8.606e-02
Backendwasm-onnx:PPjs:Buffer.Size8192:Iteration.Count2                                           8.606e-02
Backendjs-bypass:PPjs:Buffer.Size1024:Iteration.Count3                                           8.606e-02
Backendjs-onnx:PPjs:Buffer.Size1024:Iteration.Count3                                             8.606e-02
Backendwasm-onnx:PPjs:Buffer.Size1024:Iteration.Count3                                           8.606e-02
Backendjs-bypass:PPjs:Buffer.Size8192:Iteration.Count3                                           8.606e-02
Backendjs-onnx:PPjs:Buffer.Size8192:Iteration.Count3                                             8.606e-02
Backendwasm-onnx:PPjs:Buffer.Size8192:Iteration.Count3                                           8.606e-02
Backendjs-bypass:PPjs:Buffer.Size1024:Iteration.Count4                                           8.606e-02
Backendjs-onnx:PPjs:Buffer.Size1024:Iteration.Count4                                             8.606e-02
Backendwasm-onnx:PPjs:Buffer.Size1024:Iteration.Count4                                           8.606e-02
Backendjs-bypass:PPjs:Buffer.Size8192:Iteration.Count4                                           8.606e-02
Backendjs-onnx:PPjs:Buffer.Size8192:Iteration.Count4                                             8.606e-02
Backendwasm-onnx:PPjs:Buffer.Size8192:Iteration.Count4                                           8.606e-02
Backendjs-bypass:PPjs:Buffer.Size1024:EnvironmentFirefox                                         8.685e-02
Backendjs-onnx:PPjs:Buffer.Size1024:EnvironmentFirefox                                           8.685e-02
Backendwasm-onnx:PPjs:Buffer.Size1024:EnvironmentFirefox                                         8.685e-02
Backendjs-bypass:PPjs:Buffer.Size8192:EnvironmentFirefox                                         8.685e-02
Backendjs-onnx:PPjs:Buffer.Size8192:EnvironmentFirefox                                           8.685e-02
Backendwasm-onnx:PPjs:Buffer.Size8192:EnvironmentFirefox                                         8.685e-02
Backendjs-bypass:PPjs:Buffer.Size1024:EnvironmentSafari                                          8.685e-02
Backendjs-onnx:PPjs:Buffer.Size1024:EnvironmentSafari                                            8.685e-02
Backendwasm-onnx:PPjs:Buffer.Size1024:EnvironmentSafari                                          8.685e-02
Backendjs-bypass:PPjs:Buffer.Size8192:EnvironmentSafari                                          8.685e-02
Backendjs-onnx:PPjs:Buffer.Size8192:EnvironmentSafari                                            8.685e-02
Backendwasm-onnx:PPjs:Buffer.Size8192:EnvironmentSafari                                          8.685e-02
Backendjs-bypass:PPjs:Buffer.Size1024:Model.Uniquesteerable-nafx                                 8.685e-02
Backendjs-onnx:PPjs:Buffer.Size1024:Model.Uniquesteerable-nafx                                   8.685e-02
Backendwasm-onnx:PPjs:Buffer.Size1024:Model.Uniquesteerable-nafx                                 8.685e-02
Backendjs-bypass:PPjs:Buffer.Size8192:Model.Uniquesteerable-nafx                                 8.685e-02
Backendjs-onnx:PPjs:Buffer.Size8192:Model.Uniquesteerable-nafx                                   8.685e-02
Backendwasm-onnx:PPjs:Buffer.Size8192:Model.Uniquesteerable-nafx                                 8.685e-02
Backendjs-bypass:PPjs:Iteration.Count1:EnvironmentFirefox                                        8.606e-02
Backendjs-onnx:PPjs:Iteration.Count1:EnvironmentFirefox                                          8.606e-02
Backendwasm-onnx:PPjs:Iteration.Count1:EnvironmentFirefox                                        8.606e-02
Backendjs-bypass:PPjs:Iteration.Count2:EnvironmentFirefox                                        8.606e-02
Backendjs-onnx:PPjs:Iteration.Count2:EnvironmentFirefox                                          8.606e-02
Backendwasm-onnx:PPjs:Iteration.Count2:EnvironmentFirefox                                        8.606e-02
Backendjs-bypass:PPjs:Iteration.Count3:EnvironmentFirefox                                        8.606e-02
Backendjs-onnx:PPjs:Iteration.Count3:EnvironmentFirefox                                          8.606e-02
Backendwasm-onnx:PPjs:Iteration.Count3:EnvironmentFirefox                                        8.606e-02
Backendjs-bypass:PPjs:Iteration.Count4:EnvironmentFirefox                                        8.606e-02
Backendjs-onnx:PPjs:Iteration.Count4:EnvironmentFirefox                                          8.606e-02
Backendwasm-onnx:PPjs:Iteration.Count4:EnvironmentFirefox                                        8.606e-02
Backendjs-bypass:PPjs:Iteration.Count1:EnvironmentSafari                                         8.606e-02
Backendjs-onnx:PPjs:Iteration.Count1:EnvironmentSafari                                           8.606e-02
Backendwasm-onnx:PPjs:Iteration.Count1:EnvironmentSafari                                         8.606e-02
Backendjs-bypass:PPjs:Iteration.Count2:EnvironmentSafari                                         8.606e-02
Backendjs-onnx:PPjs:Iteration.Count2:EnvironmentSafari                                           8.606e-02
Backendwasm-onnx:PPjs:Iteration.Count2:EnvironmentSafari                                         8.606e-02
Backendjs-bypass:PPjs:Iteration.Count3:EnvironmentSafari                                         8.606e-02
Backendjs-onnx:PPjs:Iteration.Count3:EnvironmentSafari                                           8.606e-02
Backendwasm-onnx:PPjs:Iteration.Count3:EnvironmentSafari                                         8.606e-02
Backendjs-bypass:PPjs:Iteration.Count4:EnvironmentSafari                                         8.606e-02
Backendjs-onnx:PPjs:Iteration.Count4:EnvironmentSafari                                           8.606e-02
Backendwasm-onnx:PPjs:Iteration.Count4:EnvironmentSafari                                         8.606e-02
Backendjs-bypass:PPjs:Iteration.Count1:Model.Uniquesteerable-nafx                                7.856e-02
Backendjs-onnx:PPjs:Iteration.Count1:Model.Uniquesteerable-nafx                                  7.856e-02
Backendwasm-onnx:PPjs:Iteration.Count1:Model.Uniquesteerable-nafx                                7.856e-02
Backendjs-bypass:PPjs:Iteration.Count2:Model.Uniquesteerable-nafx                                7.856e-02
Backendjs-onnx:PPjs:Iteration.Count2:Model.Uniquesteerable-nafx                                  7.856e-02
Backendwasm-onnx:PPjs:Iteration.Count2:Model.Uniquesteerable-nafx                                7.856e-02
Backendjs-bypass:PPjs:Iteration.Count3:Model.Uniquesteerable-nafx                                7.856e-02
Backendjs-onnx:PPjs:Iteration.Count3:Model.Uniquesteerable-nafx                                  7.856e-02
Backendwasm-onnx:PPjs:Iteration.Count3:Model.Uniquesteerable-nafx                                7.856e-02
Backendjs-bypass:PPjs:Iteration.Count4:Model.Uniquesteerable-nafx                                7.856e-02
Backendjs-onnx:PPjs:Iteration.Count4:Model.Uniquesteerable-nafx                                  7.856e-02
Backendwasm-onnx:PPjs:Iteration.Count4:Model.Uniquesteerable-nafx                                7.856e-02
Backendjs-bypass:PPjs:EnvironmentFirefox:Model.Uniquesteerable-nafx                              8.685e-02
Backendjs-onnx:PPjs:EnvironmentFirefox:Model.Uniquesteerable-nafx                                8.685e-02
Backendwasm-onnx:PPjs:EnvironmentFirefox:Model.Uniquesteerable-nafx                              8.685e-02
Backendjs-bypass:PPjs:EnvironmentSafari:Model.Uniquesteerable-nafx                               8.685e-02
Backendjs-onnx:PPjs:EnvironmentSafari:Model.Uniquesteerable-nafx                                 8.685e-02
Backendwasm-onnx:PPjs:EnvironmentSafari:Model.Uniquesteerable-nafx                               8.685e-02
Backendjs-bypass:Buffer.Size1024:Iteration.Count1:EnvironmentFirefox                             9.128e-02
Backendjs-onnx:Buffer.Size1024:Iteration.Count1:EnvironmentFirefox                               9.128e-02
Backendwasm-onnx:Buffer.Size1024:Iteration.Count1:EnvironmentFirefox                             9.128e-02
Backendjs-bypass:Buffer.Size8192:Iteration.Count1:EnvironmentFirefox                             9.128e-02
Backendjs-onnx:Buffer.Size8192:Iteration.Count1:EnvironmentFirefox                               9.128e-02
Backendwasm-onnx:Buffer.Size8192:Iteration.Count1:EnvironmentFirefox                             9.128e-02
Backendjs-bypass:Buffer.Size1024:Iteration.Count2:EnvironmentFirefox                             9.128e-02
Backendjs-onnx:Buffer.Size1024:Iteration.Count2:EnvironmentFirefox                               9.128e-02
Backendwasm-onnx:Buffer.Size1024:Iteration.Count2:EnvironmentFirefox                             9.128e-02
Backendjs-bypass:Buffer.Size8192:Iteration.Count2:EnvironmentFirefox                             9.128e-02
Backendjs-onnx:Buffer.Size8192:Iteration.Count2:EnvironmentFirefox                               9.128e-02
Backendwasm-onnx:Buffer.Size8192:Iteration.Count2:EnvironmentFirefox                             9.128e-02
Backendjs-bypass:Buffer.Size1024:Iteration.Count3:EnvironmentFirefox                             9.128e-02
Backendjs-onnx:Buffer.Size1024:Iteration.Count3:EnvironmentFirefox                               9.128e-02
Backendwasm-onnx:Buffer.Size1024:Iteration.Count3:EnvironmentFirefox                             9.128e-02
Backendjs-bypass:Buffer.Size8192:Iteration.Count3:EnvironmentFirefox                             9.128e-02
Backendjs-onnx:Buffer.Size8192:Iteration.Count3:EnvironmentFirefox                               9.128e-02
Backendwasm-onnx:Buffer.Size8192:Iteration.Count3:EnvironmentFirefox                             9.128e-02
Backendjs-bypass:Buffer.Size1024:Iteration.Count4:EnvironmentFirefox                             9.128e-02
Backendjs-onnx:Buffer.Size1024:Iteration.Count4:EnvironmentFirefox                               9.128e-02
Backendwasm-onnx:Buffer.Size1024:Iteration.Count4:EnvironmentFirefox                             9.128e-02
Backendjs-bypass:Buffer.Size8192:Iteration.Count4:EnvironmentFirefox                             9.128e-02
Backendjs-onnx:Buffer.Size8192:Iteration.Count4:EnvironmentFirefox                               9.128e-02
Backendwasm-onnx:Buffer.Size8192:Iteration.Count4:EnvironmentFirefox                             9.128e-02
Backendjs-bypass:Buffer.Size1024:Iteration.Count1:EnvironmentSafari                              9.128e-02
Backendjs-onnx:Buffer.Size1024:Iteration.Count1:EnvironmentSafari                                9.128e-02
Backendwasm-onnx:Buffer.Size1024:Iteration.Count1:EnvironmentSafari                              9.128e-02
Backendjs-bypass:Buffer.Size8192:Iteration.Count1:EnvironmentSafari                              9.128e-02
Backendjs-onnx:Buffer.Size8192:Iteration.Count1:EnvironmentSafari                                9.128e-02
Backendwasm-onnx:Buffer.Size8192:Iteration.Count1:EnvironmentSafari                              9.128e-02
Backendjs-bypass:Buffer.Size1024:Iteration.Count2:EnvironmentSafari                              9.128e-02
Backendjs-onnx:Buffer.Size1024:Iteration.Count2:EnvironmentSafari                                9.128e-02
Backendwasm-onnx:Buffer.Size1024:Iteration.Count2:EnvironmentSafari                              9.128e-02
Backendjs-bypass:Buffer.Size8192:Iteration.Count2:EnvironmentSafari                              9.128e-02
Backendjs-onnx:Buffer.Size8192:Iteration.Count2:EnvironmentSafari                                9.128e-02
Backendwasm-onnx:Buffer.Size8192:Iteration.Count2:EnvironmentSafari                              9.128e-02
Backendjs-bypass:Buffer.Size1024:Iteration.Count3:EnvironmentSafari                              9.128e-02
Backendjs-onnx:Buffer.Size1024:Iteration.Count3:EnvironmentSafari                                9.128e-02
Backendwasm-onnx:Buffer.Size1024:Iteration.Count3:EnvironmentSafari                              9.128e-02
Backendjs-bypass:Buffer.Size8192:Iteration.Count3:EnvironmentSafari                              9.128e-02
Backendjs-onnx:Buffer.Size8192:Iteration.Count3:EnvironmentSafari                                9.128e-02
Backendwasm-onnx:Buffer.Size8192:Iteration.Count3:EnvironmentSafari                              9.128e-02
Backendjs-bypass:Buffer.Size1024:Iteration.Count4:EnvironmentSafari                              9.128e-02
Backendjs-onnx:Buffer.Size1024:Iteration.Count4:EnvironmentSafari                                9.128e-02
Backendwasm-onnx:Buffer.Size1024:Iteration.Count4:EnvironmentSafari                              9.128e-02
Backendjs-bypass:Buffer.Size8192:Iteration.Count4:EnvironmentSafari                              9.128e-02
Backendjs-onnx:Buffer.Size8192:Iteration.Count4:EnvironmentSafari                                9.128e-02
Backendwasm-onnx:Buffer.Size8192:Iteration.Count4:EnvironmentSafari                              9.128e-02
Backendjs-bypass:Buffer.Size1024:Iteration.Count1:Model.Uniquesteerable-nafx                     8.606e-02
Backendjs-onnx:Buffer.Size1024:Iteration.Count1:Model.Uniquesteerable-nafx                       8.606e-02
Backendwasm-onnx:Buffer.Size1024:Iteration.Count1:Model.Uniquesteerable-nafx                     8.606e-02
Backendjs-bypass:Buffer.Size8192:Iteration.Count1:Model.Uniquesteerable-nafx                     8.606e-02
Backendjs-onnx:Buffer.Size8192:Iteration.Count1:Model.Uniquesteerable-nafx                       8.606e-02
Backendwasm-onnx:Buffer.Size8192:Iteration.Count1:Model.Uniquesteerable-nafx                     8.606e-02
Backendjs-bypass:Buffer.Size1024:Iteration.Count2:Model.Uniquesteerable-nafx                     8.606e-02
Backendjs-onnx:Buffer.Size1024:Iteration.Count2:Model.Uniquesteerable-nafx                       8.606e-02
Backendwasm-onnx:Buffer.Size1024:Iteration.Count2:Model.Uniquesteerable-nafx                     8.606e-02
Backendjs-bypass:Buffer.Size8192:Iteration.Count2:Model.Uniquesteerable-nafx                     8.606e-02
Backendjs-onnx:Buffer.Size8192:Iteration.Count2:Model.Uniquesteerable-nafx                       8.606e-02
Backendwasm-onnx:Buffer.Size8192:Iteration.Count2:Model.Uniquesteerable-nafx                     8.606e-02
Backendjs-bypass:Buffer.Size1024:Iteration.Count3:Model.Uniquesteerable-nafx                     8.606e-02
Backendjs-onnx:Buffer.Size1024:Iteration.Count3:Model.Uniquesteerable-nafx                       8.606e-02
Backendwasm-onnx:Buffer.Size1024:Iteration.Count3:Model.Uniquesteerable-nafx                     8.606e-02
Backendjs-bypass:Buffer.Size8192:Iteration.Count3:Model.Uniquesteerable-nafx                     8.606e-02
Backendjs-onnx:Buffer.Size8192:Iteration.Count3:Model.Uniquesteerable-nafx                       8.606e-02
Backendwasm-onnx:Buffer.Size8192:Iteration.Count3:Model.Uniquesteerable-nafx                     8.606e-02
Backendjs-bypass:Buffer.Size1024:Iteration.Count4:Model.Uniquesteerable-nafx                     8.606e-02
Backendjs-onnx:Buffer.Size1024:Iteration.Count4:Model.Uniquesteerable-nafx                       8.606e-02
Backendwasm-onnx:Buffer.Size1024:Iteration.Count4:Model.Uniquesteerable-nafx                     8.606e-02
Backendjs-bypass:Buffer.Size8192:Iteration.Count4:Model.Uniquesteerable-nafx                     8.606e-02
Backendjs-onnx:Buffer.Size8192:Iteration.Count4:Model.Uniquesteerable-nafx                       8.606e-02
Backendwasm-onnx:Buffer.Size8192:Iteration.Count4:Model.Uniquesteerable-nafx                     8.606e-02
Backendjs-bypass:Buffer.Size1024:EnvironmentFirefox:Model.Uniquesteerable-nafx                   8.685e-02
Backendjs-onnx:Buffer.Size1024:EnvironmentFirefox:Model.Uniquesteerable-nafx                     8.685e-02
Backendwasm-onnx:Buffer.Size1024:EnvironmentFirefox:Model.Uniquesteerable-nafx                   8.685e-02
Backendjs-bypass:Buffer.Size8192:EnvironmentFirefox:Model.Uniquesteerable-nafx                   8.685e-02
Backendjs-onnx:Buffer.Size8192:EnvironmentFirefox:Model.Uniquesteerable-nafx                     8.685e-02
Backendwasm-onnx:Buffer.Size8192:EnvironmentFirefox:Model.Uniquesteerable-nafx                   8.685e-02
Backendjs-bypass:Buffer.Size1024:EnvironmentSafari:Model.Uniquesteerable-nafx                    8.685e-02
Backendjs-onnx:Buffer.Size1024:EnvironmentSafari:Model.Uniquesteerable-nafx                      8.685e-02
Backendwasm-onnx:Buffer.Size1024:EnvironmentSafari:Model.Uniquesteerable-nafx                    8.685e-02
Backendjs-bypass:Buffer.Size8192:EnvironmentSafari:Model.Uniquesteerable-nafx                    8.685e-02
Backendjs-onnx:Buffer.Size8192:EnvironmentSafari:Model.Uniquesteerable-nafx                      8.685e-02
Backendwasm-onnx:Buffer.Size8192:EnvironmentSafari:Model.Uniquesteerable-nafx                    8.685e-02
Backendjs-bypass:Iteration.Count1:EnvironmentFirefox:Model.Uniquesteerable-nafx                  8.606e-02
Backendjs-onnx:Iteration.Count1:EnvironmentFirefox:Model.Uniquesteerable-nafx                    8.606e-02
Backendwasm-onnx:Iteration.Count1:EnvironmentFirefox:Model.Uniquesteerable-nafx                  8.606e-02
Backendjs-bypass:Iteration.Count2:EnvironmentFirefox:Model.Uniquesteerable-nafx                  8.606e-02
Backendjs-onnx:Iteration.Count2:EnvironmentFirefox:Model.Uniquesteerable-nafx                    8.606e-02
Backendwasm-onnx:Iteration.Count2:EnvironmentFirefox:Model.Uniquesteerable-nafx                  8.606e-02
Backendjs-bypass:Iteration.Count3:EnvironmentFirefox:Model.Uniquesteerable-nafx                  8.606e-02
Backendjs-onnx:Iteration.Count3:EnvironmentFirefox:Model.Uniquesteerable-nafx                    8.606e-02
Backendwasm-onnx:Iteration.Count3:EnvironmentFirefox:Model.Uniquesteerable-nafx                  8.606e-02
Backendjs-bypass:Iteration.Count4:EnvironmentFirefox:Model.Uniquesteerable-nafx                  8.606e-02
Backendjs-onnx:Iteration.Count4:EnvironmentFirefox:Model.Uniquesteerable-nafx                    8.606e-02
Backendwasm-onnx:Iteration.Count4:EnvironmentFirefox:Model.Uniquesteerable-nafx                  8.606e-02
Backendjs-bypass:Iteration.Count1:EnvironmentSafari:Model.Uniquesteerable-nafx                   8.606e-02
Backendjs-onnx:Iteration.Count1:EnvironmentSafari:Model.Uniquesteerable-nafx                     8.606e-02
Backendwasm-onnx:Iteration.Count1:EnvironmentSafari:Model.Uniquesteerable-nafx                   8.606e-02
Backendjs-bypass:Iteration.Count2:EnvironmentSafari:Model.Uniquesteerable-nafx                   8.606e-02
Backendjs-onnx:Iteration.Count2:EnvironmentSafari:Model.Uniquesteerable-nafx                     8.606e-02
Backendwasm-onnx:Iteration.Count2:EnvironmentSafari:Model.Uniquesteerable-nafx                   8.606e-02
Backendjs-bypass:Iteration.Count3:EnvironmentSafari:Model.Uniquesteerable-nafx                   8.606e-02
Backendjs-onnx:Iteration.Count3:EnvironmentSafari:Model.Uniquesteerable-nafx                     8.606e-02
Backendwasm-onnx:Iteration.Count3:EnvironmentSafari:Model.Uniquesteerable-nafx                   8.606e-02
Backendjs-bypass:Iteration.Count4:EnvironmentSafari:Model.Uniquesteerable-nafx                   8.606e-02
Backendjs-onnx:Iteration.Count4:EnvironmentSafari:Model.Uniquesteerable-nafx                     8.606e-02
Backendwasm-onnx:Iteration.Count4:EnvironmentSafari:Model.Uniquesteerable-nafx                   8.606e-02
PPjs:Buffer.Size1024:Iteration.Count1:EnvironmentFirefox                                         8.333e-02
PPjs:Buffer.Size8192:Iteration.Count1:EnvironmentFirefox                                         8.333e-02
PPjs:Buffer.Size1024:Iteration.Count2:EnvironmentFirefox                                         8.333e-02
PPjs:Buffer.Size8192:Iteration.Count2:EnvironmentFirefox                                         8.333e-02
PPjs:Buffer.Size1024:Iteration.Count3:EnvironmentFirefox                                         8.333e-02
PPjs:Buffer.Size8192:Iteration.Count3:EnvironmentFirefox                                         8.333e-02
PPjs:Buffer.Size1024:Iteration.Count4:EnvironmentFirefox                                         8.333e-02
PPjs:Buffer.Size8192:Iteration.Count4:EnvironmentFirefox                                         8.333e-02
PPjs:Buffer.Size1024:Iteration.Count1:EnvironmentSafari                                          8.333e-02
PPjs:Buffer.Size8192:Iteration.Count1:EnvironmentSafari                                          8.333e-02
PPjs:Buffer.Size1024:Iteration.Count2:EnvironmentSafari                                          8.333e-02
PPjs:Buffer.Size8192:Iteration.Count2:EnvironmentSafari                                          8.333e-02
PPjs:Buffer.Size1024:Iteration.Count3:EnvironmentSafari                                          8.333e-02
PPjs:Buffer.Size8192:Iteration.Count3:EnvironmentSafari                                          8.333e-02
PPjs:Buffer.Size1024:Iteration.Count4:EnvironmentSafari                                          8.333e-02
PPjs:Buffer.Size8192:Iteration.Count4:EnvironmentSafari                                          8.333e-02
PPjs:Buffer.Size1024:Iteration.Count1:Model.Uniquesteerable-nafx                                 7.453e-02
PPjs:Buffer.Size8192:Iteration.Count1:Model.Uniquesteerable-nafx                                 7.453e-02
PPjs:Buffer.Size1024:Iteration.Count2:Model.Uniquesteerable-nafx                                 7.453e-02
PPjs:Buffer.Size8192:Iteration.Count2:Model.Uniquesteerable-nafx                                 7.453e-02
PPjs:Buffer.Size1024:Iteration.Count3:Model.Uniquesteerable-nafx                                 7.453e-02
PPjs:Buffer.Size8192:Iteration.Count3:Model.Uniquesteerable-nafx                                 7.453e-02
PPjs:Buffer.Size1024:Iteration.Count4:Model.Uniquesteerable-nafx                                 7.453e-02
PPjs:Buffer.Size8192:Iteration.Count4:Model.Uniquesteerable-nafx                                 7.453e-02
PPjs:Buffer.Size1024:EnvironmentFirefox:Model.Uniquesteerable-nafx                               8.685e-02
PPjs:Buffer.Size8192:EnvironmentFirefox:Model.Uniquesteerable-nafx                               8.685e-02
PPjs:Buffer.Size1024:EnvironmentSafari:Model.Uniquesteerable-nafx                                8.685e-02
PPjs:Buffer.Size8192:EnvironmentSafari:Model.Uniquesteerable-nafx                                8.685e-02
PPjs:Iteration.Count1:EnvironmentFirefox:Model.Uniquesteerable-nafx                              7.453e-02
PPjs:Iteration.Count2:EnvironmentFirefox:Model.Uniquesteerable-nafx                              7.453e-02
PPjs:Iteration.Count3:EnvironmentFirefox:Model.Uniquesteerable-nafx                              7.453e-02
PPjs:Iteration.Count4:EnvironmentFirefox:Model.Uniquesteerable-nafx                              7.453e-02
PPjs:Iteration.Count1:EnvironmentSafari:Model.Uniquesteerable-nafx                               7.453e-02
PPjs:Iteration.Count2:EnvironmentSafari:Model.Uniquesteerable-nafx                               7.453e-02
PPjs:Iteration.Count3:EnvironmentSafari:Model.Uniquesteerable-nafx                               7.453e-02
PPjs:Iteration.Count4:EnvironmentSafari:Model.Uniquesteerable-nafx                               7.453e-02
Buffer.Size1024:Iteration.Count1:EnvironmentFirefox:Model.Uniquesteerable-nafx                   8.333e-02
Buffer.Size8192:Iteration.Count1:EnvironmentFirefox:Model.Uniquesteerable-nafx                   8.333e-02
Buffer.Size1024:Iteration.Count2:EnvironmentFirefox:Model.Uniquesteerable-nafx                   8.333e-02
Buffer.Size8192:Iteration.Count2:EnvironmentFirefox:Model.Uniquesteerable-nafx                   8.333e-02
Buffer.Size1024:Iteration.Count3:EnvironmentFirefox:Model.Uniquesteerable-nafx                   8.333e-02
Buffer.Size8192:Iteration.Count3:EnvironmentFirefox:Model.Uniquesteerable-nafx                   8.333e-02
Buffer.Size1024:Iteration.Count4:EnvironmentFirefox:Model.Uniquesteerable-nafx                   8.333e-02
Buffer.Size8192:Iteration.Count4:EnvironmentFirefox:Model.Uniquesteerable-nafx                   8.333e-02
Buffer.Size1024:Iteration.Count1:EnvironmentSafari:Model.Uniquesteerable-nafx                    8.333e-02
Buffer.Size8192:Iteration.Count1:EnvironmentSafari:Model.Uniquesteerable-nafx                    8.333e-02
Buffer.Size1024:Iteration.Count2:EnvironmentSafari:Model.Uniquesteerable-nafx                    8.333e-02
Buffer.Size8192:Iteration.Count2:EnvironmentSafari:Model.Uniquesteerable-nafx                    8.333e-02
Buffer.Size1024:Iteration.Count3:EnvironmentSafari:Model.Uniquesteerable-nafx                    8.333e-02
Buffer.Size8192:Iteration.Count3:EnvironmentSafari:Model.Uniquesteerable-nafx                    8.333e-02
Buffer.Size1024:Iteration.Count4:EnvironmentSafari:Model.Uniquesteerable-nafx                    8.333e-02
Buffer.Size8192:Iteration.Count4:EnvironmentSafari:Model.Uniquesteerable-nafx                    8.333e-02
Backendjs-bypass:PPjs:Buffer.Size1024:Iteration.Count1:EnvironmentFirefox                        1.054e-01
Backendjs-onnx:PPjs:Buffer.Size1024:Iteration.Count1:EnvironmentFirefox                          1.054e-01
Backendwasm-onnx:PPjs:Buffer.Size1024:Iteration.Count1:EnvironmentFirefox                        1.054e-01
Backendjs-bypass:PPjs:Buffer.Size8192:Iteration.Count1:EnvironmentFirefox                        1.054e-01
Backendjs-onnx:PPjs:Buffer.Size8192:Iteration.Count1:EnvironmentFirefox                          1.054e-01
Backendwasm-onnx:PPjs:Buffer.Size8192:Iteration.Count1:EnvironmentFirefox                        1.054e-01
Backendjs-bypass:PPjs:Buffer.Size1024:Iteration.Count2:EnvironmentFirefox                        1.054e-01
Backendjs-onnx:PPjs:Buffer.Size1024:Iteration.Count2:EnvironmentFirefox                          1.054e-01
Backendwasm-onnx:PPjs:Buffer.Size1024:Iteration.Count2:EnvironmentFirefox                        1.054e-01
Backendjs-bypass:PPjs:Buffer.Size8192:Iteration.Count2:EnvironmentFirefox                        1.054e-01
Backendjs-onnx:PPjs:Buffer.Size8192:Iteration.Count2:EnvironmentFirefox                          1.054e-01
Backendwasm-onnx:PPjs:Buffer.Size8192:Iteration.Count2:EnvironmentFirefox                        1.054e-01
Backendjs-bypass:PPjs:Buffer.Size1024:Iteration.Count3:EnvironmentFirefox                        1.054e-01
Backendjs-onnx:PPjs:Buffer.Size1024:Iteration.Count3:EnvironmentFirefox                          1.054e-01
Backendwasm-onnx:PPjs:Buffer.Size1024:Iteration.Count3:EnvironmentFirefox                        1.054e-01
Backendjs-bypass:PPjs:Buffer.Size8192:Iteration.Count3:EnvironmentFirefox                        1.054e-01
Backendjs-onnx:PPjs:Buffer.Size8192:Iteration.Count3:EnvironmentFirefox                          1.054e-01
Backendwasm-onnx:PPjs:Buffer.Size8192:Iteration.Count3:EnvironmentFirefox                        1.054e-01
Backendjs-bypass:PPjs:Buffer.Size1024:Iteration.Count4:EnvironmentFirefox                        1.054e-01
Backendjs-onnx:PPjs:Buffer.Size1024:Iteration.Count4:EnvironmentFirefox                          1.054e-01
Backendwasm-onnx:PPjs:Buffer.Size1024:Iteration.Count4:EnvironmentFirefox                        1.054e-01
Backendjs-bypass:PPjs:Buffer.Size8192:Iteration.Count4:EnvironmentFirefox                        1.054e-01
Backendjs-onnx:PPjs:Buffer.Size8192:Iteration.Count4:EnvironmentFirefox                          1.054e-01
Backendwasm-onnx:PPjs:Buffer.Size8192:Iteration.Count4:EnvironmentFirefox                        1.054e-01
Backendjs-bypass:PPjs:Buffer.Size1024:Iteration.Count1:EnvironmentSafari                         1.054e-01
Backendjs-onnx:PPjs:Buffer.Size1024:Iteration.Count1:EnvironmentSafari                           1.054e-01
Backendwasm-onnx:PPjs:Buffer.Size1024:Iteration.Count1:EnvironmentSafari                         1.054e-01
Backendjs-bypass:PPjs:Buffer.Size8192:Iteration.Count1:EnvironmentSafari                         1.054e-01
Backendjs-onnx:PPjs:Buffer.Size8192:Iteration.Count1:EnvironmentSafari                           1.054e-01
Backendwasm-onnx:PPjs:Buffer.Size8192:Iteration.Count1:EnvironmentSafari                         1.054e-01
Backendjs-bypass:PPjs:Buffer.Size1024:Iteration.Count2:EnvironmentSafari                         1.054e-01
Backendjs-onnx:PPjs:Buffer.Size1024:Iteration.Count2:EnvironmentSafari                           1.054e-01
Backendwasm-onnx:PPjs:Buffer.Size1024:Iteration.Count2:EnvironmentSafari                         1.054e-01
Backendjs-bypass:PPjs:Buffer.Size8192:Iteration.Count2:EnvironmentSafari                         1.054e-01
Backendjs-onnx:PPjs:Buffer.Size8192:Iteration.Count2:EnvironmentSafari                           1.054e-01
Backendwasm-onnx:PPjs:Buffer.Size8192:Iteration.Count2:EnvironmentSafari                         1.054e-01
Backendjs-bypass:PPjs:Buffer.Size1024:Iteration.Count3:EnvironmentSafari                         1.054e-01
Backendjs-onnx:PPjs:Buffer.Size1024:Iteration.Count3:EnvironmentSafari                           1.054e-01
Backendwasm-onnx:PPjs:Buffer.Size1024:Iteration.Count3:EnvironmentSafari                         1.054e-01
Backendjs-bypass:PPjs:Buffer.Size8192:Iteration.Count3:EnvironmentSafari                         1.054e-01
Backendjs-onnx:PPjs:Buffer.Size8192:Iteration.Count3:EnvironmentSafari                           1.054e-01
Backendwasm-onnx:PPjs:Buffer.Size8192:Iteration.Count3:EnvironmentSafari                         1.054e-01
Backendjs-bypass:PPjs:Buffer.Size1024:Iteration.Count4:EnvironmentSafari                         1.054e-01
Backendjs-onnx:PPjs:Buffer.Size1024:Iteration.Count4:EnvironmentSafari                           1.054e-01
Backendwasm-onnx:PPjs:Buffer.Size1024:Iteration.Count4:EnvironmentSafari                         1.054e-01
Backendjs-bypass:PPjs:Buffer.Size8192:Iteration.Count4:EnvironmentSafari                         1.054e-01
Backendjs-onnx:PPjs:Buffer.Size8192:Iteration.Count4:EnvironmentSafari                           1.054e-01
Backendwasm-onnx:PPjs:Buffer.Size8192:Iteration.Count4:EnvironmentSafari                         1.054e-01
Backendjs-bypass:PPjs:Buffer.Size1024:Iteration.Count1:Model.Uniquesteerable-nafx                8.606e-02
Backendjs-onnx:PPjs:Buffer.Size1024:Iteration.Count1:Model.Uniquesteerable-nafx                  8.606e-02
Backendwasm-onnx:PPjs:Buffer.Size1024:Iteration.Count1:Model.Uniquesteerable-nafx                8.606e-02
Backendjs-bypass:PPjs:Buffer.Size8192:Iteration.Count1:Model.Uniquesteerable-nafx                8.606e-02
Backendjs-onnx:PPjs:Buffer.Size8192:Iteration.Count1:Model.Uniquesteerable-nafx                  8.606e-02
Backendwasm-onnx:PPjs:Buffer.Size8192:Iteration.Count1:Model.Uniquesteerable-nafx                8.606e-02
Backendjs-bypass:PPjs:Buffer.Size1024:Iteration.Count2:Model.Uniquesteerable-nafx                8.606e-02
Backendjs-onnx:PPjs:Buffer.Size1024:Iteration.Count2:Model.Uniquesteerable-nafx                  8.606e-02
Backendwasm-onnx:PPjs:Buffer.Size1024:Iteration.Count2:Model.Uniquesteerable-nafx                8.606e-02
Backendjs-bypass:PPjs:Buffer.Size8192:Iteration.Count2:Model.Uniquesteerable-nafx                8.606e-02
Backendjs-onnx:PPjs:Buffer.Size8192:Iteration.Count2:Model.Uniquesteerable-nafx                  8.606e-02
Backendwasm-onnx:PPjs:Buffer.Size8192:Iteration.Count2:Model.Uniquesteerable-nafx                8.606e-02
Backendjs-bypass:PPjs:Buffer.Size1024:Iteration.Count3:Model.Uniquesteerable-nafx                8.606e-02
Backendjs-onnx:PPjs:Buffer.Size1024:Iteration.Count3:Model.Uniquesteerable-nafx                  8.606e-02
Backendwasm-onnx:PPjs:Buffer.Size1024:Iteration.Count3:Model.Uniquesteerable-nafx                8.606e-02
Backendjs-bypass:PPjs:Buffer.Size8192:Iteration.Count3:Model.Uniquesteerable-nafx                8.606e-02
Backendjs-onnx:PPjs:Buffer.Size8192:Iteration.Count3:Model.Uniquesteerable-nafx                  8.606e-02
Backendwasm-onnx:PPjs:Buffer.Size8192:Iteration.Count3:Model.Uniquesteerable-nafx                8.606e-02
Backendjs-bypass:PPjs:Buffer.Size1024:Iteration.Count4:Model.Uniquesteerable-nafx                8.606e-02
Backendjs-onnx:PPjs:Buffer.Size1024:Iteration.Count4:Model.Uniquesteerable-nafx                  8.606e-02
Backendwasm-onnx:PPjs:Buffer.Size1024:Iteration.Count4:Model.Uniquesteerable-nafx                8.606e-02
Backendjs-bypass:PPjs:Buffer.Size8192:Iteration.Count4:Model.Uniquesteerable-nafx                8.606e-02
Backendjs-onnx:PPjs:Buffer.Size8192:Iteration.Count4:Model.Uniquesteerable-nafx                  8.606e-02
Backendwasm-onnx:PPjs:Buffer.Size8192:Iteration.Count4:Model.Uniquesteerable-nafx                8.606e-02
Backendjs-bypass:PPjs:Buffer.Size1024:EnvironmentFirefox:Model.Uniquesteerable-nafx              1.228e-01
Backendjs-onnx:PPjs:Buffer.Size1024:EnvironmentFirefox:Model.Uniquesteerable-nafx                1.228e-01
Backendwasm-onnx:PPjs:Buffer.Size1024:EnvironmentFirefox:Model.Uniquesteerable-nafx              1.228e-01
Backendjs-bypass:PPjs:Buffer.Size8192:EnvironmentFirefox:Model.Uniquesteerable-nafx              1.228e-01
Backendjs-onnx:PPjs:Buffer.Size8192:EnvironmentFirefox:Model.Uniquesteerable-nafx                1.228e-01
Backendwasm-onnx:PPjs:Buffer.Size8192:EnvironmentFirefox:Model.Uniquesteerable-nafx              1.228e-01
Backendjs-bypass:PPjs:Buffer.Size1024:EnvironmentSafari:Model.Uniquesteerable-nafx               1.228e-01
Backendjs-onnx:PPjs:Buffer.Size1024:EnvironmentSafari:Model.Uniquesteerable-nafx                 1.228e-01
Backendwasm-onnx:PPjs:Buffer.Size1024:EnvironmentSafari:Model.Uniquesteerable-nafx               1.228e-01
Backendjs-bypass:PPjs:Buffer.Size8192:EnvironmentSafari:Model.Uniquesteerable-nafx               1.228e-01
Backendjs-onnx:PPjs:Buffer.Size8192:EnvironmentSafari:Model.Uniquesteerable-nafx                 1.228e-01
Backendwasm-onnx:PPjs:Buffer.Size8192:EnvironmentSafari:Model.Uniquesteerable-nafx               1.228e-01
Backendjs-bypass:PPjs:Iteration.Count1:EnvironmentFirefox:Model.Uniquesteerable-nafx             8.606e-02
Backendjs-onnx:PPjs:Iteration.Count1:EnvironmentFirefox:Model.Uniquesteerable-nafx               8.606e-02
Backendwasm-onnx:PPjs:Iteration.Count1:EnvironmentFirefox:Model.Uniquesteerable-nafx             8.606e-02
Backendjs-bypass:PPjs:Iteration.Count2:EnvironmentFirefox:Model.Uniquesteerable-nafx             8.606e-02
Backendjs-onnx:PPjs:Iteration.Count2:EnvironmentFirefox:Model.Uniquesteerable-nafx               8.606e-02
Backendwasm-onnx:PPjs:Iteration.Count2:EnvironmentFirefox:Model.Uniquesteerable-nafx             8.606e-02
Backendjs-bypass:PPjs:Iteration.Count3:EnvironmentFirefox:Model.Uniquesteerable-nafx             8.606e-02
Backendjs-onnx:PPjs:Iteration.Count3:EnvironmentFirefox:Model.Uniquesteerable-nafx               8.606e-02
Backendwasm-onnx:PPjs:Iteration.Count3:EnvironmentFirefox:Model.Uniquesteerable-nafx             8.606e-02
Backendjs-bypass:PPjs:Iteration.Count4:EnvironmentFirefox:Model.Uniquesteerable-nafx             8.606e-02
Backendjs-onnx:PPjs:Iteration.Count4:EnvironmentFirefox:Model.Uniquesteerable-nafx               8.606e-02
Backendwasm-onnx:PPjs:Iteration.Count4:EnvironmentFirefox:Model.Uniquesteerable-nafx             8.606e-02
Backendjs-bypass:PPjs:Iteration.Count1:EnvironmentSafari:Model.Uniquesteerable-nafx              8.606e-02
Backendjs-onnx:PPjs:Iteration.Count1:EnvironmentSafari:Model.Uniquesteerable-nafx                8.606e-02
Backendwasm-onnx:PPjs:Iteration.Count1:EnvironmentSafari:Model.Uniquesteerable-nafx              8.606e-02
Backendjs-bypass:PPjs:Iteration.Count2:EnvironmentSafari:Model.Uniquesteerable-nafx              8.606e-02
Backendjs-onnx:PPjs:Iteration.Count2:EnvironmentSafari:Model.Uniquesteerable-nafx                8.606e-02
Backendwasm-onnx:PPjs:Iteration.Count2:EnvironmentSafari:Model.Uniquesteerable-nafx              8.606e-02
Backendjs-bypass:PPjs:Iteration.Count3:EnvironmentSafari:Model.Uniquesteerable-nafx              8.606e-02
Backendjs-onnx:PPjs:Iteration.Count3:EnvironmentSafari:Model.Uniquesteerable-nafx                8.606e-02
Backendwasm-onnx:PPjs:Iteration.Count3:EnvironmentSafari:Model.Uniquesteerable-nafx              8.606e-02
Backendjs-bypass:PPjs:Iteration.Count4:EnvironmentSafari:Model.Uniquesteerable-nafx              8.606e-02
Backendjs-onnx:PPjs:Iteration.Count4:EnvironmentSafari:Model.Uniquesteerable-nafx                8.606e-02
Backendwasm-onnx:PPjs:Iteration.Count4:EnvironmentSafari:Model.Uniquesteerable-nafx              8.606e-02
Backendjs-bypass:Buffer.Size1024:Iteration.Count1:EnvironmentFirefox:Model.Uniquesteerable-nafx  1.054e-01
Backendjs-onnx:Buffer.Size1024:Iteration.Count1:EnvironmentFirefox:Model.Uniquesteerable-nafx    1.054e-01
Backendwasm-onnx:Buffer.Size1024:Iteration.Count1:EnvironmentFirefox:Model.Uniquesteerable-nafx  1.054e-01
Backendjs-bypass:Buffer.Size8192:Iteration.Count1:EnvironmentFirefox:Model.Uniquesteerable-nafx  1.054e-01
Backendjs-onnx:Buffer.Size8192:Iteration.Count1:EnvironmentFirefox:Model.Uniquesteerable-nafx    1.054e-01
Backendwasm-onnx:Buffer.Size8192:Iteration.Count1:EnvironmentFirefox:Model.Uniquesteerable-nafx  1.054e-01
Backendjs-bypass:Buffer.Size1024:Iteration.Count2:EnvironmentFirefox:Model.Uniquesteerable-nafx  1.054e-01
Backendjs-onnx:Buffer.Size1024:Iteration.Count2:EnvironmentFirefox:Model.Uniquesteerable-nafx    1.054e-01
Backendwasm-onnx:Buffer.Size1024:Iteration.Count2:EnvironmentFirefox:Model.Uniquesteerable-nafx  1.054e-01
Backendjs-bypass:Buffer.Size8192:Iteration.Count2:EnvironmentFirefox:Model.Uniquesteerable-nafx  1.054e-01
Backendjs-onnx:Buffer.Size8192:Iteration.Count2:EnvironmentFirefox:Model.Uniquesteerable-nafx    1.054e-01
Backendwasm-onnx:Buffer.Size8192:Iteration.Count2:EnvironmentFirefox:Model.Uniquesteerable-nafx  1.054e-01
Backendjs-bypass:Buffer.Size1024:Iteration.Count3:EnvironmentFirefox:Model.Uniquesteerable-nafx  1.054e-01
Backendjs-onnx:Buffer.Size1024:Iteration.Count3:EnvironmentFirefox:Model.Uniquesteerable-nafx    1.054e-01
Backendwasm-onnx:Buffer.Size1024:Iteration.Count3:EnvironmentFirefox:Model.Uniquesteerable-nafx  1.054e-01
Backendjs-bypass:Buffer.Size8192:Iteration.Count3:EnvironmentFirefox:Model.Uniquesteerable-nafx  1.054e-01
Backendjs-onnx:Buffer.Size8192:Iteration.Count3:EnvironmentFirefox:Model.Uniquesteerable-nafx    1.054e-01
Backendwasm-onnx:Buffer.Size8192:Iteration.Count3:EnvironmentFirefox:Model.Uniquesteerable-nafx  1.054e-01
Backendjs-bypass:Buffer.Size1024:Iteration.Count4:EnvironmentFirefox:Model.Uniquesteerable-nafx  1.054e-01
Backendjs-onnx:Buffer.Size1024:Iteration.Count4:EnvironmentFirefox:Model.Uniquesteerable-nafx    1.054e-01
Backendwasm-onnx:Buffer.Size1024:Iteration.Count4:EnvironmentFirefox:Model.Uniquesteerable-nafx  1.054e-01
Backendjs-bypass:Buffer.Size8192:Iteration.Count4:EnvironmentFirefox:Model.Uniquesteerable-nafx  1.054e-01
Backendjs-onnx:Buffer.Size8192:Iteration.Count4:EnvironmentFirefox:Model.Uniquesteerable-nafx    1.054e-01
Backendwasm-onnx:Buffer.Size8192:Iteration.Count4:EnvironmentFirefox:Model.Uniquesteerable-nafx  1.054e-01
Backendjs-bypass:Buffer.Size1024:Iteration.Count1:EnvironmentSafari:Model.Uniquesteerable-nafx   1.054e-01
Backendjs-onnx:Buffer.Size1024:Iteration.Count1:EnvironmentSafari:Model.Uniquesteerable-nafx     1.054e-01
Backendwasm-onnx:Buffer.Size1024:Iteration.Count1:EnvironmentSafari:Model.Uniquesteerable-nafx   1.054e-01
Backendjs-bypass:Buffer.Size8192:Iteration.Count1:EnvironmentSafari:Model.Uniquesteerable-nafx   1.054e-01
Backendjs-onnx:Buffer.Size8192:Iteration.Count1:EnvironmentSafari:Model.Uniquesteerable-nafx     1.054e-01
Backendwasm-onnx:Buffer.Size8192:Iteration.Count1:EnvironmentSafari:Model.Uniquesteerable-nafx   1.054e-01
Backendjs-bypass:Buffer.Size1024:Iteration.Count2:EnvironmentSafari:Model.Uniquesteerable-nafx   1.054e-01
Backendjs-onnx:Buffer.Size1024:Iteration.Count2:EnvironmentSafari:Model.Uniquesteerable-nafx     1.054e-01
Backendwasm-onnx:Buffer.Size1024:Iteration.Count2:EnvironmentSafari:Model.Uniquesteerable-nafx   1.054e-01
Backendjs-bypass:Buffer.Size8192:Iteration.Count2:EnvironmentSafari:Model.Uniquesteerable-nafx   1.054e-01
Backendjs-onnx:Buffer.Size8192:Iteration.Count2:EnvironmentSafari:Model.Uniquesteerable-nafx     1.054e-01
Backendwasm-onnx:Buffer.Size8192:Iteration.Count2:EnvironmentSafari:Model.Uniquesteerable-nafx   1.054e-01
Backendjs-bypass:Buffer.Size1024:Iteration.Count3:EnvironmentSafari:Model.Uniquesteerable-nafx   1.054e-01
Backendjs-onnx:Buffer.Size1024:Iteration.Count3:EnvironmentSafari:Model.Uniquesteerable-nafx     1.054e-01
Backendwasm-onnx:Buffer.Size1024:Iteration.Count3:EnvironmentSafari:Model.Uniquesteerable-nafx   1.054e-01
Backendjs-bypass:Buffer.Size8192:Iteration.Count3:EnvironmentSafari:Model.Uniquesteerable-nafx   1.054e-01
Backendjs-onnx:Buffer.Size8192:Iteration.Count3:EnvironmentSafari:Model.Uniquesteerable-nafx     1.054e-01
Backendwasm-onnx:Buffer.Size8192:Iteration.Count3:EnvironmentSafari:Model.Uniquesteerable-nafx   1.054e-01
Backendjs-bypass:Buffer.Size1024:Iteration.Count4:EnvironmentSafari:Model.Uniquesteerable-nafx   1.054e-01
Backendjs-onnx:Buffer.Size1024:Iteration.Count4:EnvironmentSafari:Model.Uniquesteerable-nafx     1.054e-01
Backendwasm-onnx:Buffer.Size1024:Iteration.Count4:EnvironmentSafari:Model.Uniquesteerable-nafx   1.054e-01
Backendjs-bypass:Buffer.Size8192:Iteration.Count4:EnvironmentSafari:Model.Uniquesteerable-nafx   1.054e-01
Backendjs-onnx:Buffer.Size8192:Iteration.Count4:EnvironmentSafari:Model.Uniquesteerable-nafx     1.054e-01
Backendwasm-onnx:Buffer.Size8192:Iteration.Count4:EnvironmentSafari:Model.Uniquesteerable-nafx   1.054e-01
PPjs:Buffer.Size1024:Iteration.Count1:EnvironmentFirefox:Model.Uniquesteerable-nafx              7.453e-02
PPjs:Buffer.Size8192:Iteration.Count1:EnvironmentFirefox:Model.Uniquesteerable-nafx              7.453e-02
PPjs:Buffer.Size1024:Iteration.Count2:EnvironmentFirefox:Model.Uniquesteerable-nafx              7.453e-02
PPjs:Buffer.Size8192:Iteration.Count2:EnvironmentFirefox:Model.Uniquesteerable-nafx              7.453e-02
PPjs:Buffer.Size1024:Iteration.Count3:EnvironmentFirefox:Model.Uniquesteerable-nafx              7.453e-02
PPjs:Buffer.Size8192:Iteration.Count3:EnvironmentFirefox:Model.Uniquesteerable-nafx              7.453e-02
PPjs:Buffer.Size1024:Iteration.Count4:EnvironmentFirefox:Model.Uniquesteerable-nafx              7.453e-02
PPjs:Buffer.Size8192:Iteration.Count4:EnvironmentFirefox:Model.Uniquesteerable-nafx              7.453e-02
PPjs:Buffer.Size1024:Iteration.Count1:EnvironmentSafari:Model.Uniquesteerable-nafx               7.453e-02
PPjs:Buffer.Size8192:Iteration.Count1:EnvironmentSafari:Model.Uniquesteerable-nafx               7.453e-02
PPjs:Buffer.Size1024:Iteration.Count2:EnvironmentSafari:Model.Uniquesteerable-nafx               7.453e-02
PPjs:Buffer.Size8192:Iteration.Count2:EnvironmentSafari:Model.Uniquesteerable-nafx               7.453e-02
PPjs:Buffer.Size1024:Iteration.Count3:EnvironmentSafari:Model.Uniquesteerable-nafx               7.453e-02
PPjs:Buffer.Size8192:Iteration.Count3:EnvironmentSafari:Model.Uniquesteerable-nafx               7.453e-02
PPjs:Buffer.Size1024:Iteration.Count4:EnvironmentSafari:Model.Uniquesteerable-nafx               7.453e-02
PPjs:Buffer.Size8192:Iteration.Count4:EnvironmentSafari:Model.Uniquesteerable-nafx               7.453e-02
                                                                                                        df
(Intercept)                                                                                      1.296e+03
Backendjs-bypass                                                                                 1.296e+03
Backendjs-onnx                                                                                   1.296e+03
Backendwasm-onnx                                                                                 1.296e+03
PPjs                                                                                             1.296e+03
Buffer.Size1024                                                                                  1.296e+03
Buffer.Size8192                                                                                  1.296e+03
Iteration.Count1                                                                                 5.232e+03
Iteration.Count2                                                                                 5.232e+03
Iteration.Count3                                                                                 5.232e+03
Iteration.Count4                                                                                 5.232e+03
EnvironmentFirefox                                                                               1.296e+03
EnvironmentSafari                                                                                1.296e+03
Model.Uniquesteerable-nafx                                                                       1.296e+03
Backendjs-bypass:PPjs                                                                            1.296e+03
Backendjs-onnx:PPjs                                                                              1.296e+03
Backendwasm-onnx:PPjs                                                                            1.296e+03
Backendjs-bypass:Buffer.Size1024                                                                 1.296e+03
Backendjs-onnx:Buffer.Size1024                                                                   1.296e+03
Backendwasm-onnx:Buffer.Size1024                                                                 1.296e+03
Backendjs-bypass:Buffer.Size8192                                                                 1.296e+03
Backendjs-onnx:Buffer.Size8192                                                                   1.296e+03
Backendwasm-onnx:Buffer.Size8192                                                                 1.296e+03
Backendjs-bypass:Iteration.Count1                                                                5.232e+03
Backendjs-onnx:Iteration.Count1                                                                  5.232e+03
Backendwasm-onnx:Iteration.Count1                                                                5.232e+03
Backendjs-bypass:Iteration.Count2                                                                5.232e+03
Backendjs-onnx:Iteration.Count2                                                                  5.232e+03
Backendwasm-onnx:Iteration.Count2                                                                5.232e+03
Backendjs-bypass:Iteration.Count3                                                                5.232e+03
Backendjs-onnx:Iteration.Count3                                                                  5.232e+03
Backendwasm-onnx:Iteration.Count3                                                                5.232e+03
Backendjs-bypass:Iteration.Count4                                                                5.232e+03
Backendjs-onnx:Iteration.Count4                                                                  5.232e+03
Backendwasm-onnx:Iteration.Count4                                                                5.232e+03
Backendjs-bypass:EnvironmentFirefox                                                              1.296e+03
Backendjs-onnx:EnvironmentFirefox                                                                1.296e+03
Backendwasm-onnx:EnvironmentFirefox                                                              1.296e+03
Backendjs-bypass:EnvironmentSafari                                                               1.296e+03
Backendjs-onnx:EnvironmentSafari                                                                 1.296e+03
Backendwasm-onnx:EnvironmentSafari                                                               1.296e+03
Backendjs-bypass:Model.Uniquesteerable-nafx                                                      1.296e+03
Backendjs-onnx:Model.Uniquesteerable-nafx                                                        1.296e+03
Backendwasm-onnx:Model.Uniquesteerable-nafx                                                      1.296e+03
PPjs:Buffer.Size1024                                                                             1.296e+03
PPjs:Buffer.Size8192                                                                             1.296e+03
PPjs:Iteration.Count1                                                                            5.232e+03
PPjs:Iteration.Count2                                                                            5.232e+03
PPjs:Iteration.Count3                                                                            5.232e+03
PPjs:Iteration.Count4                                                                            5.232e+03
PPjs:EnvironmentFirefox                                                                          1.296e+03
PPjs:EnvironmentSafari                                                                           1.296e+03
PPjs:Model.Uniquesteerable-nafx                                                                  1.296e+03
Buffer.Size1024:Iteration.Count1                                                                 5.232e+03
Buffer.Size8192:Iteration.Count1                                                                 5.232e+03
Buffer.Size1024:Iteration.Count2                                                                 5.232e+03
Buffer.Size8192:Iteration.Count2                                                                 5.232e+03
Buffer.Size1024:Iteration.Count3                                                                 5.232e+03
Buffer.Size8192:Iteration.Count3                                                                 5.232e+03
Buffer.Size1024:Iteration.Count4                                                                 5.232e+03
Buffer.Size8192:Iteration.Count4                                                                 5.232e+03
Buffer.Size1024:EnvironmentFirefox                                                               1.296e+03
Buffer.Size8192:EnvironmentFirefox                                                               1.296e+03
Buffer.Size1024:EnvironmentSafari                                                                1.296e+03
Buffer.Size8192:EnvironmentSafari                                                                1.296e+03
Buffer.Size1024:Model.Uniquesteerable-nafx                                                       1.296e+03
Buffer.Size8192:Model.Uniquesteerable-nafx                                                       1.296e+03
Iteration.Count1:EnvironmentFirefox                                                              5.232e+03
Iteration.Count2:EnvironmentFirefox                                                              5.232e+03
Iteration.Count3:EnvironmentFirefox                                                              5.232e+03
Iteration.Count4:EnvironmentFirefox                                                              5.232e+03
Iteration.Count1:EnvironmentSafari                                                               5.232e+03
Iteration.Count2:EnvironmentSafari                                                               5.232e+03
Iteration.Count3:EnvironmentSafari                                                               5.232e+03
Iteration.Count4:EnvironmentSafari                                                               5.232e+03
Iteration.Count1:Model.Uniquesteerable-nafx                                                      5.232e+03
Iteration.Count2:Model.Uniquesteerable-nafx                                                      5.232e+03
Iteration.Count3:Model.Uniquesteerable-nafx                                                      5.232e+03
Iteration.Count4:Model.Uniquesteerable-nafx                                                      5.232e+03
EnvironmentFirefox:Model.Uniquesteerable-nafx                                                    1.296e+03
EnvironmentSafari:Model.Uniquesteerable-nafx                                                     1.296e+03
Backendjs-bypass:PPjs:Buffer.Size1024                                                            1.296e+03
Backendjs-onnx:PPjs:Buffer.Size1024                                                              1.296e+03
Backendwasm-onnx:PPjs:Buffer.Size1024                                                            1.296e+03
Backendjs-bypass:PPjs:Buffer.Size8192                                                            1.296e+03
Backendjs-onnx:PPjs:Buffer.Size8192                                                              1.296e+03
Backendwasm-onnx:PPjs:Buffer.Size8192                                                            1.296e+03
Backendjs-bypass:PPjs:Iteration.Count1                                                           5.232e+03
Backendjs-onnx:PPjs:Iteration.Count1                                                             5.232e+03
Backendwasm-onnx:PPjs:Iteration.Count1                                                           5.232e+03
Backendjs-bypass:PPjs:Iteration.Count2                                                           5.232e+03
Backendjs-onnx:PPjs:Iteration.Count2                                                             5.232e+03
Backendwasm-onnx:PPjs:Iteration.Count2                                                           5.232e+03
Backendjs-bypass:PPjs:Iteration.Count3                                                           5.232e+03
Backendjs-onnx:PPjs:Iteration.Count3                                                             5.232e+03
Backendwasm-onnx:PPjs:Iteration.Count3                                                           5.232e+03
Backendjs-bypass:PPjs:Iteration.Count4                                                           5.232e+03
Backendjs-onnx:PPjs:Iteration.Count4                                                             5.232e+03
Backendwasm-onnx:PPjs:Iteration.Count4                                                           5.232e+03
Backendjs-bypass:PPjs:EnvironmentFirefox                                                         1.296e+03
Backendjs-onnx:PPjs:EnvironmentFirefox                                                           1.296e+03
Backendwasm-onnx:PPjs:EnvironmentFirefox                                                         1.296e+03
Backendjs-bypass:PPjs:EnvironmentSafari                                                          1.296e+03
Backendjs-onnx:PPjs:EnvironmentSafari                                                            1.296e+03
Backendwasm-onnx:PPjs:EnvironmentSafari                                                          1.296e+03
Backendjs-bypass:PPjs:Model.Uniquesteerable-nafx                                                 1.296e+03
Backendjs-onnx:PPjs:Model.Uniquesteerable-nafx                                                   1.296e+03
Backendwasm-onnx:PPjs:Model.Uniquesteerable-nafx                                                 1.296e+03
Backendjs-bypass:Buffer.Size1024:Iteration.Count1                                                5.232e+03
Backendjs-onnx:Buffer.Size1024:Iteration.Count1                                                  5.232e+03
Backendwasm-onnx:Buffer.Size1024:Iteration.Count1                                                5.232e+03
Backendjs-bypass:Buffer.Size8192:Iteration.Count1                                                5.232e+03
Backendjs-onnx:Buffer.Size8192:Iteration.Count1                                                  5.232e+03
Backendwasm-onnx:Buffer.Size8192:Iteration.Count1                                                5.232e+03
Backendjs-bypass:Buffer.Size1024:Iteration.Count2                                                5.232e+03
Backendjs-onnx:Buffer.Size1024:Iteration.Count2                                                  5.232e+03
Backendwasm-onnx:Buffer.Size1024:Iteration.Count2                                                5.232e+03
Backendjs-bypass:Buffer.Size8192:Iteration.Count2                                                5.232e+03
Backendjs-onnx:Buffer.Size8192:Iteration.Count2                                                  5.232e+03
Backendwasm-onnx:Buffer.Size8192:Iteration.Count2                                                5.232e+03
Backendjs-bypass:Buffer.Size1024:Iteration.Count3                                                5.232e+03
Backendjs-onnx:Buffer.Size1024:Iteration.Count3                                                  5.232e+03
Backendwasm-onnx:Buffer.Size1024:Iteration.Count3                                                5.232e+03
Backendjs-bypass:Buffer.Size8192:Iteration.Count3                                                5.232e+03
Backendjs-onnx:Buffer.Size8192:Iteration.Count3                                                  5.232e+03
Backendwasm-onnx:Buffer.Size8192:Iteration.Count3                                                5.232e+03
Backendjs-bypass:Buffer.Size1024:Iteration.Count4                                                5.232e+03
Backendjs-onnx:Buffer.Size1024:Iteration.Count4                                                  5.232e+03
Backendwasm-onnx:Buffer.Size1024:Iteration.Count4                                                5.232e+03
Backendjs-bypass:Buffer.Size8192:Iteration.Count4                                                5.232e+03
Backendjs-onnx:Buffer.Size8192:Iteration.Count4                                                  5.232e+03
Backendwasm-onnx:Buffer.Size8192:Iteration.Count4                                                5.232e+03
Backendjs-bypass:Buffer.Size1024:EnvironmentFirefox                                              1.296e+03
Backendjs-onnx:Buffer.Size1024:EnvironmentFirefox                                                1.296e+03
Backendwasm-onnx:Buffer.Size1024:EnvironmentFirefox                                              1.296e+03
Backendjs-bypass:Buffer.Size8192:EnvironmentFirefox                                              1.296e+03
Backendjs-onnx:Buffer.Size8192:EnvironmentFirefox                                                1.296e+03
Backendwasm-onnx:Buffer.Size8192:EnvironmentFirefox                                              1.296e+03
Backendjs-bypass:Buffer.Size1024:EnvironmentSafari                                               1.296e+03
Backendjs-onnx:Buffer.Size1024:EnvironmentSafari                                                 1.296e+03
Backendwasm-onnx:Buffer.Size1024:EnvironmentSafari                                               1.296e+03
Backendjs-bypass:Buffer.Size8192:EnvironmentSafari                                               1.296e+03
Backendjs-onnx:Buffer.Size8192:EnvironmentSafari                                                 1.296e+03
Backendwasm-onnx:Buffer.Size8192:EnvironmentSafari                                               1.296e+03
Backendjs-bypass:Buffer.Size1024:Model.Uniquesteerable-nafx                                      1.296e+03
Backendjs-onnx:Buffer.Size1024:Model.Uniquesteerable-nafx                                        1.296e+03
Backendwasm-onnx:Buffer.Size1024:Model.Uniquesteerable-nafx                                      1.296e+03
Backendjs-bypass:Buffer.Size8192:Model.Uniquesteerable-nafx                                      1.296e+03
Backendjs-onnx:Buffer.Size8192:Model.Uniquesteerable-nafx                                        1.296e+03
Backendwasm-onnx:Buffer.Size8192:Model.Uniquesteerable-nafx                                      1.296e+03
Backendjs-bypass:Iteration.Count1:EnvironmentFirefox                                             5.232e+03
Backendjs-onnx:Iteration.Count1:EnvironmentFirefox                                               5.232e+03
Backendwasm-onnx:Iteration.Count1:EnvironmentFirefox                                             5.232e+03
Backendjs-bypass:Iteration.Count2:EnvironmentFirefox                                             5.232e+03
Backendjs-onnx:Iteration.Count2:EnvironmentFirefox                                               5.232e+03
Backendwasm-onnx:Iteration.Count2:EnvironmentFirefox                                             5.232e+03
Backendjs-bypass:Iteration.Count3:EnvironmentFirefox                                             5.232e+03
Backendjs-onnx:Iteration.Count3:EnvironmentFirefox                                               5.232e+03
Backendwasm-onnx:Iteration.Count3:EnvironmentFirefox                                             5.232e+03
Backendjs-bypass:Iteration.Count4:EnvironmentFirefox                                             5.232e+03
Backendjs-onnx:Iteration.Count4:EnvironmentFirefox                                               5.232e+03
Backendwasm-onnx:Iteration.Count4:EnvironmentFirefox                                             5.232e+03
Backendjs-bypass:Iteration.Count1:EnvironmentSafari                                              5.232e+03
Backendjs-onnx:Iteration.Count1:EnvironmentSafari                                                5.232e+03
Backendwasm-onnx:Iteration.Count1:EnvironmentSafari                                              5.232e+03
Backendjs-bypass:Iteration.Count2:EnvironmentSafari                                              5.232e+03
Backendjs-onnx:Iteration.Count2:EnvironmentSafari                                                5.232e+03
Backendwasm-onnx:Iteration.Count2:EnvironmentSafari                                              5.232e+03
Backendjs-bypass:Iteration.Count3:EnvironmentSafari                                              5.232e+03
Backendjs-onnx:Iteration.Count3:EnvironmentSafari                                                5.232e+03
Backendwasm-onnx:Iteration.Count3:EnvironmentSafari                                              5.232e+03
Backendjs-bypass:Iteration.Count4:EnvironmentSafari                                              5.232e+03
Backendjs-onnx:Iteration.Count4:EnvironmentSafari                                                5.232e+03
Backendwasm-onnx:Iteration.Count4:EnvironmentSafari                                              5.232e+03
Backendjs-bypass:Iteration.Count1:Model.Uniquesteerable-nafx                                     5.232e+03
Backendjs-onnx:Iteration.Count1:Model.Uniquesteerable-nafx                                       5.232e+03
Backendwasm-onnx:Iteration.Count1:Model.Uniquesteerable-nafx                                     5.232e+03
Backendjs-bypass:Iteration.Count2:Model.Uniquesteerable-nafx                                     5.232e+03
Backendjs-onnx:Iteration.Count2:Model.Uniquesteerable-nafx                                       5.232e+03
Backendwasm-onnx:Iteration.Count2:Model.Uniquesteerable-nafx                                     5.232e+03
Backendjs-bypass:Iteration.Count3:Model.Uniquesteerable-nafx                                     5.232e+03
Backendjs-onnx:Iteration.Count3:Model.Uniquesteerable-nafx                                       5.232e+03
Backendwasm-onnx:Iteration.Count3:Model.Uniquesteerable-nafx                                     5.232e+03
Backendjs-bypass:Iteration.Count4:Model.Uniquesteerable-nafx                                     5.232e+03
Backendjs-onnx:Iteration.Count4:Model.Uniquesteerable-nafx                                       5.232e+03
Backendwasm-onnx:Iteration.Count4:Model.Uniquesteerable-nafx                                     5.232e+03
Backendjs-bypass:EnvironmentFirefox:Model.Uniquesteerable-nafx                                   1.296e+03
Backendjs-onnx:EnvironmentFirefox:Model.Uniquesteerable-nafx                                     1.296e+03
Backendwasm-onnx:EnvironmentFirefox:Model.Uniquesteerable-nafx                                   1.296e+03
Backendjs-bypass:EnvironmentSafari:Model.Uniquesteerable-nafx                                    1.296e+03
Backendjs-onnx:EnvironmentSafari:Model.Uniquesteerable-nafx                                      1.296e+03
Backendwasm-onnx:EnvironmentSafari:Model.Uniquesteerable-nafx                                    1.296e+03
PPjs:Buffer.Size1024:Iteration.Count1                                                            5.232e+03
PPjs:Buffer.Size8192:Iteration.Count1                                                            5.232e+03
PPjs:Buffer.Size1024:Iteration.Count2                                                            5.232e+03
PPjs:Buffer.Size8192:Iteration.Count2                                                            5.232e+03
PPjs:Buffer.Size1024:Iteration.Count3                                                            5.232e+03
PPjs:Buffer.Size8192:Iteration.Count3                                                            5.232e+03
PPjs:Buffer.Size1024:Iteration.Count4                                                            5.232e+03
PPjs:Buffer.Size8192:Iteration.Count4                                                            5.232e+03
PPjs:Buffer.Size1024:EnvironmentFirefox                                                          1.296e+03
PPjs:Buffer.Size8192:EnvironmentFirefox                                                          1.296e+03
PPjs:Buffer.Size1024:EnvironmentSafari                                                           1.296e+03
PPjs:Buffer.Size8192:EnvironmentSafari                                                           1.296e+03
PPjs:Buffer.Size1024:Model.Uniquesteerable-nafx                                                  1.296e+03
PPjs:Buffer.Size8192:Model.Uniquesteerable-nafx                                                  1.296e+03
PPjs:Iteration.Count1:EnvironmentFirefox                                                         5.232e+03
PPjs:Iteration.Count2:EnvironmentFirefox                                                         5.232e+03
PPjs:Iteration.Count3:EnvironmentFirefox                                                         5.232e+03
PPjs:Iteration.Count4:EnvironmentFirefox                                                         5.232e+03
PPjs:Iteration.Count1:EnvironmentSafari                                                          5.232e+03
PPjs:Iteration.Count2:EnvironmentSafari                                                          5.232e+03
PPjs:Iteration.Count3:EnvironmentSafari                                                          5.232e+03
PPjs:Iteration.Count4:EnvironmentSafari                                                          5.232e+03
PPjs:Iteration.Count1:Model.Uniquesteerable-nafx                                                 5.232e+03
PPjs:Iteration.Count2:Model.Uniquesteerable-nafx                                                 5.232e+03
PPjs:Iteration.Count3:Model.Uniquesteerable-nafx                                                 5.232e+03
PPjs:Iteration.Count4:Model.Uniquesteerable-nafx                                                 5.232e+03
PPjs:EnvironmentFirefox:Model.Uniquesteerable-nafx                                               1.296e+03
PPjs:EnvironmentSafari:Model.Uniquesteerable-nafx                                                1.296e+03
Buffer.Size1024:Iteration.Count1:EnvironmentFirefox                                              5.232e+03
Buffer.Size8192:Iteration.Count1:EnvironmentFirefox                                              5.232e+03
Buffer.Size1024:Iteration.Count2:EnvironmentFirefox                                              5.232e+03
Buffer.Size8192:Iteration.Count2:EnvironmentFirefox                                              5.232e+03
Buffer.Size1024:Iteration.Count3:EnvironmentFirefox                                              5.232e+03
Buffer.Size8192:Iteration.Count3:EnvironmentFirefox                                              5.232e+03
Buffer.Size1024:Iteration.Count4:EnvironmentFirefox                                              5.232e+03
Buffer.Size8192:Iteration.Count4:EnvironmentFirefox                                              5.232e+03
Buffer.Size1024:Iteration.Count1:EnvironmentSafari                                               5.232e+03
Buffer.Size8192:Iteration.Count1:EnvironmentSafari                                               5.232e+03
Buffer.Size1024:Iteration.Count2:EnvironmentSafari                                               5.232e+03
Buffer.Size8192:Iteration.Count2:EnvironmentSafari                                               5.232e+03
Buffer.Size1024:Iteration.Count3:EnvironmentSafari                                               5.232e+03
Buffer.Size8192:Iteration.Count3:EnvironmentSafari                                               5.232e+03
Buffer.Size1024:Iteration.Count4:EnvironmentSafari                                               5.232e+03
Buffer.Size8192:Iteration.Count4:EnvironmentSafari                                               5.232e+03
Buffer.Size1024:Iteration.Count1:Model.Uniquesteerable-nafx                                      5.232e+03
Buffer.Size8192:Iteration.Count1:Model.Uniquesteerable-nafx                                      5.232e+03
Buffer.Size1024:Iteration.Count2:Model.Uniquesteerable-nafx                                      5.232e+03
Buffer.Size8192:Iteration.Count2:Model.Uniquesteerable-nafx                                      5.232e+03
Buffer.Size1024:Iteration.Count3:Model.Uniquesteerable-nafx                                      5.232e+03
Buffer.Size8192:Iteration.Count3:Model.Uniquesteerable-nafx                                      5.232e+03
Buffer.Size1024:Iteration.Count4:Model.Uniquesteerable-nafx                                      5.232e+03
Buffer.Size8192:Iteration.Count4:Model.Uniquesteerable-nafx                                      5.232e+03
Buffer.Size1024:EnvironmentFirefox:Model.Uniquesteerable-nafx                                    1.296e+03
Buffer.Size8192:EnvironmentFirefox:Model.Uniquesteerable-nafx                                    1.296e+03
Buffer.Size1024:EnvironmentSafari:Model.Uniquesteerable-nafx                                     1.296e+03
Buffer.Size8192:EnvironmentSafari:Model.Uniquesteerable-nafx                                     1.296e+03
Iteration.Count1:EnvironmentFirefox:Model.Uniquesteerable-nafx                                   5.232e+03
Iteration.Count2:EnvironmentFirefox:Model.Uniquesteerable-nafx                                   5.232e+03
Iteration.Count3:EnvironmentFirefox:Model.Uniquesteerable-nafx                                   5.232e+03
Iteration.Count4:EnvironmentFirefox:Model.Uniquesteerable-nafx                                   5.232e+03
Iteration.Count1:EnvironmentSafari:Model.Uniquesteerable-nafx                                    5.232e+03
Iteration.Count2:EnvironmentSafari:Model.Uniquesteerable-nafx                                    5.232e+03
Iteration.Count3:EnvironmentSafari:Model.Uniquesteerable-nafx                                    5.232e+03
Iteration.Count4:EnvironmentSafari:Model.Uniquesteerable-nafx                                    5.232e+03
Backendjs-bypass:PPjs:Buffer.Size1024:Iteration.Count1                                           5.232e+03
Backendjs-onnx:PPjs:Buffer.Size1024:Iteration.Count1                                             5.232e+03
Backendwasm-onnx:PPjs:Buffer.Size1024:Iteration.Count1                                           5.232e+03
Backendjs-bypass:PPjs:Buffer.Size8192:Iteration.Count1                                           5.232e+03
Backendjs-onnx:PPjs:Buffer.Size8192:Iteration.Count1                                             5.232e+03
Backendwasm-onnx:PPjs:Buffer.Size8192:Iteration.Count1                                           5.232e+03
Backendjs-bypass:PPjs:Buffer.Size1024:Iteration.Count2                                           5.232e+03
Backendjs-onnx:PPjs:Buffer.Size1024:Iteration.Count2                                             5.232e+03
Backendwasm-onnx:PPjs:Buffer.Size1024:Iteration.Count2                                           5.232e+03
Backendjs-bypass:PPjs:Buffer.Size8192:Iteration.Count2                                           5.232e+03
Backendjs-onnx:PPjs:Buffer.Size8192:Iteration.Count2                                             5.232e+03
Backendwasm-onnx:PPjs:Buffer.Size8192:Iteration.Count2                                           5.232e+03
Backendjs-bypass:PPjs:Buffer.Size1024:Iteration.Count3                                           5.232e+03
Backendjs-onnx:PPjs:Buffer.Size1024:Iteration.Count3                                             5.232e+03
Backendwasm-onnx:PPjs:Buffer.Size1024:Iteration.Count3                                           5.232e+03
Backendjs-bypass:PPjs:Buffer.Size8192:Iteration.Count3                                           5.232e+03
Backendjs-onnx:PPjs:Buffer.Size8192:Iteration.Count3                                             5.232e+03
Backendwasm-onnx:PPjs:Buffer.Size8192:Iteration.Count3                                           5.232e+03
Backendjs-bypass:PPjs:Buffer.Size1024:Iteration.Count4                                           5.232e+03
Backendjs-onnx:PPjs:Buffer.Size1024:Iteration.Count4                                             5.232e+03
Backendwasm-onnx:PPjs:Buffer.Size1024:Iteration.Count4                                           5.232e+03
Backendjs-bypass:PPjs:Buffer.Size8192:Iteration.Count4                                           5.232e+03
Backendjs-onnx:PPjs:Buffer.Size8192:Iteration.Count4                                             5.232e+03
Backendwasm-onnx:PPjs:Buffer.Size8192:Iteration.Count4                                           5.232e+03
Backendjs-bypass:PPjs:Buffer.Size1024:EnvironmentFirefox                                         1.296e+03
Backendjs-onnx:PPjs:Buffer.Size1024:EnvironmentFirefox                                           1.296e+03
Backendwasm-onnx:PPjs:Buffer.Size1024:EnvironmentFirefox                                         1.296e+03
Backendjs-bypass:PPjs:Buffer.Size8192:EnvironmentFirefox                                         1.296e+03
Backendjs-onnx:PPjs:Buffer.Size8192:EnvironmentFirefox                                           1.296e+03
Backendwasm-onnx:PPjs:Buffer.Size8192:EnvironmentFirefox                                         1.296e+03
Backendjs-bypass:PPjs:Buffer.Size1024:EnvironmentSafari                                          1.296e+03
Backendjs-onnx:PPjs:Buffer.Size1024:EnvironmentSafari                                            1.296e+03
Backendwasm-onnx:PPjs:Buffer.Size1024:EnvironmentSafari                                          1.296e+03
Backendjs-bypass:PPjs:Buffer.Size8192:EnvironmentSafari                                          1.296e+03
Backendjs-onnx:PPjs:Buffer.Size8192:EnvironmentSafari                                            1.296e+03
Backendwasm-onnx:PPjs:Buffer.Size8192:EnvironmentSafari                                          1.296e+03
Backendjs-bypass:PPjs:Buffer.Size1024:Model.Uniquesteerable-nafx                                 1.296e+03
Backendjs-onnx:PPjs:Buffer.Size1024:Model.Uniquesteerable-nafx                                   1.296e+03
Backendwasm-onnx:PPjs:Buffer.Size1024:Model.Uniquesteerable-nafx                                 1.296e+03
Backendjs-bypass:PPjs:Buffer.Size8192:Model.Uniquesteerable-nafx                                 1.296e+03
Backendjs-onnx:PPjs:Buffer.Size8192:Model.Uniquesteerable-nafx                                   1.296e+03
Backendwasm-onnx:PPjs:Buffer.Size8192:Model.Uniquesteerable-nafx                                 1.296e+03
Backendjs-bypass:PPjs:Iteration.Count1:EnvironmentFirefox                                        5.232e+03
Backendjs-onnx:PPjs:Iteration.Count1:EnvironmentFirefox                                          5.232e+03
Backendwasm-onnx:PPjs:Iteration.Count1:EnvironmentFirefox                                        5.232e+03
Backendjs-bypass:PPjs:Iteration.Count2:EnvironmentFirefox                                        5.232e+03
Backendjs-onnx:PPjs:Iteration.Count2:EnvironmentFirefox                                          5.232e+03
Backendwasm-onnx:PPjs:Iteration.Count2:EnvironmentFirefox                                        5.232e+03
Backendjs-bypass:PPjs:Iteration.Count3:EnvironmentFirefox                                        5.232e+03
Backendjs-onnx:PPjs:Iteration.Count3:EnvironmentFirefox                                          5.232e+03
Backendwasm-onnx:PPjs:Iteration.Count3:EnvironmentFirefox                                        5.232e+03
Backendjs-bypass:PPjs:Iteration.Count4:EnvironmentFirefox                                        5.232e+03
Backendjs-onnx:PPjs:Iteration.Count4:EnvironmentFirefox                                          5.232e+03
Backendwasm-onnx:PPjs:Iteration.Count4:EnvironmentFirefox                                        5.232e+03
Backendjs-bypass:PPjs:Iteration.Count1:EnvironmentSafari                                         5.232e+03
Backendjs-onnx:PPjs:Iteration.Count1:EnvironmentSafari                                           5.232e+03
Backendwasm-onnx:PPjs:Iteration.Count1:EnvironmentSafari                                         5.232e+03
Backendjs-bypass:PPjs:Iteration.Count2:EnvironmentSafari                                         5.232e+03
Backendjs-onnx:PPjs:Iteration.Count2:EnvironmentSafari                                           5.232e+03
Backendwasm-onnx:PPjs:Iteration.Count2:EnvironmentSafari                                         5.232e+03
Backendjs-bypass:PPjs:Iteration.Count3:EnvironmentSafari                                         5.232e+03
Backendjs-onnx:PPjs:Iteration.Count3:EnvironmentSafari                                           5.232e+03
Backendwasm-onnx:PPjs:Iteration.Count3:EnvironmentSafari                                         5.232e+03
Backendjs-bypass:PPjs:Iteration.Count4:EnvironmentSafari                                         5.232e+03
Backendjs-onnx:PPjs:Iteration.Count4:EnvironmentSafari                                           5.232e+03
Backendwasm-onnx:PPjs:Iteration.Count4:EnvironmentSafari                                         5.232e+03
Backendjs-bypass:PPjs:Iteration.Count1:Model.Uniquesteerable-nafx                                5.232e+03
Backendjs-onnx:PPjs:Iteration.Count1:Model.Uniquesteerable-nafx                                  5.232e+03
Backendwasm-onnx:PPjs:Iteration.Count1:Model.Uniquesteerable-nafx                                5.232e+03
Backendjs-bypass:PPjs:Iteration.Count2:Model.Uniquesteerable-nafx                                5.232e+03
Backendjs-onnx:PPjs:Iteration.Count2:Model.Uniquesteerable-nafx                                  5.232e+03
Backendwasm-onnx:PPjs:Iteration.Count2:Model.Uniquesteerable-nafx                                5.232e+03
Backendjs-bypass:PPjs:Iteration.Count3:Model.Uniquesteerable-nafx                                5.232e+03
Backendjs-onnx:PPjs:Iteration.Count3:Model.Uniquesteerable-nafx                                  5.232e+03
Backendwasm-onnx:PPjs:Iteration.Count3:Model.Uniquesteerable-nafx                                5.232e+03
Backendjs-bypass:PPjs:Iteration.Count4:Model.Uniquesteerable-nafx                                5.232e+03
Backendjs-onnx:PPjs:Iteration.Count4:Model.Uniquesteerable-nafx                                  5.232e+03
Backendwasm-onnx:PPjs:Iteration.Count4:Model.Uniquesteerable-nafx                                5.232e+03
Backendjs-bypass:PPjs:EnvironmentFirefox:Model.Uniquesteerable-nafx                              1.296e+03
Backendjs-onnx:PPjs:EnvironmentFirefox:Model.Uniquesteerable-nafx                                1.296e+03
Backendwasm-onnx:PPjs:EnvironmentFirefox:Model.Uniquesteerable-nafx                              1.296e+03
Backendjs-bypass:PPjs:EnvironmentSafari:Model.Uniquesteerable-nafx                               1.296e+03
Backendjs-onnx:PPjs:EnvironmentSafari:Model.Uniquesteerable-nafx                                 1.296e+03
Backendwasm-onnx:PPjs:EnvironmentSafari:Model.Uniquesteerable-nafx                               1.296e+03
Backendjs-bypass:Buffer.Size1024:Iteration.Count1:EnvironmentFirefox                             5.232e+03
Backendjs-onnx:Buffer.Size1024:Iteration.Count1:EnvironmentFirefox                               5.232e+03
Backendwasm-onnx:Buffer.Size1024:Iteration.Count1:EnvironmentFirefox                             5.232e+03
Backendjs-bypass:Buffer.Size8192:Iteration.Count1:EnvironmentFirefox                             5.232e+03
Backendjs-onnx:Buffer.Size8192:Iteration.Count1:EnvironmentFirefox                               5.232e+03
Backendwasm-onnx:Buffer.Size8192:Iteration.Count1:EnvironmentFirefox                             5.232e+03
Backendjs-bypass:Buffer.Size1024:Iteration.Count2:EnvironmentFirefox                             5.232e+03
Backendjs-onnx:Buffer.Size1024:Iteration.Count2:EnvironmentFirefox                               5.232e+03
Backendwasm-onnx:Buffer.Size1024:Iteration.Count2:EnvironmentFirefox                             5.232e+03
Backendjs-bypass:Buffer.Size8192:Iteration.Count2:EnvironmentFirefox                             5.232e+03
Backendjs-onnx:Buffer.Size8192:Iteration.Count2:EnvironmentFirefox                               5.232e+03
Backendwasm-onnx:Buffer.Size8192:Iteration.Count2:EnvironmentFirefox                             5.232e+03
Backendjs-bypass:Buffer.Size1024:Iteration.Count3:EnvironmentFirefox                             5.232e+03
Backendjs-onnx:Buffer.Size1024:Iteration.Count3:EnvironmentFirefox                               5.232e+03
Backendwasm-onnx:Buffer.Size1024:Iteration.Count3:EnvironmentFirefox                             5.232e+03
Backendjs-bypass:Buffer.Size8192:Iteration.Count3:EnvironmentFirefox                             5.232e+03
Backendjs-onnx:Buffer.Size8192:Iteration.Count3:EnvironmentFirefox                               5.232e+03
Backendwasm-onnx:Buffer.Size8192:Iteration.Count3:EnvironmentFirefox                             5.232e+03
Backendjs-bypass:Buffer.Size1024:Iteration.Count4:EnvironmentFirefox                             5.232e+03
Backendjs-onnx:Buffer.Size1024:Iteration.Count4:EnvironmentFirefox                               5.232e+03
Backendwasm-onnx:Buffer.Size1024:Iteration.Count4:EnvironmentFirefox                             5.232e+03
Backendjs-bypass:Buffer.Size8192:Iteration.Count4:EnvironmentFirefox                             5.232e+03
Backendjs-onnx:Buffer.Size8192:Iteration.Count4:EnvironmentFirefox                               5.232e+03
Backendwasm-onnx:Buffer.Size8192:Iteration.Count4:EnvironmentFirefox                             5.232e+03
Backendjs-bypass:Buffer.Size1024:Iteration.Count1:EnvironmentSafari                              5.232e+03
Backendjs-onnx:Buffer.Size1024:Iteration.Count1:EnvironmentSafari                                5.232e+03
Backendwasm-onnx:Buffer.Size1024:Iteration.Count1:EnvironmentSafari                              5.232e+03
Backendjs-bypass:Buffer.Size8192:Iteration.Count1:EnvironmentSafari                              5.232e+03
Backendjs-onnx:Buffer.Size8192:Iteration.Count1:EnvironmentSafari                                5.232e+03
Backendwasm-onnx:Buffer.Size8192:Iteration.Count1:EnvironmentSafari                              5.232e+03
Backendjs-bypass:Buffer.Size1024:Iteration.Count2:EnvironmentSafari                              5.232e+03
Backendjs-onnx:Buffer.Size1024:Iteration.Count2:EnvironmentSafari                                5.232e+03
Backendwasm-onnx:Buffer.Size1024:Iteration.Count2:EnvironmentSafari                              5.232e+03
Backendjs-bypass:Buffer.Size8192:Iteration.Count2:EnvironmentSafari                              5.232e+03
Backendjs-onnx:Buffer.Size8192:Iteration.Count2:EnvironmentSafari                                5.232e+03
Backendwasm-onnx:Buffer.Size8192:Iteration.Count2:EnvironmentSafari                              5.232e+03
Backendjs-bypass:Buffer.Size1024:Iteration.Count3:EnvironmentSafari                              5.232e+03
Backendjs-onnx:Buffer.Size1024:Iteration.Count3:EnvironmentSafari                                5.232e+03
Backendwasm-onnx:Buffer.Size1024:Iteration.Count3:EnvironmentSafari                              5.232e+03
Backendjs-bypass:Buffer.Size8192:Iteration.Count3:EnvironmentSafari                              5.232e+03
Backendjs-onnx:Buffer.Size8192:Iteration.Count3:EnvironmentSafari                                5.232e+03
Backendwasm-onnx:Buffer.Size8192:Iteration.Count3:EnvironmentSafari                              5.232e+03
Backendjs-bypass:Buffer.Size1024:Iteration.Count4:EnvironmentSafari                              5.232e+03
Backendjs-onnx:Buffer.Size1024:Iteration.Count4:EnvironmentSafari                                5.232e+03
Backendwasm-onnx:Buffer.Size1024:Iteration.Count4:EnvironmentSafari                              5.232e+03
Backendjs-bypass:Buffer.Size8192:Iteration.Count4:EnvironmentSafari                              5.232e+03
Backendjs-onnx:Buffer.Size8192:Iteration.Count4:EnvironmentSafari                                5.232e+03
Backendwasm-onnx:Buffer.Size8192:Iteration.Count4:EnvironmentSafari                              5.232e+03
Backendjs-bypass:Buffer.Size1024:Iteration.Count1:Model.Uniquesteerable-nafx                     5.232e+03
Backendjs-onnx:Buffer.Size1024:Iteration.Count1:Model.Uniquesteerable-nafx                       5.232e+03
Backendwasm-onnx:Buffer.Size1024:Iteration.Count1:Model.Uniquesteerable-nafx                     5.232e+03
Backendjs-bypass:Buffer.Size8192:Iteration.Count1:Model.Uniquesteerable-nafx                     5.232e+03
Backendjs-onnx:Buffer.Size8192:Iteration.Count1:Model.Uniquesteerable-nafx                       5.232e+03
Backendwasm-onnx:Buffer.Size8192:Iteration.Count1:Model.Uniquesteerable-nafx                     5.232e+03
Backendjs-bypass:Buffer.Size1024:Iteration.Count2:Model.Uniquesteerable-nafx                     5.232e+03
Backendjs-onnx:Buffer.Size1024:Iteration.Count2:Model.Uniquesteerable-nafx                       5.232e+03
Backendwasm-onnx:Buffer.Size1024:Iteration.Count2:Model.Uniquesteerable-nafx                     5.232e+03
Backendjs-bypass:Buffer.Size8192:Iteration.Count2:Model.Uniquesteerable-nafx                     5.232e+03
Backendjs-onnx:Buffer.Size8192:Iteration.Count2:Model.Uniquesteerable-nafx                       5.232e+03
Backendwasm-onnx:Buffer.Size8192:Iteration.Count2:Model.Uniquesteerable-nafx                     5.232e+03
Backendjs-bypass:Buffer.Size1024:Iteration.Count3:Model.Uniquesteerable-nafx                     5.232e+03
Backendjs-onnx:Buffer.Size1024:Iteration.Count3:Model.Uniquesteerable-nafx                       5.232e+03
Backendwasm-onnx:Buffer.Size1024:Iteration.Count3:Model.Uniquesteerable-nafx                     5.232e+03
Backendjs-bypass:Buffer.Size8192:Iteration.Count3:Model.Uniquesteerable-nafx                     5.232e+03
Backendjs-onnx:Buffer.Size8192:Iteration.Count3:Model.Uniquesteerable-nafx                       5.232e+03
Backendwasm-onnx:Buffer.Size8192:Iteration.Count3:Model.Uniquesteerable-nafx                     5.232e+03
Backendjs-bypass:Buffer.Size1024:Iteration.Count4:Model.Uniquesteerable-nafx                     5.232e+03
Backendjs-onnx:Buffer.Size1024:Iteration.Count4:Model.Uniquesteerable-nafx                       5.232e+03
Backendwasm-onnx:Buffer.Size1024:Iteration.Count4:Model.Uniquesteerable-nafx                     5.232e+03
Backendjs-bypass:Buffer.Size8192:Iteration.Count4:Model.Uniquesteerable-nafx                     5.232e+03
Backendjs-onnx:Buffer.Size8192:Iteration.Count4:Model.Uniquesteerable-nafx                       5.232e+03
Backendwasm-onnx:Buffer.Size8192:Iteration.Count4:Model.Uniquesteerable-nafx                     5.232e+03
Backendjs-bypass:Buffer.Size1024:EnvironmentFirefox:Model.Uniquesteerable-nafx                   1.296e+03
Backendjs-onnx:Buffer.Size1024:EnvironmentFirefox:Model.Uniquesteerable-nafx                     1.296e+03
Backendwasm-onnx:Buffer.Size1024:EnvironmentFirefox:Model.Uniquesteerable-nafx                   1.296e+03
Backendjs-bypass:Buffer.Size8192:EnvironmentFirefox:Model.Uniquesteerable-nafx                   1.296e+03
Backendjs-onnx:Buffer.Size8192:EnvironmentFirefox:Model.Uniquesteerable-nafx                     1.296e+03
Backendwasm-onnx:Buffer.Size8192:EnvironmentFirefox:Model.Uniquesteerable-nafx                   1.296e+03
Backendjs-bypass:Buffer.Size1024:EnvironmentSafari:Model.Uniquesteerable-nafx                    1.296e+03
Backendjs-onnx:Buffer.Size1024:EnvironmentSafari:Model.Uniquesteerable-nafx                      1.296e+03
Backendwasm-onnx:Buffer.Size1024:EnvironmentSafari:Model.Uniquesteerable-nafx                    1.296e+03
Backendjs-bypass:Buffer.Size8192:EnvironmentSafari:Model.Uniquesteerable-nafx                    1.296e+03
Backendjs-onnx:Buffer.Size8192:EnvironmentSafari:Model.Uniquesteerable-nafx                      1.296e+03
Backendwasm-onnx:Buffer.Size8192:EnvironmentSafari:Model.Uniquesteerable-nafx                    1.296e+03
Backendjs-bypass:Iteration.Count1:EnvironmentFirefox:Model.Uniquesteerable-nafx                  5.232e+03
Backendjs-onnx:Iteration.Count1:EnvironmentFirefox:Model.Uniquesteerable-nafx                    5.232e+03
Backendwasm-onnx:Iteration.Count1:EnvironmentFirefox:Model.Uniquesteerable-nafx                  5.232e+03
Backendjs-bypass:Iteration.Count2:EnvironmentFirefox:Model.Uniquesteerable-nafx                  5.232e+03
Backendjs-onnx:Iteration.Count2:EnvironmentFirefox:Model.Uniquesteerable-nafx                    5.232e+03
Backendwasm-onnx:Iteration.Count2:EnvironmentFirefox:Model.Uniquesteerable-nafx                  5.232e+03
Backendjs-bypass:Iteration.Count3:EnvironmentFirefox:Model.Uniquesteerable-nafx                  5.232e+03
Backendjs-onnx:Iteration.Count3:EnvironmentFirefox:Model.Uniquesteerable-nafx                    5.232e+03
Backendwasm-onnx:Iteration.Count3:EnvironmentFirefox:Model.Uniquesteerable-nafx                  5.232e+03
Backendjs-bypass:Iteration.Count4:EnvironmentFirefox:Model.Uniquesteerable-nafx                  5.232e+03
Backendjs-onnx:Iteration.Count4:EnvironmentFirefox:Model.Uniquesteerable-nafx                    5.232e+03
Backendwasm-onnx:Iteration.Count4:EnvironmentFirefox:Model.Uniquesteerable-nafx                  5.232e+03
Backendjs-bypass:Iteration.Count1:EnvironmentSafari:Model.Uniquesteerable-nafx                   5.232e+03
Backendjs-onnx:Iteration.Count1:EnvironmentSafari:Model.Uniquesteerable-nafx                     5.232e+03
Backendwasm-onnx:Iteration.Count1:EnvironmentSafari:Model.Uniquesteerable-nafx                   5.232e+03
Backendjs-bypass:Iteration.Count2:EnvironmentSafari:Model.Uniquesteerable-nafx                   5.232e+03
Backendjs-onnx:Iteration.Count2:EnvironmentSafari:Model.Uniquesteerable-nafx                     5.232e+03
Backendwasm-onnx:Iteration.Count2:EnvironmentSafari:Model.Uniquesteerable-nafx                   5.232e+03
Backendjs-bypass:Iteration.Count3:EnvironmentSafari:Model.Uniquesteerable-nafx                   5.232e+03
Backendjs-onnx:Iteration.Count3:EnvironmentSafari:Model.Uniquesteerable-nafx                     5.232e+03
Backendwasm-onnx:Iteration.Count3:EnvironmentSafari:Model.Uniquesteerable-nafx                   5.232e+03
Backendjs-bypass:Iteration.Count4:EnvironmentSafari:Model.Uniquesteerable-nafx                   5.232e+03
Backendjs-onnx:Iteration.Count4:EnvironmentSafari:Model.Uniquesteerable-nafx                     5.232e+03
Backendwasm-onnx:Iteration.Count4:EnvironmentSafari:Model.Uniquesteerable-nafx                   5.232e+03
PPjs:Buffer.Size1024:Iteration.Count1:EnvironmentFirefox                                         5.232e+03
PPjs:Buffer.Size8192:Iteration.Count1:EnvironmentFirefox                                         5.232e+03
PPjs:Buffer.Size1024:Iteration.Count2:EnvironmentFirefox                                         5.232e+03
PPjs:Buffer.Size8192:Iteration.Count2:EnvironmentFirefox                                         5.232e+03
PPjs:Buffer.Size1024:Iteration.Count3:EnvironmentFirefox                                         5.232e+03
PPjs:Buffer.Size8192:Iteration.Count3:EnvironmentFirefox                                         5.232e+03
PPjs:Buffer.Size1024:Iteration.Count4:EnvironmentFirefox                                         5.232e+03
PPjs:Buffer.Size8192:Iteration.Count4:EnvironmentFirefox                                         5.232e+03
PPjs:Buffer.Size1024:Iteration.Count1:EnvironmentSafari                                          5.232e+03
PPjs:Buffer.Size8192:Iteration.Count1:EnvironmentSafari                                          5.232e+03
PPjs:Buffer.Size1024:Iteration.Count2:EnvironmentSafari                                          5.232e+03
PPjs:Buffer.Size8192:Iteration.Count2:EnvironmentSafari                                          5.232e+03
PPjs:Buffer.Size1024:Iteration.Count3:EnvironmentSafari                                          5.232e+03
PPjs:Buffer.Size8192:Iteration.Count3:EnvironmentSafari                                          5.232e+03
PPjs:Buffer.Size1024:Iteration.Count4:EnvironmentSafari                                          5.232e+03
PPjs:Buffer.Size8192:Iteration.Count4:EnvironmentSafari                                          5.232e+03
PPjs:Buffer.Size1024:Iteration.Count1:Model.Uniquesteerable-nafx                                 5.232e+03
PPjs:Buffer.Size8192:Iteration.Count1:Model.Uniquesteerable-nafx                                 5.232e+03
PPjs:Buffer.Size1024:Iteration.Count2:Model.Uniquesteerable-nafx                                 5.232e+03
PPjs:Buffer.Size8192:Iteration.Count2:Model.Uniquesteerable-nafx                                 5.232e+03
PPjs:Buffer.Size1024:Iteration.Count3:Model.Uniquesteerable-nafx                                 5.232e+03
PPjs:Buffer.Size8192:Iteration.Count3:Model.Uniquesteerable-nafx                                 5.232e+03
PPjs:Buffer.Size1024:Iteration.Count4:Model.Uniquesteerable-nafx                                 5.232e+03
PPjs:Buffer.Size8192:Iteration.Count4:Model.Uniquesteerable-nafx                                 5.232e+03
PPjs:Buffer.Size1024:EnvironmentFirefox:Model.Uniquesteerable-nafx                               1.296e+03
PPjs:Buffer.Size8192:EnvironmentFirefox:Model.Uniquesteerable-nafx                               1.296e+03
PPjs:Buffer.Size1024:EnvironmentSafari:Model.Uniquesteerable-nafx                                1.296e+03
PPjs:Buffer.Size8192:EnvironmentSafari:Model.Uniquesteerable-nafx                                1.296e+03
PPjs:Iteration.Count1:EnvironmentFirefox:Model.Uniquesteerable-nafx                              5.232e+03
PPjs:Iteration.Count2:EnvironmentFirefox:Model.Uniquesteerable-nafx                              5.232e+03
PPjs:Iteration.Count3:EnvironmentFirefox:Model.Uniquesteerable-nafx                              5.232e+03
PPjs:Iteration.Count4:EnvironmentFirefox:Model.Uniquesteerable-nafx                              5.232e+03
PPjs:Iteration.Count1:EnvironmentSafari:Model.Uniquesteerable-nafx                               5.232e+03
PPjs:Iteration.Count2:EnvironmentSafari:Model.Uniquesteerable-nafx                               5.232e+03
PPjs:Iteration.Count3:EnvironmentSafari:Model.Uniquesteerable-nafx                               5.232e+03
PPjs:Iteration.Count4:EnvironmentSafari:Model.Uniquesteerable-nafx                               5.232e+03
Buffer.Size1024:Iteration.Count1:EnvironmentFirefox:Model.Uniquesteerable-nafx                   5.232e+03
Buffer.Size8192:Iteration.Count1:EnvironmentFirefox:Model.Uniquesteerable-nafx                   5.232e+03
Buffer.Size1024:Iteration.Count2:EnvironmentFirefox:Model.Uniquesteerable-nafx                   5.232e+03
Buffer.Size8192:Iteration.Count2:EnvironmentFirefox:Model.Uniquesteerable-nafx                   5.232e+03
Buffer.Size1024:Iteration.Count3:EnvironmentFirefox:Model.Uniquesteerable-nafx                   5.232e+03
Buffer.Size8192:Iteration.Count3:EnvironmentFirefox:Model.Uniquesteerable-nafx                   5.232e+03
Buffer.Size1024:Iteration.Count4:EnvironmentFirefox:Model.Uniquesteerable-nafx                   5.232e+03
Buffer.Size8192:Iteration.Count4:EnvironmentFirefox:Model.Uniquesteerable-nafx                   5.232e+03
Buffer.Size1024:Iteration.Count1:EnvironmentSafari:Model.Uniquesteerable-nafx                    5.232e+03
Buffer.Size8192:Iteration.Count1:EnvironmentSafari:Model.Uniquesteerable-nafx                    5.232e+03
Buffer.Size1024:Iteration.Count2:EnvironmentSafari:Model.Uniquesteerable-nafx                    5.232e+03
Buffer.Size8192:Iteration.Count2:EnvironmentSafari:Model.Uniquesteerable-nafx                    5.232e+03
Buffer.Size1024:Iteration.Count3:EnvironmentSafari:Model.Uniquesteerable-nafx                    5.232e+03
Buffer.Size8192:Iteration.Count3:EnvironmentSafari:Model.Uniquesteerable-nafx                    5.232e+03
Buffer.Size1024:Iteration.Count4:EnvironmentSafari:Model.Uniquesteerable-nafx                    5.232e+03
Buffer.Size8192:Iteration.Count4:EnvironmentSafari:Model.Uniquesteerable-nafx                    5.232e+03
Backendjs-bypass:PPjs:Buffer.Size1024:Iteration.Count1:EnvironmentFirefox                        5.232e+03
Backendjs-onnx:PPjs:Buffer.Size1024:Iteration.Count1:EnvironmentFirefox                          5.232e+03
Backendwasm-onnx:PPjs:Buffer.Size1024:Iteration.Count1:EnvironmentFirefox                        5.232e+03
Backendjs-bypass:PPjs:Buffer.Size8192:Iteration.Count1:EnvironmentFirefox                        5.232e+03
Backendjs-onnx:PPjs:Buffer.Size8192:Iteration.Count1:EnvironmentFirefox                          5.232e+03
Backendwasm-onnx:PPjs:Buffer.Size8192:Iteration.Count1:EnvironmentFirefox                        5.232e+03
Backendjs-bypass:PPjs:Buffer.Size1024:Iteration.Count2:EnvironmentFirefox                        5.232e+03
Backendjs-onnx:PPjs:Buffer.Size1024:Iteration.Count2:EnvironmentFirefox                          5.232e+03
Backendwasm-onnx:PPjs:Buffer.Size1024:Iteration.Count2:EnvironmentFirefox                        5.232e+03
Backendjs-bypass:PPjs:Buffer.Size8192:Iteration.Count2:EnvironmentFirefox                        5.232e+03
Backendjs-onnx:PPjs:Buffer.Size8192:Iteration.Count2:EnvironmentFirefox                          5.232e+03
Backendwasm-onnx:PPjs:Buffer.Size8192:Iteration.Count2:EnvironmentFirefox                        5.232e+03
Backendjs-bypass:PPjs:Buffer.Size1024:Iteration.Count3:EnvironmentFirefox                        5.232e+03
Backendjs-onnx:PPjs:Buffer.Size1024:Iteration.Count3:EnvironmentFirefox                          5.232e+03
Backendwasm-onnx:PPjs:Buffer.Size1024:Iteration.Count3:EnvironmentFirefox                        5.232e+03
Backendjs-bypass:PPjs:Buffer.Size8192:Iteration.Count3:EnvironmentFirefox                        5.232e+03
Backendjs-onnx:PPjs:Buffer.Size8192:Iteration.Count3:EnvironmentFirefox                          5.232e+03
Backendwasm-onnx:PPjs:Buffer.Size8192:Iteration.Count3:EnvironmentFirefox                        5.232e+03
Backendjs-bypass:PPjs:Buffer.Size1024:Iteration.Count4:EnvironmentFirefox                        5.232e+03
Backendjs-onnx:PPjs:Buffer.Size1024:Iteration.Count4:EnvironmentFirefox                          5.232e+03
Backendwasm-onnx:PPjs:Buffer.Size1024:Iteration.Count4:EnvironmentFirefox                        5.232e+03
Backendjs-bypass:PPjs:Buffer.Size8192:Iteration.Count4:EnvironmentFirefox                        5.232e+03
Backendjs-onnx:PPjs:Buffer.Size8192:Iteration.Count4:EnvironmentFirefox                          5.232e+03
Backendwasm-onnx:PPjs:Buffer.Size8192:Iteration.Count4:EnvironmentFirefox                        5.232e+03
Backendjs-bypass:PPjs:Buffer.Size1024:Iteration.Count1:EnvironmentSafari                         5.232e+03
Backendjs-onnx:PPjs:Buffer.Size1024:Iteration.Count1:EnvironmentSafari                           5.232e+03
Backendwasm-onnx:PPjs:Buffer.Size1024:Iteration.Count1:EnvironmentSafari                         5.232e+03
Backendjs-bypass:PPjs:Buffer.Size8192:Iteration.Count1:EnvironmentSafari                         5.232e+03
Backendjs-onnx:PPjs:Buffer.Size8192:Iteration.Count1:EnvironmentSafari                           5.232e+03
Backendwasm-onnx:PPjs:Buffer.Size8192:Iteration.Count1:EnvironmentSafari                         5.232e+03
Backendjs-bypass:PPjs:Buffer.Size1024:Iteration.Count2:EnvironmentSafari                         5.232e+03
Backendjs-onnx:PPjs:Buffer.Size1024:Iteration.Count2:EnvironmentSafari                           5.232e+03
Backendwasm-onnx:PPjs:Buffer.Size1024:Iteration.Count2:EnvironmentSafari                         5.232e+03
Backendjs-bypass:PPjs:Buffer.Size8192:Iteration.Count2:EnvironmentSafari                         5.232e+03
Backendjs-onnx:PPjs:Buffer.Size8192:Iteration.Count2:EnvironmentSafari                           5.232e+03
Backendwasm-onnx:PPjs:Buffer.Size8192:Iteration.Count2:EnvironmentSafari                         5.232e+03
Backendjs-bypass:PPjs:Buffer.Size1024:Iteration.Count3:EnvironmentSafari                         5.232e+03
Backendjs-onnx:PPjs:Buffer.Size1024:Iteration.Count3:EnvironmentSafari                           5.232e+03
Backendwasm-onnx:PPjs:Buffer.Size1024:Iteration.Count3:EnvironmentSafari                         5.232e+03
Backendjs-bypass:PPjs:Buffer.Size8192:Iteration.Count3:EnvironmentSafari                         5.232e+03
Backendjs-onnx:PPjs:Buffer.Size8192:Iteration.Count3:EnvironmentSafari                           5.232e+03
Backendwasm-onnx:PPjs:Buffer.Size8192:Iteration.Count3:EnvironmentSafari                         5.232e+03
Backendjs-bypass:PPjs:Buffer.Size1024:Iteration.Count4:EnvironmentSafari                         5.232e+03
Backendjs-onnx:PPjs:Buffer.Size1024:Iteration.Count4:EnvironmentSafari                           5.232e+03
Backendwasm-onnx:PPjs:Buffer.Size1024:Iteration.Count4:EnvironmentSafari                         5.232e+03
Backendjs-bypass:PPjs:Buffer.Size8192:Iteration.Count4:EnvironmentSafari                         5.232e+03
Backendjs-onnx:PPjs:Buffer.Size8192:Iteration.Count4:EnvironmentSafari                           5.232e+03
Backendwasm-onnx:PPjs:Buffer.Size8192:Iteration.Count4:EnvironmentSafari                         5.232e+03
Backendjs-bypass:PPjs:Buffer.Size1024:Iteration.Count1:Model.Uniquesteerable-nafx                5.232e+03
Backendjs-onnx:PPjs:Buffer.Size1024:Iteration.Count1:Model.Uniquesteerable-nafx                  5.232e+03
Backendwasm-onnx:PPjs:Buffer.Size1024:Iteration.Count1:Model.Uniquesteerable-nafx                5.232e+03
Backendjs-bypass:PPjs:Buffer.Size8192:Iteration.Count1:Model.Uniquesteerable-nafx                5.232e+03
Backendjs-onnx:PPjs:Buffer.Size8192:Iteration.Count1:Model.Uniquesteerable-nafx                  5.232e+03
Backendwasm-onnx:PPjs:Buffer.Size8192:Iteration.Count1:Model.Uniquesteerable-nafx                5.232e+03
Backendjs-bypass:PPjs:Buffer.Size1024:Iteration.Count2:Model.Uniquesteerable-nafx                5.232e+03
Backendjs-onnx:PPjs:Buffer.Size1024:Iteration.Count2:Model.Uniquesteerable-nafx                  5.232e+03
Backendwasm-onnx:PPjs:Buffer.Size1024:Iteration.Count2:Model.Uniquesteerable-nafx                5.232e+03
Backendjs-bypass:PPjs:Buffer.Size8192:Iteration.Count2:Model.Uniquesteerable-nafx                5.232e+03
Backendjs-onnx:PPjs:Buffer.Size8192:Iteration.Count2:Model.Uniquesteerable-nafx                  5.232e+03
Backendwasm-onnx:PPjs:Buffer.Size8192:Iteration.Count2:Model.Uniquesteerable-nafx                5.232e+03
Backendjs-bypass:PPjs:Buffer.Size1024:Iteration.Count3:Model.Uniquesteerable-nafx                5.232e+03
Backendjs-onnx:PPjs:Buffer.Size1024:Iteration.Count3:Model.Uniquesteerable-nafx                  5.232e+03
Backendwasm-onnx:PPjs:Buffer.Size1024:Iteration.Count3:Model.Uniquesteerable-nafx                5.232e+03
Backendjs-bypass:PPjs:Buffer.Size8192:Iteration.Count3:Model.Uniquesteerable-nafx                5.232e+03
Backendjs-onnx:PPjs:Buffer.Size8192:Iteration.Count3:Model.Uniquesteerable-nafx                  5.232e+03
Backendwasm-onnx:PPjs:Buffer.Size8192:Iteration.Count3:Model.Uniquesteerable-nafx                5.232e+03
Backendjs-bypass:PPjs:Buffer.Size1024:Iteration.Count4:Model.Uniquesteerable-nafx                5.232e+03
Backendjs-onnx:PPjs:Buffer.Size1024:Iteration.Count4:Model.Uniquesteerable-nafx                  5.232e+03
Backendwasm-onnx:PPjs:Buffer.Size1024:Iteration.Count4:Model.Uniquesteerable-nafx                5.232e+03
Backendjs-bypass:PPjs:Buffer.Size8192:Iteration.Count4:Model.Uniquesteerable-nafx                5.232e+03
Backendjs-onnx:PPjs:Buffer.Size8192:Iteration.Count4:Model.Uniquesteerable-nafx                  5.232e+03
Backendwasm-onnx:PPjs:Buffer.Size8192:Iteration.Count4:Model.Uniquesteerable-nafx                5.232e+03
Backendjs-bypass:PPjs:Buffer.Size1024:EnvironmentFirefox:Model.Uniquesteerable-nafx              1.296e+03
Backendjs-onnx:PPjs:Buffer.Size1024:EnvironmentFirefox:Model.Uniquesteerable-nafx                1.296e+03
Backendwasm-onnx:PPjs:Buffer.Size1024:EnvironmentFirefox:Model.Uniquesteerable-nafx              1.296e+03
Backendjs-bypass:PPjs:Buffer.Size8192:EnvironmentFirefox:Model.Uniquesteerable-nafx              1.296e+03
Backendjs-onnx:PPjs:Buffer.Size8192:EnvironmentFirefox:Model.Uniquesteerable-nafx                1.296e+03
Backendwasm-onnx:PPjs:Buffer.Size8192:EnvironmentFirefox:Model.Uniquesteerable-nafx              1.296e+03
Backendjs-bypass:PPjs:Buffer.Size1024:EnvironmentSafari:Model.Uniquesteerable-nafx               1.296e+03
Backendjs-onnx:PPjs:Buffer.Size1024:EnvironmentSafari:Model.Uniquesteerable-nafx                 1.296e+03
Backendwasm-onnx:PPjs:Buffer.Size1024:EnvironmentSafari:Model.Uniquesteerable-nafx               1.296e+03
Backendjs-bypass:PPjs:Buffer.Size8192:EnvironmentSafari:Model.Uniquesteerable-nafx               1.296e+03
Backendjs-onnx:PPjs:Buffer.Size8192:EnvironmentSafari:Model.Uniquesteerable-nafx                 1.296e+03
Backendwasm-onnx:PPjs:Buffer.Size8192:EnvironmentSafari:Model.Uniquesteerable-nafx               1.296e+03
Backendjs-bypass:PPjs:Iteration.Count1:EnvironmentFirefox:Model.Uniquesteerable-nafx             5.232e+03
Backendjs-onnx:PPjs:Iteration.Count1:EnvironmentFirefox:Model.Uniquesteerable-nafx               5.232e+03
Backendwasm-onnx:PPjs:Iteration.Count1:EnvironmentFirefox:Model.Uniquesteerable-nafx             5.232e+03
Backendjs-bypass:PPjs:Iteration.Count2:EnvironmentFirefox:Model.Uniquesteerable-nafx             5.232e+03
Backendjs-onnx:PPjs:Iteration.Count2:EnvironmentFirefox:Model.Uniquesteerable-nafx               5.232e+03
Backendwasm-onnx:PPjs:Iteration.Count2:EnvironmentFirefox:Model.Uniquesteerable-nafx             5.232e+03
Backendjs-bypass:PPjs:Iteration.Count3:EnvironmentFirefox:Model.Uniquesteerable-nafx             5.232e+03
Backendjs-onnx:PPjs:Iteration.Count3:EnvironmentFirefox:Model.Uniquesteerable-nafx               5.232e+03
Backendwasm-onnx:PPjs:Iteration.Count3:EnvironmentFirefox:Model.Uniquesteerable-nafx             5.232e+03
Backendjs-bypass:PPjs:Iteration.Count4:EnvironmentFirefox:Model.Uniquesteerable-nafx             5.232e+03
Backendjs-onnx:PPjs:Iteration.Count4:EnvironmentFirefox:Model.Uniquesteerable-nafx               5.232e+03
Backendwasm-onnx:PPjs:Iteration.Count4:EnvironmentFirefox:Model.Uniquesteerable-nafx             5.232e+03
Backendjs-bypass:PPjs:Iteration.Count1:EnvironmentSafari:Model.Uniquesteerable-nafx              5.232e+03
Backendjs-onnx:PPjs:Iteration.Count1:EnvironmentSafari:Model.Uniquesteerable-nafx                5.232e+03
Backendwasm-onnx:PPjs:Iteration.Count1:EnvironmentSafari:Model.Uniquesteerable-nafx              5.232e+03
Backendjs-bypass:PPjs:Iteration.Count2:EnvironmentSafari:Model.Uniquesteerable-nafx              5.232e+03
Backendjs-onnx:PPjs:Iteration.Count2:EnvironmentSafari:Model.Uniquesteerable-nafx                5.232e+03
Backendwasm-onnx:PPjs:Iteration.Count2:EnvironmentSafari:Model.Uniquesteerable-nafx              5.232e+03
Backendjs-bypass:PPjs:Iteration.Count3:EnvironmentSafari:Model.Uniquesteerable-nafx              5.232e+03
Backendjs-onnx:PPjs:Iteration.Count3:EnvironmentSafari:Model.Uniquesteerable-nafx                5.232e+03
Backendwasm-onnx:PPjs:Iteration.Count3:EnvironmentSafari:Model.Uniquesteerable-nafx              5.232e+03
Backendjs-bypass:PPjs:Iteration.Count4:EnvironmentSafari:Model.Uniquesteerable-nafx              5.232e+03
Backendjs-onnx:PPjs:Iteration.Count4:EnvironmentSafari:Model.Uniquesteerable-nafx                5.232e+03
Backendwasm-onnx:PPjs:Iteration.Count4:EnvironmentSafari:Model.Uniquesteerable-nafx              5.232e+03
Backendjs-bypass:Buffer.Size1024:Iteration.Count1:EnvironmentFirefox:Model.Uniquesteerable-nafx  5.232e+03
Backendjs-onnx:Buffer.Size1024:Iteration.Count1:EnvironmentFirefox:Model.Uniquesteerable-nafx    5.232e+03
Backendwasm-onnx:Buffer.Size1024:Iteration.Count1:EnvironmentFirefox:Model.Uniquesteerable-nafx  5.232e+03
Backendjs-bypass:Buffer.Size8192:Iteration.Count1:EnvironmentFirefox:Model.Uniquesteerable-nafx  5.232e+03
Backendjs-onnx:Buffer.Size8192:Iteration.Count1:EnvironmentFirefox:Model.Uniquesteerable-nafx    5.232e+03
Backendwasm-onnx:Buffer.Size8192:Iteration.Count1:EnvironmentFirefox:Model.Uniquesteerable-nafx  5.232e+03
Backendjs-bypass:Buffer.Size1024:Iteration.Count2:EnvironmentFirefox:Model.Uniquesteerable-nafx  5.232e+03
Backendjs-onnx:Buffer.Size1024:Iteration.Count2:EnvironmentFirefox:Model.Uniquesteerable-nafx    5.232e+03
Backendwasm-onnx:Buffer.Size1024:Iteration.Count2:EnvironmentFirefox:Model.Uniquesteerable-nafx  5.232e+03
Backendjs-bypass:Buffer.Size8192:Iteration.Count2:EnvironmentFirefox:Model.Uniquesteerable-nafx  5.232e+03
Backendjs-onnx:Buffer.Size8192:Iteration.Count2:EnvironmentFirefox:Model.Uniquesteerable-nafx    5.232e+03
Backendwasm-onnx:Buffer.Size8192:Iteration.Count2:EnvironmentFirefox:Model.Uniquesteerable-nafx  5.232e+03
Backendjs-bypass:Buffer.Size1024:Iteration.Count3:EnvironmentFirefox:Model.Uniquesteerable-nafx  5.232e+03
Backendjs-onnx:Buffer.Size1024:Iteration.Count3:EnvironmentFirefox:Model.Uniquesteerable-nafx    5.232e+03
Backendwasm-onnx:Buffer.Size1024:Iteration.Count3:EnvironmentFirefox:Model.Uniquesteerable-nafx  5.232e+03
Backendjs-bypass:Buffer.Size8192:Iteration.Count3:EnvironmentFirefox:Model.Uniquesteerable-nafx  5.232e+03
Backendjs-onnx:Buffer.Size8192:Iteration.Count3:EnvironmentFirefox:Model.Uniquesteerable-nafx    5.232e+03
Backendwasm-onnx:Buffer.Size8192:Iteration.Count3:EnvironmentFirefox:Model.Uniquesteerable-nafx  5.232e+03
Backendjs-bypass:Buffer.Size1024:Iteration.Count4:EnvironmentFirefox:Model.Uniquesteerable-nafx  5.232e+03
Backendjs-onnx:Buffer.Size1024:Iteration.Count4:EnvironmentFirefox:Model.Uniquesteerable-nafx    5.232e+03
Backendwasm-onnx:Buffer.Size1024:Iteration.Count4:EnvironmentFirefox:Model.Uniquesteerable-nafx  5.232e+03
Backendjs-bypass:Buffer.Size8192:Iteration.Count4:EnvironmentFirefox:Model.Uniquesteerable-nafx  5.232e+03
Backendjs-onnx:Buffer.Size8192:Iteration.Count4:EnvironmentFirefox:Model.Uniquesteerable-nafx    5.232e+03
Backendwasm-onnx:Buffer.Size8192:Iteration.Count4:EnvironmentFirefox:Model.Uniquesteerable-nafx  5.232e+03
Backendjs-bypass:Buffer.Size1024:Iteration.Count1:EnvironmentSafari:Model.Uniquesteerable-nafx   5.232e+03
Backendjs-onnx:Buffer.Size1024:Iteration.Count1:EnvironmentSafari:Model.Uniquesteerable-nafx     5.232e+03
Backendwasm-onnx:Buffer.Size1024:Iteration.Count1:EnvironmentSafari:Model.Uniquesteerable-nafx   5.232e+03
Backendjs-bypass:Buffer.Size8192:Iteration.Count1:EnvironmentSafari:Model.Uniquesteerable-nafx   5.232e+03
Backendjs-onnx:Buffer.Size8192:Iteration.Count1:EnvironmentSafari:Model.Uniquesteerable-nafx     5.232e+03
Backendwasm-onnx:Buffer.Size8192:Iteration.Count1:EnvironmentSafari:Model.Uniquesteerable-nafx   5.232e+03
Backendjs-bypass:Buffer.Size1024:Iteration.Count2:EnvironmentSafari:Model.Uniquesteerable-nafx   5.232e+03
Backendjs-onnx:Buffer.Size1024:Iteration.Count2:EnvironmentSafari:Model.Uniquesteerable-nafx     5.232e+03
Backendwasm-onnx:Buffer.Size1024:Iteration.Count2:EnvironmentSafari:Model.Uniquesteerable-nafx   5.232e+03
Backendjs-bypass:Buffer.Size8192:Iteration.Count2:EnvironmentSafari:Model.Uniquesteerable-nafx   5.232e+03
Backendjs-onnx:Buffer.Size8192:Iteration.Count2:EnvironmentSafari:Model.Uniquesteerable-nafx     5.232e+03
Backendwasm-onnx:Buffer.Size8192:Iteration.Count2:EnvironmentSafari:Model.Uniquesteerable-nafx   5.232e+03
Backendjs-bypass:Buffer.Size1024:Iteration.Count3:EnvironmentSafari:Model.Uniquesteerable-nafx   5.232e+03
Backendjs-onnx:Buffer.Size1024:Iteration.Count3:EnvironmentSafari:Model.Uniquesteerable-nafx     5.232e+03
Backendwasm-onnx:Buffer.Size1024:Iteration.Count3:EnvironmentSafari:Model.Uniquesteerable-nafx   5.232e+03
Backendjs-bypass:Buffer.Size8192:Iteration.Count3:EnvironmentSafari:Model.Uniquesteerable-nafx   5.232e+03
Backendjs-onnx:Buffer.Size8192:Iteration.Count3:EnvironmentSafari:Model.Uniquesteerable-nafx     5.232e+03
Backendwasm-onnx:Buffer.Size8192:Iteration.Count3:EnvironmentSafari:Model.Uniquesteerable-nafx   5.232e+03
Backendjs-bypass:Buffer.Size1024:Iteration.Count4:EnvironmentSafari:Model.Uniquesteerable-nafx   5.232e+03
Backendjs-onnx:Buffer.Size1024:Iteration.Count4:EnvironmentSafari:Model.Uniquesteerable-nafx     5.232e+03
Backendwasm-onnx:Buffer.Size1024:Iteration.Count4:EnvironmentSafari:Model.Uniquesteerable-nafx   5.232e+03
Backendjs-bypass:Buffer.Size8192:Iteration.Count4:EnvironmentSafari:Model.Uniquesteerable-nafx   5.232e+03
Backendjs-onnx:Buffer.Size8192:Iteration.Count4:EnvironmentSafari:Model.Uniquesteerable-nafx     5.232e+03
Backendwasm-onnx:Buffer.Size8192:Iteration.Count4:EnvironmentSafari:Model.Uniquesteerable-nafx   5.232e+03
PPjs:Buffer.Size1024:Iteration.Count1:EnvironmentFirefox:Model.Uniquesteerable-nafx              5.232e+03
PPjs:Buffer.Size8192:Iteration.Count1:EnvironmentFirefox:Model.Uniquesteerable-nafx              5.232e+03
PPjs:Buffer.Size1024:Iteration.Count2:EnvironmentFirefox:Model.Uniquesteerable-nafx              5.232e+03
PPjs:Buffer.Size8192:Iteration.Count2:EnvironmentFirefox:Model.Uniquesteerable-nafx              5.232e+03
PPjs:Buffer.Size1024:Iteration.Count3:EnvironmentFirefox:Model.Uniquesteerable-nafx              5.232e+03
PPjs:Buffer.Size8192:Iteration.Count3:EnvironmentFirefox:Model.Uniquesteerable-nafx              5.232e+03
PPjs:Buffer.Size1024:Iteration.Count4:EnvironmentFirefox:Model.Uniquesteerable-nafx              5.232e+03
PPjs:Buffer.Size8192:Iteration.Count4:EnvironmentFirefox:Model.Uniquesteerable-nafx              5.232e+03
PPjs:Buffer.Size1024:Iteration.Count1:EnvironmentSafari:Model.Uniquesteerable-nafx               5.232e+03
PPjs:Buffer.Size8192:Iteration.Count1:EnvironmentSafari:Model.Uniquesteerable-nafx               5.232e+03
PPjs:Buffer.Size1024:Iteration.Count2:EnvironmentSafari:Model.Uniquesteerable-nafx               5.232e+03
PPjs:Buffer.Size8192:Iteration.Count2:EnvironmentSafari:Model.Uniquesteerable-nafx               5.232e+03
PPjs:Buffer.Size1024:Iteration.Count3:EnvironmentSafari:Model.Uniquesteerable-nafx               5.232e+03
PPjs:Buffer.Size8192:Iteration.Count3:EnvironmentSafari:Model.Uniquesteerable-nafx               5.232e+03
PPjs:Buffer.Size1024:Iteration.Count4:EnvironmentSafari:Model.Uniquesteerable-nafx               5.232e+03
PPjs:Buffer.Size8192:Iteration.Count4:EnvironmentSafari:Model.Uniquesteerable-nafx               5.232e+03
                                                                                                 t value
(Intercept)                                                                                     -306.618
Backendjs-bypass                                                                                   1.493
Backendjs-onnx                                                                                    76.257
Backendwasm-onnx                                                                                  75.551
PPjs                                                                                               1.639
Buffer.Size1024                                                                                   -8.351
Buffer.Size8192                                                                                   -9.797
Iteration.Count1                                                                                  13.401
Iteration.Count2                                                                                  -3.075
Iteration.Count3                                                                                  -3.311
Iteration.Count4                                                                                  -3.653
EnvironmentFirefox                                                                                -4.636
EnvironmentSafari                                                                                  3.553
Model.Uniquesteerable-nafx                                                                        -8.604
Backendjs-bypass:PPjs                                                                             -0.261
Backendjs-onnx:PPjs                                                                               -1.222
Backendwasm-onnx:PPjs                                                                             -1.706
Backendjs-bypass:Buffer.Size1024                                                                  -0.812
Backendjs-onnx:Buffer.Size1024                                                                     3.580
Backendwasm-onnx:Buffer.Size1024                                                                   3.226
Backendjs-bypass:Buffer.Size8192                                                                  -0.930
Backendjs-onnx:Buffer.Size8192                                                                     4.043
Backendwasm-onnx:Buffer.Size8192                                                                   4.153
Backendjs-bypass:Iteration.Count1                                                                 -0.793
Backendjs-onnx:Iteration.Count1                                                                   -3.096
Backendwasm-onnx:Iteration.Count1                                                                 -6.448
Backendjs-bypass:Iteration.Count2                                                                 -0.011
Backendjs-onnx:Iteration.Count2                                                                    0.458
Backendwasm-onnx:Iteration.Count2                                                                  1.084
Backendjs-bypass:Iteration.Count3                                                                  0.699
Backendjs-onnx:Iteration.Count3                                                                    0.628
Backendwasm-onnx:Iteration.Count3                                                                  1.053
Backendjs-bypass:Iteration.Count4                                                                  0.373
Backendjs-onnx:Iteration.Count4                                                                    1.174
Backendwasm-onnx:Iteration.Count4                                                                  1.865
Backendjs-bypass:EnvironmentFirefox                                                                0.171
Backendjs-onnx:EnvironmentFirefox                                                                -11.911
Backendwasm-onnx:EnvironmentFirefox                                                               -8.645
Backendjs-bypass:EnvironmentSafari                                                                -0.056
Backendjs-onnx:EnvironmentSafari                                                                 -13.260
Backendwasm-onnx:EnvironmentSafari                                                               -14.141
Backendjs-bypass:Model.Uniquesteerable-nafx                                                       -0.455
Backendjs-onnx:Model.Uniquesteerable-nafx                                                         76.390
Backendwasm-onnx:Model.Uniquesteerable-nafx                                                       76.632
PPjs:Buffer.Size1024                                                                              -0.946
PPjs:Buffer.Size8192                                                                              -0.767
PPjs:Iteration.Count1                                                                             -2.438
PPjs:Iteration.Count2                                                                              0.256
PPjs:Iteration.Count3                                                                             -0.190
PPjs:Iteration.Count4                                                                              0.804
PPjs:EnvironmentFirefox                                                                           -0.430
PPjs:EnvironmentSafari                                                                            -0.936
PPjs:Model.Uniquesteerable-nafx                                                                   -1.280
Buffer.Size1024:Iteration.Count1                                                                  -8.649
Buffer.Size8192:Iteration.Count1                                                                  -9.605
Buffer.Size1024:Iteration.Count2                                                                   1.993
Buffer.Size8192:Iteration.Count2                                                                   2.095
Buffer.Size1024:Iteration.Count3                                                                   2.350
Buffer.Size8192:Iteration.Count3                                                                   2.240
Buffer.Size1024:Iteration.Count4                                                                   2.285
Buffer.Size8192:Iteration.Count4                                                                   2.731
Buffer.Size1024:EnvironmentFirefox                                                                -4.965
Buffer.Size8192:EnvironmentFirefox                                                                -6.518
Buffer.Size1024:EnvironmentSafari                                                                -11.352
Buffer.Size8192:EnvironmentSafari                                                                -16.102
Buffer.Size1024:Model.Uniquesteerable-nafx                                                       -41.400
Buffer.Size8192:Model.Uniquesteerable-nafx                                                       -67.102
Iteration.Count1:EnvironmentFirefox                                                                0.371
Iteration.Count2:EnvironmentFirefox                                                               -0.755
Iteration.Count3:EnvironmentFirefox                                                                0.094
Iteration.Count4:EnvironmentFirefox                                                                0.252
Iteration.Count1:EnvironmentSafari                                                                13.414
Iteration.Count2:EnvironmentSafari                                                                -3.626
Iteration.Count3:EnvironmentSafari                                                                -3.328
Iteration.Count4:EnvironmentSafari                                                                -2.917
Iteration.Count1:Model.Uniquesteerable-nafx                                                        5.417
Iteration.Count2:Model.Uniquesteerable-nafx                                                       -0.581
Iteration.Count3:Model.Uniquesteerable-nafx                                                       -2.114
Iteration.Count4:Model.Uniquesteerable-nafx                                                       -1.469
EnvironmentFirefox:Model.Uniquesteerable-nafx                                                      3.924
EnvironmentSafari:Model.Uniquesteerable-nafx                                                       0.992
Backendjs-bypass:PPjs:Buffer.Size1024                                                              0.186
Backendjs-onnx:PPjs:Buffer.Size1024                                                                0.723
Backendwasm-onnx:PPjs:Buffer.Size1024                                                              1.227
Backendjs-bypass:PPjs:Buffer.Size8192                                                              0.039
Backendjs-onnx:PPjs:Buffer.Size8192                                                                0.615
Backendwasm-onnx:PPjs:Buffer.Size8192                                                              1.022
Backendjs-bypass:PPjs:Iteration.Count1                                                             1.395
Backendjs-onnx:PPjs:Iteration.Count1                                                               1.746
Backendwasm-onnx:PPjs:Iteration.Count1                                                             0.825
Backendjs-bypass:PPjs:Iteration.Count2                                                             0.225
Backendjs-onnx:PPjs:Iteration.Count2                                                              -0.208
Backendwasm-onnx:PPjs:Iteration.Count2                                                             0.163
Backendjs-bypass:PPjs:Iteration.Count3                                                            -0.119
Backendjs-onnx:PPjs:Iteration.Count3                                                               0.167
Backendwasm-onnx:PPjs:Iteration.Count3                                                             0.468
Backendjs-bypass:PPjs:Iteration.Count4                                                            -0.498
Backendjs-onnx:PPjs:Iteration.Count4                                                              -0.669
Backendwasm-onnx:PPjs:Iteration.Count4                                                            -0.446
Backendjs-bypass:PPjs:EnvironmentFirefox                                                           1.471
Backendjs-onnx:PPjs:EnvironmentFirefox                                                             0.337
Backendwasm-onnx:PPjs:EnvironmentFirefox                                                           0.802
Backendjs-bypass:PPjs:EnvironmentSafari                                                            1.006
Backendjs-onnx:PPjs:EnvironmentSafari                                                              0.326
Backendwasm-onnx:PPjs:EnvironmentSafari                                                            1.397
Backendjs-bypass:PPjs:Model.Uniquesteerable-nafx                                                   0.375
Backendjs-onnx:PPjs:Model.Uniquesteerable-nafx                                                     1.017
Backendwasm-onnx:PPjs:Model.Uniquesteerable-nafx                                                   1.255
Backendjs-bypass:Buffer.Size1024:Iteration.Count1                                                  1.023
Backendjs-onnx:Buffer.Size1024:Iteration.Count1                                                    3.569
Backendwasm-onnx:Buffer.Size1024:Iteration.Count1                                                  4.653
Backendjs-bypass:Buffer.Size8192:Iteration.Count1                                                  0.581
Backendjs-onnx:Buffer.Size8192:Iteration.Count1                                                    2.744
Backendwasm-onnx:Buffer.Size8192:Iteration.Count1                                                  5.042
Backendjs-bypass:Buffer.Size1024:Iteration.Count2                                                 -0.209
Backendjs-onnx:Buffer.Size1024:Iteration.Count2                                                   -0.624
Backendwasm-onnx:Buffer.Size1024:Iteration.Count2                                                 -0.783
Backendjs-bypass:Buffer.Size8192:Iteration.Count2                                                  0.092
Backendjs-onnx:Buffer.Size8192:Iteration.Count2                                                   -0.445
Backendwasm-onnx:Buffer.Size8192:Iteration.Count2                                                 -0.819
Backendjs-bypass:Buffer.Size1024:Iteration.Count3                                                 -0.582
Backendjs-onnx:Buffer.Size1024:Iteration.Count3                                                   -0.971
Backendwasm-onnx:Buffer.Size1024:Iteration.Count3                                                 -0.907
Backendjs-bypass:Buffer.Size8192:Iteration.Count3                                                 -0.352
Backendjs-onnx:Buffer.Size8192:Iteration.Count3                                                   -0.451
Backendwasm-onnx:Buffer.Size8192:Iteration.Count3                                                 -0.772
Backendjs-bypass:Buffer.Size1024:Iteration.Count4                                                 -0.274
Backendjs-onnx:Buffer.Size1024:Iteration.Count4                                                   -1.156
Backendwasm-onnx:Buffer.Size1024:Iteration.Count4                                                 -1.335
Backendjs-bypass:Buffer.Size8192:Iteration.Count4                                                 -0.416
Backendjs-onnx:Buffer.Size8192:Iteration.Count4                                                   -1.068
Backendwasm-onnx:Buffer.Size8192:Iteration.Count4                                                 -1.555
Backendjs-bypass:Buffer.Size1024:EnvironmentFirefox                                               -0.810
Backendjs-onnx:Buffer.Size1024:EnvironmentFirefox                                                  2.426
Backendwasm-onnx:Buffer.Size1024:EnvironmentFirefox                                                1.672
Backendjs-bypass:Buffer.Size8192:EnvironmentFirefox                                               -0.285
Backendjs-onnx:Buffer.Size8192:EnvironmentFirefox                                                  3.629
Backendwasm-onnx:Buffer.Size8192:EnvironmentFirefox                                                2.586
Backendjs-bypass:Buffer.Size1024:EnvironmentSafari                                                -1.238
Backendjs-onnx:Buffer.Size1024:EnvironmentSafari                                                   4.982
Backendwasm-onnx:Buffer.Size1024:EnvironmentSafari                                                 4.649
Backendjs-bypass:Buffer.Size8192:EnvironmentSafari                                                 0.136
Backendjs-onnx:Buffer.Size8192:EnvironmentSafari                                                   7.561
Backendwasm-onnx:Buffer.Size8192:EnvironmentSafari                                                 7.147
Backendjs-bypass:Buffer.Size1024:Model.Uniquesteerable-nafx                                        1.248
Backendjs-onnx:Buffer.Size1024:Model.Uniquesteerable-nafx                                         -1.839
Backendwasm-onnx:Buffer.Size1024:Model.Uniquesteerable-nafx                                       -1.598
Backendjs-bypass:Buffer.Size8192:Model.Uniquesteerable-nafx                                        0.707
Backendjs-onnx:Buffer.Size8192:Model.Uniquesteerable-nafx                                         -9.991
Backendwasm-onnx:Buffer.Size8192:Model.Uniquesteerable-nafx                                       -9.940
Backendjs-bypass:Iteration.Count1:EnvironmentFirefox                                               0.602
Backendjs-onnx:Iteration.Count1:EnvironmentFirefox                                                -1.169
Backendwasm-onnx:Iteration.Count1:EnvironmentFirefox                                               0.159
Backendjs-bypass:Iteration.Count2:EnvironmentFirefox                                               1.115
Backendjs-onnx:Iteration.Count2:EnvironmentFirefox                                                 1.268
Backendwasm-onnx:Iteration.Count2:EnvironmentFirefox                                               0.689
Backendjs-bypass:Iteration.Count3:EnvironmentFirefox                                              -0.712
Backendjs-onnx:Iteration.Count3:EnvironmentFirefox                                                 0.146
Backendwasm-onnx:Iteration.Count3:EnvironmentFirefox                                               0.416
Backendjs-bypass:Iteration.Count4:EnvironmentFirefox                                              -0.976
Backendjs-onnx:Iteration.Count4:EnvironmentFirefox                                                -0.355
Backendwasm-onnx:Iteration.Count4:EnvironmentFirefox                                              -0.457
Backendjs-bypass:Iteration.Count1:EnvironmentSafari                                               -2.766
Backendjs-onnx:Iteration.Count1:EnvironmentSafari                                                 -8.037
Backendwasm-onnx:Iteration.Count1:EnvironmentSafari                                               -5.894
Backendjs-bypass:Iteration.Count2:EnvironmentSafari                                                0.421
Backendjs-onnx:Iteration.Count2:EnvironmentSafari                                                  3.704
Backendwasm-onnx:Iteration.Count2:EnvironmentSafari                                                2.839
Backendjs-bypass:Iteration.Count3:EnvironmentSafari                                                0.330
Backendjs-onnx:Iteration.Count3:EnvironmentSafari                                                  1.453
Backendwasm-onnx:Iteration.Count3:EnvironmentSafari                                                1.641
Backendjs-bypass:Iteration.Count4:EnvironmentSafari                                                0.732
Backendjs-onnx:Iteration.Count4:EnvironmentSafari                                                  1.073
Backendwasm-onnx:Iteration.Count4:EnvironmentSafari                                                0.602
Backendjs-bypass:Iteration.Count1:Model.Uniquesteerable-nafx                                      -2.044
Backendjs-onnx:Iteration.Count1:Model.Uniquesteerable-nafx                                        -7.670
Backendwasm-onnx:Iteration.Count1:Model.Uniquesteerable-nafx                                      -5.540
Backendjs-bypass:Iteration.Count2:Model.Uniquesteerable-nafx                                      -0.147
Backendjs-onnx:Iteration.Count2:Model.Uniquesteerable-nafx                                         1.369
Backendwasm-onnx:Iteration.Count2:Model.Uniquesteerable-nafx                                       1.006
Backendjs-bypass:Iteration.Count3:Model.Uniquesteerable-nafx                                       0.200
Backendjs-onnx:Iteration.Count3:Model.Uniquesteerable-nafx                                         2.667
Backendwasm-onnx:Iteration.Count3:Model.Uniquesteerable-nafx                                       2.485
Backendjs-bypass:Iteration.Count4:Model.Uniquesteerable-nafx                                       0.118
Backendjs-onnx:Iteration.Count4:Model.Uniquesteerable-nafx                                         1.813
Backendwasm-onnx:Iteration.Count4:Model.Uniquesteerable-nafx                                       1.324
Backendjs-bypass:EnvironmentFirefox:Model.Uniquesteerable-nafx                                    -0.872
Backendjs-onnx:EnvironmentFirefox:Model.Uniquesteerable-nafx                                      -3.682
Backendwasm-onnx:EnvironmentFirefox:Model.Uniquesteerable-nafx                                    -5.965
Backendjs-bypass:EnvironmentSafari:Model.Uniquesteerable-nafx                                     -0.622
Backendjs-onnx:EnvironmentSafari:Model.Uniquesteerable-nafx                                       -4.797
Backendwasm-onnx:EnvironmentSafari:Model.Uniquesteerable-nafx                                     -4.015
PPjs:Buffer.Size1024:Iteration.Count1                                                              2.073
PPjs:Buffer.Size8192:Iteration.Count1                                                              2.047
PPjs:Buffer.Size1024:Iteration.Count2                                                             -0.299
PPjs:Buffer.Size8192:Iteration.Count2                                                             -0.032
PPjs:Buffer.Size1024:Iteration.Count3                                                              0.091
PPjs:Buffer.Size8192:Iteration.Count3                                                              0.175
PPjs:Buffer.Size1024:Iteration.Count4                                                             -0.676
PPjs:Buffer.Size8192:Iteration.Count4                                                             -0.877
PPjs:Buffer.Size1024:EnvironmentFirefox                                                            0.512
PPjs:Buffer.Size8192:EnvironmentFirefox                                                            0.892
PPjs:Buffer.Size1024:EnvironmentSafari                                                             4.283
PPjs:Buffer.Size8192:EnvironmentSafari                                                             4.581
PPjs:Buffer.Size1024:Model.Uniquesteerable-nafx                                                    1.554
PPjs:Buffer.Size8192:Model.Uniquesteerable-nafx                                                    0.161
PPjs:Iteration.Count1:EnvironmentFirefox                                                           1.155
PPjs:Iteration.Count2:EnvironmentFirefox                                                           0.854
PPjs:Iteration.Count3:EnvironmentFirefox                                                          -0.741
PPjs:Iteration.Count4:EnvironmentFirefox                                                          -0.390
PPjs:Iteration.Count1:EnvironmentSafari                                                           -1.335
PPjs:Iteration.Count2:EnvironmentSafari                                                            0.352
PPjs:Iteration.Count3:EnvironmentSafari                                                            0.935
PPjs:Iteration.Count4:EnvironmentSafari                                                            0.151
PPjs:Iteration.Count1:Model.Uniquesteerable-nafx                                                  -1.609
PPjs:Iteration.Count2:Model.Uniquesteerable-nafx                                                  -0.338
PPjs:Iteration.Count3:Model.Uniquesteerable-nafx                                                   1.614
PPjs:Iteration.Count4:Model.Uniquesteerable-nafx                                                   0.498
PPjs:EnvironmentFirefox:Model.Uniquesteerable-nafx                                                 0.109
PPjs:EnvironmentSafari:Model.Uniquesteerable-nafx                                                  0.217
Buffer.Size1024:Iteration.Count1:EnvironmentFirefox                                                1.538
Buffer.Size8192:Iteration.Count1:EnvironmentFirefox                                               -0.197
Buffer.Size1024:Iteration.Count2:EnvironmentFirefox                                                0.176
Buffer.Size8192:Iteration.Count2:EnvironmentFirefox                                                0.454
Buffer.Size1024:Iteration.Count3:EnvironmentFirefox                                               -0.447
Buffer.Size8192:Iteration.Count3:EnvironmentFirefox                                               -0.037
Buffer.Size1024:Iteration.Count4:EnvironmentFirefox                                               -0.929
Buffer.Size8192:Iteration.Count4:EnvironmentFirefox                                               -0.091
Buffer.Size1024:Iteration.Count1:EnvironmentSafari                                                -4.391
Buffer.Size8192:Iteration.Count1:EnvironmentSafari                                                -8.356
Buffer.Size1024:Iteration.Count2:EnvironmentSafari                                                 0.957
Buffer.Size8192:Iteration.Count2:EnvironmentSafari                                                 2.737
Buffer.Size1024:Iteration.Count3:EnvironmentSafari                                                 1.017
Buffer.Size8192:Iteration.Count3:EnvironmentSafari                                                 1.998
Buffer.Size1024:Iteration.Count4:EnvironmentSafari                                                 1.555
Buffer.Size8192:Iteration.Count4:EnvironmentSafari                                                 1.621
Buffer.Size1024:Iteration.Count1:Model.Uniquesteerable-nafx                                        5.079
Buffer.Size8192:Iteration.Count1:Model.Uniquesteerable-nafx                                        1.111
Buffer.Size1024:Iteration.Count2:Model.Uniquesteerable-nafx                                       -1.977
Buffer.Size8192:Iteration.Count2:Model.Uniquesteerable-nafx                                       -0.921
Buffer.Size1024:Iteration.Count3:Model.Uniquesteerable-nafx                                       -0.669
Buffer.Size8192:Iteration.Count3:Model.Uniquesteerable-nafx                                        0.595
Buffer.Size1024:Iteration.Count4:Model.Uniquesteerable-nafx                                       -1.115
Buffer.Size8192:Iteration.Count4:Model.Uniquesteerable-nafx                                       -0.284
Buffer.Size1024:EnvironmentFirefox:Model.Uniquesteerable-nafx                                      3.058
Buffer.Size8192:EnvironmentFirefox:Model.Uniquesteerable-nafx                                     -2.108
Buffer.Size1024:EnvironmentSafari:Model.Uniquesteerable-nafx                                       8.538
Buffer.Size8192:EnvironmentSafari:Model.Uniquesteerable-nafx                                       4.730
Iteration.Count1:EnvironmentFirefox:Model.Uniquesteerable-nafx                                    -3.579
Iteration.Count2:EnvironmentFirefox:Model.Uniquesteerable-nafx                                    -0.120
Iteration.Count3:EnvironmentFirefox:Model.Uniquesteerable-nafx                                     1.311
Iteration.Count4:EnvironmentFirefox:Model.Uniquesteerable-nafx                                     1.293
Iteration.Count1:EnvironmentSafari:Model.Uniquesteerable-nafx                                     -4.879
Iteration.Count2:EnvironmentSafari:Model.Uniquesteerable-nafx                                      1.296
Iteration.Count3:EnvironmentSafari:Model.Uniquesteerable-nafx                                     -0.234
Iteration.Count4:EnvironmentSafari:Model.Uniquesteerable-nafx                                      1.922
Backendjs-bypass:PPjs:Buffer.Size1024:Iteration.Count1                                            -1.068
Backendjs-onnx:PPjs:Buffer.Size1024:Iteration.Count1                                              -1.647
Backendwasm-onnx:PPjs:Buffer.Size1024:Iteration.Count1                                            -1.032
Backendjs-bypass:PPjs:Buffer.Size8192:Iteration.Count1                                            -1.131
Backendjs-onnx:PPjs:Buffer.Size8192:Iteration.Count1                                              -1.517
Backendwasm-onnx:PPjs:Buffer.Size8192:Iteration.Count1                                            -0.782
Backendjs-bypass:PPjs:Buffer.Size1024:Iteration.Count2                                            -0.023
Backendjs-onnx:PPjs:Buffer.Size1024:Iteration.Count2                                               0.267
Backendwasm-onnx:PPjs:Buffer.Size1024:Iteration.Count2                                            -0.097
Backendjs-bypass:PPjs:Buffer.Size8192:Iteration.Count2                                            -0.273
Backendjs-onnx:PPjs:Buffer.Size8192:Iteration.Count2                                               0.107
Backendwasm-onnx:PPjs:Buffer.Size8192:Iteration.Count2                                            -0.257
Backendjs-bypass:PPjs:Buffer.Size1024:Iteration.Count3                                            -0.141
Backendjs-onnx:PPjs:Buffer.Size1024:Iteration.Count3                                              -0.052
Backendwasm-onnx:PPjs:Buffer.Size1024:Iteration.Count3                                             0.082
Backendjs-bypass:PPjs:Buffer.Size8192:Iteration.Count3                                            -0.112
Backendjs-onnx:PPjs:Buffer.Size8192:Iteration.Count3                                              -0.186
Backendwasm-onnx:PPjs:Buffer.Size8192:Iteration.Count3                                            -0.340
Backendjs-bypass:PPjs:Buffer.Size1024:Iteration.Count4                                             0.308
Backendjs-onnx:PPjs:Buffer.Size1024:Iteration.Count4                                               0.624
Backendwasm-onnx:PPjs:Buffer.Size1024:Iteration.Count4                                             0.391
Backendjs-bypass:PPjs:Buffer.Size8192:Iteration.Count4                                             0.598
Backendjs-onnx:PPjs:Buffer.Size8192:Iteration.Count4                                               0.752
Backendwasm-onnx:PPjs:Buffer.Size8192:Iteration.Count4                                             0.596
Backendjs-bypass:PPjs:Buffer.Size1024:EnvironmentFirefox                                          -0.431
Backendjs-onnx:PPjs:Buffer.Size1024:EnvironmentFirefox                                            -0.248
Backendwasm-onnx:PPjs:Buffer.Size1024:EnvironmentFirefox                                          -0.693
Backendjs-bypass:PPjs:Buffer.Size8192:EnvironmentFirefox                                          -0.814
Backendjs-onnx:PPjs:Buffer.Size8192:EnvironmentFirefox                                            -0.597
Backendwasm-onnx:PPjs:Buffer.Size8192:EnvironmentFirefox                                          -0.949
Backendjs-bypass:PPjs:Buffer.Size1024:EnvironmentSafari                                           -0.752
Backendjs-onnx:PPjs:Buffer.Size1024:EnvironmentSafari                                             -2.545
Backendwasm-onnx:PPjs:Buffer.Size1024:EnvironmentSafari                                           -3.327
Backendjs-bypass:PPjs:Buffer.Size8192:EnvironmentSafari                                            0.705
Backendjs-onnx:PPjs:Buffer.Size8192:EnvironmentSafari                                             -2.614
Backendwasm-onnx:PPjs:Buffer.Size8192:EnvironmentSafari                                           -3.521
Backendjs-bypass:PPjs:Buffer.Size1024:Model.Uniquesteerable-nafx                                  -0.847
Backendjs-onnx:PPjs:Buffer.Size1024:Model.Uniquesteerable-nafx                                    -1.143
Backendwasm-onnx:PPjs:Buffer.Size1024:Model.Uniquesteerable-nafx                                  -1.458
Backendjs-bypass:PPjs:Buffer.Size8192:Model.Uniquesteerable-nafx                                   0.311
Backendjs-onnx:PPjs:Buffer.Size8192:Model.Uniquesteerable-nafx                                    -0.192
Backendwasm-onnx:PPjs:Buffer.Size8192:Model.Uniquesteerable-nafx                                  -0.428
Backendjs-bypass:PPjs:Iteration.Count1:EnvironmentFirefox                                         -1.500
Backendjs-onnx:PPjs:Iteration.Count1:EnvironmentFirefox                                           -0.962
Backendwasm-onnx:PPjs:Iteration.Count1:EnvironmentFirefox                                         -0.128
Backendjs-bypass:PPjs:Iteration.Count2:EnvironmentFirefox                                         -0.885
Backendjs-onnx:PPjs:Iteration.Count2:EnvironmentFirefox                                           -0.725
Backendwasm-onnx:PPjs:Iteration.Count2:EnvironmentFirefox                                         -0.848
Backendjs-bypass:PPjs:Iteration.Count3:EnvironmentFirefox                                          0.640
Backendjs-onnx:PPjs:Iteration.Count3:EnvironmentFirefox                                            0.562
Backendwasm-onnx:PPjs:Iteration.Count3:EnvironmentFirefox                                          0.230
Backendjs-bypass:PPjs:Iteration.Count4:EnvironmentFirefox                                          0.829
Backendjs-onnx:PPjs:Iteration.Count4:EnvironmentFirefox                                            0.606
Backendwasm-onnx:PPjs:Iteration.Count4:EnvironmentFirefox                                          0.282
Backendjs-bypass:PPjs:Iteration.Count1:EnvironmentSafari                                           0.497
Backendjs-onnx:PPjs:Iteration.Count1:EnvironmentSafari                                             1.202
Backendwasm-onnx:PPjs:Iteration.Count1:EnvironmentSafari                                           1.936
Backendjs-bypass:PPjs:Iteration.Count2:EnvironmentSafari                                           0.038
Backendjs-onnx:PPjs:Iteration.Count2:EnvironmentSafari                                            -0.912
Backendwasm-onnx:PPjs:Iteration.Count2:EnvironmentSafari                                          -0.622
Backendjs-bypass:PPjs:Iteration.Count3:EnvironmentSafari                                          -0.247
Backendjs-onnx:PPjs:Iteration.Count3:EnvironmentSafari                                            -0.555
Backendwasm-onnx:PPjs:Iteration.Count3:EnvironmentSafari                                          -1.132
Backendjs-bypass:PPjs:Iteration.Count4:EnvironmentSafari                                          -0.400
Backendjs-onnx:PPjs:Iteration.Count4:EnvironmentSafari                                             0.252
Backendwasm-onnx:PPjs:Iteration.Count4:EnvironmentSafari                                          -0.172
Backendjs-bypass:PPjs:Iteration.Count1:Model.Uniquesteerable-nafx                                  1.169
Backendjs-onnx:PPjs:Iteration.Count1:Model.Uniquesteerable-nafx                                    1.272
Backendwasm-onnx:PPjs:Iteration.Count1:Model.Uniquesteerable-nafx                                  1.586
Backendjs-bypass:PPjs:Iteration.Count2:Model.Uniquesteerable-nafx                                  0.097
Backendjs-onnx:PPjs:Iteration.Count2:Model.Uniquesteerable-nafx                                    0.336
Backendwasm-onnx:PPjs:Iteration.Count2:Model.Uniquesteerable-nafx                                  0.132
Backendjs-bypass:PPjs:Iteration.Count3:Model.Uniquesteerable-nafx                                 -0.754
Backendjs-onnx:PPjs:Iteration.Count3:Model.Uniquesteerable-nafx                                   -1.251
Backendwasm-onnx:PPjs:Iteration.Count3:Model.Uniquesteerable-nafx                                 -1.365
Backendjs-bypass:PPjs:Iteration.Count4:Model.Uniquesteerable-nafx                                  0.159
Backendjs-onnx:PPjs:Iteration.Count4:Model.Uniquesteerable-nafx                                   -0.282
Backendwasm-onnx:PPjs:Iteration.Count4:Model.Uniquesteerable-nafx                                 -0.298
Backendjs-bypass:PPjs:EnvironmentFirefox:Model.Uniquesteerable-nafx                               -0.926
Backendjs-onnx:PPjs:EnvironmentFirefox:Model.Uniquesteerable-nafx                                 -0.180
Backendwasm-onnx:PPjs:EnvironmentFirefox:Model.Uniquesteerable-nafx                               -0.405
Backendjs-bypass:PPjs:EnvironmentSafari:Model.Uniquesteerable-nafx                                -0.406
Backendjs-onnx:PPjs:EnvironmentSafari:Model.Uniquesteerable-nafx                                   0.009
Backendwasm-onnx:PPjs:EnvironmentSafari:Model.Uniquesteerable-nafx                                -0.593
Backendjs-bypass:Buffer.Size1024:Iteration.Count1:EnvironmentFirefox                              -0.992
Backendjs-onnx:Buffer.Size1024:Iteration.Count1:EnvironmentFirefox                                -0.776
Backendwasm-onnx:Buffer.Size1024:Iteration.Count1:EnvironmentFirefox                              -1.381
Backendjs-bypass:Buffer.Size8192:Iteration.Count1:EnvironmentFirefox                              -0.395
Backendjs-onnx:Buffer.Size8192:Iteration.Count1:EnvironmentFirefox                                 0.864
Backendwasm-onnx:Buffer.Size8192:Iteration.Count1:EnvironmentFirefox                              -0.196
Backendjs-bypass:Buffer.Size1024:Iteration.Count2:EnvironmentFirefox                              -0.569
Backendjs-onnx:Buffer.Size1024:Iteration.Count2:EnvironmentFirefox                                -0.576
Backendwasm-onnx:Buffer.Size1024:Iteration.Count2:EnvironmentFirefox                              -0.235
Backendjs-bypass:Buffer.Size8192:Iteration.Count2:EnvironmentFirefox                              -0.763
Backendjs-onnx:Buffer.Size8192:Iteration.Count2:EnvironmentFirefox                                -0.846
Backendwasm-onnx:Buffer.Size8192:Iteration.Count2:EnvironmentFirefox                              -0.457
Backendjs-bypass:Buffer.Size1024:Iteration.Count3:EnvironmentFirefox                               0.340
Backendjs-onnx:Buffer.Size1024:Iteration.Count3:EnvironmentFirefox                                 0.251
Backendwasm-onnx:Buffer.Size1024:Iteration.Count3:EnvironmentFirefox                              -0.117
Backendjs-bypass:Buffer.Size8192:Iteration.Count3:EnvironmentFirefox                               0.238
Backendjs-onnx:Buffer.Size8192:Iteration.Count3:EnvironmentFirefox                                -0.215
Backendwasm-onnx:Buffer.Size8192:Iteration.Count3:EnvironmentFirefox                              -0.367
Backendjs-bypass:Buffer.Size1024:Iteration.Count4:EnvironmentFirefox                               0.909
Backendjs-onnx:Buffer.Size1024:Iteration.Count4:EnvironmentFirefox                                 0.956
Backendwasm-onnx:Buffer.Size1024:Iteration.Count4:EnvironmentFirefox                               0.950
Backendjs-bypass:Buffer.Size8192:Iteration.Count4:EnvironmentFirefox                               0.880
Backendjs-onnx:Buffer.Size8192:Iteration.Count4:EnvironmentFirefox                                 0.232
Backendwasm-onnx:Buffer.Size8192:Iteration.Count4:EnvironmentFirefox                               0.359
Backendjs-bypass:Buffer.Size1024:Iteration.Count1:EnvironmentSafari                                0.450
Backendjs-onnx:Buffer.Size1024:Iteration.Count1:EnvironmentSafari                                  2.396
Backendwasm-onnx:Buffer.Size1024:Iteration.Count1:EnvironmentSafari                                1.506
Backendjs-bypass:Buffer.Size8192:Iteration.Count1:EnvironmentSafari                                1.759
Backendjs-onnx:Buffer.Size8192:Iteration.Count1:EnvironmentSafari                                  5.211
Backendwasm-onnx:Buffer.Size8192:Iteration.Count1:EnvironmentSafari                                3.687
Backendjs-bypass:Buffer.Size1024:Iteration.Count2:EnvironmentSafari                                0.572
Backendjs-onnx:Buffer.Size1024:Iteration.Count2:EnvironmentSafari                                 -1.555
Backendwasm-onnx:Buffer.Size1024:Iteration.Count2:EnvironmentSafari                               -1.055
Backendjs-bypass:Buffer.Size8192:Iteration.Count2:EnvironmentSafari                               -0.178
Backendjs-onnx:Buffer.Size8192:Iteration.Count2:EnvironmentSafari                                 -2.886
Backendwasm-onnx:Buffer.Size8192:Iteration.Count2:EnvironmentSafari                               -2.248
Backendjs-bypass:Buffer.Size1024:Iteration.Count3:EnvironmentSafari                               -0.037
Backendjs-onnx:Buffer.Size1024:Iteration.Count3:EnvironmentSafari                                 -0.094
Backendwasm-onnx:Buffer.Size1024:Iteration.Count3:EnvironmentSafari                               -0.513
Backendjs-bypass:Buffer.Size8192:Iteration.Count3:EnvironmentSafari                               -0.329
Backendjs-onnx:Buffer.Size8192:Iteration.Count3:EnvironmentSafari                                 -0.877
Backendwasm-onnx:Buffer.Size8192:Iteration.Count3:EnvironmentSafari                               -1.018
Backendjs-bypass:Buffer.Size1024:Iteration.Count4:EnvironmentSafari                               -0.854
Backendjs-onnx:Buffer.Size1024:Iteration.Count4:EnvironmentSafari                                 -0.451
Backendwasm-onnx:Buffer.Size1024:Iteration.Count4:EnvironmentSafari                               -0.242
Backendjs-bypass:Buffer.Size8192:Iteration.Count4:EnvironmentSafari                               -0.484
Backendjs-onnx:Buffer.Size8192:Iteration.Count4:EnvironmentSafari                                 -0.445
Backendwasm-onnx:Buffer.Size8192:Iteration.Count4:EnvironmentSafari                               -0.094
Backendjs-bypass:Buffer.Size1024:Iteration.Count1:Model.Uniquesteerable-nafx                      -0.243
Backendjs-onnx:Buffer.Size1024:Iteration.Count1:Model.Uniquesteerable-nafx                        -1.841
Backendwasm-onnx:Buffer.Size1024:Iteration.Count1:Model.Uniquesteerable-nafx                      -2.911
Backendjs-bypass:Buffer.Size8192:Iteration.Count1:Model.Uniquesteerable-nafx                      -0.154
Backendjs-onnx:Buffer.Size8192:Iteration.Count1:Model.Uniquesteerable-nafx                         2.160
Backendwasm-onnx:Buffer.Size8192:Iteration.Count1:Model.Uniquesteerable-nafx                       0.310
Backendjs-bypass:Buffer.Size1024:Iteration.Count2:Model.Uniquesteerable-nafx                       0.562
Backendjs-onnx:Buffer.Size1024:Iteration.Count2:Model.Uniquesteerable-nafx                         0.918
Backendwasm-onnx:Buffer.Size1024:Iteration.Count2:Model.Uniquesteerable-nafx                       1.098
Backendjs-bypass:Buffer.Size8192:Iteration.Count2:Model.Uniquesteerable-nafx                       0.339
Backendjs-onnx:Buffer.Size8192:Iteration.Count2:Model.Uniquesteerable-nafx                         0.121
Backendwasm-onnx:Buffer.Size8192:Iteration.Count2:Model.Uniquesteerable-nafx                       0.375
Backendjs-bypass:Buffer.Size1024:Iteration.Count3:Model.Uniquesteerable-nafx                       0.048
Backendjs-onnx:Buffer.Size1024:Iteration.Count3:Model.Uniquesteerable-nafx                        -0.055
Backendwasm-onnx:Buffer.Size1024:Iteration.Count3:Model.Uniquesteerable-nafx                      -0.098
Backendjs-bypass:Buffer.Size8192:Iteration.Count3:Model.Uniquesteerable-nafx                       0.686
Backendjs-onnx:Buffer.Size8192:Iteration.Count3:Model.Uniquesteerable-nafx                        -1.424
Backendwasm-onnx:Buffer.Size8192:Iteration.Count3:Model.Uniquesteerable-nafx                      -1.127
Backendjs-bypass:Buffer.Size1024:Iteration.Count4:Model.Uniquesteerable-nafx                       0.698
Backendjs-onnx:Buffer.Size1024:Iteration.Count4:Model.Uniquesteerable-nafx                         0.512
Backendwasm-onnx:Buffer.Size1024:Iteration.Count4:Model.Uniquesteerable-nafx                       0.779
Backendjs-bypass:Buffer.Size8192:Iteration.Count4:Model.Uniquesteerable-nafx                       0.350
Backendjs-onnx:Buffer.Size8192:Iteration.Count4:Model.Uniquesteerable-nafx                        -0.393
Backendwasm-onnx:Buffer.Size8192:Iteration.Count4:Model.Uniquesteerable-nafx                       0.066
Backendjs-bypass:Buffer.Size1024:EnvironmentFirefox:Model.Uniquesteerable-nafx                     0.305
Backendjs-onnx:Buffer.Size1024:EnvironmentFirefox:Model.Uniquesteerable-nafx                      -1.423
Backendwasm-onnx:Buffer.Size1024:EnvironmentFirefox:Model.Uniquesteerable-nafx                    -0.768
Backendjs-bypass:Buffer.Size8192:EnvironmentFirefox:Model.Uniquesteerable-nafx                     1.952
Backendjs-onnx:Buffer.Size8192:EnvironmentFirefox:Model.Uniquesteerable-nafx                       2.098
Backendwasm-onnx:Buffer.Size8192:EnvironmentFirefox:Model.Uniquesteerable-nafx                     3.199
Backendjs-bypass:Buffer.Size1024:EnvironmentSafari:Model.Uniquesteerable-nafx                      1.251
Backendjs-onnx:Buffer.Size1024:EnvironmentSafari:Model.Uniquesteerable-nafx                       -3.883
Backendwasm-onnx:Buffer.Size1024:EnvironmentSafari:Model.Uniquesteerable-nafx                     -3.520
Backendjs-bypass:Buffer.Size8192:EnvironmentSafari:Model.Uniquesteerable-nafx                      0.461
Backendjs-onnx:Buffer.Size8192:EnvironmentSafari:Model.Uniquesteerable-nafx                       -0.669
Backendwasm-onnx:Buffer.Size8192:EnvironmentSafari:Model.Uniquesteerable-nafx                     -0.167
Backendjs-bypass:Iteration.Count1:EnvironmentFirefox:Model.Uniquesteerable-nafx                    1.635
Backendjs-onnx:Iteration.Count1:EnvironmentFirefox:Model.Uniquesteerable-nafx                      3.328
Backendwasm-onnx:Iteration.Count1:EnvironmentFirefox:Model.Uniquesteerable-nafx                    1.965
Backendjs-bypass:Iteration.Count2:EnvironmentFirefox:Model.Uniquesteerable-nafx                    0.021
Backendjs-onnx:Iteration.Count2:EnvironmentFirefox:Model.Uniquesteerable-nafx                     -0.384
Backendwasm-onnx:Iteration.Count2:EnvironmentFirefox:Model.Uniquesteerable-nafx                    0.166
Backendjs-bypass:Iteration.Count3:EnvironmentFirefox:Model.Uniquesteerable-nafx                    0.113
Backendjs-onnx:Iteration.Count3:EnvironmentFirefox:Model.Uniquesteerable-nafx                     -1.189
Backendwasm-onnx:Iteration.Count3:EnvironmentFirefox:Model.Uniquesteerable-nafx                   -1.410
Backendjs-bypass:Iteration.Count4:EnvironmentFirefox:Model.Uniquesteerable-nafx                   -0.243
Backendjs-onnx:Iteration.Count4:EnvironmentFirefox:Model.Uniquesteerable-nafx                     -0.834
Backendwasm-onnx:Iteration.Count4:EnvironmentFirefox:Model.Uniquesteerable-nafx                   -0.564
Backendjs-bypass:Iteration.Count1:EnvironmentSafari:Model.Uniquesteerable-nafx                     3.107
Backendjs-onnx:Iteration.Count1:EnvironmentSafari:Model.Uniquesteerable-nafx                       2.407
Backendwasm-onnx:Iteration.Count1:EnvironmentSafari:Model.Uniquesteerable-nafx                     0.753
Backendjs-bypass:Iteration.Count2:EnvironmentSafari:Model.Uniquesteerable-nafx                    -0.751
Backendjs-onnx:Iteration.Count2:EnvironmentSafari:Model.Uniquesteerable-nafx                      -1.693
Backendwasm-onnx:Iteration.Count2:EnvironmentSafari:Model.Uniquesteerable-nafx                    -1.114
Backendjs-bypass:Iteration.Count3:EnvironmentSafari:Model.Uniquesteerable-nafx                     1.127
Backendjs-onnx:Iteration.Count3:EnvironmentSafari:Model.Uniquesteerable-nafx                       0.772
Backendwasm-onnx:Iteration.Count3:EnvironmentSafari:Model.Uniquesteerable-nafx                     0.626
Backendjs-bypass:Iteration.Count4:EnvironmentSafari:Model.Uniquesteerable-nafx                    -1.202
Backendjs-onnx:Iteration.Count4:EnvironmentSafari:Model.Uniquesteerable-nafx                      -0.620
Backendwasm-onnx:Iteration.Count4:EnvironmentSafari:Model.Uniquesteerable-nafx                    -0.149
PPjs:Buffer.Size1024:Iteration.Count1:EnvironmentFirefox                                          -1.488
PPjs:Buffer.Size8192:Iteration.Count1:EnvironmentFirefox                                          -0.951
PPjs:Buffer.Size1024:Iteration.Count2:EnvironmentFirefox                                          -0.578
PPjs:Buffer.Size8192:Iteration.Count2:EnvironmentFirefox                                          -0.649
PPjs:Buffer.Size1024:Iteration.Count3:EnvironmentFirefox                                           0.801
PPjs:Buffer.Size8192:Iteration.Count3:EnvironmentFirefox                                           0.455
PPjs:Buffer.Size1024:Iteration.Count4:EnvironmentFirefox                                           0.614
PPjs:Buffer.Size8192:Iteration.Count4:EnvironmentFirefox                                           0.423
PPjs:Buffer.Size1024:Iteration.Count1:EnvironmentSafari                                           -1.936
PPjs:Buffer.Size8192:Iteration.Count1:EnvironmentSafari                                            0.424
PPjs:Buffer.Size1024:Iteration.Count2:EnvironmentSafari                                            0.465
PPjs:Buffer.Size8192:Iteration.Count2:EnvironmentSafari                                           -0.529
PPjs:Buffer.Size1024:Iteration.Count3:EnvironmentSafari                                           -0.018
PPjs:Buffer.Size8192:Iteration.Count3:EnvironmentSafari                                           -0.469
PPjs:Buffer.Size1024:Iteration.Count4:EnvironmentSafari                                            0.129
PPjs:Buffer.Size8192:Iteration.Count4:EnvironmentSafari                                            0.264
PPjs:Buffer.Size1024:Iteration.Count1:Model.Uniquesteerable-nafx                                  -1.162
PPjs:Buffer.Size8192:Iteration.Count1:Model.Uniquesteerable-nafx                                  -1.883
PPjs:Buffer.Size1024:Iteration.Count2:Model.Uniquesteerable-nafx                                   1.101
PPjs:Buffer.Size8192:Iteration.Count2:Model.Uniquesteerable-nafx                                   0.931
PPjs:Buffer.Size1024:Iteration.Count3:Model.Uniquesteerable-nafx                                  -0.961
PPjs:Buffer.Size8192:Iteration.Count3:Model.Uniquesteerable-nafx                                  -0.862
PPjs:Buffer.Size1024:Iteration.Count4:Model.Uniquesteerable-nafx                                   0.256
PPjs:Buffer.Size8192:Iteration.Count4:Model.Uniquesteerable-nafx                                   0.651
PPjs:Buffer.Size1024:EnvironmentFirefox:Model.Uniquesteerable-nafx                                -0.936
PPjs:Buffer.Size8192:EnvironmentFirefox:Model.Uniquesteerable-nafx                                 0.250
PPjs:Buffer.Size1024:EnvironmentSafari:Model.Uniquesteerable-nafx                                 -3.696
PPjs:Buffer.Size8192:EnvironmentSafari:Model.Uniquesteerable-nafx                                 -3.156
PPjs:Iteration.Count1:EnvironmentFirefox:Model.Uniquesteerable-nafx                                2.624
PPjs:Iteration.Count2:EnvironmentFirefox:Model.Uniquesteerable-nafx                               -0.541
PPjs:Iteration.Count3:EnvironmentFirefox:Model.Uniquesteerable-nafx                               -0.397
PPjs:Iteration.Count4:EnvironmentFirefox:Model.Uniquesteerable-nafx                               -1.359
PPjs:Iteration.Count1:EnvironmentSafari:Model.Uniquesteerable-nafx                                 2.547
PPjs:Iteration.Count2:EnvironmentSafari:Model.Uniquesteerable-nafx                                -0.388
PPjs:Iteration.Count3:EnvironmentSafari:Model.Uniquesteerable-nafx                                -0.271
PPjs:Iteration.Count4:EnvironmentSafari:Model.Uniquesteerable-nafx                                -1.360
Buffer.Size1024:Iteration.Count1:EnvironmentFirefox:Model.Uniquesteerable-nafx                     1.048
Buffer.Size8192:Iteration.Count1:EnvironmentFirefox:Model.Uniquesteerable-nafx                     3.349
Buffer.Size1024:Iteration.Count2:EnvironmentFirefox:Model.Uniquesteerable-nafx                     0.531
Buffer.Size8192:Iteration.Count2:EnvironmentFirefox:Model.Uniquesteerable-nafx                    -0.063
Buffer.Size1024:Iteration.Count3:EnvironmentFirefox:Model.Uniquesteerable-nafx                    -0.886
Buffer.Size8192:Iteration.Count3:EnvironmentFirefox:Model.Uniquesteerable-nafx                    -1.274
Buffer.Size1024:Iteration.Count4:EnvironmentFirefox:Model.Uniquesteerable-nafx                     0.180
Buffer.Size8192:Iteration.Count4:EnvironmentFirefox:Model.Uniquesteerable-nafx                    -1.371
Buffer.Size1024:Iteration.Count1:EnvironmentSafari:Model.Uniquesteerable-nafx                      5.417
Buffer.Size8192:Iteration.Count1:EnvironmentSafari:Model.Uniquesteerable-nafx                      7.143
Buffer.Size1024:Iteration.Count2:EnvironmentSafari:Model.Uniquesteerable-nafx                     -0.676
Buffer.Size8192:Iteration.Count2:EnvironmentSafari:Model.Uniquesteerable-nafx                     -1.691
Buffer.Size1024:Iteration.Count3:EnvironmentSafari:Model.Uniquesteerable-nafx                     -0.635
Buffer.Size8192:Iteration.Count3:EnvironmentSafari:Model.Uniquesteerable-nafx                     -0.956
Buffer.Size1024:Iteration.Count4:EnvironmentSafari:Model.Uniquesteerable-nafx                     -2.106
Buffer.Size8192:Iteration.Count4:EnvironmentSafari:Model.Uniquesteerable-nafx                     -2.216
Backendjs-bypass:PPjs:Buffer.Size1024:Iteration.Count1:EnvironmentFirefox                          1.368
Backendjs-onnx:PPjs:Buffer.Size1024:Iteration.Count1:EnvironmentFirefox                            1.415
Backendwasm-onnx:PPjs:Buffer.Size1024:Iteration.Count1:EnvironmentFirefox                          0.867
Backendjs-bypass:PPjs:Buffer.Size8192:Iteration.Count1:EnvironmentFirefox                          1.151
Backendjs-onnx:PPjs:Buffer.Size8192:Iteration.Count1:EnvironmentFirefox                            0.749
Backendwasm-onnx:PPjs:Buffer.Size8192:Iteration.Count1:EnvironmentFirefox                          0.070
Backendjs-bypass:PPjs:Buffer.Size1024:Iteration.Count2:EnvironmentFirefox                          0.572
Backendjs-onnx:PPjs:Buffer.Size1024:Iteration.Count2:EnvironmentFirefox                            0.565
Backendwasm-onnx:PPjs:Buffer.Size1024:Iteration.Count2:EnvironmentFirefox                          0.719
Backendjs-bypass:PPjs:Buffer.Size8192:Iteration.Count2:EnvironmentFirefox                          0.643
Backendjs-onnx:PPjs:Buffer.Size8192:Iteration.Count2:EnvironmentFirefox                            0.560
Backendwasm-onnx:PPjs:Buffer.Size8192:Iteration.Count2:EnvironmentFirefox                          0.691
Backendjs-bypass:PPjs:Buffer.Size1024:Iteration.Count3:EnvironmentFirefox                         -0.285
Backendjs-onnx:PPjs:Buffer.Size1024:Iteration.Count3:EnvironmentFirefox                           -0.715
Backendwasm-onnx:PPjs:Buffer.Size1024:Iteration.Count3:EnvironmentFirefox                         -0.682
Backendjs-bypass:PPjs:Buffer.Size8192:Iteration.Count3:EnvironmentFirefox                         -0.014
Backendjs-onnx:PPjs:Buffer.Size8192:Iteration.Count3:EnvironmentFirefox                           -0.344
Backendwasm-onnx:PPjs:Buffer.Size8192:Iteration.Count3:EnvironmentFirefox                         -0.138
Backendjs-bypass:PPjs:Buffer.Size1024:Iteration.Count4:EnvironmentFirefox                         -0.660
Backendjs-onnx:PPjs:Buffer.Size1024:Iteration.Count4:EnvironmentFirefox                           -0.897
Backendwasm-onnx:PPjs:Buffer.Size1024:Iteration.Count4:EnvironmentFirefox                         -0.595
Backendjs-bypass:PPjs:Buffer.Size8192:Iteration.Count4:EnvironmentFirefox                         -0.970
Backendjs-onnx:PPjs:Buffer.Size8192:Iteration.Count4:EnvironmentFirefox                           -0.612
Backendwasm-onnx:PPjs:Buffer.Size8192:Iteration.Count4:EnvironmentFirefox                         -0.374
Backendjs-bypass:PPjs:Buffer.Size1024:Iteration.Count1:EnvironmentSafari                           1.803
Backendjs-onnx:PPjs:Buffer.Size1024:Iteration.Count1:EnvironmentSafari                             1.334
Backendwasm-onnx:PPjs:Buffer.Size1024:Iteration.Count1:EnvironmentSafari                           0.909
Backendjs-bypass:PPjs:Buffer.Size8192:Iteration.Count1:EnvironmentSafari                           0.004
Backendjs-onnx:PPjs:Buffer.Size8192:Iteration.Count1:EnvironmentSafari                            -0.349
Backendwasm-onnx:PPjs:Buffer.Size8192:Iteration.Count1:EnvironmentSafari                          -1.017
Backendjs-bypass:PPjs:Buffer.Size1024:Iteration.Count2:EnvironmentSafari                          -0.866
Backendjs-onnx:PPjs:Buffer.Size1024:Iteration.Count2:EnvironmentSafari                             0.080
Backendwasm-onnx:PPjs:Buffer.Size1024:Iteration.Count2:EnvironmentSafari                           0.000
Backendjs-bypass:PPjs:Buffer.Size8192:Iteration.Count2:EnvironmentSafari                           0.211
Backendjs-onnx:PPjs:Buffer.Size8192:Iteration.Count2:EnvironmentSafari                             0.927
Backendwasm-onnx:PPjs:Buffer.Size8192:Iteration.Count2:EnvironmentSafari                           0.720
Backendjs-bypass:PPjs:Buffer.Size1024:Iteration.Count3:EnvironmentSafari                          -0.203
Backendjs-onnx:PPjs:Buffer.Size1024:Iteration.Count3:EnvironmentSafari                            -0.102
Backendwasm-onnx:PPjs:Buffer.Size1024:Iteration.Count3:EnvironmentSafari                           0.105
Backendjs-bypass:PPjs:Buffer.Size8192:Iteration.Count3:EnvironmentSafari                           0.895
Backendjs-onnx:PPjs:Buffer.Size8192:Iteration.Count3:EnvironmentSafari                             0.258
Backendwasm-onnx:PPjs:Buffer.Size8192:Iteration.Count3:EnvironmentSafari                           0.677
Backendjs-bypass:PPjs:Buffer.Size1024:Iteration.Count4:EnvironmentSafari                           0.529
Backendjs-onnx:PPjs:Buffer.Size1024:Iteration.Count4:EnvironmentSafari                            -0.422
Backendwasm-onnx:PPjs:Buffer.Size1024:Iteration.Count4:EnvironmentSafari                          -0.118
Backendjs-bypass:PPjs:Buffer.Size8192:Iteration.Count4:EnvironmentSafari                          -0.369
Backendjs-onnx:PPjs:Buffer.Size8192:Iteration.Count4:EnvironmentSafari                            -0.638
Backendwasm-onnx:PPjs:Buffer.Size8192:Iteration.Count4:EnvironmentSafari                          -0.293
Backendjs-bypass:PPjs:Buffer.Size1024:Iteration.Count1:Model.Uniquesteerable-nafx                  0.268
Backendjs-onnx:PPjs:Buffer.Size1024:Iteration.Count1:Model.Uniquesteerable-nafx                    1.250
Backendwasm-onnx:PPjs:Buffer.Size1024:Iteration.Count1:Model.Uniquesteerable-nafx                  1.065
Backendjs-bypass:PPjs:Buffer.Size8192:Iteration.Count1:Model.Uniquesteerable-nafx                  1.182
Backendjs-onnx:PPjs:Buffer.Size8192:Iteration.Count1:Model.Uniquesteerable-nafx                    1.579
Backendwasm-onnx:PPjs:Buffer.Size8192:Iteration.Count1:Model.Uniquesteerable-nafx                  1.392
Backendjs-bypass:PPjs:Buffer.Size1024:Iteration.Count2:Model.Uniquesteerable-nafx                 -0.916
Backendjs-onnx:PPjs:Buffer.Size1024:Iteration.Count2:Model.Uniquesteerable-nafx                   -1.095
Backendwasm-onnx:PPjs:Buffer.Size1024:Iteration.Count2:Model.Uniquesteerable-nafx                 -0.844
Backendjs-bypass:PPjs:Buffer.Size8192:Iteration.Count2:Model.Uniquesteerable-nafx                 -0.528
Backendjs-onnx:PPjs:Buffer.Size8192:Iteration.Count2:Model.Uniquesteerable-nafx                   -1.043
Backendwasm-onnx:PPjs:Buffer.Size8192:Iteration.Count2:Model.Uniquesteerable-nafx                 -0.676
Backendjs-bypass:PPjs:Buffer.Size1024:Iteration.Count3:Model.Uniquesteerable-nafx                  1.256
Backendjs-onnx:PPjs:Buffer.Size1024:Iteration.Count3:Model.Uniquesteerable-nafx                    0.749
Backendwasm-onnx:PPjs:Buffer.Size1024:Iteration.Count3:Model.Uniquesteerable-nafx                  0.525
Backendjs-bypass:PPjs:Buffer.Size8192:Iteration.Count3:Model.Uniquesteerable-nafx                 -0.036
Backendjs-onnx:PPjs:Buffer.Size8192:Iteration.Count3:Model.Uniquesteerable-nafx                    0.780
Backendwasm-onnx:PPjs:Buffer.Size8192:Iteration.Count3:Model.Uniquesteerable-nafx                  0.706
Backendjs-bypass:PPjs:Buffer.Size1024:Iteration.Count4:Model.Uniquesteerable-nafx                 -0.700
Backendjs-onnx:PPjs:Buffer.Size1024:Iteration.Count4:Model.Uniquesteerable-nafx                   -0.424
Backendwasm-onnx:PPjs:Buffer.Size1024:Iteration.Count4:Model.Uniquesteerable-nafx                 -0.406
Backendjs-bypass:PPjs:Buffer.Size8192:Iteration.Count4:Model.Uniquesteerable-nafx                 -0.735
Backendjs-onnx:PPjs:Buffer.Size8192:Iteration.Count4:Model.Uniquesteerable-nafx                   -0.739
Backendwasm-onnx:PPjs:Buffer.Size8192:Iteration.Count4:Model.Uniquesteerable-nafx                 -0.773
Backendjs-bypass:PPjs:Buffer.Size1024:EnvironmentFirefox:Model.Uniquesteerable-nafx                1.061
Backendjs-onnx:PPjs:Buffer.Size1024:EnvironmentFirefox:Model.Uniquesteerable-nafx                  0.608
Backendwasm-onnx:PPjs:Buffer.Size1024:EnvironmentFirefox:Model.Uniquesteerable-nafx                0.884
Backendjs-bypass:PPjs:Buffer.Size8192:EnvironmentFirefox:Model.Uniquesteerable-nafx               -0.695
Backendjs-onnx:PPjs:Buffer.Size8192:EnvironmentFirefox:Model.Uniquesteerable-nafx                 -0.152
Backendwasm-onnx:PPjs:Buffer.Size8192:EnvironmentFirefox:Model.Uniquesteerable-nafx                0.026
Backendjs-bypass:PPjs:Buffer.Size1024:EnvironmentSafari:Model.Uniquesteerable-nafx                 0.910
Backendjs-onnx:PPjs:Buffer.Size1024:EnvironmentSafari:Model.Uniquesteerable-nafx                   2.289
Backendwasm-onnx:PPjs:Buffer.Size1024:EnvironmentSafari:Model.Uniquesteerable-nafx                 2.765
Backendjs-bypass:PPjs:Buffer.Size8192:EnvironmentSafari:Model.Uniquesteerable-nafx                 0.250
Backendjs-onnx:PPjs:Buffer.Size8192:EnvironmentSafari:Model.Uniquesteerable-nafx                   1.814
Backendwasm-onnx:PPjs:Buffer.Size8192:EnvironmentSafari:Model.Uniquesteerable-nafx                 2.383
Backendjs-bypass:PPjs:Iteration.Count1:EnvironmentFirefox:Model.Uniquesteerable-nafx              -1.252
Backendjs-onnx:PPjs:Iteration.Count1:EnvironmentFirefox:Model.Uniquesteerable-nafx                -2.305
Backendwasm-onnx:PPjs:Iteration.Count1:EnvironmentFirefox:Model.Uniquesteerable-nafx              -2.524
Backendjs-bypass:PPjs:Iteration.Count2:EnvironmentFirefox:Model.Uniquesteerable-nafx               0.544
Backendjs-onnx:PPjs:Iteration.Count2:EnvironmentFirefox:Model.Uniquesteerable-nafx                 0.583
Backendwasm-onnx:PPjs:Iteration.Count2:EnvironmentFirefox:Model.Uniquesteerable-nafx               0.543
Backendjs-bypass:PPjs:Iteration.Count3:EnvironmentFirefox:Model.Uniquesteerable-nafx              -0.496
Backendjs-onnx:PPjs:Iteration.Count3:EnvironmentFirefox:Model.Uniquesteerable-nafx                 0.250
Backendwasm-onnx:PPjs:Iteration.Count3:EnvironmentFirefox:Model.Uniquesteerable-nafx               0.475
Backendjs-bypass:PPjs:Iteration.Count4:EnvironmentFirefox:Model.Uniquesteerable-nafx               0.404
Backendjs-onnx:PPjs:Iteration.Count4:EnvironmentFirefox:Model.Uniquesteerable-nafx                 0.841
Backendwasm-onnx:PPjs:Iteration.Count4:EnvironmentFirefox:Model.Uniquesteerable-nafx               0.877
Backendjs-bypass:PPjs:Iteration.Count1:EnvironmentSafari:Model.Uniquesteerable-nafx               -1.380
Backendjs-onnx:PPjs:Iteration.Count1:EnvironmentSafari:Model.Uniquesteerable-nafx                 -2.242
Backendwasm-onnx:PPjs:Iteration.Count1:EnvironmentSafari:Model.Uniquesteerable-nafx               -2.358
Backendjs-bypass:PPjs:Iteration.Count2:EnvironmentSafari:Model.Uniquesteerable-nafx                0.187
Backendjs-onnx:PPjs:Iteration.Count2:EnvironmentSafari:Model.Uniquesteerable-nafx                  0.721
Backendwasm-onnx:PPjs:Iteration.Count2:EnvironmentSafari:Model.Uniquesteerable-nafx                0.470
Backendjs-bypass:PPjs:Iteration.Count3:EnvironmentSafari:Model.Uniquesteerable-nafx               -0.622
Backendjs-onnx:PPjs:Iteration.Count3:EnvironmentSafari:Model.Uniquesteerable-nafx                  0.154
Backendwasm-onnx:PPjs:Iteration.Count3:EnvironmentSafari:Model.Uniquesteerable-nafx                0.425
Backendjs-bypass:PPjs:Iteration.Count4:EnvironmentSafari:Model.Uniquesteerable-nafx                0.530
Backendjs-onnx:PPjs:Iteration.Count4:EnvironmentSafari:Model.Uniquesteerable-nafx                  0.777
Backendwasm-onnx:PPjs:Iteration.Count4:EnvironmentSafari:Model.Uniquesteerable-nafx                0.893
Backendjs-bypass:Buffer.Size1024:Iteration.Count1:EnvironmentFirefox:Model.Uniquesteerable-nafx    0.647
Backendjs-onnx:Buffer.Size1024:Iteration.Count1:EnvironmentFirefox:Model.Uniquesteerable-nafx     -1.055
Backendwasm-onnx:Buffer.Size1024:Iteration.Count1:EnvironmentFirefox:Model.Uniquesteerable-nafx   -0.254
Backendjs-bypass:Buffer.Size8192:Iteration.Count1:EnvironmentFirefox:Model.Uniquesteerable-nafx   -0.840
Backendjs-onnx:Buffer.Size8192:Iteration.Count1:EnvironmentFirefox:Model.Uniquesteerable-nafx     -3.351
Backendwasm-onnx:Buffer.Size8192:Iteration.Count1:EnvironmentFirefox:Model.Uniquesteerable-nafx   -2.098
Backendjs-bypass:Buffer.Size1024:Iteration.Count2:EnvironmentFirefox:Model.Uniquesteerable-nafx   -0.498
Backendjs-onnx:Buffer.Size1024:Iteration.Count2:EnvironmentFirefox:Model.Uniquesteerable-nafx     -0.031
Backendwasm-onnx:Buffer.Size1024:Iteration.Count2:EnvironmentFirefox:Model.Uniquesteerable-nafx   -0.416
Backendjs-bypass:Buffer.Size8192:Iteration.Count2:EnvironmentFirefox:Model.Uniquesteerable-nafx   -0.035
Backendjs-onnx:Buffer.Size8192:Iteration.Count2:EnvironmentFirefox:Model.Uniquesteerable-nafx      0.427
Backendwasm-onnx:Buffer.Size8192:Iteration.Count2:EnvironmentFirefox:Model.Uniquesteerable-nafx   -0.085
Backendjs-bypass:Buffer.Size1024:Iteration.Count3:EnvironmentFirefox:Model.Uniquesteerable-nafx    0.076
Backendjs-onnx:Buffer.Size1024:Iteration.Count3:EnvironmentFirefox:Model.Uniquesteerable-nafx      0.672
Backendwasm-onnx:Buffer.Size1024:Iteration.Count3:EnvironmentFirefox:Model.Uniquesteerable-nafx    1.017
Backendjs-bypass:Buffer.Size8192:Iteration.Count3:EnvironmentFirefox:Model.Uniquesteerable-nafx   -0.176
Backendjs-onnx:Buffer.Size8192:Iteration.Count3:EnvironmentFirefox:Model.Uniquesteerable-nafx      1.309
Backendwasm-onnx:Buffer.Size8192:Iteration.Count3:EnvironmentFirefox:Model.Uniquesteerable-nafx    1.446
Backendjs-bypass:Buffer.Size1024:Iteration.Count4:EnvironmentFirefox:Model.Uniquesteerable-nafx   -1.255
Backendjs-onnx:Buffer.Size1024:Iteration.Count4:EnvironmentFirefox:Model.Uniquesteerable-nafx     -0.435
Backendwasm-onnx:Buffer.Size1024:Iteration.Count4:EnvironmentFirefox:Model.Uniquesteerable-nafx   -0.593
Backendjs-bypass:Buffer.Size8192:Iteration.Count4:EnvironmentFirefox:Model.Uniquesteerable-nafx    0.134
Backendjs-onnx:Buffer.Size8192:Iteration.Count4:EnvironmentFirefox:Model.Uniquesteerable-nafx      0.951
Backendwasm-onnx:Buffer.Size8192:Iteration.Count4:EnvironmentFirefox:Model.Uniquesteerable-nafx    0.667
Backendjs-bypass:Buffer.Size1024:Iteration.Count1:EnvironmentSafari:Model.Uniquesteerable-nafx    -2.515
Backendjs-onnx:Buffer.Size1024:Iteration.Count1:EnvironmentSafari:Model.Uniquesteerable-nafx      -3.337
Backendwasm-onnx:Buffer.Size1024:Iteration.Count1:EnvironmentSafari:Model.Uniquesteerable-nafx    -2.313
Backendjs-bypass:Buffer.Size8192:Iteration.Count1:EnvironmentSafari:Model.Uniquesteerable-nafx    -1.070
Backendjs-onnx:Buffer.Size8192:Iteration.Count1:EnvironmentSafari:Model.Uniquesteerable-nafx      -4.617
Backendwasm-onnx:Buffer.Size8192:Iteration.Count1:EnvironmentSafari:Model.Uniquesteerable-nafx    -3.095
Backendjs-bypass:Buffer.Size1024:Iteration.Count2:EnvironmentSafari:Model.Uniquesteerable-nafx     0.383
Backendjs-onnx:Buffer.Size1024:Iteration.Count2:EnvironmentSafari:Model.Uniquesteerable-nafx       1.085
Backendwasm-onnx:Buffer.Size1024:Iteration.Count2:EnvironmentSafari:Model.Uniquesteerable-nafx     0.681
Backendjs-bypass:Buffer.Size8192:Iteration.Count2:EnvironmentSafari:Model.Uniquesteerable-nafx     0.306
Backendjs-onnx:Buffer.Size8192:Iteration.Count2:EnvironmentSafari:Model.Uniquesteerable-nafx       1.763
Backendwasm-onnx:Buffer.Size8192:Iteration.Count2:EnvironmentSafari:Model.Uniquesteerable-nafx     1.339
Backendjs-bypass:Buffer.Size1024:Iteration.Count3:EnvironmentSafari:Model.Uniquesteerable-nafx    -0.228
Backendjs-onnx:Buffer.Size1024:Iteration.Count3:EnvironmentSafari:Model.Uniquesteerable-nafx      -0.043
Backendwasm-onnx:Buffer.Size1024:Iteration.Count3:EnvironmentSafari:Model.Uniquesteerable-nafx     0.247
Backendjs-bypass:Buffer.Size8192:Iteration.Count3:EnvironmentSafari:Model.Uniquesteerable-nafx    -0.737
Backendjs-onnx:Buffer.Size8192:Iteration.Count3:EnvironmentSafari:Model.Uniquesteerable-nafx       0.389
Backendwasm-onnx:Buffer.Size8192:Iteration.Count3:EnvironmentSafari:Model.Uniquesteerable-nafx     0.359
Backendjs-bypass:Buffer.Size1024:Iteration.Count4:EnvironmentSafari:Model.Uniquesteerable-nafx     0.710
Backendjs-onnx:Buffer.Size1024:Iteration.Count4:EnvironmentSafari:Model.Uniquesteerable-nafx       1.016
Backendwasm-onnx:Buffer.Size1024:Iteration.Count4:EnvironmentSafari:Model.Uniquesteerable-nafx     0.656
Backendjs-bypass:Buffer.Size8192:Iteration.Count4:EnvironmentSafari:Model.Uniquesteerable-nafx     0.162
Backendjs-onnx:Buffer.Size8192:Iteration.Count4:EnvironmentSafari:Model.Uniquesteerable-nafx       1.038
Backendwasm-onnx:Buffer.Size8192:Iteration.Count4:EnvironmentSafari:Model.Uniquesteerable-nafx     0.553
PPjs:Buffer.Size1024:Iteration.Count1:EnvironmentFirefox:Model.Uniquesteerable-nafx               -0.424
PPjs:Buffer.Size8192:Iteration.Count1:EnvironmentFirefox:Model.Uniquesteerable-nafx                0.339
PPjs:Buffer.Size1024:Iteration.Count2:EnvironmentFirefox:Model.Uniquesteerable-nafx               -0.168
PPjs:Buffer.Size8192:Iteration.Count2:EnvironmentFirefox:Model.Uniquesteerable-nafx               -0.068
PPjs:Buffer.Size1024:Iteration.Count3:EnvironmentFirefox:Model.Uniquesteerable-nafx                0.342
PPjs:Buffer.Size8192:Iteration.Count3:EnvironmentFirefox:Model.Uniquesteerable-nafx                0.063
PPjs:Buffer.Size1024:Iteration.Count4:EnvironmentFirefox:Model.Uniquesteerable-nafx                0.737
PPjs:Buffer.Size8192:Iteration.Count4:EnvironmentFirefox:Model.Uniquesteerable-nafx                0.502
PPjs:Buffer.Size1024:Iteration.Count1:EnvironmentSafari:Model.Uniquesteerable-nafx                -0.205
PPjs:Buffer.Size8192:Iteration.Count1:EnvironmentSafari:Model.Uniquesteerable-nafx                -0.302
PPjs:Buffer.Size1024:Iteration.Count2:EnvironmentSafari:Model.Uniquesteerable-nafx                -0.174
PPjs:Buffer.Size8192:Iteration.Count2:EnvironmentSafari:Model.Uniquesteerable-nafx                -0.154
PPjs:Buffer.Size1024:Iteration.Count3:EnvironmentSafari:Model.Uniquesteerable-nafx                 0.124
PPjs:Buffer.Size8192:Iteration.Count3:EnvironmentSafari:Model.Uniquesteerable-nafx                 0.047
PPjs:Buffer.Size1024:Iteration.Count4:EnvironmentSafari:Model.Uniquesteerable-nafx                 0.564
PPjs:Buffer.Size8192:Iteration.Count4:EnvironmentSafari:Model.Uniquesteerable-nafx                 0.738
                                                                                                Pr(>|t|)
(Intercept)                                                                                      < 2e-16
Backendjs-bypass                                                                                0.135683
Backendjs-onnx                                                                                   < 2e-16
Backendwasm-onnx                                                                                 < 2e-16
PPjs                                                                                            0.101421
Buffer.Size1024                                                                                  < 2e-16
Buffer.Size8192                                                                                  < 2e-16
Iteration.Count1                                                                                 < 2e-16
Iteration.Count2                                                                                0.002114
Iteration.Count3                                                                                0.000936
Iteration.Count4                                                                                0.000262
EnvironmentFirefox                                                                              3.91e-06
EnvironmentSafari                                                                               0.000394
Model.Uniquesteerable-nafx                                                                       < 2e-16
Backendjs-bypass:PPjs                                                                           0.794183
Backendjs-onnx:PPjs                                                                             0.221933
Backendwasm-onnx:PPjs                                                                           0.088235
Backendjs-bypass:Buffer.Size1024                                                                0.417142
Backendjs-onnx:Buffer.Size1024                                                                  0.000356
Backendwasm-onnx:Buffer.Size1024                                                                0.001287
Backendjs-bypass:Buffer.Size8192                                                                0.352634
Backendjs-onnx:Buffer.Size8192                                                                  5.58e-05
Backendwasm-onnx:Buffer.Size8192                                                                3.50e-05
Backendjs-bypass:Iteration.Count1                                                               0.427727
Backendjs-onnx:Iteration.Count1                                                                 0.001973
Backendwasm-onnx:Iteration.Count1                                                               1.23e-10
Backendjs-bypass:Iteration.Count2                                                               0.991070
Backendjs-onnx:Iteration.Count2                                                                 0.647240
Backendwasm-onnx:Iteration.Count2                                                               0.278458
Backendjs-bypass:Iteration.Count3                                                               0.484333
Backendjs-onnx:Iteration.Count3                                                                 0.530064
Backendwasm-onnx:Iteration.Count3                                                               0.292540
Backendjs-bypass:Iteration.Count4                                                               0.709535
Backendjs-onnx:Iteration.Count4                                                                 0.240268
Backendwasm-onnx:Iteration.Count4                                                               0.062213
Backendjs-bypass:EnvironmentFirefox                                                             0.864263
Backendjs-onnx:EnvironmentFirefox                                                                < 2e-16
Backendwasm-onnx:EnvironmentFirefox                                                              < 2e-16
Backendjs-bypass:EnvironmentSafari                                                              0.955082
Backendjs-onnx:EnvironmentSafari                                                                 < 2e-16
Backendwasm-onnx:EnvironmentSafari                                                               < 2e-16
Backendjs-bypass:Model.Uniquesteerable-nafx                                                     0.648916
Backendjs-onnx:Model.Uniquesteerable-nafx                                                        < 2e-16
Backendwasm-onnx:Model.Uniquesteerable-nafx                                                      < 2e-16
PPjs:Buffer.Size1024                                                                            0.344344
PPjs:Buffer.Size8192                                                                            0.443319
PPjs:Iteration.Count1                                                                           0.014801
PPjs:Iteration.Count2                                                                           0.798244
PPjs:Iteration.Count3                                                                           0.849551
PPjs:Iteration.Count4                                                                           0.421419
PPjs:EnvironmentFirefox                                                                         0.666986
PPjs:EnvironmentSafari                                                                          0.349468
PPjs:Model.Uniquesteerable-nafx                                                                 0.200931
Buffer.Size1024:Iteration.Count1                                                                 < 2e-16
Buffer.Size8192:Iteration.Count1                                                                 < 2e-16
Buffer.Size1024:Iteration.Count2                                                                0.046353
Buffer.Size8192:Iteration.Count2                                                                0.036229
Buffer.Size1024:Iteration.Count3                                                                0.018792
Buffer.Size8192:Iteration.Count3                                                                0.025156
Buffer.Size1024:Iteration.Count4                                                                0.022355
Buffer.Size8192:Iteration.Count4                                                                0.006328
Buffer.Size1024:EnvironmentFirefox                                                              7.78e-07
Buffer.Size8192:EnvironmentFirefox                                                              1.02e-10
Buffer.Size1024:EnvironmentSafari                                                                < 2e-16
Buffer.Size8192:EnvironmentSafari                                                                < 2e-16
Buffer.Size1024:Model.Uniquesteerable-nafx                                                       < 2e-16
Buffer.Size8192:Model.Uniquesteerable-nafx                                                       < 2e-16
Iteration.Count1:EnvironmentFirefox                                                             0.710722
Iteration.Count2:EnvironmentFirefox                                                             0.450547
Iteration.Count3:EnvironmentFirefox                                                             0.925141
Iteration.Count4:EnvironmentFirefox                                                             0.800978
Iteration.Count1:EnvironmentSafari                                                               < 2e-16
Iteration.Count2:EnvironmentSafari                                                              0.000290
Iteration.Count3:EnvironmentSafari                                                              0.000880
Iteration.Count4:EnvironmentSafari                                                              0.003553
Iteration.Count1:Model.Uniquesteerable-nafx                                                     6.32e-08
Iteration.Count2:Model.Uniquesteerable-nafx                                                     0.561095
Iteration.Count3:Model.Uniquesteerable-nafx                                                     0.034580
Iteration.Count4:Model.Uniquesteerable-nafx                                                     0.141931
EnvironmentFirefox:Model.Uniquesteerable-nafx                                                   9.15e-05
EnvironmentSafari:Model.Uniquesteerable-nafx                                                    0.321249
Backendjs-bypass:PPjs:Buffer.Size1024                                                           0.852097
Backendjs-onnx:PPjs:Buffer.Size1024                                                             0.470076
Backendwasm-onnx:PPjs:Buffer.Size1024                                                           0.220186
Backendjs-bypass:PPjs:Buffer.Size8192                                                           0.969046
Backendjs-onnx:PPjs:Buffer.Size8192                                                             0.538512
Backendwasm-onnx:PPjs:Buffer.Size8192                                                           0.306970
Backendjs-bypass:PPjs:Iteration.Count1                                                          0.163172
Backendjs-onnx:PPjs:Iteration.Count1                                                            0.080931
Backendwasm-onnx:PPjs:Iteration.Count1                                                          0.409358
Backendjs-bypass:PPjs:Iteration.Count2                                                          0.821826
Backendjs-onnx:PPjs:Iteration.Count2                                                            0.835561
Backendwasm-onnx:PPjs:Iteration.Count2                                                          0.870171
Backendjs-bypass:PPjs:Iteration.Count3                                                          0.905412
Backendjs-onnx:PPjs:Iteration.Count3                                                            0.867087
Backendwasm-onnx:PPjs:Iteration.Count3                                                          0.639747
Backendjs-bypass:PPjs:Iteration.Count4                                                          0.618585
Backendjs-onnx:PPjs:Iteration.Count4                                                            0.503352
Backendwasm-onnx:PPjs:Iteration.Count4                                                          0.655637
Backendjs-bypass:PPjs:EnvironmentFirefox                                                        0.141541
Backendjs-onnx:PPjs:EnvironmentFirefox                                                          0.735816
Backendwasm-onnx:PPjs:EnvironmentFirefox                                                        0.422413
Backendjs-bypass:PPjs:EnvironmentSafari                                                         0.314396
Backendjs-onnx:PPjs:EnvironmentSafari                                                           0.744334
Backendwasm-onnx:PPjs:EnvironmentSafari                                                         0.162788
Backendjs-bypass:PPjs:Model.Uniquesteerable-nafx                                                0.707800
Backendjs-onnx:PPjs:Model.Uniquesteerable-nafx                                                  0.309241
Backendwasm-onnx:PPjs:Model.Uniquesteerable-nafx                                                0.209564
Backendjs-bypass:Buffer.Size1024:Iteration.Count1                                               0.306121
Backendjs-onnx:Buffer.Size1024:Iteration.Count1                                                 0.000361
Backendwasm-onnx:Buffer.Size1024:Iteration.Count1                                               3.35e-06
Backendjs-bypass:Buffer.Size8192:Iteration.Count1                                               0.561538
Backendjs-onnx:Buffer.Size8192:Iteration.Count1                                                 0.006082
Backendwasm-onnx:Buffer.Size8192:Iteration.Count1                                               4.75e-07
Backendjs-bypass:Buffer.Size1024:Iteration.Count2                                               0.834169
Backendjs-onnx:Buffer.Size1024:Iteration.Count2                                                 0.532897
Backendwasm-onnx:Buffer.Size1024:Iteration.Count2                                               0.433899
Backendjs-bypass:Buffer.Size8192:Iteration.Count2                                               0.927038
Backendjs-onnx:Buffer.Size8192:Iteration.Count2                                                 0.656260
Backendwasm-onnx:Buffer.Size8192:Iteration.Count2                                               0.412695
Backendjs-bypass:Buffer.Size1024:Iteration.Count3                                               0.560774
Backendjs-onnx:Buffer.Size1024:Iteration.Count3                                                 0.331788
Backendwasm-onnx:Buffer.Size1024:Iteration.Count3                                               0.364576
Backendjs-bypass:Buffer.Size8192:Iteration.Count3                                               0.724567
Backendjs-onnx:Buffer.Size8192:Iteration.Count3                                                 0.651744
Backendwasm-onnx:Buffer.Size8192:Iteration.Count3                                               0.440109
Backendjs-bypass:Buffer.Size1024:Iteration.Count4                                               0.784377
Backendjs-onnx:Buffer.Size1024:Iteration.Count4                                                 0.247912
Backendwasm-onnx:Buffer.Size1024:Iteration.Count4                                               0.181808
Backendjs-bypass:Buffer.Size8192:Iteration.Count4                                               0.677739
Backendjs-onnx:Buffer.Size8192:Iteration.Count4                                                 0.285511
Backendwasm-onnx:Buffer.Size8192:Iteration.Count4                                               0.120003
Backendjs-bypass:Buffer.Size1024:EnvironmentFirefox                                             0.417853
Backendjs-onnx:Buffer.Size1024:EnvironmentFirefox                                               0.015417
Backendwasm-onnx:Buffer.Size1024:EnvironmentFirefox                                             0.094790
Backendjs-bypass:Buffer.Size8192:EnvironmentFirefox                                             0.775503
Backendjs-onnx:Buffer.Size8192:EnvironmentFirefox                                               0.000295
Backendwasm-onnx:Buffer.Size8192:EnvironmentFirefox                                             0.009816
Backendjs-bypass:Buffer.Size1024:EnvironmentSafari                                              0.216084
Backendjs-onnx:Buffer.Size1024:EnvironmentSafari                                                7.16e-07
Backendwasm-onnx:Buffer.Size1024:EnvironmentSafari                                              3.67e-06
Backendjs-bypass:Buffer.Size8192:EnvironmentSafari                                              0.891672
Backendjs-onnx:Buffer.Size8192:EnvironmentSafari                                                7.54e-14
Backendwasm-onnx:Buffer.Size8192:EnvironmentSafari                                              1.47e-12
Backendjs-bypass:Buffer.Size1024:Model.Uniquesteerable-nafx                                     0.212100
Backendjs-onnx:Buffer.Size1024:Model.Uniquesteerable-nafx                                       0.066073
Backendwasm-onnx:Buffer.Size1024:Model.Uniquesteerable-nafx                                     0.110305
Backendjs-bypass:Buffer.Size8192:Model.Uniquesteerable-nafx                                     0.479609
Backendjs-onnx:Buffer.Size8192:Model.Uniquesteerable-nafx                                        < 2e-16
Backendwasm-onnx:Buffer.Size8192:Model.Uniquesteerable-nafx                                      < 2e-16
Backendjs-bypass:Iteration.Count1:EnvironmentFirefox                                            0.547157
Backendjs-onnx:Iteration.Count1:EnvironmentFirefox                                              0.242572
Backendwasm-onnx:Iteration.Count1:EnvironmentFirefox                                            0.874001
Backendjs-bypass:Iteration.Count2:EnvironmentFirefox                                            0.264783
Backendjs-onnx:Iteration.Count2:EnvironmentFirefox                                              0.204906
Backendwasm-onnx:Iteration.Count2:EnvironmentFirefox                                            0.490726
Backendjs-bypass:Iteration.Count3:EnvironmentFirefox                                            0.476744
Backendjs-onnx:Iteration.Count3:EnvironmentFirefox                                              0.883589
Backendwasm-onnx:Iteration.Count3:EnvironmentFirefox                                            0.677296
Backendjs-bypass:Iteration.Count4:EnvironmentFirefox                                            0.329290
Backendjs-onnx:Iteration.Count4:EnvironmentFirefox                                              0.722813
Backendwasm-onnx:Iteration.Count4:EnvironmentFirefox                                            0.647831
Backendjs-bypass:Iteration.Count1:EnvironmentSafari                                             0.005694
Backendjs-onnx:Iteration.Count1:EnvironmentSafari                                               1.13e-15
Backendwasm-onnx:Iteration.Count1:EnvironmentSafari                                             4.00e-09
Backendjs-bypass:Iteration.Count2:EnvironmentSafari                                             0.673559
Backendjs-onnx:Iteration.Count2:EnvironmentSafari                                               0.000214
Backendwasm-onnx:Iteration.Count2:EnvironmentSafari                                             0.004542
Backendjs-bypass:Iteration.Count3:EnvironmentSafari                                             0.741778
Backendjs-onnx:Iteration.Count3:EnvironmentSafari                                               0.146303
Backendwasm-onnx:Iteration.Count3:EnvironmentSafari                                             0.100933
Backendjs-bypass:Iteration.Count4:EnvironmentSafari                                             0.464069
Backendjs-onnx:Iteration.Count4:EnvironmentSafari                                               0.283248
Backendwasm-onnx:Iteration.Count4:EnvironmentSafari                                             0.547176
Backendjs-bypass:Iteration.Count1:Model.Uniquesteerable-nafx                                    0.040962
Backendjs-onnx:Iteration.Count1:Model.Uniquesteerable-nafx                                      2.04e-14
Backendwasm-onnx:Iteration.Count1:Model.Uniquesteerable-nafx                                    3.16e-08
Backendjs-bypass:Iteration.Count2:Model.Uniquesteerable-nafx                                    0.882933
Backendjs-onnx:Iteration.Count2:Model.Uniquesteerable-nafx                                      0.171190
Backendwasm-onnx:Iteration.Count2:Model.Uniquesteerable-nafx                                    0.314670
Backendjs-bypass:Iteration.Count3:Model.Uniquesteerable-nafx                                    0.841440
Backendjs-onnx:Iteration.Count3:Model.Uniquesteerable-nafx                                      0.007683
Backendwasm-onnx:Iteration.Count3:Model.Uniquesteerable-nafx                                    0.012984
Backendjs-bypass:Iteration.Count4:Model.Uniquesteerable-nafx                                    0.906451
Backendjs-onnx:Iteration.Count4:Model.Uniquesteerable-nafx                                      0.069916
Backendwasm-onnx:Iteration.Count4:Model.Uniquesteerable-nafx                                    0.185483
Backendjs-bypass:EnvironmentFirefox:Model.Uniquesteerable-nafx                                  0.383175
Backendjs-onnx:EnvironmentFirefox:Model.Uniquesteerable-nafx                                    0.000241
Backendwasm-onnx:EnvironmentFirefox:Model.Uniquesteerable-nafx                                  3.15e-09
Backendjs-bypass:EnvironmentSafari:Model.Uniquesteerable-nafx                                   0.534007
Backendjs-onnx:EnvironmentSafari:Model.Uniquesteerable-nafx                                     1.80e-06
Backendwasm-onnx:EnvironmentSafari:Model.Uniquesteerable-nafx                                   6.30e-05
PPjs:Buffer.Size1024:Iteration.Count1                                                           0.038265
PPjs:Buffer.Size8192:Iteration.Count1                                                           0.040732
PPjs:Buffer.Size1024:Iteration.Count2                                                           0.765208
PPjs:Buffer.Size8192:Iteration.Count2                                                           0.974605
PPjs:Buffer.Size1024:Iteration.Count3                                                           0.927468
PPjs:Buffer.Size8192:Iteration.Count3                                                           0.860763
PPjs:Buffer.Size1024:Iteration.Count4                                                           0.499040
PPjs:Buffer.Size8192:Iteration.Count4                                                           0.380376
PPjs:Buffer.Size1024:EnvironmentFirefox                                                         0.608623
PPjs:Buffer.Size8192:EnvironmentFirefox                                                         0.372422
PPjs:Buffer.Size1024:EnvironmentSafari                                                          1.98e-05
PPjs:Buffer.Size8192:EnvironmentSafari                                                          5.06e-06
PPjs:Buffer.Size1024:Model.Uniquesteerable-nafx                                                 0.120363
PPjs:Buffer.Size8192:Model.Uniquesteerable-nafx                                                 0.872466
PPjs:Iteration.Count1:EnvironmentFirefox                                                        0.248045
PPjs:Iteration.Count2:EnvironmentFirefox                                                        0.393096
PPjs:Iteration.Count3:EnvironmentFirefox                                                        0.458712
PPjs:Iteration.Count4:EnvironmentFirefox                                                        0.696636
PPjs:Iteration.Count1:EnvironmentSafari                                                         0.182024
PPjs:Iteration.Count2:EnvironmentSafari                                                         0.724563
PPjs:Iteration.Count3:EnvironmentSafari                                                         0.349799
PPjs:Iteration.Count4:EnvironmentSafari                                                         0.880327
PPjs:Iteration.Count1:Model.Uniquesteerable-nafx                                                0.107696
PPjs:Iteration.Count2:Model.Uniquesteerable-nafx                                                0.735565
PPjs:Iteration.Count3:Model.Uniquesteerable-nafx                                                0.106509
PPjs:Iteration.Count4:Model.Uniquesteerable-nafx                                                0.618515
PPjs:EnvironmentFirefox:Model.Uniquesteerable-nafx                                              0.913172
PPjs:EnvironmentSafari:Model.Uniquesteerable-nafx                                               0.828298
Buffer.Size1024:Iteration.Count1:EnvironmentFirefox                                             0.124214
Buffer.Size8192:Iteration.Count1:EnvironmentFirefox                                             0.843975
Buffer.Size1024:Iteration.Count2:EnvironmentFirefox                                             0.860375
Buffer.Size8192:Iteration.Count2:EnvironmentFirefox                                             0.649998
Buffer.Size1024:Iteration.Count3:EnvironmentFirefox                                             0.655206
Buffer.Size8192:Iteration.Count3:EnvironmentFirefox                                             0.970549
Buffer.Size1024:Iteration.Count4:EnvironmentFirefox                                             0.352846
Buffer.Size8192:Iteration.Count4:EnvironmentFirefox                                             0.927713
Buffer.Size1024:Iteration.Count1:EnvironmentSafari                                              1.15e-05
Buffer.Size8192:Iteration.Count1:EnvironmentSafari                                               < 2e-16
Buffer.Size1024:Iteration.Count2:EnvironmentSafari                                              0.338363
Buffer.Size8192:Iteration.Count2:EnvironmentSafari                                              0.006228
Buffer.Size1024:Iteration.Count3:EnvironmentSafari                                              0.309354
Buffer.Size8192:Iteration.Count3:EnvironmentSafari                                              0.045745
Buffer.Size1024:Iteration.Count4:EnvironmentSafari                                              0.120025
Buffer.Size8192:Iteration.Count4:EnvironmentSafari                                              0.104990
Buffer.Size1024:Iteration.Count1:Model.Uniquesteerable-nafx                                     3.92e-07
Buffer.Size8192:Iteration.Count1:Model.Uniquesteerable-nafx                                     0.266811
Buffer.Size1024:Iteration.Count2:Model.Uniquesteerable-nafx                                     0.048049
Buffer.Size8192:Iteration.Count2:Model.Uniquesteerable-nafx                                     0.357107
Buffer.Size1024:Iteration.Count3:Model.Uniquesteerable-nafx                                     0.503261
Buffer.Size8192:Iteration.Count3:Model.Uniquesteerable-nafx                                     0.552156
Buffer.Size1024:Iteration.Count4:Model.Uniquesteerable-nafx                                     0.264768
Buffer.Size8192:Iteration.Count4:Model.Uniquesteerable-nafx                                     0.776286
Buffer.Size1024:EnvironmentFirefox:Model.Uniquesteerable-nafx                                   0.002273
Buffer.Size8192:EnvironmentFirefox:Model.Uniquesteerable-nafx                                   0.035243
Buffer.Size1024:EnvironmentSafari:Model.Uniquesteerable-nafx                                     < 2e-16
Buffer.Size8192:EnvironmentSafari:Model.Uniquesteerable-nafx                                    2.49e-06
Iteration.Count1:EnvironmentFirefox:Model.Uniquesteerable-nafx                                  0.000348
Iteration.Count2:EnvironmentFirefox:Model.Uniquesteerable-nafx                                  0.904176
Iteration.Count3:EnvironmentFirefox:Model.Uniquesteerable-nafx                                  0.189802
Iteration.Count4:EnvironmentFirefox:Model.Uniquesteerable-nafx                                  0.195981
Iteration.Count1:EnvironmentSafari:Model.Uniquesteerable-nafx                                   1.10e-06
Iteration.Count2:EnvironmentSafari:Model.Uniquesteerable-nafx                                   0.194920
Iteration.Count3:EnvironmentSafari:Model.Uniquesteerable-nafx                                   0.814777
Iteration.Count4:EnvironmentSafari:Model.Uniquesteerable-nafx                                   0.054626
Backendjs-bypass:PPjs:Buffer.Size1024:Iteration.Count1                                          0.285555
Backendjs-onnx:PPjs:Buffer.Size1024:Iteration.Count1                                            0.099701
Backendwasm-onnx:PPjs:Buffer.Size1024:Iteration.Count1                                          0.302000
Backendjs-bypass:PPjs:Buffer.Size8192:Iteration.Count1                                          0.258246
Backendjs-onnx:PPjs:Buffer.Size8192:Iteration.Count1                                            0.129322
Backendwasm-onnx:PPjs:Buffer.Size8192:Iteration.Count1                                          0.434470
Backendjs-bypass:PPjs:Buffer.Size1024:Iteration.Count2                                          0.981452
Backendjs-onnx:PPjs:Buffer.Size1024:Iteration.Count2                                            0.789580
Backendwasm-onnx:PPjs:Buffer.Size1024:Iteration.Count2                                          0.922761
Backendjs-bypass:PPjs:Buffer.Size8192:Iteration.Count2                                          0.784520
Backendjs-onnx:PPjs:Buffer.Size8192:Iteration.Count2                                            0.914975
Backendwasm-onnx:PPjs:Buffer.Size8192:Iteration.Count2                                          0.796957
Backendjs-bypass:PPjs:Buffer.Size1024:Iteration.Count3                                          0.887566
Backendjs-onnx:PPjs:Buffer.Size1024:Iteration.Count3                                            0.958178
Backendwasm-onnx:PPjs:Buffer.Size1024:Iteration.Count3                                          0.934668
Backendjs-bypass:PPjs:Buffer.Size8192:Iteration.Count3                                          0.910640
Backendjs-onnx:PPjs:Buffer.Size8192:Iteration.Count3                                            0.852620
Backendwasm-onnx:PPjs:Buffer.Size8192:Iteration.Count3                                          0.733797
Backendjs-bypass:PPjs:Buffer.Size1024:Iteration.Count4                                          0.758038
Backendjs-onnx:PPjs:Buffer.Size1024:Iteration.Count4                                            0.532480
Backendwasm-onnx:PPjs:Buffer.Size1024:Iteration.Count4                                          0.695807
Backendjs-bypass:PPjs:Buffer.Size8192:Iteration.Count4                                          0.550031
Backendjs-onnx:PPjs:Buffer.Size8192:Iteration.Count4                                            0.452198
Backendwasm-onnx:PPjs:Buffer.Size8192:Iteration.Count4                                          0.551133
Backendjs-bypass:PPjs:Buffer.Size1024:EnvironmentFirefox                                        0.666885
Backendjs-onnx:PPjs:Buffer.Size1024:EnvironmentFirefox                                          0.803974
Backendwasm-onnx:PPjs:Buffer.Size1024:EnvironmentFirefox                                        0.488130
Backendjs-bypass:PPjs:Buffer.Size8192:EnvironmentFirefox                                        0.415954
Backendjs-onnx:PPjs:Buffer.Size8192:EnvironmentFirefox                                          0.550307
Backendwasm-onnx:PPjs:Buffer.Size8192:EnvironmentFirefox                                        0.342672
Backendjs-bypass:PPjs:Buffer.Size1024:EnvironmentSafari                                         0.452044
Backendjs-onnx:PPjs:Buffer.Size1024:EnvironmentSafari                                           0.011051
Backendwasm-onnx:PPjs:Buffer.Size1024:EnvironmentSafari                                         0.000903
Backendjs-bypass:PPjs:Buffer.Size8192:EnvironmentSafari                                         0.481103
Backendjs-onnx:PPjs:Buffer.Size8192:EnvironmentSafari                                           0.009061
Backendwasm-onnx:PPjs:Buffer.Size8192:EnvironmentSafari                                         0.000444
Backendjs-bypass:PPjs:Buffer.Size1024:Model.Uniquesteerable-nafx                                0.397036
Backendjs-onnx:PPjs:Buffer.Size1024:Model.Uniquesteerable-nafx                                  0.253166
Backendwasm-onnx:PPjs:Buffer.Size1024:Model.Uniquesteerable-nafx                                0.145216
Backendjs-bypass:PPjs:Buffer.Size8192:Model.Uniquesteerable-nafx                                0.756201
Backendjs-onnx:PPjs:Buffer.Size8192:Model.Uniquesteerable-nafx                                  0.847450
Backendwasm-onnx:PPjs:Buffer.Size8192:Model.Uniquesteerable-nafx                                0.668570
Backendjs-bypass:PPjs:Iteration.Count1:EnvironmentFirefox                                       0.133606
Backendjs-onnx:PPjs:Iteration.Count1:EnvironmentFirefox                                         0.335904
Backendwasm-onnx:PPjs:Iteration.Count1:EnvironmentFirefox                                       0.898073
Backendjs-bypass:PPjs:Iteration.Count2:EnvironmentFirefox                                       0.376099
Backendjs-onnx:PPjs:Iteration.Count2:EnvironmentFirefox                                         0.468567
Backendwasm-onnx:PPjs:Iteration.Count2:EnvironmentFirefox                                       0.396555
Backendjs-bypass:PPjs:Iteration.Count3:EnvironmentFirefox                                       0.522080
Backendjs-onnx:PPjs:Iteration.Count3:EnvironmentFirefox                                         0.573813
Backendwasm-onnx:PPjs:Iteration.Count3:EnvironmentFirefox                                       0.818474
Backendjs-bypass:PPjs:Iteration.Count4:EnvironmentFirefox                                       0.407117
Backendjs-onnx:PPjs:Iteration.Count4:EnvironmentFirefox                                         0.544594
Backendwasm-onnx:PPjs:Iteration.Count4:EnvironmentFirefox                                       0.777823
Backendjs-bypass:PPjs:Iteration.Count1:EnvironmentSafari                                        0.619077
Backendjs-onnx:PPjs:Iteration.Count1:EnvironmentSafari                                          0.229456
Backendwasm-onnx:PPjs:Iteration.Count1:EnvironmentSafari                                        0.052888
Backendjs-bypass:PPjs:Iteration.Count2:EnvironmentSafari                                        0.969438
Backendjs-onnx:PPjs:Iteration.Count2:EnvironmentSafari                                          0.361602
Backendwasm-onnx:PPjs:Iteration.Count2:EnvironmentSafari                                        0.533730
Backendjs-bypass:PPjs:Iteration.Count3:EnvironmentSafari                                        0.804920
Backendjs-onnx:PPjs:Iteration.Count3:EnvironmentSafari                                          0.578822
Backendwasm-onnx:PPjs:Iteration.Count3:EnvironmentSafari                                        0.257524
Backendjs-bypass:PPjs:Iteration.Count4:EnvironmentSafari                                        0.688962
Backendjs-onnx:PPjs:Iteration.Count4:EnvironmentSafari                                          0.800885
Backendwasm-onnx:PPjs:Iteration.Count4:EnvironmentSafari                                        0.863139
Backendjs-bypass:PPjs:Iteration.Count1:Model.Uniquesteerable-nafx                               0.242401
Backendjs-onnx:PPjs:Iteration.Count1:Model.Uniquesteerable-nafx                                 0.203347
Backendwasm-onnx:PPjs:Iteration.Count1:Model.Uniquesteerable-nafx                               0.112788
Backendjs-bypass:PPjs:Iteration.Count2:Model.Uniquesteerable-nafx                               0.922911
Backendjs-onnx:PPjs:Iteration.Count2:Model.Uniquesteerable-nafx                                 0.736922
Backendwasm-onnx:PPjs:Iteration.Count2:Model.Uniquesteerable-nafx                               0.894836
Backendjs-bypass:PPjs:Iteration.Count3:Model.Uniquesteerable-nafx                               0.450663
Backendjs-onnx:PPjs:Iteration.Count3:Model.Uniquesteerable-nafx                                 0.211089
Backendwasm-onnx:PPjs:Iteration.Count3:Model.Uniquesteerable-nafx                               0.172329
Backendjs-bypass:PPjs:Iteration.Count4:Model.Uniquesteerable-nafx                               0.873286
Backendjs-onnx:PPjs:Iteration.Count4:Model.Uniquesteerable-nafx                                 0.778013
Backendwasm-onnx:PPjs:Iteration.Count4:Model.Uniquesteerable-nafx                               0.765515
Backendjs-bypass:PPjs:EnvironmentFirefox:Model.Uniquesteerable-nafx                             0.354787
Backendjs-onnx:PPjs:EnvironmentFirefox:Model.Uniquesteerable-nafx                               0.857118
Backendwasm-onnx:PPjs:EnvironmentFirefox:Model.Uniquesteerable-nafx                             0.685567
Backendjs-bypass:PPjs:EnvironmentSafari:Model.Uniquesteerable-nafx                              0.685121
Backendjs-onnx:PPjs:EnvironmentSafari:Model.Uniquesteerable-nafx                                0.993205
Backendwasm-onnx:PPjs:EnvironmentSafari:Model.Uniquesteerable-nafx                              0.553530
Backendjs-bypass:Buffer.Size1024:Iteration.Count1:EnvironmentFirefox                            0.321160
Backendjs-onnx:Buffer.Size1024:Iteration.Count1:EnvironmentFirefox                              0.437682
Backendwasm-onnx:Buffer.Size1024:Iteration.Count1:EnvironmentFirefox                            0.167455
Backendjs-bypass:Buffer.Size8192:Iteration.Count1:EnvironmentFirefox                            0.692652
Backendjs-onnx:Buffer.Size8192:Iteration.Count1:EnvironmentFirefox                              0.387624
Backendwasm-onnx:Buffer.Size8192:Iteration.Count1:EnvironmentFirefox                            0.844581
Backendjs-bypass:Buffer.Size1024:Iteration.Count2:EnvironmentFirefox                            0.569523
Backendjs-onnx:Buffer.Size1024:Iteration.Count2:EnvironmentFirefox                              0.564843
Backendwasm-onnx:Buffer.Size1024:Iteration.Count2:EnvironmentFirefox                            0.814529
Backendjs-bypass:Buffer.Size8192:Iteration.Count2:EnvironmentFirefox                            0.445784
Backendjs-onnx:Buffer.Size8192:Iteration.Count2:EnvironmentFirefox                              0.397490
Backendwasm-onnx:Buffer.Size8192:Iteration.Count2:EnvironmentFirefox                            0.647911
Backendjs-bypass:Buffer.Size1024:Iteration.Count3:EnvironmentFirefox                            0.733714
Backendjs-onnx:Buffer.Size1024:Iteration.Count3:EnvironmentFirefox                              0.801804
Backendwasm-onnx:Buffer.Size1024:Iteration.Count3:EnvironmentFirefox                            0.907183
Backendjs-bypass:Buffer.Size8192:Iteration.Count3:EnvironmentFirefox                            0.811814
Backendjs-onnx:Buffer.Size8192:Iteration.Count3:EnvironmentFirefox                              0.830121
Backendwasm-onnx:Buffer.Size8192:Iteration.Count3:EnvironmentFirefox                            0.713520
Backendjs-bypass:Buffer.Size1024:Iteration.Count4:EnvironmentFirefox                            0.363288
Backendjs-onnx:Buffer.Size1024:Iteration.Count4:EnvironmentFirefox                              0.338874
Backendwasm-onnx:Buffer.Size1024:Iteration.Count4:EnvironmentFirefox                            0.342279
Backendjs-bypass:Buffer.Size8192:Iteration.Count4:EnvironmentFirefox                            0.378909
Backendjs-onnx:Buffer.Size8192:Iteration.Count4:EnvironmentFirefox                              0.816930
Backendwasm-onnx:Buffer.Size8192:Iteration.Count4:EnvironmentFirefox                            0.719905
Backendjs-bypass:Buffer.Size1024:Iteration.Count1:EnvironmentSafari                             0.652774
Backendjs-onnx:Buffer.Size1024:Iteration.Count1:EnvironmentSafari                               0.016601
Backendwasm-onnx:Buffer.Size1024:Iteration.Count1:EnvironmentSafari                             0.132022
Backendjs-bypass:Buffer.Size8192:Iteration.Count1:EnvironmentSafari                             0.078696
Backendjs-onnx:Buffer.Size8192:Iteration.Count1:EnvironmentSafari                               1.95e-07
Backendwasm-onnx:Buffer.Size8192:Iteration.Count1:EnvironmentSafari                             0.000229
Backendjs-bypass:Buffer.Size1024:Iteration.Count2:EnvironmentSafari                             0.567120
Backendjs-onnx:Buffer.Size1024:Iteration.Count2:EnvironmentSafari                               0.119976
Backendwasm-onnx:Buffer.Size1024:Iteration.Count2:EnvironmentSafari                             0.291542
Backendjs-bypass:Buffer.Size8192:Iteration.Count2:EnvironmentSafari                             0.858493
Backendjs-onnx:Buffer.Size8192:Iteration.Count2:EnvironmentSafari                               0.003917
Backendwasm-onnx:Buffer.Size8192:Iteration.Count2:EnvironmentSafari                             0.024647
Backendjs-bypass:Buffer.Size1024:Iteration.Count3:EnvironmentSafari                             0.970461
Backendjs-onnx:Buffer.Size1024:Iteration.Count3:EnvironmentSafari                               0.924903
Backendwasm-onnx:Buffer.Size1024:Iteration.Count3:EnvironmentSafari                             0.608082
Backendjs-bypass:Buffer.Size8192:Iteration.Count3:EnvironmentSafari                             0.742431
Backendjs-onnx:Buffer.Size8192:Iteration.Count3:EnvironmentSafari                               0.380690
Backendwasm-onnx:Buffer.Size8192:Iteration.Count3:EnvironmentSafari                             0.308770
Backendjs-bypass:Buffer.Size1024:Iteration.Count4:EnvironmentSafari                             0.393370
Backendjs-onnx:Buffer.Size1024:Iteration.Count4:EnvironmentSafari                               0.651775
Backendwasm-onnx:Buffer.Size1024:Iteration.Count4:EnvironmentSafari                             0.808984
Backendjs-bypass:Buffer.Size8192:Iteration.Count4:EnvironmentSafari                             0.628263
Backendjs-onnx:Buffer.Size8192:Iteration.Count4:EnvironmentSafari                               0.656503
Backendwasm-onnx:Buffer.Size8192:Iteration.Count4:EnvironmentSafari                             0.925107
Backendjs-bypass:Buffer.Size1024:Iteration.Count1:Model.Uniquesteerable-nafx                    0.808349
Backendjs-onnx:Buffer.Size1024:Iteration.Count1:Model.Uniquesteerable-nafx                      0.065620
Backendwasm-onnx:Buffer.Size1024:Iteration.Count1:Model.Uniquesteerable-nafx                    0.003621
Backendjs-bypass:Buffer.Size8192:Iteration.Count1:Model.Uniquesteerable-nafx                    0.877589
Backendjs-onnx:Buffer.Size8192:Iteration.Count1:Model.Uniquesteerable-nafx                      0.030829
Backendwasm-onnx:Buffer.Size8192:Iteration.Count1:Model.Uniquesteerable-nafx                    0.756252
Backendjs-bypass:Buffer.Size1024:Iteration.Count2:Model.Uniquesteerable-nafx                    0.574207
Backendjs-onnx:Buffer.Size1024:Iteration.Count2:Model.Uniquesteerable-nafx                      0.358883
Backendwasm-onnx:Buffer.Size1024:Iteration.Count2:Model.Uniquesteerable-nafx                    0.272147
Backendjs-bypass:Buffer.Size8192:Iteration.Count2:Model.Uniquesteerable-nafx                    0.734784
Backendjs-onnx:Buffer.Size8192:Iteration.Count2:Model.Uniquesteerable-nafx                      0.903406
Backendwasm-onnx:Buffer.Size8192:Iteration.Count2:Model.Uniquesteerable-nafx                    0.707726
Backendjs-bypass:Buffer.Size1024:Iteration.Count3:Model.Uniquesteerable-nafx                    0.961561
Backendjs-onnx:Buffer.Size1024:Iteration.Count3:Model.Uniquesteerable-nafx                      0.955838
Backendwasm-onnx:Buffer.Size1024:Iteration.Count3:Model.Uniquesteerable-nafx                    0.921861
Backendjs-bypass:Buffer.Size8192:Iteration.Count3:Model.Uniquesteerable-nafx                    0.492464
Backendjs-onnx:Buffer.Size8192:Iteration.Count3:Model.Uniquesteerable-nafx                      0.154400
Backendwasm-onnx:Buffer.Size8192:Iteration.Count3:Model.Uniquesteerable-nafx                    0.259908
Backendjs-bypass:Buffer.Size1024:Iteration.Count4:Model.Uniquesteerable-nafx                    0.484900
Backendjs-onnx:Buffer.Size1024:Iteration.Count4:Model.Uniquesteerable-nafx                      0.608921
Backendwasm-onnx:Buffer.Size1024:Iteration.Count4:Model.Uniquesteerable-nafx                    0.435759
Backendjs-bypass:Buffer.Size8192:Iteration.Count4:Model.Uniquesteerable-nafx                    0.726461
Backendjs-onnx:Buffer.Size8192:Iteration.Count4:Model.Uniquesteerable-nafx                      0.694623
Backendwasm-onnx:Buffer.Size8192:Iteration.Count4:Model.Uniquesteerable-nafx                    0.947108
Backendjs-bypass:Buffer.Size1024:EnvironmentFirefox:Model.Uniquesteerable-nafx                  0.760269
Backendjs-onnx:Buffer.Size1024:EnvironmentFirefox:Model.Uniquesteerable-nafx                    0.154898
Backendwasm-onnx:Buffer.Size1024:EnvironmentFirefox:Model.Uniquesteerable-nafx                  0.442760
Backendjs-bypass:Buffer.Size8192:EnvironmentFirefox:Model.Uniquesteerable-nafx                  0.051159
Backendjs-onnx:Buffer.Size8192:EnvironmentFirefox:Model.Uniquesteerable-nafx                    0.036134
Backendwasm-onnx:Buffer.Size8192:EnvironmentFirefox:Model.Uniquesteerable-nafx                  0.001413
Backendjs-bypass:Buffer.Size1024:EnvironmentSafari:Model.Uniquesteerable-nafx                   0.211197
Backendjs-onnx:Buffer.Size1024:EnvironmentSafari:Model.Uniquesteerable-nafx                     0.000109
Backendwasm-onnx:Buffer.Size1024:EnvironmentSafari:Model.Uniquesteerable-nafx                   0.000447
Backendjs-bypass:Buffer.Size8192:EnvironmentSafari:Model.Uniquesteerable-nafx                   0.645077
Backendjs-onnx:Buffer.Size8192:EnvironmentSafari:Model.Uniquesteerable-nafx                     0.503587
Backendwasm-onnx:Buffer.Size8192:EnvironmentSafari:Model.Uniquesteerable-nafx                   0.867161
Backendjs-bypass:Iteration.Count1:EnvironmentFirefox:Model.Uniquesteerable-nafx                 0.102155
Backendjs-onnx:Iteration.Count1:EnvironmentFirefox:Model.Uniquesteerable-nafx                   0.000881
Backendwasm-onnx:Iteration.Count1:EnvironmentFirefox:Model.Uniquesteerable-nafx                 0.049516
Backendjs-bypass:Iteration.Count2:EnvironmentFirefox:Model.Uniquesteerable-nafx                 0.983340
Backendjs-onnx:Iteration.Count2:EnvironmentFirefox:Model.Uniquesteerable-nafx                   0.701335
Backendwasm-onnx:Iteration.Count2:EnvironmentFirefox:Model.Uniquesteerable-nafx                 0.868049
Backendjs-bypass:Iteration.Count3:EnvironmentFirefox:Model.Uniquesteerable-nafx                 0.909752
Backendjs-onnx:Iteration.Count3:EnvironmentFirefox:Model.Uniquesteerable-nafx                   0.234592
Backendwasm-onnx:Iteration.Count3:EnvironmentFirefox:Model.Uniquesteerable-nafx                 0.158664
Backendjs-bypass:Iteration.Count4:EnvironmentFirefox:Model.Uniquesteerable-nafx                 0.807952
Backendjs-onnx:Iteration.Count4:EnvironmentFirefox:Model.Uniquesteerable-nafx                   0.404561
Backendwasm-onnx:Iteration.Count4:EnvironmentFirefox:Model.Uniquesteerable-nafx                 0.572868
Backendjs-bypass:Iteration.Count1:EnvironmentSafari:Model.Uniquesteerable-nafx                  0.001901
Backendjs-onnx:Iteration.Count1:EnvironmentSafari:Model.Uniquesteerable-nafx                    0.016113
Backendwasm-onnx:Iteration.Count1:EnvironmentSafari:Model.Uniquesteerable-nafx                  0.451677
Backendjs-bypass:Iteration.Count2:EnvironmentSafari:Model.Uniquesteerable-nafx                  0.452522
Backendjs-onnx:Iteration.Count2:EnvironmentSafari:Model.Uniquesteerable-nafx                    0.090586
Backendwasm-onnx:Iteration.Count2:EnvironmentSafari:Model.Uniquesteerable-nafx                  0.265495
Backendjs-bypass:Iteration.Count3:EnvironmentSafari:Model.Uniquesteerable-nafx                  0.259875
Backendjs-onnx:Iteration.Count3:EnvironmentSafari:Model.Uniquesteerable-nafx                    0.440145
Backendwasm-onnx:Iteration.Count3:EnvironmentSafari:Model.Uniquesteerable-nafx                  0.531468
Backendjs-bypass:Iteration.Count4:EnvironmentSafari:Model.Uniquesteerable-nafx                  0.229462
Backendjs-onnx:Iteration.Count4:EnvironmentSafari:Model.Uniquesteerable-nafx                    0.535377
Backendwasm-onnx:Iteration.Count4:EnvironmentSafari:Model.Uniquesteerable-nafx                  0.881676
PPjs:Buffer.Size1024:Iteration.Count1:EnvironmentFirefox                                        0.136823
PPjs:Buffer.Size8192:Iteration.Count1:EnvironmentFirefox                                        0.341782
PPjs:Buffer.Size1024:Iteration.Count2:EnvironmentFirefox                                        0.563005
PPjs:Buffer.Size8192:Iteration.Count2:EnvironmentFirefox                                        0.516438
PPjs:Buffer.Size1024:Iteration.Count3:EnvironmentFirefox                                        0.423041
PPjs:Buffer.Size8192:Iteration.Count3:EnvironmentFirefox                                        0.649164
PPjs:Buffer.Size1024:Iteration.Count4:EnvironmentFirefox                                        0.539021
PPjs:Buffer.Size8192:Iteration.Count4:EnvironmentFirefox                                        0.672472
PPjs:Buffer.Size1024:Iteration.Count1:EnvironmentSafari                                         0.052940
PPjs:Buffer.Size8192:Iteration.Count1:EnvironmentSafari                                         0.671250
PPjs:Buffer.Size1024:Iteration.Count2:EnvironmentSafari                                         0.641691
PPjs:Buffer.Size8192:Iteration.Count2:EnvironmentSafari                                         0.596524
PPjs:Buffer.Size1024:Iteration.Count3:EnvironmentSafari                                         0.985999
PPjs:Buffer.Size8192:Iteration.Count3:EnvironmentSafari                                         0.638734
PPjs:Buffer.Size1024:Iteration.Count4:EnvironmentSafari                                         0.897338
PPjs:Buffer.Size8192:Iteration.Count4:EnvironmentSafari                                         0.791755
PPjs:Buffer.Size1024:Iteration.Count1:Model.Uniquesteerable-nafx                                0.245335
PPjs:Buffer.Size8192:Iteration.Count1:Model.Uniquesteerable-nafx                                0.059738
PPjs:Buffer.Size1024:Iteration.Count2:Model.Uniquesteerable-nafx                                0.270876
PPjs:Buffer.Size8192:Iteration.Count2:Model.Uniquesteerable-nafx                                0.351832
PPjs:Buffer.Size1024:Iteration.Count3:Model.Uniquesteerable-nafx                                0.336792
PPjs:Buffer.Size8192:Iteration.Count3:Model.Uniquesteerable-nafx                                0.388997
PPjs:Buffer.Size1024:Iteration.Count4:Model.Uniquesteerable-nafx                                0.797902
PPjs:Buffer.Size8192:Iteration.Count4:Model.Uniquesteerable-nafx                                0.514994
PPjs:Buffer.Size1024:EnvironmentFirefox:Model.Uniquesteerable-nafx                              0.349399
PPjs:Buffer.Size8192:EnvironmentFirefox:Model.Uniquesteerable-nafx                              0.802284
PPjs:Buffer.Size1024:EnvironmentSafari:Model.Uniquesteerable-nafx                               0.000228
PPjs:Buffer.Size8192:EnvironmentSafari:Model.Uniquesteerable-nafx                               0.001634
PPjs:Iteration.Count1:EnvironmentFirefox:Model.Uniquesteerable-nafx                             0.008717
PPjs:Iteration.Count2:EnvironmentFirefox:Model.Uniquesteerable-nafx                             0.588264
PPjs:Iteration.Count3:EnvironmentFirefox:Model.Uniquesteerable-nafx                             0.691493
PPjs:Iteration.Count4:EnvironmentFirefox:Model.Uniquesteerable-nafx                             0.174340
PPjs:Iteration.Count1:EnvironmentSafari:Model.Uniquesteerable-nafx                              0.010884
PPjs:Iteration.Count2:EnvironmentSafari:Model.Uniquesteerable-nafx                              0.697742
PPjs:Iteration.Count3:EnvironmentSafari:Model.Uniquesteerable-nafx                              0.786684
PPjs:Iteration.Count4:EnvironmentSafari:Model.Uniquesteerable-nafx                              0.173740
Buffer.Size1024:Iteration.Count1:EnvironmentFirefox:Model.Uniquesteerable-nafx                  0.294836
Buffer.Size8192:Iteration.Count1:EnvironmentFirefox:Model.Uniquesteerable-nafx                  0.000818
Buffer.Size1024:Iteration.Count2:EnvironmentFirefox:Model.Uniquesteerable-nafx                  0.595331
Buffer.Size8192:Iteration.Count2:EnvironmentFirefox:Model.Uniquesteerable-nafx                  0.949725
Buffer.Size1024:Iteration.Count3:EnvironmentFirefox:Model.Uniquesteerable-nafx                  0.375829
Buffer.Size8192:Iteration.Count3:EnvironmentFirefox:Model.Uniquesteerable-nafx                  0.202815
Buffer.Size1024:Iteration.Count4:EnvironmentFirefox:Model.Uniquesteerable-nafx                  0.857381
Buffer.Size8192:Iteration.Count4:EnvironmentFirefox:Model.Uniquesteerable-nafx                  0.170355
Buffer.Size1024:Iteration.Count1:EnvironmentSafari:Model.Uniquesteerable-nafx                   6.32e-08
Buffer.Size8192:Iteration.Count1:EnvironmentSafari:Model.Uniquesteerable-nafx                   1.04e-12
Buffer.Size1024:Iteration.Count2:EnvironmentSafari:Model.Uniquesteerable-nafx                   0.499216
Buffer.Size8192:Iteration.Count2:EnvironmentSafari:Model.Uniquesteerable-nafx                   0.090811
Buffer.Size1024:Iteration.Count3:EnvironmentSafari:Model.Uniquesteerable-nafx                   0.525758
Buffer.Size8192:Iteration.Count3:EnvironmentSafari:Model.Uniquesteerable-nafx                   0.339004
Buffer.Size1024:Iteration.Count4:EnvironmentSafari:Model.Uniquesteerable-nafx                   0.035266
Buffer.Size8192:Iteration.Count4:EnvironmentSafari:Model.Uniquesteerable-nafx                   0.026709
Backendjs-bypass:PPjs:Buffer.Size1024:Iteration.Count1:EnvironmentFirefox                       0.171221
Backendjs-onnx:PPjs:Buffer.Size1024:Iteration.Count1:EnvironmentFirefox                         0.157128
Backendwasm-onnx:PPjs:Buffer.Size1024:Iteration.Count1:EnvironmentFirefox                       0.386051
Backendjs-bypass:PPjs:Buffer.Size8192:Iteration.Count1:EnvironmentFirefox                       0.249580
Backendjs-onnx:PPjs:Buffer.Size8192:Iteration.Count1:EnvironmentFirefox                         0.454140
Backendwasm-onnx:PPjs:Buffer.Size8192:Iteration.Count1:EnvironmentFirefox                       0.944507
Backendjs-bypass:PPjs:Buffer.Size1024:Iteration.Count2:EnvironmentFirefox                       0.567010
Backendjs-onnx:PPjs:Buffer.Size1024:Iteration.Count2:EnvironmentFirefox                         0.572326
Backendwasm-onnx:PPjs:Buffer.Size1024:Iteration.Count2:EnvironmentFirefox                       0.471946
Backendjs-bypass:PPjs:Buffer.Size8192:Iteration.Count2:EnvironmentFirefox                       0.519931
Backendjs-onnx:PPjs:Buffer.Size8192:Iteration.Count2:EnvironmentFirefox                         0.575425
Backendwasm-onnx:PPjs:Buffer.Size8192:Iteration.Count2:EnvironmentFirefox                       0.489760
Backendjs-bypass:PPjs:Buffer.Size1024:Iteration.Count3:EnvironmentFirefox                       0.775582
Backendjs-onnx:PPjs:Buffer.Size1024:Iteration.Count3:EnvironmentFirefox                         0.474908
Backendwasm-onnx:PPjs:Buffer.Size1024:Iteration.Count3:EnvironmentFirefox                       0.495130
Backendjs-bypass:PPjs:Buffer.Size8192:Iteration.Count3:EnvironmentFirefox                       0.988571
Backendjs-onnx:PPjs:Buffer.Size8192:Iteration.Count3:EnvironmentFirefox                         0.731041
Backendwasm-onnx:PPjs:Buffer.Size8192:Iteration.Count3:EnvironmentFirefox                       0.890227
Backendjs-bypass:PPjs:Buffer.Size1024:Iteration.Count4:EnvironmentFirefox                       0.509013
Backendjs-onnx:PPjs:Buffer.Size1024:Iteration.Count4:EnvironmentFirefox                         0.369816
Backendwasm-onnx:PPjs:Buffer.Size1024:Iteration.Count4:EnvironmentFirefox                       0.551837
Backendjs-bypass:PPjs:Buffer.Size8192:Iteration.Count4:EnvironmentFirefox                       0.331894
Backendjs-onnx:PPjs:Buffer.Size8192:Iteration.Count4:EnvironmentFirefox                         0.540562
Backendwasm-onnx:PPjs:Buffer.Size8192:Iteration.Count4:EnvironmentFirefox                       0.708706
Backendjs-bypass:PPjs:Buffer.Size1024:Iteration.Count1:EnvironmentSafari                        0.071499
Backendjs-onnx:PPjs:Buffer.Size1024:Iteration.Count1:EnvironmentSafari                          0.182142
Backendwasm-onnx:PPjs:Buffer.Size1024:Iteration.Count1:EnvironmentSafari                        0.363325
Backendjs-bypass:PPjs:Buffer.Size8192:Iteration.Count1:EnvironmentSafari                        0.996893
Backendjs-onnx:PPjs:Buffer.Size8192:Iteration.Count1:EnvironmentSafari                          0.727182
Backendwasm-onnx:PPjs:Buffer.Size8192:Iteration.Count1:EnvironmentSafari                        0.309157
Backendjs-bypass:PPjs:Buffer.Size1024:Iteration.Count2:EnvironmentSafari                        0.386718
Backendjs-onnx:PPjs:Buffer.Size1024:Iteration.Count2:EnvironmentSafari                          0.936515
Backendwasm-onnx:PPjs:Buffer.Size1024:Iteration.Count2:EnvironmentSafari                        0.999838
Backendjs-bypass:PPjs:Buffer.Size8192:Iteration.Count2:EnvironmentSafari                        0.832776
Backendjs-onnx:PPjs:Buffer.Size8192:Iteration.Count2:EnvironmentSafari                          0.353859
Backendwasm-onnx:PPjs:Buffer.Size8192:Iteration.Count2:EnvironmentSafari                        0.471628
Backendjs-bypass:PPjs:Buffer.Size1024:Iteration.Count3:EnvironmentSafari                        0.839090
Backendjs-onnx:PPjs:Buffer.Size1024:Iteration.Count3:EnvironmentSafari                          0.918487
Backendwasm-onnx:PPjs:Buffer.Size1024:Iteration.Count3:EnvironmentSafari                        0.915984
Backendjs-bypass:PPjs:Buffer.Size8192:Iteration.Count3:EnvironmentSafari                        0.370929
Backendjs-onnx:PPjs:Buffer.Size8192:Iteration.Count3:EnvironmentSafari                          0.796105
Backendwasm-onnx:PPjs:Buffer.Size8192:Iteration.Count3:EnvironmentSafari                        0.498359
Backendjs-bypass:PPjs:Buffer.Size1024:Iteration.Count4:EnvironmentSafari                        0.596562
Backendjs-onnx:PPjs:Buffer.Size1024:Iteration.Count4:EnvironmentSafari                          0.672707
Backendwasm-onnx:PPjs:Buffer.Size1024:Iteration.Count4:EnvironmentSafari                        0.906284
Backendjs-bypass:PPjs:Buffer.Size8192:Iteration.Count4:EnvironmentSafari                        0.712375
Backendjs-onnx:PPjs:Buffer.Size8192:Iteration.Count4:EnvironmentSafari                          0.523201
Backendwasm-onnx:PPjs:Buffer.Size8192:Iteration.Count4:EnvironmentSafari                        0.769212
Backendjs-bypass:PPjs:Buffer.Size1024:Iteration.Count1:Model.Uniquesteerable-nafx               0.788410
Backendjs-onnx:PPjs:Buffer.Size1024:Iteration.Count1:Model.Uniquesteerable-nafx                 0.211210
Backendwasm-onnx:PPjs:Buffer.Size1024:Iteration.Count1:Model.Uniquesteerable-nafx               0.287070
Backendjs-bypass:PPjs:Buffer.Size8192:Iteration.Count1:Model.Uniquesteerable-nafx               0.237145
Backendjs-onnx:PPjs:Buffer.Size8192:Iteration.Count1:Model.Uniquesteerable-nafx                 0.114396
Backendwasm-onnx:PPjs:Buffer.Size8192:Iteration.Count1:Model.Uniquesteerable-nafx               0.163914
Backendjs-bypass:PPjs:Buffer.Size1024:Iteration.Count2:Model.Uniquesteerable-nafx               0.359929
Backendjs-onnx:PPjs:Buffer.Size1024:Iteration.Count2:Model.Uniquesteerable-nafx                 0.273391
Backendwasm-onnx:PPjs:Buffer.Size1024:Iteration.Count2:Model.Uniquesteerable-nafx               0.398889
Backendjs-bypass:PPjs:Buffer.Size8192:Iteration.Count2:Model.Uniquesteerable-nafx               0.597570
Backendjs-onnx:PPjs:Buffer.Size8192:Iteration.Count2:Model.Uniquesteerable-nafx                 0.297172
Backendwasm-onnx:PPjs:Buffer.Size8192:Iteration.Count2:Model.Uniquesteerable-nafx               0.499210
Backendjs-bypass:PPjs:Buffer.Size1024:Iteration.Count3:Model.Uniquesteerable-nafx               0.209194
Backendjs-onnx:PPjs:Buffer.Size1024:Iteration.Count3:Model.Uniquesteerable-nafx                 0.453834
Backendwasm-onnx:PPjs:Buffer.Size1024:Iteration.Count3:Model.Uniquesteerable-nafx               0.599720
Backendjs-bypass:PPjs:Buffer.Size8192:Iteration.Count3:Model.Uniquesteerable-nafx               0.971486
Backendjs-onnx:PPjs:Buffer.Size8192:Iteration.Count3:Model.Uniquesteerable-nafx                 0.435614
Backendwasm-onnx:PPjs:Buffer.Size8192:Iteration.Count3:Model.Uniquesteerable-nafx               0.480469
Backendjs-bypass:PPjs:Buffer.Size1024:Iteration.Count4:Model.Uniquesteerable-nafx               0.484106
Backendjs-onnx:PPjs:Buffer.Size1024:Iteration.Count4:Model.Uniquesteerable-nafx                 0.671918
Backendwasm-onnx:PPjs:Buffer.Size1024:Iteration.Count4:Model.Uniquesteerable-nafx               0.684571
Backendjs-bypass:PPjs:Buffer.Size8192:Iteration.Count4:Model.Uniquesteerable-nafx               0.462113
Backendjs-onnx:PPjs:Buffer.Size8192:Iteration.Count4:Model.Uniquesteerable-nafx                 0.459788
Backendwasm-onnx:PPjs:Buffer.Size8192:Iteration.Count4:Model.Uniquesteerable-nafx               0.439696
Backendjs-bypass:PPjs:Buffer.Size1024:EnvironmentFirefox:Model.Uniquesteerable-nafx             0.288879
Backendjs-onnx:PPjs:Buffer.Size1024:EnvironmentFirefox:Model.Uniquesteerable-nafx               0.543145
Backendwasm-onnx:PPjs:Buffer.Size1024:EnvironmentFirefox:Model.Uniquesteerable-nafx             0.377051
Backendjs-bypass:PPjs:Buffer.Size8192:EnvironmentFirefox:Model.Uniquesteerable-nafx             0.487425
Backendjs-onnx:PPjs:Buffer.Size8192:EnvironmentFirefox:Model.Uniquesteerable-nafx               0.879405
Backendwasm-onnx:PPjs:Buffer.Size8192:EnvironmentFirefox:Model.Uniquesteerable-nafx             0.978934
Backendjs-bypass:PPjs:Buffer.Size1024:EnvironmentSafari:Model.Uniquesteerable-nafx              0.362989
Backendjs-onnx:PPjs:Buffer.Size1024:EnvironmentSafari:Model.Uniquesteerable-nafx                0.022224
Backendwasm-onnx:PPjs:Buffer.Size1024:EnvironmentSafari:Model.Uniquesteerable-nafx              0.005780
Backendjs-bypass:PPjs:Buffer.Size8192:EnvironmentSafari:Model.Uniquesteerable-nafx              0.802923
Backendjs-onnx:PPjs:Buffer.Size8192:EnvironmentSafari:Model.Uniquesteerable-nafx                0.069974
Backendwasm-onnx:PPjs:Buffer.Size8192:EnvironmentSafari:Model.Uniquesteerable-nafx              0.017339
Backendjs-bypass:PPjs:Iteration.Count1:EnvironmentFirefox:Model.Uniquesteerable-nafx            0.210509
Backendjs-onnx:PPjs:Iteration.Count1:EnvironmentFirefox:Model.Uniquesteerable-nafx              0.021208
Backendwasm-onnx:PPjs:Iteration.Count1:EnvironmentFirefox:Model.Uniquesteerable-nafx            0.011626
Backendjs-bypass:PPjs:Iteration.Count2:EnvironmentFirefox:Model.Uniquesteerable-nafx            0.586524
Backendjs-onnx:PPjs:Iteration.Count2:EnvironmentFirefox:Model.Uniquesteerable-nafx              0.560059
Backendwasm-onnx:PPjs:Iteration.Count2:EnvironmentFirefox:Model.Uniquesteerable-nafx            0.587150
Backendjs-bypass:PPjs:Iteration.Count3:EnvironmentFirefox:Model.Uniquesteerable-nafx            0.620016
Backendjs-onnx:PPjs:Iteration.Count3:EnvironmentFirefox:Model.Uniquesteerable-nafx              0.802485
Backendwasm-onnx:PPjs:Iteration.Count3:EnvironmentFirefox:Model.Uniquesteerable-nafx            0.634605
Backendjs-bypass:PPjs:Iteration.Count4:EnvironmentFirefox:Model.Uniquesteerable-nafx            0.685889
Backendjs-onnx:PPjs:Iteration.Count4:EnvironmentFirefox:Model.Uniquesteerable-nafx              0.400165
Backendwasm-onnx:PPjs:Iteration.Count4:EnvironmentFirefox:Model.Uniquesteerable-nafx            0.380668
Backendjs-bypass:PPjs:Iteration.Count1:EnvironmentSafari:Model.Uniquesteerable-nafx             0.167621
Backendjs-onnx:PPjs:Iteration.Count1:EnvironmentSafari:Model.Uniquesteerable-nafx               0.025016
Backendwasm-onnx:PPjs:Iteration.Count1:EnvironmentSafari:Model.Uniquesteerable-nafx             0.018424
Backendjs-bypass:PPjs:Iteration.Count2:EnvironmentSafari:Model.Uniquesteerable-nafx             0.852057
Backendjs-onnx:PPjs:Iteration.Count2:EnvironmentSafari:Model.Uniquesteerable-nafx               0.470846
Backendwasm-onnx:PPjs:Iteration.Count2:EnvironmentSafari:Model.Uniquesteerable-nafx             0.638436
Backendjs-bypass:PPjs:Iteration.Count3:EnvironmentSafari:Model.Uniquesteerable-nafx             0.533793
Backendjs-onnx:PPjs:Iteration.Count3:EnvironmentSafari:Model.Uniquesteerable-nafx               0.877510
Backendwasm-onnx:PPjs:Iteration.Count3:EnvironmentSafari:Model.Uniquesteerable-nafx             0.671005
Backendjs-bypass:PPjs:Iteration.Count4:EnvironmentSafari:Model.Uniquesteerable-nafx             0.596227
Backendjs-onnx:PPjs:Iteration.Count4:EnvironmentSafari:Model.Uniquesteerable-nafx               0.437010
Backendwasm-onnx:PPjs:Iteration.Count4:EnvironmentSafari:Model.Uniquesteerable-nafx             0.371972
Backendjs-bypass:Buffer.Size1024:Iteration.Count1:EnvironmentFirefox:Model.Uniquesteerable-nafx 0.517481
Backendjs-onnx:Buffer.Size1024:Iteration.Count1:EnvironmentFirefox:Model.Uniquesteerable-nafx   0.291369
Backendwasm-onnx:Buffer.Size1024:Iteration.Count1:EnvironmentFirefox:Model.Uniquesteerable-nafx 0.799880
Backendjs-bypass:Buffer.Size8192:Iteration.Count1:EnvironmentFirefox:Model.Uniquesteerable-nafx 0.401137
Backendjs-onnx:Buffer.Size8192:Iteration.Count1:EnvironmentFirefox:Model.Uniquesteerable-nafx   0.000811
Backendwasm-onnx:Buffer.Size8192:Iteration.Count1:EnvironmentFirefox:Model.Uniquesteerable-nafx 0.035969
Backendjs-bypass:Buffer.Size1024:Iteration.Count2:EnvironmentFirefox:Model.Uniquesteerable-nafx 0.618336
Backendjs-onnx:Buffer.Size1024:Iteration.Count2:EnvironmentFirefox:Model.Uniquesteerable-nafx   0.975121
Backendwasm-onnx:Buffer.Size1024:Iteration.Count2:EnvironmentFirefox:Model.Uniquesteerable-nafx 0.677662
Backendjs-bypass:Buffer.Size8192:Iteration.Count2:EnvironmentFirefox:Model.Uniquesteerable-nafx 0.971968
Backendjs-onnx:Buffer.Size8192:Iteration.Count2:EnvironmentFirefox:Model.Uniquesteerable-nafx   0.669123
Backendwasm-onnx:Buffer.Size8192:Iteration.Count2:EnvironmentFirefox:Model.Uniquesteerable-nafx 0.932330
Backendjs-bypass:Buffer.Size1024:Iteration.Count3:EnvironmentFirefox:Model.Uniquesteerable-nafx 0.939549
Backendjs-onnx:Buffer.Size1024:Iteration.Count3:EnvironmentFirefox:Model.Uniquesteerable-nafx   0.501425
Backendwasm-onnx:Buffer.Size1024:Iteration.Count3:EnvironmentFirefox:Model.Uniquesteerable-nafx 0.309139
Backendjs-bypass:Buffer.Size8192:Iteration.Count3:EnvironmentFirefox:Model.Uniquesteerable-nafx 0.860459
Backendjs-onnx:Buffer.Size8192:Iteration.Count3:EnvironmentFirefox:Model.Uniquesteerable-nafx   0.190433
Backendwasm-onnx:Buffer.Size8192:Iteration.Count3:EnvironmentFirefox:Model.Uniquesteerable-nafx 0.148282
Backendjs-bypass:Buffer.Size1024:Iteration.Count4:EnvironmentFirefox:Model.Uniquesteerable-nafx 0.209367
Backendjs-onnx:Buffer.Size1024:Iteration.Count4:EnvironmentFirefox:Model.Uniquesteerable-nafx   0.663551
Backendwasm-onnx:Buffer.Size1024:Iteration.Count4:EnvironmentFirefox:Model.Uniquesteerable-nafx 0.553179
Backendjs-bypass:Buffer.Size8192:Iteration.Count4:EnvironmentFirefox:Model.Uniquesteerable-nafx 0.893137
Backendjs-onnx:Buffer.Size8192:Iteration.Count4:EnvironmentFirefox:Model.Uniquesteerable-nafx   0.341866
Backendwasm-onnx:Buffer.Size8192:Iteration.Count4:EnvironmentFirefox:Model.Uniquesteerable-nafx 0.505041
Backendjs-bypass:Buffer.Size1024:Iteration.Count1:EnvironmentSafari:Model.Uniquesteerable-nafx  0.011928
Backendjs-onnx:Buffer.Size1024:Iteration.Count1:EnvironmentSafari:Model.Uniquesteerable-nafx    0.000854
Backendwasm-onnx:Buffer.Size1024:Iteration.Count1:EnvironmentSafari:Model.Uniquesteerable-nafx  0.020769
Backendjs-bypass:Buffer.Size8192:Iteration.Count1:EnvironmentSafari:Model.Uniquesteerable-nafx  0.284861
Backendjs-onnx:Buffer.Size8192:Iteration.Count1:EnvironmentSafari:Model.Uniquesteerable-nafx    3.99e-06
Backendwasm-onnx:Buffer.Size8192:Iteration.Count1:EnvironmentSafari:Model.Uniquesteerable-nafx  0.001978
Backendjs-bypass:Buffer.Size1024:Iteration.Count2:EnvironmentSafari:Model.Uniquesteerable-nafx  0.701668
Backendjs-onnx:Buffer.Size1024:Iteration.Count2:EnvironmentSafari:Model.Uniquesteerable-nafx    0.277946
Backendwasm-onnx:Buffer.Size1024:Iteration.Count2:EnvironmentSafari:Model.Uniquesteerable-nafx  0.495633
Backendjs-bypass:Buffer.Size8192:Iteration.Count2:EnvironmentSafari:Model.Uniquesteerable-nafx  0.759919
Backendjs-onnx:Buffer.Size8192:Iteration.Count2:EnvironmentSafari:Model.Uniquesteerable-nafx    0.077902
Backendwasm-onnx:Buffer.Size8192:Iteration.Count2:EnvironmentSafari:Model.Uniquesteerable-nafx  0.180492
Backendjs-bypass:Buffer.Size1024:Iteration.Count3:EnvironmentSafari:Model.Uniquesteerable-nafx  0.819280
Backendjs-onnx:Buffer.Size1024:Iteration.Count3:EnvironmentSafari:Model.Uniquesteerable-nafx    0.965393
Backendwasm-onnx:Buffer.Size1024:Iteration.Count3:EnvironmentSafari:Model.Uniquesteerable-nafx  0.805119
Backendjs-bypass:Buffer.Size8192:Iteration.Count3:EnvironmentSafari:Model.Uniquesteerable-nafx  0.460946
Backendjs-onnx:Buffer.Size8192:Iteration.Count3:EnvironmentSafari:Model.Uniquesteerable-nafx    0.697208
Backendwasm-onnx:Buffer.Size8192:Iteration.Count3:EnvironmentSafari:Model.Uniquesteerable-nafx  0.719686
Backendjs-bypass:Buffer.Size1024:Iteration.Count4:EnvironmentSafari:Model.Uniquesteerable-nafx  0.477562
Backendjs-onnx:Buffer.Size1024:Iteration.Count4:EnvironmentSafari:Model.Uniquesteerable-nafx    0.309859
Backendwasm-onnx:Buffer.Size1024:Iteration.Count4:EnvironmentSafari:Model.Uniquesteerable-nafx  0.512174
Backendjs-bypass:Buffer.Size8192:Iteration.Count4:EnvironmentSafari:Model.Uniquesteerable-nafx  0.871600
Backendjs-onnx:Buffer.Size8192:Iteration.Count4:EnvironmentSafari:Model.Uniquesteerable-nafx    0.299347
Backendwasm-onnx:Buffer.Size8192:Iteration.Count4:EnvironmentSafari:Model.Uniquesteerable-nafx  0.580141
PPjs:Buffer.Size1024:Iteration.Count1:EnvironmentFirefox:Model.Uniquesteerable-nafx             0.671682
PPjs:Buffer.Size8192:Iteration.Count1:EnvironmentFirefox:Model.Uniquesteerable-nafx             0.734525
PPjs:Buffer.Size1024:Iteration.Count2:EnvironmentFirefox:Model.Uniquesteerable-nafx             0.866449
PPjs:Buffer.Size8192:Iteration.Count2:EnvironmentFirefox:Model.Uniquesteerable-nafx             0.945877
PPjs:Buffer.Size1024:Iteration.Count3:EnvironmentFirefox:Model.Uniquesteerable-nafx             0.732288
PPjs:Buffer.Size8192:Iteration.Count3:EnvironmentFirefox:Model.Uniquesteerable-nafx             0.949560
PPjs:Buffer.Size1024:Iteration.Count4:EnvironmentFirefox:Model.Uniquesteerable-nafx             0.460925
PPjs:Buffer.Size8192:Iteration.Count4:EnvironmentFirefox:Model.Uniquesteerable-nafx             0.615577
PPjs:Buffer.Size1024:Iteration.Count1:EnvironmentSafari:Model.Uniquesteerable-nafx              0.837864
PPjs:Buffer.Size8192:Iteration.Count1:EnvironmentSafari:Model.Uniquesteerable-nafx              0.762751
PPjs:Buffer.Size1024:Iteration.Count2:EnvironmentSafari:Model.Uniquesteerable-nafx              0.862216
PPjs:Buffer.Size8192:Iteration.Count2:EnvironmentSafari:Model.Uniquesteerable-nafx              0.877891
PPjs:Buffer.Size1024:Iteration.Count3:EnvironmentSafari:Model.Uniquesteerable-nafx              0.901507
PPjs:Buffer.Size8192:Iteration.Count3:EnvironmentSafari:Model.Uniquesteerable-nafx              0.962359
PPjs:Buffer.Size1024:Iteration.Count4:EnvironmentSafari:Model.Uniquesteerable-nafx              0.572767
PPjs:Buffer.Size8192:Iteration.Count4:EnvironmentSafari:Model.Uniquesteerable-nafx              0.460393
                                                                                                   
(Intercept)                                                                                     ***
Backendjs-bypass                                                                                   
Backendjs-onnx                                                                                  ***
Backendwasm-onnx                                                                                ***
PPjs                                                                                               
Buffer.Size1024                                                                                 ***
Buffer.Size8192                                                                                 ***
Iteration.Count1                                                                                ***
Iteration.Count2                                                                                ** 
Iteration.Count3                                                                                ***
Iteration.Count4                                                                                ***
EnvironmentFirefox                                                                              ***
EnvironmentSafari                                                                               ***
Model.Uniquesteerable-nafx                                                                      ***
Backendjs-bypass:PPjs                                                                              
Backendjs-onnx:PPjs                                                                                
Backendwasm-onnx:PPjs                                                                           .  
Backendjs-bypass:Buffer.Size1024                                                                   
Backendjs-onnx:Buffer.Size1024                                                                  ***
Backendwasm-onnx:Buffer.Size1024                                                                ** 
Backendjs-bypass:Buffer.Size8192                                                                   
Backendjs-onnx:Buffer.Size8192                                                                  ***
Backendwasm-onnx:Buffer.Size8192                                                                ***
Backendjs-bypass:Iteration.Count1                                                                  
Backendjs-onnx:Iteration.Count1                                                                 ** 
Backendwasm-onnx:Iteration.Count1                                                               ***
Backendjs-bypass:Iteration.Count2                                                                  
Backendjs-onnx:Iteration.Count2                                                                    
Backendwasm-onnx:Iteration.Count2                                                                  
Backendjs-bypass:Iteration.Count3                                                                  
Backendjs-onnx:Iteration.Count3                                                                    
Backendwasm-onnx:Iteration.Count3                                                                  
Backendjs-bypass:Iteration.Count4                                                                  
Backendjs-onnx:Iteration.Count4                                                                    
Backendwasm-onnx:Iteration.Count4                                                               .  
Backendjs-bypass:EnvironmentFirefox                                                                
Backendjs-onnx:EnvironmentFirefox                                                               ***
Backendwasm-onnx:EnvironmentFirefox                                                             ***
Backendjs-bypass:EnvironmentSafari                                                                 
Backendjs-onnx:EnvironmentSafari                                                                ***
Backendwasm-onnx:EnvironmentSafari                                                              ***
Backendjs-bypass:Model.Uniquesteerable-nafx                                                        
Backendjs-onnx:Model.Uniquesteerable-nafx                                                       ***
Backendwasm-onnx:Model.Uniquesteerable-nafx                                                     ***
PPjs:Buffer.Size1024                                                                               
PPjs:Buffer.Size8192                                                                               
PPjs:Iteration.Count1                                                                           *  
PPjs:Iteration.Count2                                                                              
PPjs:Iteration.Count3                                                                              
PPjs:Iteration.Count4                                                                              
PPjs:EnvironmentFirefox                                                                            
PPjs:EnvironmentSafari                                                                             
PPjs:Model.Uniquesteerable-nafx                                                                    
Buffer.Size1024:Iteration.Count1                                                                ***
Buffer.Size8192:Iteration.Count1                                                                ***
Buffer.Size1024:Iteration.Count2                                                                *  
Buffer.Size8192:Iteration.Count2                                                                *  
Buffer.Size1024:Iteration.Count3                                                                *  
Buffer.Size8192:Iteration.Count3                                                                *  
Buffer.Size1024:Iteration.Count4                                                                *  
Buffer.Size8192:Iteration.Count4                                                                ** 
Buffer.Size1024:EnvironmentFirefox                                                              ***
Buffer.Size8192:EnvironmentFirefox                                                              ***
Buffer.Size1024:EnvironmentSafari                                                               ***
Buffer.Size8192:EnvironmentSafari                                                               ***
Buffer.Size1024:Model.Uniquesteerable-nafx                                                      ***
Buffer.Size8192:Model.Uniquesteerable-nafx                                                      ***
Iteration.Count1:EnvironmentFirefox                                                                
Iteration.Count2:EnvironmentFirefox                                                                
Iteration.Count3:EnvironmentFirefox                                                                
Iteration.Count4:EnvironmentFirefox                                                                
Iteration.Count1:EnvironmentSafari                                                              ***
Iteration.Count2:EnvironmentSafari                                                              ***
Iteration.Count3:EnvironmentSafari                                                              ***
Iteration.Count4:EnvironmentSafari                                                              ** 
Iteration.Count1:Model.Uniquesteerable-nafx                                                     ***
Iteration.Count2:Model.Uniquesteerable-nafx                                                        
Iteration.Count3:Model.Uniquesteerable-nafx                                                     *  
Iteration.Count4:Model.Uniquesteerable-nafx                                                        
EnvironmentFirefox:Model.Uniquesteerable-nafx                                                   ***
EnvironmentSafari:Model.Uniquesteerable-nafx                                                       
Backendjs-bypass:PPjs:Buffer.Size1024                                                              
Backendjs-onnx:PPjs:Buffer.Size1024                                                                
Backendwasm-onnx:PPjs:Buffer.Size1024                                                              
Backendjs-bypass:PPjs:Buffer.Size8192                                                              
Backendjs-onnx:PPjs:Buffer.Size8192                                                                
Backendwasm-onnx:PPjs:Buffer.Size8192                                                              
Backendjs-bypass:PPjs:Iteration.Count1                                                             
Backendjs-onnx:PPjs:Iteration.Count1                                                            .  
Backendwasm-onnx:PPjs:Iteration.Count1                                                             
Backendjs-bypass:PPjs:Iteration.Count2                                                             
Backendjs-onnx:PPjs:Iteration.Count2                                                               
Backendwasm-onnx:PPjs:Iteration.Count2                                                             
Backendjs-bypass:PPjs:Iteration.Count3                                                             
Backendjs-onnx:PPjs:Iteration.Count3                                                               
Backendwasm-onnx:PPjs:Iteration.Count3                                                             
Backendjs-bypass:PPjs:Iteration.Count4                                                             
Backendjs-onnx:PPjs:Iteration.Count4                                                               
Backendwasm-onnx:PPjs:Iteration.Count4                                                             
Backendjs-bypass:PPjs:EnvironmentFirefox                                                           
Backendjs-onnx:PPjs:EnvironmentFirefox                                                             
Backendwasm-onnx:PPjs:EnvironmentFirefox                                                           
Backendjs-bypass:PPjs:EnvironmentSafari                                                            
Backendjs-onnx:PPjs:EnvironmentSafari                                                              
Backendwasm-onnx:PPjs:EnvironmentSafari                                                            
Backendjs-bypass:PPjs:Model.Uniquesteerable-nafx                                                   
Backendjs-onnx:PPjs:Model.Uniquesteerable-nafx                                                     
Backendwasm-onnx:PPjs:Model.Uniquesteerable-nafx                                                   
Backendjs-bypass:Buffer.Size1024:Iteration.Count1                                                  
Backendjs-onnx:Buffer.Size1024:Iteration.Count1                                                 ***
Backendwasm-onnx:Buffer.Size1024:Iteration.Count1                                               ***
Backendjs-bypass:Buffer.Size8192:Iteration.Count1                                                  
Backendjs-onnx:Buffer.Size8192:Iteration.Count1                                                 ** 
Backendwasm-onnx:Buffer.Size8192:Iteration.Count1                                               ***
Backendjs-bypass:Buffer.Size1024:Iteration.Count2                                                  
Backendjs-onnx:Buffer.Size1024:Iteration.Count2                                                    
Backendwasm-onnx:Buffer.Size1024:Iteration.Count2                                                  
Backendjs-bypass:Buffer.Size8192:Iteration.Count2                                                  
Backendjs-onnx:Buffer.Size8192:Iteration.Count2                                                    
Backendwasm-onnx:Buffer.Size8192:Iteration.Count2                                                  
Backendjs-bypass:Buffer.Size1024:Iteration.Count3                                                  
Backendjs-onnx:Buffer.Size1024:Iteration.Count3                                                    
Backendwasm-onnx:Buffer.Size1024:Iteration.Count3                                                  
Backendjs-bypass:Buffer.Size8192:Iteration.Count3                                                  
Backendjs-onnx:Buffer.Size8192:Iteration.Count3                                                    
Backendwasm-onnx:Buffer.Size8192:Iteration.Count3                                                  
Backendjs-bypass:Buffer.Size1024:Iteration.Count4                                                  
Backendjs-onnx:Buffer.Size1024:Iteration.Count4                                                    
Backendwasm-onnx:Buffer.Size1024:Iteration.Count4                                                  
Backendjs-bypass:Buffer.Size8192:Iteration.Count4                                                  
Backendjs-onnx:Buffer.Size8192:Iteration.Count4                                                    
Backendwasm-onnx:Buffer.Size8192:Iteration.Count4                                                  
Backendjs-bypass:Buffer.Size1024:EnvironmentFirefox                                                
Backendjs-onnx:Buffer.Size1024:EnvironmentFirefox                                               *  
Backendwasm-onnx:Buffer.Size1024:EnvironmentFirefox                                             .  
Backendjs-bypass:Buffer.Size8192:EnvironmentFirefox                                                
Backendjs-onnx:Buffer.Size8192:EnvironmentFirefox                                               ***
Backendwasm-onnx:Buffer.Size8192:EnvironmentFirefox                                             ** 
Backendjs-bypass:Buffer.Size1024:EnvironmentSafari                                                 
Backendjs-onnx:Buffer.Size1024:EnvironmentSafari                                                ***
Backendwasm-onnx:Buffer.Size1024:EnvironmentSafari                                              ***
Backendjs-bypass:Buffer.Size8192:EnvironmentSafari                                                 
Backendjs-onnx:Buffer.Size8192:EnvironmentSafari                                                ***
Backendwasm-onnx:Buffer.Size8192:EnvironmentSafari                                              ***
Backendjs-bypass:Buffer.Size1024:Model.Uniquesteerable-nafx                                        
Backendjs-onnx:Buffer.Size1024:Model.Uniquesteerable-nafx                                       .  
Backendwasm-onnx:Buffer.Size1024:Model.Uniquesteerable-nafx                                        
Backendjs-bypass:Buffer.Size8192:Model.Uniquesteerable-nafx                                        
Backendjs-onnx:Buffer.Size8192:Model.Uniquesteerable-nafx                                       ***
Backendwasm-onnx:Buffer.Size8192:Model.Uniquesteerable-nafx                                     ***
Backendjs-bypass:Iteration.Count1:EnvironmentFirefox                                               
Backendjs-onnx:Iteration.Count1:EnvironmentFirefox                                                 
Backendwasm-onnx:Iteration.Count1:EnvironmentFirefox                                               
Backendjs-bypass:Iteration.Count2:EnvironmentFirefox                                               
Backendjs-onnx:Iteration.Count2:EnvironmentFirefox                                                 
Backendwasm-onnx:Iteration.Count2:EnvironmentFirefox                                               
Backendjs-bypass:Iteration.Count3:EnvironmentFirefox                                               
Backendjs-onnx:Iteration.Count3:EnvironmentFirefox                                                 
Backendwasm-onnx:Iteration.Count3:EnvironmentFirefox                                               
Backendjs-bypass:Iteration.Count4:EnvironmentFirefox                                               
Backendjs-onnx:Iteration.Count4:EnvironmentFirefox                                                 
Backendwasm-onnx:Iteration.Count4:EnvironmentFirefox                                               
Backendjs-bypass:Iteration.Count1:EnvironmentSafari                                             ** 
Backendjs-onnx:Iteration.Count1:EnvironmentSafari                                               ***
Backendwasm-onnx:Iteration.Count1:EnvironmentSafari                                             ***
Backendjs-bypass:Iteration.Count2:EnvironmentSafari                                                
Backendjs-onnx:Iteration.Count2:EnvironmentSafari                                               ***
Backendwasm-onnx:Iteration.Count2:EnvironmentSafari                                             ** 
Backendjs-bypass:Iteration.Count3:EnvironmentSafari                                                
Backendjs-onnx:Iteration.Count3:EnvironmentSafari                                                  
Backendwasm-onnx:Iteration.Count3:EnvironmentSafari                                                
Backendjs-bypass:Iteration.Count4:EnvironmentSafari                                                
Backendjs-onnx:Iteration.Count4:EnvironmentSafari                                                  
Backendwasm-onnx:Iteration.Count4:EnvironmentSafari                                                
Backendjs-bypass:Iteration.Count1:Model.Uniquesteerable-nafx                                    *  
Backendjs-onnx:Iteration.Count1:Model.Uniquesteerable-nafx                                      ***
Backendwasm-onnx:Iteration.Count1:Model.Uniquesteerable-nafx                                    ***
Backendjs-bypass:Iteration.Count2:Model.Uniquesteerable-nafx                                       
Backendjs-onnx:Iteration.Count2:Model.Uniquesteerable-nafx                                         
Backendwasm-onnx:Iteration.Count2:Model.Uniquesteerable-nafx                                       
Backendjs-bypass:Iteration.Count3:Model.Uniquesteerable-nafx                                       
Backendjs-onnx:Iteration.Count3:Model.Uniquesteerable-nafx                                      ** 
Backendwasm-onnx:Iteration.Count3:Model.Uniquesteerable-nafx                                    *  
Backendjs-bypass:Iteration.Count4:Model.Uniquesteerable-nafx                                       
Backendjs-onnx:Iteration.Count4:Model.Uniquesteerable-nafx                                      .  
Backendwasm-onnx:Iteration.Count4:Model.Uniquesteerable-nafx                                       
Backendjs-bypass:EnvironmentFirefox:Model.Uniquesteerable-nafx                                     
Backendjs-onnx:EnvironmentFirefox:Model.Uniquesteerable-nafx                                    ***
Backendwasm-onnx:EnvironmentFirefox:Model.Uniquesteerable-nafx                                  ***
Backendjs-bypass:EnvironmentSafari:Model.Uniquesteerable-nafx                                      
Backendjs-onnx:EnvironmentSafari:Model.Uniquesteerable-nafx                                     ***
Backendwasm-onnx:EnvironmentSafari:Model.Uniquesteerable-nafx                                   ***
PPjs:Buffer.Size1024:Iteration.Count1                                                           *  
PPjs:Buffer.Size8192:Iteration.Count1                                                           *  
PPjs:Buffer.Size1024:Iteration.Count2                                                              
PPjs:Buffer.Size8192:Iteration.Count2                                                              
PPjs:Buffer.Size1024:Iteration.Count3                                                              
PPjs:Buffer.Size8192:Iteration.Count3                                                              
PPjs:Buffer.Size1024:Iteration.Count4                                                              
PPjs:Buffer.Size8192:Iteration.Count4                                                              
PPjs:Buffer.Size1024:EnvironmentFirefox                                                            
PPjs:Buffer.Size8192:EnvironmentFirefox                                                            
PPjs:Buffer.Size1024:EnvironmentSafari                                                          ***
PPjs:Buffer.Size8192:EnvironmentSafari                                                          ***
PPjs:Buffer.Size1024:Model.Uniquesteerable-nafx                                                    
PPjs:Buffer.Size8192:Model.Uniquesteerable-nafx                                                    
PPjs:Iteration.Count1:EnvironmentFirefox                                                           
PPjs:Iteration.Count2:EnvironmentFirefox                                                           
PPjs:Iteration.Count3:EnvironmentFirefox                                                           
PPjs:Iteration.Count4:EnvironmentFirefox                                                           
PPjs:Iteration.Count1:EnvironmentSafari                                                            
PPjs:Iteration.Count2:EnvironmentSafari                                                            
PPjs:Iteration.Count3:EnvironmentSafari                                                            
PPjs:Iteration.Count4:EnvironmentSafari                                                            
PPjs:Iteration.Count1:Model.Uniquesteerable-nafx                                                   
PPjs:Iteration.Count2:Model.Uniquesteerable-nafx                                                   
PPjs:Iteration.Count3:Model.Uniquesteerable-nafx                                                   
PPjs:Iteration.Count4:Model.Uniquesteerable-nafx                                                   
PPjs:EnvironmentFirefox:Model.Uniquesteerable-nafx                                                 
PPjs:EnvironmentSafari:Model.Uniquesteerable-nafx                                                  
Buffer.Size1024:Iteration.Count1:EnvironmentFirefox                                                
Buffer.Size8192:Iteration.Count1:EnvironmentFirefox                                                
Buffer.Size1024:Iteration.Count2:EnvironmentFirefox                                                
Buffer.Size8192:Iteration.Count2:EnvironmentFirefox                                                
Buffer.Size1024:Iteration.Count3:EnvironmentFirefox                                                
Buffer.Size8192:Iteration.Count3:EnvironmentFirefox                                                
Buffer.Size1024:Iteration.Count4:EnvironmentFirefox                                                
Buffer.Size8192:Iteration.Count4:EnvironmentFirefox                                                
Buffer.Size1024:Iteration.Count1:EnvironmentSafari                                              ***
Buffer.Size8192:Iteration.Count1:EnvironmentSafari                                              ***
Buffer.Size1024:Iteration.Count2:EnvironmentSafari                                                 
Buffer.Size8192:Iteration.Count2:EnvironmentSafari                                              ** 
Buffer.Size1024:Iteration.Count3:EnvironmentSafari                                                 
Buffer.Size8192:Iteration.Count3:EnvironmentSafari                                              *  
Buffer.Size1024:Iteration.Count4:EnvironmentSafari                                                 
Buffer.Size8192:Iteration.Count4:EnvironmentSafari                                                 
Buffer.Size1024:Iteration.Count1:Model.Uniquesteerable-nafx                                     ***
Buffer.Size8192:Iteration.Count1:Model.Uniquesteerable-nafx                                        
Buffer.Size1024:Iteration.Count2:Model.Uniquesteerable-nafx                                     *  
Buffer.Size8192:Iteration.Count2:Model.Uniquesteerable-nafx                                        
Buffer.Size1024:Iteration.Count3:Model.Uniquesteerable-nafx                                        
Buffer.Size8192:Iteration.Count3:Model.Uniquesteerable-nafx                                        
Buffer.Size1024:Iteration.Count4:Model.Uniquesteerable-nafx                                        
Buffer.Size8192:Iteration.Count4:Model.Uniquesteerable-nafx                                        
Buffer.Size1024:EnvironmentFirefox:Model.Uniquesteerable-nafx                                   ** 
Buffer.Size8192:EnvironmentFirefox:Model.Uniquesteerable-nafx                                   *  
Buffer.Size1024:EnvironmentSafari:Model.Uniquesteerable-nafx                                    ***
Buffer.Size8192:EnvironmentSafari:Model.Uniquesteerable-nafx                                    ***
Iteration.Count1:EnvironmentFirefox:Model.Uniquesteerable-nafx                                  ***
Iteration.Count2:EnvironmentFirefox:Model.Uniquesteerable-nafx                                     
Iteration.Count3:EnvironmentFirefox:Model.Uniquesteerable-nafx                                     
Iteration.Count4:EnvironmentFirefox:Model.Uniquesteerable-nafx                                     
Iteration.Count1:EnvironmentSafari:Model.Uniquesteerable-nafx                                   ***
Iteration.Count2:EnvironmentSafari:Model.Uniquesteerable-nafx                                      
Iteration.Count3:EnvironmentSafari:Model.Uniquesteerable-nafx                                      
Iteration.Count4:EnvironmentSafari:Model.Uniquesteerable-nafx                                   .  
Backendjs-bypass:PPjs:Buffer.Size1024:Iteration.Count1                                             
Backendjs-onnx:PPjs:Buffer.Size1024:Iteration.Count1                                            .  
Backendwasm-onnx:PPjs:Buffer.Size1024:Iteration.Count1                                             
Backendjs-bypass:PPjs:Buffer.Size8192:Iteration.Count1                                             
Backendjs-onnx:PPjs:Buffer.Size8192:Iteration.Count1                                               
Backendwasm-onnx:PPjs:Buffer.Size8192:Iteration.Count1                                             
Backendjs-bypass:PPjs:Buffer.Size1024:Iteration.Count2                                             
Backendjs-onnx:PPjs:Buffer.Size1024:Iteration.Count2                                               
Backendwasm-onnx:PPjs:Buffer.Size1024:Iteration.Count2                                             
Backendjs-bypass:PPjs:Buffer.Size8192:Iteration.Count2                                             
Backendjs-onnx:PPjs:Buffer.Size8192:Iteration.Count2                                               
Backendwasm-onnx:PPjs:Buffer.Size8192:Iteration.Count2                                             
Backendjs-bypass:PPjs:Buffer.Size1024:Iteration.Count3                                             
Backendjs-onnx:PPjs:Buffer.Size1024:Iteration.Count3                                               
Backendwasm-onnx:PPjs:Buffer.Size1024:Iteration.Count3                                             
Backendjs-bypass:PPjs:Buffer.Size8192:Iteration.Count3                                             
Backendjs-onnx:PPjs:Buffer.Size8192:Iteration.Count3                                               
Backendwasm-onnx:PPjs:Buffer.Size8192:Iteration.Count3                                             
Backendjs-bypass:PPjs:Buffer.Size1024:Iteration.Count4                                             
Backendjs-onnx:PPjs:Buffer.Size1024:Iteration.Count4                                               
Backendwasm-onnx:PPjs:Buffer.Size1024:Iteration.Count4                                             
Backendjs-bypass:PPjs:Buffer.Size8192:Iteration.Count4                                             
Backendjs-onnx:PPjs:Buffer.Size8192:Iteration.Count4                                               
Backendwasm-onnx:PPjs:Buffer.Size8192:Iteration.Count4                                             
Backendjs-bypass:PPjs:Buffer.Size1024:EnvironmentFirefox                                           
Backendjs-onnx:PPjs:Buffer.Size1024:EnvironmentFirefox                                             
Backendwasm-onnx:PPjs:Buffer.Size1024:EnvironmentFirefox                                           
Backendjs-bypass:PPjs:Buffer.Size8192:EnvironmentFirefox                                           
Backendjs-onnx:PPjs:Buffer.Size8192:EnvironmentFirefox                                             
Backendwasm-onnx:PPjs:Buffer.Size8192:EnvironmentFirefox                                           
Backendjs-bypass:PPjs:Buffer.Size1024:EnvironmentSafari                                            
Backendjs-onnx:PPjs:Buffer.Size1024:EnvironmentSafari                                           *  
Backendwasm-onnx:PPjs:Buffer.Size1024:EnvironmentSafari                                         ***
Backendjs-bypass:PPjs:Buffer.Size8192:EnvironmentSafari                                            
Backendjs-onnx:PPjs:Buffer.Size8192:EnvironmentSafari                                           ** 
Backendwasm-onnx:PPjs:Buffer.Size8192:EnvironmentSafari                                         ***
Backendjs-bypass:PPjs:Buffer.Size1024:Model.Uniquesteerable-nafx                                   
Backendjs-onnx:PPjs:Buffer.Size1024:Model.Uniquesteerable-nafx                                     
Backendwasm-onnx:PPjs:Buffer.Size1024:Model.Uniquesteerable-nafx                                   
Backendjs-bypass:PPjs:Buffer.Size8192:Model.Uniquesteerable-nafx                                   
Backendjs-onnx:PPjs:Buffer.Size8192:Model.Uniquesteerable-nafx                                     
Backendwasm-onnx:PPjs:Buffer.Size8192:Model.Uniquesteerable-nafx                                   
Backendjs-bypass:PPjs:Iteration.Count1:EnvironmentFirefox                                          
Backendjs-onnx:PPjs:Iteration.Count1:EnvironmentFirefox                                            
Backendwasm-onnx:PPjs:Iteration.Count1:EnvironmentFirefox                                          
Backendjs-bypass:PPjs:Iteration.Count2:EnvironmentFirefox                                          
Backendjs-onnx:PPjs:Iteration.Count2:EnvironmentFirefox                                            
Backendwasm-onnx:PPjs:Iteration.Count2:EnvironmentFirefox                                          
Backendjs-bypass:PPjs:Iteration.Count3:EnvironmentFirefox                                          
Backendjs-onnx:PPjs:Iteration.Count3:EnvironmentFirefox                                            
Backendwasm-onnx:PPjs:Iteration.Count3:EnvironmentFirefox                                          
Backendjs-bypass:PPjs:Iteration.Count4:EnvironmentFirefox                                          
Backendjs-onnx:PPjs:Iteration.Count4:EnvironmentFirefox                                            
Backendwasm-onnx:PPjs:Iteration.Count4:EnvironmentFirefox                                          
Backendjs-bypass:PPjs:Iteration.Count1:EnvironmentSafari                                           
Backendjs-onnx:PPjs:Iteration.Count1:EnvironmentSafari                                             
Backendwasm-onnx:PPjs:Iteration.Count1:EnvironmentSafari                                        .  
Backendjs-bypass:PPjs:Iteration.Count2:EnvironmentSafari                                           
Backendjs-onnx:PPjs:Iteration.Count2:EnvironmentSafari                                             
Backendwasm-onnx:PPjs:Iteration.Count2:EnvironmentSafari                                           
Backendjs-bypass:PPjs:Iteration.Count3:EnvironmentSafari                                           
Backendjs-onnx:PPjs:Iteration.Count3:EnvironmentSafari                                             
Backendwasm-onnx:PPjs:Iteration.Count3:EnvironmentSafari                                           
Backendjs-bypass:PPjs:Iteration.Count4:EnvironmentSafari                                           
Backendjs-onnx:PPjs:Iteration.Count4:EnvironmentSafari                                             
Backendwasm-onnx:PPjs:Iteration.Count4:EnvironmentSafari                                           
Backendjs-bypass:PPjs:Iteration.Count1:Model.Uniquesteerable-nafx                                  
Backendjs-onnx:PPjs:Iteration.Count1:Model.Uniquesteerable-nafx                                    
Backendwasm-onnx:PPjs:Iteration.Count1:Model.Uniquesteerable-nafx                                  
Backendjs-bypass:PPjs:Iteration.Count2:Model.Uniquesteerable-nafx                                  
Backendjs-onnx:PPjs:Iteration.Count2:Model.Uniquesteerable-nafx                                    
Backendwasm-onnx:PPjs:Iteration.Count2:Model.Uniquesteerable-nafx                                  
Backendjs-bypass:PPjs:Iteration.Count3:Model.Uniquesteerable-nafx                                  
Backendjs-onnx:PPjs:Iteration.Count3:Model.Uniquesteerable-nafx                                    
Backendwasm-onnx:PPjs:Iteration.Count3:Model.Uniquesteerable-nafx                                  
Backendjs-bypass:PPjs:Iteration.Count4:Model.Uniquesteerable-nafx                                  
Backendjs-onnx:PPjs:Iteration.Count4:Model.Uniquesteerable-nafx                                    
Backendwasm-onnx:PPjs:Iteration.Count4:Model.Uniquesteerable-nafx                                  
Backendjs-bypass:PPjs:EnvironmentFirefox:Model.Uniquesteerable-nafx                                
Backendjs-onnx:PPjs:EnvironmentFirefox:Model.Uniquesteerable-nafx                                  
Backendwasm-onnx:PPjs:EnvironmentFirefox:Model.Uniquesteerable-nafx                                
Backendjs-bypass:PPjs:EnvironmentSafari:Model.Uniquesteerable-nafx                                 
Backendjs-onnx:PPjs:EnvironmentSafari:Model.Uniquesteerable-nafx                                   
Backendwasm-onnx:PPjs:EnvironmentSafari:Model.Uniquesteerable-nafx                                 
Backendjs-bypass:Buffer.Size1024:Iteration.Count1:EnvironmentFirefox                               
Backendjs-onnx:Buffer.Size1024:Iteration.Count1:EnvironmentFirefox                                 
Backendwasm-onnx:Buffer.Size1024:Iteration.Count1:EnvironmentFirefox                               
Backendjs-bypass:Buffer.Size8192:Iteration.Count1:EnvironmentFirefox                               
Backendjs-onnx:Buffer.Size8192:Iteration.Count1:EnvironmentFirefox                                 
Backendwasm-onnx:Buffer.Size8192:Iteration.Count1:EnvironmentFirefox                               
Backendjs-bypass:Buffer.Size1024:Iteration.Count2:EnvironmentFirefox                               
Backendjs-onnx:Buffer.Size1024:Iteration.Count2:EnvironmentFirefox                                 
Backendwasm-onnx:Buffer.Size1024:Iteration.Count2:EnvironmentFirefox                               
Backendjs-bypass:Buffer.Size8192:Iteration.Count2:EnvironmentFirefox                               
Backendjs-onnx:Buffer.Size8192:Iteration.Count2:EnvironmentFirefox                                 
Backendwasm-onnx:Buffer.Size8192:Iteration.Count2:EnvironmentFirefox                               
Backendjs-bypass:Buffer.Size1024:Iteration.Count3:EnvironmentFirefox                               
Backendjs-onnx:Buffer.Size1024:Iteration.Count3:EnvironmentFirefox                                 
Backendwasm-onnx:Buffer.Size1024:Iteration.Count3:EnvironmentFirefox                               
Backendjs-bypass:Buffer.Size8192:Iteration.Count3:EnvironmentFirefox                               
Backendjs-onnx:Buffer.Size8192:Iteration.Count3:EnvironmentFirefox                                 
Backendwasm-onnx:Buffer.Size8192:Iteration.Count3:EnvironmentFirefox                               
Backendjs-bypass:Buffer.Size1024:Iteration.Count4:EnvironmentFirefox                               
Backendjs-onnx:Buffer.Size1024:Iteration.Count4:EnvironmentFirefox                                 
Backendwasm-onnx:Buffer.Size1024:Iteration.Count4:EnvironmentFirefox                               
Backendjs-bypass:Buffer.Size8192:Iteration.Count4:EnvironmentFirefox                               
Backendjs-onnx:Buffer.Size8192:Iteration.Count4:EnvironmentFirefox                                 
Backendwasm-onnx:Buffer.Size8192:Iteration.Count4:EnvironmentFirefox                               
Backendjs-bypass:Buffer.Size1024:Iteration.Count1:EnvironmentSafari                                
Backendjs-onnx:Buffer.Size1024:Iteration.Count1:EnvironmentSafari                               *  
Backendwasm-onnx:Buffer.Size1024:Iteration.Count1:EnvironmentSafari                                
Backendjs-bypass:Buffer.Size8192:Iteration.Count1:EnvironmentSafari                             .  
Backendjs-onnx:Buffer.Size8192:Iteration.Count1:EnvironmentSafari                               ***
Backendwasm-onnx:Buffer.Size8192:Iteration.Count1:EnvironmentSafari                             ***
Backendjs-bypass:Buffer.Size1024:Iteration.Count2:EnvironmentSafari                                
Backendjs-onnx:Buffer.Size1024:Iteration.Count2:EnvironmentSafari                                  
Backendwasm-onnx:Buffer.Size1024:Iteration.Count2:EnvironmentSafari                                
Backendjs-bypass:Buffer.Size8192:Iteration.Count2:EnvironmentSafari                                
Backendjs-onnx:Buffer.Size8192:Iteration.Count2:EnvironmentSafari                               ** 
Backendwasm-onnx:Buffer.Size8192:Iteration.Count2:EnvironmentSafari                             *  
Backendjs-bypass:Buffer.Size1024:Iteration.Count3:EnvironmentSafari                                
Backendjs-onnx:Buffer.Size1024:Iteration.Count3:EnvironmentSafari                                  
Backendwasm-onnx:Buffer.Size1024:Iteration.Count3:EnvironmentSafari                                
Backendjs-bypass:Buffer.Size8192:Iteration.Count3:EnvironmentSafari                                
Backendjs-onnx:Buffer.Size8192:Iteration.Count3:EnvironmentSafari                                  
Backendwasm-onnx:Buffer.Size8192:Iteration.Count3:EnvironmentSafari                                
Backendjs-bypass:Buffer.Size1024:Iteration.Count4:EnvironmentSafari                                
Backendjs-onnx:Buffer.Size1024:Iteration.Count4:EnvironmentSafari                                  
Backendwasm-onnx:Buffer.Size1024:Iteration.Count4:EnvironmentSafari                                
Backendjs-bypass:Buffer.Size8192:Iteration.Count4:EnvironmentSafari                                
Backendjs-onnx:Buffer.Size8192:Iteration.Count4:EnvironmentSafari                                  
Backendwasm-onnx:Buffer.Size8192:Iteration.Count4:EnvironmentSafari                                
Backendjs-bypass:Buffer.Size1024:Iteration.Count1:Model.Uniquesteerable-nafx                       
Backendjs-onnx:Buffer.Size1024:Iteration.Count1:Model.Uniquesteerable-nafx                      .  
Backendwasm-onnx:Buffer.Size1024:Iteration.Count1:Model.Uniquesteerable-nafx                    ** 
Backendjs-bypass:Buffer.Size8192:Iteration.Count1:Model.Uniquesteerable-nafx                       
Backendjs-onnx:Buffer.Size8192:Iteration.Count1:Model.Uniquesteerable-nafx                      *  
Backendwasm-onnx:Buffer.Size8192:Iteration.Count1:Model.Uniquesteerable-nafx                       
Backendjs-bypass:Buffer.Size1024:Iteration.Count2:Model.Uniquesteerable-nafx                       
Backendjs-onnx:Buffer.Size1024:Iteration.Count2:Model.Uniquesteerable-nafx                         
Backendwasm-onnx:Buffer.Size1024:Iteration.Count2:Model.Uniquesteerable-nafx                       
Backendjs-bypass:Buffer.Size8192:Iteration.Count2:Model.Uniquesteerable-nafx                       
Backendjs-onnx:Buffer.Size8192:Iteration.Count2:Model.Uniquesteerable-nafx                         
Backendwasm-onnx:Buffer.Size8192:Iteration.Count2:Model.Uniquesteerable-nafx                       
Backendjs-bypass:Buffer.Size1024:Iteration.Count3:Model.Uniquesteerable-nafx                       
Backendjs-onnx:Buffer.Size1024:Iteration.Count3:Model.Uniquesteerable-nafx                         
Backendwasm-onnx:Buffer.Size1024:Iteration.Count3:Model.Uniquesteerable-nafx                       
Backendjs-bypass:Buffer.Size8192:Iteration.Count3:Model.Uniquesteerable-nafx                       
Backendjs-onnx:Buffer.Size8192:Iteration.Count3:Model.Uniquesteerable-nafx                         
Backendwasm-onnx:Buffer.Size8192:Iteration.Count3:Model.Uniquesteerable-nafx                       
Backendjs-bypass:Buffer.Size1024:Iteration.Count4:Model.Uniquesteerable-nafx                       
Backendjs-onnx:Buffer.Size1024:Iteration.Count4:Model.Uniquesteerable-nafx                         
Backendwasm-onnx:Buffer.Size1024:Iteration.Count4:Model.Uniquesteerable-nafx                       
Backendjs-bypass:Buffer.Size8192:Iteration.Count4:Model.Uniquesteerable-nafx                       
Backendjs-onnx:Buffer.Size8192:Iteration.Count4:Model.Uniquesteerable-nafx                         
Backendwasm-onnx:Buffer.Size8192:Iteration.Count4:Model.Uniquesteerable-nafx                       
Backendjs-bypass:Buffer.Size1024:EnvironmentFirefox:Model.Uniquesteerable-nafx                     
Backendjs-onnx:Buffer.Size1024:EnvironmentFirefox:Model.Uniquesteerable-nafx                       
Backendwasm-onnx:Buffer.Size1024:EnvironmentFirefox:Model.Uniquesteerable-nafx                     
Backendjs-bypass:Buffer.Size8192:EnvironmentFirefox:Model.Uniquesteerable-nafx                  .  
Backendjs-onnx:Buffer.Size8192:EnvironmentFirefox:Model.Uniquesteerable-nafx                    *  
Backendwasm-onnx:Buffer.Size8192:EnvironmentFirefox:Model.Uniquesteerable-nafx                  ** 
Backendjs-bypass:Buffer.Size1024:EnvironmentSafari:Model.Uniquesteerable-nafx                      
Backendjs-onnx:Buffer.Size1024:EnvironmentSafari:Model.Uniquesteerable-nafx                     ***
Backendwasm-onnx:Buffer.Size1024:EnvironmentSafari:Model.Uniquesteerable-nafx                   ***
Backendjs-bypass:Buffer.Size8192:EnvironmentSafari:Model.Uniquesteerable-nafx                      
Backendjs-onnx:Buffer.Size8192:EnvironmentSafari:Model.Uniquesteerable-nafx                        
Backendwasm-onnx:Buffer.Size8192:EnvironmentSafari:Model.Uniquesteerable-nafx                      
Backendjs-bypass:Iteration.Count1:EnvironmentFirefox:Model.Uniquesteerable-nafx                    
Backendjs-onnx:Iteration.Count1:EnvironmentFirefox:Model.Uniquesteerable-nafx                   ***
Backendwasm-onnx:Iteration.Count1:EnvironmentFirefox:Model.Uniquesteerable-nafx                 *  
Backendjs-bypass:Iteration.Count2:EnvironmentFirefox:Model.Uniquesteerable-nafx                    
Backendjs-onnx:Iteration.Count2:EnvironmentFirefox:Model.Uniquesteerable-nafx                      
Backendwasm-onnx:Iteration.Count2:EnvironmentFirefox:Model.Uniquesteerable-nafx                    
Backendjs-bypass:Iteration.Count3:EnvironmentFirefox:Model.Uniquesteerable-nafx                    
Backendjs-onnx:Iteration.Count3:EnvironmentFirefox:Model.Uniquesteerable-nafx                      
Backendwasm-onnx:Iteration.Count3:EnvironmentFirefox:Model.Uniquesteerable-nafx                    
Backendjs-bypass:Iteration.Count4:EnvironmentFirefox:Model.Uniquesteerable-nafx                    
Backendjs-onnx:Iteration.Count4:EnvironmentFirefox:Model.Uniquesteerable-nafx                      
Backendwasm-onnx:Iteration.Count4:EnvironmentFirefox:Model.Uniquesteerable-nafx                    
Backendjs-bypass:Iteration.Count1:EnvironmentSafari:Model.Uniquesteerable-nafx                  ** 
Backendjs-onnx:Iteration.Count1:EnvironmentSafari:Model.Uniquesteerable-nafx                    *  
Backendwasm-onnx:Iteration.Count1:EnvironmentSafari:Model.Uniquesteerable-nafx                     
Backendjs-bypass:Iteration.Count2:EnvironmentSafari:Model.Uniquesteerable-nafx                     
Backendjs-onnx:Iteration.Count2:EnvironmentSafari:Model.Uniquesteerable-nafx                    .  
Backendwasm-onnx:Iteration.Count2:EnvironmentSafari:Model.Uniquesteerable-nafx                     
Backendjs-bypass:Iteration.Count3:EnvironmentSafari:Model.Uniquesteerable-nafx                     
Backendjs-onnx:Iteration.Count3:EnvironmentSafari:Model.Uniquesteerable-nafx                       
Backendwasm-onnx:Iteration.Count3:EnvironmentSafari:Model.Uniquesteerable-nafx                     
Backendjs-bypass:Iteration.Count4:EnvironmentSafari:Model.Uniquesteerable-nafx                     
Backendjs-onnx:Iteration.Count4:EnvironmentSafari:Model.Uniquesteerable-nafx                       
Backendwasm-onnx:Iteration.Count4:EnvironmentSafari:Model.Uniquesteerable-nafx                     
PPjs:Buffer.Size1024:Iteration.Count1:EnvironmentFirefox                                           
PPjs:Buffer.Size8192:Iteration.Count1:EnvironmentFirefox                                           
PPjs:Buffer.Size1024:Iteration.Count2:EnvironmentFirefox                                           
PPjs:Buffer.Size8192:Iteration.Count2:EnvironmentFirefox                                           
PPjs:Buffer.Size1024:Iteration.Count3:EnvironmentFirefox                                           
PPjs:Buffer.Size8192:Iteration.Count3:EnvironmentFirefox                                           
PPjs:Buffer.Size1024:Iteration.Count4:EnvironmentFirefox                                           
PPjs:Buffer.Size8192:Iteration.Count4:EnvironmentFirefox                                           
PPjs:Buffer.Size1024:Iteration.Count1:EnvironmentSafari                                         .  
PPjs:Buffer.Size8192:Iteration.Count1:EnvironmentSafari                                            
PPjs:Buffer.Size1024:Iteration.Count2:EnvironmentSafari                                            
PPjs:Buffer.Size8192:Iteration.Count2:EnvironmentSafari                                            
PPjs:Buffer.Size1024:Iteration.Count3:EnvironmentSafari                                            
PPjs:Buffer.Size8192:Iteration.Count3:EnvironmentSafari                                            
PPjs:Buffer.Size1024:Iteration.Count4:EnvironmentSafari                                            
PPjs:Buffer.Size8192:Iteration.Count4:EnvironmentSafari                                            
PPjs:Buffer.Size1024:Iteration.Count1:Model.Uniquesteerable-nafx                                   
PPjs:Buffer.Size8192:Iteration.Count1:Model.Uniquesteerable-nafx                                .  
PPjs:Buffer.Size1024:Iteration.Count2:Model.Uniquesteerable-nafx                                   
PPjs:Buffer.Size8192:Iteration.Count2:Model.Uniquesteerable-nafx                                   
PPjs:Buffer.Size1024:Iteration.Count3:Model.Uniquesteerable-nafx                                   
PPjs:Buffer.Size8192:Iteration.Count3:Model.Uniquesteerable-nafx                                   
PPjs:Buffer.Size1024:Iteration.Count4:Model.Uniquesteerable-nafx                                   
PPjs:Buffer.Size8192:Iteration.Count4:Model.Uniquesteerable-nafx                                   
PPjs:Buffer.Size1024:EnvironmentFirefox:Model.Uniquesteerable-nafx                                 
PPjs:Buffer.Size8192:EnvironmentFirefox:Model.Uniquesteerable-nafx                                 
PPjs:Buffer.Size1024:EnvironmentSafari:Model.Uniquesteerable-nafx                               ***
PPjs:Buffer.Size8192:EnvironmentSafari:Model.Uniquesteerable-nafx                               ** 
PPjs:Iteration.Count1:EnvironmentFirefox:Model.Uniquesteerable-nafx                             ** 
PPjs:Iteration.Count2:EnvironmentFirefox:Model.Uniquesteerable-nafx                                
PPjs:Iteration.Count3:EnvironmentFirefox:Model.Uniquesteerable-nafx                                
PPjs:Iteration.Count4:EnvironmentFirefox:Model.Uniquesteerable-nafx                                
PPjs:Iteration.Count1:EnvironmentSafari:Model.Uniquesteerable-nafx                              *  
PPjs:Iteration.Count2:EnvironmentSafari:Model.Uniquesteerable-nafx                                 
PPjs:Iteration.Count3:EnvironmentSafari:Model.Uniquesteerable-nafx                                 
PPjs:Iteration.Count4:EnvironmentSafari:Model.Uniquesteerable-nafx                                 
Buffer.Size1024:Iteration.Count1:EnvironmentFirefox:Model.Uniquesteerable-nafx                     
Buffer.Size8192:Iteration.Count1:EnvironmentFirefox:Model.Uniquesteerable-nafx                  ***
Buffer.Size1024:Iteration.Count2:EnvironmentFirefox:Model.Uniquesteerable-nafx                     
Buffer.Size8192:Iteration.Count2:EnvironmentFirefox:Model.Uniquesteerable-nafx                     
Buffer.Size1024:Iteration.Count3:EnvironmentFirefox:Model.Uniquesteerable-nafx                     
Buffer.Size8192:Iteration.Count3:EnvironmentFirefox:Model.Uniquesteerable-nafx                     
Buffer.Size1024:Iteration.Count4:EnvironmentFirefox:Model.Uniquesteerable-nafx                     
Buffer.Size8192:Iteration.Count4:EnvironmentFirefox:Model.Uniquesteerable-nafx                     
Buffer.Size1024:Iteration.Count1:EnvironmentSafari:Model.Uniquesteerable-nafx                   ***
Buffer.Size8192:Iteration.Count1:EnvironmentSafari:Model.Uniquesteerable-nafx                   ***
Buffer.Size1024:Iteration.Count2:EnvironmentSafari:Model.Uniquesteerable-nafx                      
Buffer.Size8192:Iteration.Count2:EnvironmentSafari:Model.Uniquesteerable-nafx                   .  
Buffer.Size1024:Iteration.Count3:EnvironmentSafari:Model.Uniquesteerable-nafx                      
Buffer.Size8192:Iteration.Count3:EnvironmentSafari:Model.Uniquesteerable-nafx                      
Buffer.Size1024:Iteration.Count4:EnvironmentSafari:Model.Uniquesteerable-nafx                   *  
Buffer.Size8192:Iteration.Count4:EnvironmentSafari:Model.Uniquesteerable-nafx                   *  
Backendjs-bypass:PPjs:Buffer.Size1024:Iteration.Count1:EnvironmentFirefox                          
Backendjs-onnx:PPjs:Buffer.Size1024:Iteration.Count1:EnvironmentFirefox                            
Backendwasm-onnx:PPjs:Buffer.Size1024:Iteration.Count1:EnvironmentFirefox                          
Backendjs-bypass:PPjs:Buffer.Size8192:Iteration.Count1:EnvironmentFirefox                          
Backendjs-onnx:PPjs:Buffer.Size8192:Iteration.Count1:EnvironmentFirefox                            
Backendwasm-onnx:PPjs:Buffer.Size8192:Iteration.Count1:EnvironmentFirefox                          
Backendjs-bypass:PPjs:Buffer.Size1024:Iteration.Count2:EnvironmentFirefox                          
Backendjs-onnx:PPjs:Buffer.Size1024:Iteration.Count2:EnvironmentFirefox                            
Backendwasm-onnx:PPjs:Buffer.Size1024:Iteration.Count2:EnvironmentFirefox                          
Backendjs-bypass:PPjs:Buffer.Size8192:Iteration.Count2:EnvironmentFirefox                          
Backendjs-onnx:PPjs:Buffer.Size8192:Iteration.Count2:EnvironmentFirefox                            
Backendwasm-onnx:PPjs:Buffer.Size8192:Iteration.Count2:EnvironmentFirefox                          
Backendjs-bypass:PPjs:Buffer.Size1024:Iteration.Count3:EnvironmentFirefox                          
Backendjs-onnx:PPjs:Buffer.Size1024:Iteration.Count3:EnvironmentFirefox                            
Backendwasm-onnx:PPjs:Buffer.Size1024:Iteration.Count3:EnvironmentFirefox                          
Backendjs-bypass:PPjs:Buffer.Size8192:Iteration.Count3:EnvironmentFirefox                          
Backendjs-onnx:PPjs:Buffer.Size8192:Iteration.Count3:EnvironmentFirefox                            
Backendwasm-onnx:PPjs:Buffer.Size8192:Iteration.Count3:EnvironmentFirefox                          
Backendjs-bypass:PPjs:Buffer.Size1024:Iteration.Count4:EnvironmentFirefox                          
Backendjs-onnx:PPjs:Buffer.Size1024:Iteration.Count4:EnvironmentFirefox                            
Backendwasm-onnx:PPjs:Buffer.Size1024:Iteration.Count4:EnvironmentFirefox                          
Backendjs-bypass:PPjs:Buffer.Size8192:Iteration.Count4:EnvironmentFirefox                          
Backendjs-onnx:PPjs:Buffer.Size8192:Iteration.Count4:EnvironmentFirefox                            
Backendwasm-onnx:PPjs:Buffer.Size8192:Iteration.Count4:EnvironmentFirefox                          
Backendjs-bypass:PPjs:Buffer.Size1024:Iteration.Count1:EnvironmentSafari                        .  
Backendjs-onnx:PPjs:Buffer.Size1024:Iteration.Count1:EnvironmentSafari                             
Backendwasm-onnx:PPjs:Buffer.Size1024:Iteration.Count1:EnvironmentSafari                           
Backendjs-bypass:PPjs:Buffer.Size8192:Iteration.Count1:EnvironmentSafari                           
Backendjs-onnx:PPjs:Buffer.Size8192:Iteration.Count1:EnvironmentSafari                             
Backendwasm-onnx:PPjs:Buffer.Size8192:Iteration.Count1:EnvironmentSafari                           
Backendjs-bypass:PPjs:Buffer.Size1024:Iteration.Count2:EnvironmentSafari                           
Backendjs-onnx:PPjs:Buffer.Size1024:Iteration.Count2:EnvironmentSafari                             
Backendwasm-onnx:PPjs:Buffer.Size1024:Iteration.Count2:EnvironmentSafari                           
Backendjs-bypass:PPjs:Buffer.Size8192:Iteration.Count2:EnvironmentSafari                           
Backendjs-onnx:PPjs:Buffer.Size8192:Iteration.Count2:EnvironmentSafari                             
Backendwasm-onnx:PPjs:Buffer.Size8192:Iteration.Count2:EnvironmentSafari                           
Backendjs-bypass:PPjs:Buffer.Size1024:Iteration.Count3:EnvironmentSafari                           
Backendjs-onnx:PPjs:Buffer.Size1024:Iteration.Count3:EnvironmentSafari                             
Backendwasm-onnx:PPjs:Buffer.Size1024:Iteration.Count3:EnvironmentSafari                           
Backendjs-bypass:PPjs:Buffer.Size8192:Iteration.Count3:EnvironmentSafari                           
Backendjs-onnx:PPjs:Buffer.Size8192:Iteration.Count3:EnvironmentSafari                             
Backendwasm-onnx:PPjs:Buffer.Size8192:Iteration.Count3:EnvironmentSafari                           
Backendjs-bypass:PPjs:Buffer.Size1024:Iteration.Count4:EnvironmentSafari                           
Backendjs-onnx:PPjs:Buffer.Size1024:Iteration.Count4:EnvironmentSafari                             
Backendwasm-onnx:PPjs:Buffer.Size1024:Iteration.Count4:EnvironmentSafari                           
Backendjs-bypass:PPjs:Buffer.Size8192:Iteration.Count4:EnvironmentSafari                           
Backendjs-onnx:PPjs:Buffer.Size8192:Iteration.Count4:EnvironmentSafari                             
Backendwasm-onnx:PPjs:Buffer.Size8192:Iteration.Count4:EnvironmentSafari                           
Backendjs-bypass:PPjs:Buffer.Size1024:Iteration.Count1:Model.Uniquesteerable-nafx                  
Backendjs-onnx:PPjs:Buffer.Size1024:Iteration.Count1:Model.Uniquesteerable-nafx                    
Backendwasm-onnx:PPjs:Buffer.Size1024:Iteration.Count1:Model.Uniquesteerable-nafx                  
Backendjs-bypass:PPjs:Buffer.Size8192:Iteration.Count1:Model.Uniquesteerable-nafx                  
Backendjs-onnx:PPjs:Buffer.Size8192:Iteration.Count1:Model.Uniquesteerable-nafx                    
Backendwasm-onnx:PPjs:Buffer.Size8192:Iteration.Count1:Model.Uniquesteerable-nafx                  
Backendjs-bypass:PPjs:Buffer.Size1024:Iteration.Count2:Model.Uniquesteerable-nafx                  
Backendjs-onnx:PPjs:Buffer.Size1024:Iteration.Count2:Model.Uniquesteerable-nafx                    
Backendwasm-onnx:PPjs:Buffer.Size1024:Iteration.Count2:Model.Uniquesteerable-nafx                  
Backendjs-bypass:PPjs:Buffer.Size8192:Iteration.Count2:Model.Uniquesteerable-nafx                  
Backendjs-onnx:PPjs:Buffer.Size8192:Iteration.Count2:Model.Uniquesteerable-nafx                    
Backendwasm-onnx:PPjs:Buffer.Size8192:Iteration.Count2:Model.Uniquesteerable-nafx                  
Backendjs-bypass:PPjs:Buffer.Size1024:Iteration.Count3:Model.Uniquesteerable-nafx                  
Backendjs-onnx:PPjs:Buffer.Size1024:Iteration.Count3:Model.Uniquesteerable-nafx                    
Backendwasm-onnx:PPjs:Buffer.Size1024:Iteration.Count3:Model.Uniquesteerable-nafx                  
Backendjs-bypass:PPjs:Buffer.Size8192:Iteration.Count3:Model.Uniquesteerable-nafx                  
Backendjs-onnx:PPjs:Buffer.Size8192:Iteration.Count3:Model.Uniquesteerable-nafx                    
Backendwasm-onnx:PPjs:Buffer.Size8192:Iteration.Count3:Model.Uniquesteerable-nafx                  
Backendjs-bypass:PPjs:Buffer.Size1024:Iteration.Count4:Model.Uniquesteerable-nafx                  
Backendjs-onnx:PPjs:Buffer.Size1024:Iteration.Count4:Model.Uniquesteerable-nafx                    
Backendwasm-onnx:PPjs:Buffer.Size1024:Iteration.Count4:Model.Uniquesteerable-nafx                  
Backendjs-bypass:PPjs:Buffer.Size8192:Iteration.Count4:Model.Uniquesteerable-nafx                  
Backendjs-onnx:PPjs:Buffer.Size8192:Iteration.Count4:Model.Uniquesteerable-nafx                    
Backendwasm-onnx:PPjs:Buffer.Size8192:Iteration.Count4:Model.Uniquesteerable-nafx                  
Backendjs-bypass:PPjs:Buffer.Size1024:EnvironmentFirefox:Model.Uniquesteerable-nafx                
Backendjs-onnx:PPjs:Buffer.Size1024:EnvironmentFirefox:Model.Uniquesteerable-nafx                  
Backendwasm-onnx:PPjs:Buffer.Size1024:EnvironmentFirefox:Model.Uniquesteerable-nafx                
Backendjs-bypass:PPjs:Buffer.Size8192:EnvironmentFirefox:Model.Uniquesteerable-nafx                
Backendjs-onnx:PPjs:Buffer.Size8192:EnvironmentFirefox:Model.Uniquesteerable-nafx                  
Backendwasm-onnx:PPjs:Buffer.Size8192:EnvironmentFirefox:Model.Uniquesteerable-nafx                
Backendjs-bypass:PPjs:Buffer.Size1024:EnvironmentSafari:Model.Uniquesteerable-nafx                 
Backendjs-onnx:PPjs:Buffer.Size1024:EnvironmentSafari:Model.Uniquesteerable-nafx                *  
Backendwasm-onnx:PPjs:Buffer.Size1024:EnvironmentSafari:Model.Uniquesteerable-nafx              ** 
Backendjs-bypass:PPjs:Buffer.Size8192:EnvironmentSafari:Model.Uniquesteerable-nafx                 
Backendjs-onnx:PPjs:Buffer.Size8192:EnvironmentSafari:Model.Uniquesteerable-nafx                .  
Backendwasm-onnx:PPjs:Buffer.Size8192:EnvironmentSafari:Model.Uniquesteerable-nafx              *  
Backendjs-bypass:PPjs:Iteration.Count1:EnvironmentFirefox:Model.Uniquesteerable-nafx               
Backendjs-onnx:PPjs:Iteration.Count1:EnvironmentFirefox:Model.Uniquesteerable-nafx              *  
Backendwasm-onnx:PPjs:Iteration.Count1:EnvironmentFirefox:Model.Uniquesteerable-nafx            *  
Backendjs-bypass:PPjs:Iteration.Count2:EnvironmentFirefox:Model.Uniquesteerable-nafx               
Backendjs-onnx:PPjs:Iteration.Count2:EnvironmentFirefox:Model.Uniquesteerable-nafx                 
Backendwasm-onnx:PPjs:Iteration.Count2:EnvironmentFirefox:Model.Uniquesteerable-nafx               
Backendjs-bypass:PPjs:Iteration.Count3:EnvironmentFirefox:Model.Uniquesteerable-nafx               
Backendjs-onnx:PPjs:Iteration.Count3:EnvironmentFirefox:Model.Uniquesteerable-nafx                 
Backendwasm-onnx:PPjs:Iteration.Count3:EnvironmentFirefox:Model.Uniquesteerable-nafx               
Backendjs-bypass:PPjs:Iteration.Count4:EnvironmentFirefox:Model.Uniquesteerable-nafx               
Backendjs-onnx:PPjs:Iteration.Count4:EnvironmentFirefox:Model.Uniquesteerable-nafx                 
Backendwasm-onnx:PPjs:Iteration.Count4:EnvironmentFirefox:Model.Uniquesteerable-nafx               
Backendjs-bypass:PPjs:Iteration.Count1:EnvironmentSafari:Model.Uniquesteerable-nafx                
Backendjs-onnx:PPjs:Iteration.Count1:EnvironmentSafari:Model.Uniquesteerable-nafx               *  
Backendwasm-onnx:PPjs:Iteration.Count1:EnvironmentSafari:Model.Uniquesteerable-nafx             *  
Backendjs-bypass:PPjs:Iteration.Count2:EnvironmentSafari:Model.Uniquesteerable-nafx                
Backendjs-onnx:PPjs:Iteration.Count2:EnvironmentSafari:Model.Uniquesteerable-nafx                  
Backendwasm-onnx:PPjs:Iteration.Count2:EnvironmentSafari:Model.Uniquesteerable-nafx                
Backendjs-bypass:PPjs:Iteration.Count3:EnvironmentSafari:Model.Uniquesteerable-nafx                
Backendjs-onnx:PPjs:Iteration.Count3:EnvironmentSafari:Model.Uniquesteerable-nafx                  
Backendwasm-onnx:PPjs:Iteration.Count3:EnvironmentSafari:Model.Uniquesteerable-nafx                
Backendjs-bypass:PPjs:Iteration.Count4:EnvironmentSafari:Model.Uniquesteerable-nafx                
Backendjs-onnx:PPjs:Iteration.Count4:EnvironmentSafari:Model.Uniquesteerable-nafx                  
Backendwasm-onnx:PPjs:Iteration.Count4:EnvironmentSafari:Model.Uniquesteerable-nafx                
Backendjs-bypass:Buffer.Size1024:Iteration.Count1:EnvironmentFirefox:Model.Uniquesteerable-nafx    
Backendjs-onnx:Buffer.Size1024:Iteration.Count1:EnvironmentFirefox:Model.Uniquesteerable-nafx      
Backendwasm-onnx:Buffer.Size1024:Iteration.Count1:EnvironmentFirefox:Model.Uniquesteerable-nafx    
Backendjs-bypass:Buffer.Size8192:Iteration.Count1:EnvironmentFirefox:Model.Uniquesteerable-nafx    
Backendjs-onnx:Buffer.Size8192:Iteration.Count1:EnvironmentFirefox:Model.Uniquesteerable-nafx   ***
Backendwasm-onnx:Buffer.Size8192:Iteration.Count1:EnvironmentFirefox:Model.Uniquesteerable-nafx *  
Backendjs-bypass:Buffer.Size1024:Iteration.Count2:EnvironmentFirefox:Model.Uniquesteerable-nafx    
Backendjs-onnx:Buffer.Size1024:Iteration.Count2:EnvironmentFirefox:Model.Uniquesteerable-nafx      
Backendwasm-onnx:Buffer.Size1024:Iteration.Count2:EnvironmentFirefox:Model.Uniquesteerable-nafx    
Backendjs-bypass:Buffer.Size8192:Iteration.Count2:EnvironmentFirefox:Model.Uniquesteerable-nafx    
Backendjs-onnx:Buffer.Size8192:Iteration.Count2:EnvironmentFirefox:Model.Uniquesteerable-nafx      
Backendwasm-onnx:Buffer.Size8192:Iteration.Count2:EnvironmentFirefox:Model.Uniquesteerable-nafx    
Backendjs-bypass:Buffer.Size1024:Iteration.Count3:EnvironmentFirefox:Model.Uniquesteerable-nafx    
Backendjs-onnx:Buffer.Size1024:Iteration.Count3:EnvironmentFirefox:Model.Uniquesteerable-nafx      
Backendwasm-onnx:Buffer.Size1024:Iteration.Count3:EnvironmentFirefox:Model.Uniquesteerable-nafx    
Backendjs-bypass:Buffer.Size8192:Iteration.Count3:EnvironmentFirefox:Model.Uniquesteerable-nafx    
Backendjs-onnx:Buffer.Size8192:Iteration.Count3:EnvironmentFirefox:Model.Uniquesteerable-nafx      
Backendwasm-onnx:Buffer.Size8192:Iteration.Count3:EnvironmentFirefox:Model.Uniquesteerable-nafx    
Backendjs-bypass:Buffer.Size1024:Iteration.Count4:EnvironmentFirefox:Model.Uniquesteerable-nafx    
Backendjs-onnx:Buffer.Size1024:Iteration.Count4:EnvironmentFirefox:Model.Uniquesteerable-nafx      
Backendwasm-onnx:Buffer.Size1024:Iteration.Count4:EnvironmentFirefox:Model.Uniquesteerable-nafx    
Backendjs-bypass:Buffer.Size8192:Iteration.Count4:EnvironmentFirefox:Model.Uniquesteerable-nafx    
Backendjs-onnx:Buffer.Size8192:Iteration.Count4:EnvironmentFirefox:Model.Uniquesteerable-nafx      
Backendwasm-onnx:Buffer.Size8192:Iteration.Count4:EnvironmentFirefox:Model.Uniquesteerable-nafx    
Backendjs-bypass:Buffer.Size1024:Iteration.Count1:EnvironmentSafari:Model.Uniquesteerable-nafx  *  
Backendjs-onnx:Buffer.Size1024:Iteration.Count1:EnvironmentSafari:Model.Uniquesteerable-nafx    ***
Backendwasm-onnx:Buffer.Size1024:Iteration.Count1:EnvironmentSafari:Model.Uniquesteerable-nafx  *  
Backendjs-bypass:Buffer.Size8192:Iteration.Count1:EnvironmentSafari:Model.Uniquesteerable-nafx     
Backendjs-onnx:Buffer.Size8192:Iteration.Count1:EnvironmentSafari:Model.Uniquesteerable-nafx    ***
Backendwasm-onnx:Buffer.Size8192:Iteration.Count1:EnvironmentSafari:Model.Uniquesteerable-nafx  ** 
Backendjs-bypass:Buffer.Size1024:Iteration.Count2:EnvironmentSafari:Model.Uniquesteerable-nafx     
Backendjs-onnx:Buffer.Size1024:Iteration.Count2:EnvironmentSafari:Model.Uniquesteerable-nafx       
Backendwasm-onnx:Buffer.Size1024:Iteration.Count2:EnvironmentSafari:Model.Uniquesteerable-nafx     
Backendjs-bypass:Buffer.Size8192:Iteration.Count2:EnvironmentSafari:Model.Uniquesteerable-nafx     
Backendjs-onnx:Buffer.Size8192:Iteration.Count2:EnvironmentSafari:Model.Uniquesteerable-nafx    .  
Backendwasm-onnx:Buffer.Size8192:Iteration.Count2:EnvironmentSafari:Model.Uniquesteerable-nafx     
Backendjs-bypass:Buffer.Size1024:Iteration.Count3:EnvironmentSafari:Model.Uniquesteerable-nafx     
Backendjs-onnx:Buffer.Size1024:Iteration.Count3:EnvironmentSafari:Model.Uniquesteerable-nafx       
Backendwasm-onnx:Buffer.Size1024:Iteration.Count3:EnvironmentSafari:Model.Uniquesteerable-nafx     
Backendjs-bypass:Buffer.Size8192:Iteration.Count3:EnvironmentSafari:Model.Uniquesteerable-nafx     
Backendjs-onnx:Buffer.Size8192:Iteration.Count3:EnvironmentSafari:Model.Uniquesteerable-nafx       
Backendwasm-onnx:Buffer.Size8192:Iteration.Count3:EnvironmentSafari:Model.Uniquesteerable-nafx     
Backendjs-bypass:Buffer.Size1024:Iteration.Count4:EnvironmentSafari:Model.Uniquesteerable-nafx     
Backendjs-onnx:Buffer.Size1024:Iteration.Count4:EnvironmentSafari:Model.Uniquesteerable-nafx       
Backendwasm-onnx:Buffer.Size1024:Iteration.Count4:EnvironmentSafari:Model.Uniquesteerable-nafx     
Backendjs-bypass:Buffer.Size8192:Iteration.Count4:EnvironmentSafari:Model.Uniquesteerable-nafx     
Backendjs-onnx:Buffer.Size8192:Iteration.Count4:EnvironmentSafari:Model.Uniquesteerable-nafx       
Backendwasm-onnx:Buffer.Size8192:Iteration.Count4:EnvironmentSafari:Model.Uniquesteerable-nafx     
PPjs:Buffer.Size1024:Iteration.Count1:EnvironmentFirefox:Model.Uniquesteerable-nafx                
PPjs:Buffer.Size8192:Iteration.Count1:EnvironmentFirefox:Model.Uniquesteerable-nafx                
PPjs:Buffer.Size1024:Iteration.Count2:EnvironmentFirefox:Model.Uniquesteerable-nafx                
PPjs:Buffer.Size8192:Iteration.Count2:EnvironmentFirefox:Model.Uniquesteerable-nafx                
PPjs:Buffer.Size1024:Iteration.Count3:EnvironmentFirefox:Model.Uniquesteerable-nafx                
PPjs:Buffer.Size8192:Iteration.Count3:EnvironmentFirefox:Model.Uniquesteerable-nafx                
PPjs:Buffer.Size1024:Iteration.Count4:EnvironmentFirefox:Model.Uniquesteerable-nafx                
PPjs:Buffer.Size8192:Iteration.Count4:EnvironmentFirefox:Model.Uniquesteerable-nafx                
PPjs:Buffer.Size1024:Iteration.Count1:EnvironmentSafari:Model.Uniquesteerable-nafx                 
PPjs:Buffer.Size8192:Iteration.Count1:EnvironmentSafari:Model.Uniquesteerable-nafx                 
PPjs:Buffer.Size1024:Iteration.Count2:EnvironmentSafari:Model.Uniquesteerable-nafx                 
PPjs:Buffer.Size8192:Iteration.Count2:EnvironmentSafari:Model.Uniquesteerable-nafx                 
PPjs:Buffer.Size1024:Iteration.Count3:EnvironmentSafari:Model.Uniquesteerable-nafx                 
PPjs:Buffer.Size8192:Iteration.Count3:EnvironmentSafari:Model.Uniquesteerable-nafx                 
PPjs:Buffer.Size1024:Iteration.Count4:EnvironmentSafari:Model.Uniquesteerable-nafx                 
PPjs:Buffer.Size8192:Iteration.Count4:EnvironmentSafari:Model.Uniquesteerable-nafx                 
---
Signif. codes:  0 ‘***’ 0.001 ‘**’ 0.01 ‘*’ 0.05 ‘.’ 0.1 ‘ ’ 1

Correlation matrix not shown by default, as p = 672 > 12.
Use print(summary(model), correlation=TRUE)  or
    vcov(summary(model))        if you need it

# Fixed Effects

Parameter                                                                                                            
---------------------------------------------------------------------------------------------------------------------
(Intercept)                                                                                                          
Backend [js-bypass]                                                                                                  
Backend [js-onnx]                                                                                                    
Backend [wasm-onnx]                                                                                                  
PP [js]                                                                                                              
Buffer Size [1024]                                                                                                   
Buffer Size [8192]                                                                                                   
Iteration Count1                                                                                                     
Iteration Count2                                                                                                     
Iteration Count3                                                                                                     
Iteration Count4                                                                                                     
Environment [Firefox]                                                                                                
Environment [Safari]                                                                                                 
Model Unique [steerable-nafx]                                                                                        
Backend [js-bypass] × PP [js]                                                                                        
Backend [js-onnx] × PP [js]                                                                                          
Backend [wasm-onnx] × PP [js]                                                                                        
Backend [js-bypass] × Buffer Size [1024]                                                                             
Backend [js-onnx] × Buffer Size [1024]                                                                               
Backend [wasm-onnx] × Buffer Size [1024]                                                                             
Backend [js-bypass] × Buffer Size [8192]                                                                             
Backend [js-onnx] × Buffer Size [8192]                                                                               
Backend [wasm-onnx] × Buffer Size [8192]                                                                             
Backend [js-bypass] × Iteration Count1                                                                               
Backend [js-onnx] × Iteration Count1                                                                                 
Backend [wasm-onnx] × Iteration Count1                                                                               
Backend [js-bypass] × Iteration Count2                                                                               
Backend [js-onnx] × Iteration Count2                                                                                 
Backend [wasm-onnx] × Iteration Count2                                                                               
Backend [js-bypass] × Iteration Count3                                                                               
Backend [js-onnx] × Iteration Count3                                                                                 
Backend [wasm-onnx] × Iteration Count3                                                                               
Backend [js-bypass] × Iteration Count4                                                                               
Backend [js-onnx] × Iteration Count4                                                                                 
Backend [wasm-onnx] × Iteration Count4                                                                               
Backend [js-bypass] × Environment [Firefox]                                                                          
Backend [js-onnx] × Environment [Firefox]                                                                            
Backend [wasm-onnx] × Environment [Firefox]                                                                          
Backend [js-bypass] × Environment [Safari]                                                                           
Backend [js-onnx] × Environment [Safari]                                                                             
Backend [wasm-onnx] × Environment [Safari]                                                                           
Backend [js-bypass] × Model Unique [steerable-nafx]                                                                  
Backend [js-onnx] × Model Unique [steerable-nafx]                                                                    
Backend [wasm-onnx] × Model Unique [steerable-nafx]                                                                  
PP [js] × Buffer Size [1024]                                                                                         
PP [js] × Buffer Size [8192]                                                                                         
PP [js] × Iteration Count1                                                                                           
PP [js] × Iteration Count2                                                                                           
PP [js] × Iteration Count3                                                                                           
PP [js] × Iteration Count4                                                                                           
PP [js] × Environment [Firefox]                                                                                      
PP [js] × Environment [Safari]                                                                                       
PP [js] × Model Unique [steerable-nafx]                                                                              
Buffer Size [1024] × Iteration Count1                                                                                
Buffer Size [8192] × Iteration Count1                                                                                
Buffer Size [1024] × Iteration Count2                                                                                
Buffer Size [8192] × Iteration Count2                                                                                
Buffer Size [1024] × Iteration Count3                                                                                
Buffer Size [8192] × Iteration Count3                                                                                
Buffer Size [1024] × Iteration Count4                                                                                
Buffer Size [8192] × Iteration Count4                                                                                
Buffer Size [1024] × Environment [Firefox]                                                                           
Buffer Size [8192] × Environment [Firefox]                                                                           
Buffer Size [1024] × Environment [Safari]                                                                            
Buffer Size [8192] × Environment [Safari]                                                                            
Buffer Size [1024] × Model Unique [steerable-nafx]                                                                   
Buffer Size [8192] × Model Unique [steerable-nafx]                                                                   
Iteration Count1 × Environment [Firefox]                                                                             
Iteration Count2 × Environment [Firefox]                                                                             
Iteration Count3 × Environment [Firefox]                                                                             
Iteration Count4 × Environment [Firefox]                                                                             
Iteration Count1 × Environment [Safari]                                                                              
Iteration Count2 × Environment [Safari]                                                                              
Iteration Count3 × Environment [Safari]                                                                              
Iteration Count4 × Environment [Safari]                                                                              
Iteration Count1 × Model Unique [steerable-nafx]                                                                     
Iteration Count2 × Model Unique [steerable-nafx]                                                                     
Iteration Count3 × Model Unique [steerable-nafx]                                                                     
Iteration Count4 × Model Unique [steerable-nafx]                                                                     
Environment [Firefox] × Model Unique [steerable-nafx]                                                                
Environment [Safari] × Model Unique [steerable-nafx]                                                                 
(Backend [js-bypass] × PP [js]) × Buffer Size [1024]                                                                 
(Backend [js-onnx] × PP [js]) × Buffer Size [1024]                                                                   
(Backend [wasm-onnx] × PP [js]) × Buffer Size [1024]                                                                 
(Backend [js-bypass] × PP [js]) × Buffer Size [8192]                                                                 
(Backend [js-onnx] × PP [js]) × Buffer Size [8192]                                                                   
(Backend [wasm-onnx] × PP [js]) × Buffer Size [8192]                                                                 
Backend [js-bypass] × PP [js] × Iteration Count1                                                                     
Backend [js-onnx] × PP [js] × Iteration Count1                                                                       
Backend [wasm-onnx] × PP [js] × Iteration Count1                                                                     
Backend [js-bypass] × PP [js] × Iteration Count2                                                                     
Backend [js-onnx] × PP [js] × Iteration Count2                                                                       
Backend [wasm-onnx] × PP [js] × Iteration Count2                                                                     
Backend [js-bypass] × PP [js] × Iteration Count3                                                                     
Backend [js-onnx] × PP [js] × Iteration Count3                                                                       
Backend [wasm-onnx] × PP [js] × Iteration Count3                                                                     
Backend [js-bypass] × PP [js] × Iteration Count4                                                                     
Backend [js-onnx] × PP [js] × Iteration Count4                                                                       
Backend [wasm-onnx] × PP [js] × Iteration Count4                                                                     
(Backend [js-bypass] × PP [js]) × Environment [Firefox]                                                              
(Backend [js-onnx] × PP [js]) × Environment [Firefox]                                                                
(Backend [wasm-onnx] × PP [js]) × Environment [Firefox]                                                              
(Backend [js-bypass] × PP [js]) × Environment [Safari]                                                               
(Backend [js-onnx] × PP [js]) × Environment [Safari]                                                                 
(Backend [wasm-onnx] × PP [js]) × Environment [Safari]                                                               
(Backend [js-bypass] × PP [js]) × Model Unique [steerable-nafx]                                                      
(Backend [js-onnx] × PP [js]) × Model Unique [steerable-nafx]                                                        
(Backend [wasm-onnx] × PP [js]) × Model Unique [steerable-nafx]                                                      
Backend [js-bypass] × Buffer Size [1024] × Iteration Count1                                                          
Backend [js-onnx] × Buffer Size [1024] × Iteration Count1                                                            
Backend [wasm-onnx] × Buffer Size [1024] × Iteration Count1                                                          
Backend [js-bypass] × Buffer Size [8192] × Iteration Count1                                                          
Backend [js-onnx] × Buffer Size [8192] × Iteration Count1                                                            
Backend [wasm-onnx] × Buffer Size [8192] × Iteration Count1                                                          
Backend [js-bypass] × Buffer Size [1024] × Iteration Count2                                                          
Backend [js-onnx] × Buffer Size [1024] × Iteration Count2                                                            
Backend [wasm-onnx] × Buffer Size [1024] × Iteration Count2                                                          
Backend [js-bypass] × Buffer Size [8192] × Iteration Count2                                                          
Backend [js-onnx] × Buffer Size [8192] × Iteration Count2                                                            
Backend [wasm-onnx] × Buffer Size [8192] × Iteration Count2                                                          
Backend [js-bypass] × Buffer Size [1024] × Iteration Count3                                                          
Backend [js-onnx] × Buffer Size [1024] × Iteration Count3                                                            
Backend [wasm-onnx] × Buffer Size [1024] × Iteration Count3                                                          
Backend [js-bypass] × Buffer Size [8192] × Iteration Count3                                                          
Backend [js-onnx] × Buffer Size [8192] × Iteration Count3                                                            
Backend [wasm-onnx] × Buffer Size [8192] × Iteration Count3                                                          
Backend [js-bypass] × Buffer Size [1024] × Iteration Count4                                                          
Backend [js-onnx] × Buffer Size [1024] × Iteration Count4                                                            
Backend [wasm-onnx] × Buffer Size [1024] × Iteration Count4                                                          
Backend [js-bypass] × Buffer Size [8192] × Iteration Count4                                                          
Backend [js-onnx] × Buffer Size [8192] × Iteration Count4                                                            
Backend [wasm-onnx] × Buffer Size [8192] × Iteration Count4                                                          
(Backend [js-bypass] × Buffer Size [1024]) × Environment [Firefox]                                                   
(Backend [js-onnx] × Buffer Size [1024]) × Environment [Firefox]                                                     
(Backend [wasm-onnx] × Buffer Size [1024]) × Environment [Firefox]                                                   
(Backend [js-bypass] × Buffer Size [8192]) × Environment [Firefox]                                                   
(Backend [js-onnx] × Buffer Size [8192]) × Environment [Firefox]                                                     
(Backend [wasm-onnx] × Buffer Size [8192]) × Environment [Firefox]                                                   
(Backend [js-bypass] × Buffer Size [1024]) × Environment [Safari]                                                    
(Backend [js-onnx] × Buffer Size [1024]) × Environment [Safari]                                                      
(Backend [wasm-onnx] × Buffer Size [1024]) × Environment [Safari]                                                    
(Backend [js-bypass] × Buffer Size [8192]) × Environment [Safari]                                                    
(Backend [js-onnx] × Buffer Size [8192]) × Environment [Safari]                                                      
(Backend [wasm-onnx] × Buffer Size [8192]) × Environment [Safari]                                                    
(Backend [js-bypass] × Buffer Size [1024]) × Model Unique [steerable-nafx]                                           
(Backend [js-onnx] × Buffer Size [1024]) × Model Unique [steerable-nafx]                                             
(Backend [wasm-onnx] × Buffer Size [1024]) × Model Unique [steerable-nafx]                                           
(Backend [js-bypass] × Buffer Size [8192]) × Model Unique [steerable-nafx]                                           
(Backend [js-onnx] × Buffer Size [8192]) × Model Unique [steerable-nafx]                                             
(Backend [wasm-onnx] × Buffer Size [8192]) × Model Unique [steerable-nafx]                                           
(Backend [js-bypass] × Iteration Count1) × Environment [Firefox]                                                     
(Backend [js-onnx] × Iteration Count1) × Environment [Firefox]                                                       
(Backend [wasm-onnx] × Iteration Count1) × Environment [Firefox]                                                     
(Backend [js-bypass] × Iteration Count2) × Environment [Firefox]                                                     
(Backend [js-onnx] × Iteration Count2) × Environment [Firefox]                                                       
(Backend [wasm-onnx] × Iteration Count2) × Environment [Firefox]                                                     
(Backend [js-bypass] × Iteration Count3) × Environment [Firefox]                                                     
(Backend [js-onnx] × Iteration Count3) × Environment [Firefox]                                                       
(Backend [wasm-onnx] × Iteration Count3) × Environment [Firefox]                                                     
(Backend [js-bypass] × Iteration Count4) × Environment [Firefox]                                                     
(Backend [js-onnx] × Iteration Count4) × Environment [Firefox]                                                       
(Backend [wasm-onnx] × Iteration Count4) × Environment [Firefox]                                                     
(Backend [js-bypass] × Iteration Count1) × Environment [Safari]                                                      
(Backend [js-onnx] × Iteration Count1) × Environment [Safari]                                                        
(Backend [wasm-onnx] × Iteration Count1) × Environment [Safari]                                                      
(Backend [js-bypass] × Iteration Count2) × Environment [Safari]                                                      
(Backend [js-onnx] × Iteration Count2) × Environment [Safari]                                                        
(Backend [wasm-onnx] × Iteration Count2) × Environment [Safari]                                                      
(Backend [js-bypass] × Iteration Count3) × Environment [Safari]                                                      
(Backend [js-onnx] × Iteration Count3) × Environment [Safari]                                                        
(Backend [wasm-onnx] × Iteration Count3) × Environment [Safari]                                                      
(Backend [js-bypass] × Iteration Count4) × Environment [Safari]                                                      
(Backend [js-onnx] × Iteration Count4) × Environment [Safari]                                                        
(Backend [wasm-onnx] × Iteration Count4) × Environment [Safari]                                                      
(Backend [js-bypass] × Iteration Count1) × Model Unique [steerable-nafx]                                             
(Backend [js-onnx] × Iteration Count1) × Model Unique [steerable-nafx]                                               
(Backend [wasm-onnx] × Iteration Count1) × Model Unique [steerable-nafx]                                             
(Backend [js-bypass] × Iteration Count2) × Model Unique [steerable-nafx]                                             
(Backend [js-onnx] × Iteration Count2) × Model Unique [steerable-nafx]                                               
(Backend [wasm-onnx] × Iteration Count2) × Model Unique [steerable-nafx]                                             
(Backend [js-bypass] × Iteration Count3) × Model Unique [steerable-nafx]                                             
(Backend [js-onnx] × Iteration Count3) × Model Unique [steerable-nafx]                                               
(Backend [wasm-onnx] × Iteration Count3) × Model Unique [steerable-nafx]                                             
(Backend [js-bypass] × Iteration Count4) × Model Unique [steerable-nafx]                                             
(Backend [js-onnx] × Iteration Count4) × Model Unique [steerable-nafx]                                               
(Backend [wasm-onnx] × Iteration Count4) × Model Unique [steerable-nafx]                                             
(Backend [js-bypass] × Environment [Firefox]) × Model Unique [steerable-nafx]                                        
(Backend [js-onnx] × Environment [Firefox]) × Model Unique [steerable-nafx]                                          
(Backend [wasm-onnx] × Environment [Firefox]) × Model Unique [steerable-nafx]                                        
(Backend [js-bypass] × Environment [Safari]) × Model Unique [steerable-nafx]                                         
(Backend [js-onnx] × Environment [Safari]) × Model Unique [steerable-nafx]                                           
(Backend [wasm-onnx] × Environment [Safari]) × Model Unique [steerable-nafx]                                         
PP [js] × Buffer Size [1024] × Iteration Count1                                                                      
PP [js] × Buffer Size [8192] × Iteration Count1                                                                      
PP [js] × Buffer Size [1024] × Iteration Count2                                                                      
PP [js] × Buffer Size [8192] × Iteration Count2                                                                      
PP [js] × Buffer Size [1024] × Iteration Count3                                                                      
PP [js] × Buffer Size [8192] × Iteration Count3                                                                      
PP [js] × Buffer Size [1024] × Iteration Count4                                                                      
PP [js] × Buffer Size [8192] × Iteration Count4                                                                      
(PP [js] × Buffer Size [1024]) × Environment [Firefox]                                                               
(PP [js] × Buffer Size [8192]) × Environment [Firefox]                                                               
(PP [js] × Buffer Size [1024]) × Environment [Safari]                                                                
(PP [js] × Buffer Size [8192]) × Environment [Safari]                                                                
(PP [js] × Buffer Size [1024]) × Model Unique [steerable-nafx]                                                       
(PP [js] × Buffer Size [8192]) × Model Unique [steerable-nafx]                                                       
(PP [js] × Iteration Count1) × Environment [Firefox]                                                                 
(PP [js] × Iteration Count2) × Environment [Firefox]                                                                 
(PP [js] × Iteration Count3) × Environment [Firefox]                                                                 
(PP [js] × Iteration Count4) × Environment [Firefox]                                                                 
(PP [js] × Iteration Count1) × Environment [Safari]                                                                  
(PP [js] × Iteration Count2) × Environment [Safari]                                                                  
(PP [js] × Iteration Count3) × Environment [Safari]                                                                  
(PP [js] × Iteration Count4) × Environment [Safari]                                                                  
(PP [js] × Iteration Count1) × Model Unique [steerable-nafx]                                                         
(PP [js] × Iteration Count2) × Model Unique [steerable-nafx]                                                         
(PP [js] × Iteration Count3) × Model Unique [steerable-nafx]                                                         
(PP [js] × Iteration Count4) × Model Unique [steerable-nafx]                                                         
(PP [js] × Environment [Firefox]) × Model Unique [steerable-nafx]                                                    
(PP [js] × Environment [Safari]) × Model Unique [steerable-nafx]                                                     
(Buffer Size [1024] × Iteration Count1) × Environment [Firefox]                                                      
(Buffer Size [8192] × Iteration Count1) × Environment [Firefox]                                                      
(Buffer Size [1024] × Iteration Count2) × Environment [Firefox]                                                      
(Buffer Size [8192] × Iteration Count2) × Environment [Firefox]                                                      
(Buffer Size [1024] × Iteration Count3) × Environment [Firefox]                                                      
(Buffer Size [8192] × Iteration Count3) × Environment [Firefox]                                                      
(Buffer Size [1024] × Iteration Count4) × Environment [Firefox]                                                      
(Buffer Size [8192] × Iteration Count4) × Environment [Firefox]                                                      
(Buffer Size [1024] × Iteration Count1) × Environment [Safari]                                                       
(Buffer Size [8192] × Iteration Count1) × Environment [Safari]                                                       
(Buffer Size [1024] × Iteration Count2) × Environment [Safari]                                                       
(Buffer Size [8192] × Iteration Count2) × Environment [Safari]                                                       
(Buffer Size [1024] × Iteration Count3) × Environment [Safari]                                                       
(Buffer Size [8192] × Iteration Count3) × Environment [Safari]                                                       
(Buffer Size [1024] × Iteration Count4) × Environment [Safari]                                                       
(Buffer Size [8192] × Iteration Count4) × Environment [Safari]                                                       
(Buffer Size [1024] × Iteration Count1) × Model Unique [steerable-nafx]                                              
(Buffer Size [8192] × Iteration Count1) × Model Unique [steerable-nafx]                                              
(Buffer Size [1024] × Iteration Count2) × Model Unique [steerable-nafx]                                              
(Buffer Size [8192] × Iteration Count2) × Model Unique [steerable-nafx]                                              
(Buffer Size [1024] × Iteration Count3) × Model Unique [steerable-nafx]                                              
(Buffer Size [8192] × Iteration Count3) × Model Unique [steerable-nafx]                                              
(Buffer Size [1024] × Iteration Count4) × Model Unique [steerable-nafx]                                              
(Buffer Size [8192] × Iteration Count4) × Model Unique [steerable-nafx]                                              
(Buffer Size [1024] × Environment [Firefox]) × Model Unique [steerable-nafx]                                         
(Buffer Size [8192] × Environment [Firefox]) × Model Unique [steerable-nafx]                                         
(Buffer Size [1024] × Environment [Safari]) × Model Unique [steerable-nafx]                                          
(Buffer Size [8192] × Environment [Safari]) × Model Unique [steerable-nafx]                                          
(Iteration Count1 × Environment [Firefox]) × Model Unique [steerable-nafx]                                           
(Iteration Count2 × Environment [Firefox]) × Model Unique [steerable-nafx]                                           
(Iteration Count3 × Environment [Firefox]) × Model Unique [steerable-nafx]                                           
(Iteration Count4 × Environment [Firefox]) × Model Unique [steerable-nafx]                                           
(Iteration Count1 × Environment [Safari]) × Model Unique [steerable-nafx]                                            
(Iteration Count2 × Environment [Safari]) × Model Unique [steerable-nafx]                                            
(Iteration Count3 × Environment [Safari]) × Model Unique [steerable-nafx]                                            
(Iteration Count4 × Environment [Safari]) × Model Unique [steerable-nafx]                                            
Backend [js-bypass] × PP [js] × Buffer Size [1024] × Iteration Count1                                                
Backend [js-onnx] × PP [js] × Buffer Size [1024] × Iteration Count1                                                  
Backend [wasm-onnx] × PP [js] × Buffer Size [1024] × Iteration Count1                                                
Backend [js-bypass] × PP [js] × Buffer Size [8192] × Iteration Count1                                                
Backend [js-onnx] × PP [js] × Buffer Size [8192] × Iteration Count1                                                  
Backend [wasm-onnx] × PP [js] × Buffer Size [8192] × Iteration Count1                                                
Backend [js-bypass] × PP [js] × Buffer Size [1024] × Iteration Count2                                                
Backend [js-onnx] × PP [js] × Buffer Size [1024] × Iteration Count2                                                  
Backend [wasm-onnx] × PP [js] × Buffer Size [1024] × Iteration Count2                                                
Backend [js-bypass] × PP [js] × Buffer Size [8192] × Iteration Count2                                                
Backend [js-onnx] × PP [js] × Buffer Size [8192] × Iteration Count2                                                  
Backend [wasm-onnx] × PP [js] × Buffer Size [8192] × Iteration Count2                                                
Backend [js-bypass] × PP [js] × Buffer Size [1024] × Iteration Count3                                                
Backend [js-onnx] × PP [js] × Buffer Size [1024] × Iteration Count3                                                  
Backend [wasm-onnx] × PP [js] × Buffer Size [1024] × Iteration Count3                                                
Backend [js-bypass] × PP [js] × Buffer Size [8192] × Iteration Count3                                                
Backend [js-onnx] × PP [js] × Buffer Size [8192] × Iteration Count3                                                  
Backend [wasm-onnx] × PP [js] × Buffer Size [8192] × Iteration Count3                                                
Backend [js-bypass] × PP [js] × Buffer Size [1024] × Iteration Count4                                                
Backend [js-onnx] × PP [js] × Buffer Size [1024] × Iteration Count4                                                  
Backend [wasm-onnx] × PP [js] × Buffer Size [1024] × Iteration Count4                                                
Backend [js-bypass] × PP [js] × Buffer Size [8192] × Iteration Count4                                                
Backend [js-onnx] × PP [js] × Buffer Size [8192] × Iteration Count4                                                  
Backend [wasm-onnx] × PP [js] × Buffer Size [8192] × Iteration Count4                                                
(Backend [js-bypass] × PP [js] × Buffer Size [1024]) × Environment [Firefox]                                         
(Backend [js-onnx] × PP [js] × Buffer Size [1024]) × Environment [Firefox]                                           
(Backend [wasm-onnx] × PP [js] × Buffer Size [1024]) × Environment [Firefox]                                         
(Backend [js-bypass] × PP [js] × Buffer Size [8192]) × Environment [Firefox]                                         
(Backend [js-onnx] × PP [js] × Buffer Size [8192]) × Environment [Firefox]                                           
(Backend [wasm-onnx] × PP [js] × Buffer Size [8192]) × Environment [Firefox]                                         
(Backend [js-bypass] × PP [js] × Buffer Size [1024]) × Environment [Safari]                                          
(Backend [js-onnx] × PP [js] × Buffer Size [1024]) × Environment [Safari]                                            
(Backend [wasm-onnx] × PP [js] × Buffer Size [1024]) × Environment [Safari]                                          
(Backend [js-bypass] × PP [js] × Buffer Size [8192]) × Environment [Safari]                                          
(Backend [js-onnx] × PP [js] × Buffer Size [8192]) × Environment [Safari]                                            
(Backend [wasm-onnx] × PP [js] × Buffer Size [8192]) × Environment [Safari]                                          
(Backend [js-bypass] × PP [js] × Buffer Size [1024]) × Model Unique [steerable-nafx]                                 
(Backend [js-onnx] × PP [js] × Buffer Size [1024]) × Model Unique [steerable-nafx]                                   
(Backend [wasm-onnx] × PP [js] × Buffer Size [1024]) × Model Unique [steerable-nafx]                                 
(Backend [js-bypass] × PP [js] × Buffer Size [8192]) × Model Unique [steerable-nafx]                                 
(Backend [js-onnx] × PP [js] × Buffer Size [8192]) × Model Unique [steerable-nafx]                                   
(Backend [wasm-onnx] × PP [js] × Buffer Size [8192]) × Model Unique [steerable-nafx]                                 
(Backend [js-bypass] × PP [js] × Iteration Count1) × Environment [Firefox]                                           
(Backend [js-onnx] × PP [js] × Iteration Count1) × Environment [Firefox]                                             
(Backend [wasm-onnx] × PP [js] × Iteration Count1) × Environment [Firefox]                                           
(Backend [js-bypass] × PP [js] × Iteration Count2) × Environment [Firefox]                                           
(Backend [js-onnx] × PP [js] × Iteration Count2) × Environment [Firefox]                                             
(Backend [wasm-onnx] × PP [js] × Iteration Count2) × Environment [Firefox]                                           
(Backend [js-bypass] × PP [js] × Iteration Count3) × Environment [Firefox]                                           
(Backend [js-onnx] × PP [js] × Iteration Count3) × Environment [Firefox]                                             
(Backend [wasm-onnx] × PP [js] × Iteration Count3) × Environment [Firefox]                                           
(Backend [js-bypass] × PP [js] × Iteration Count4) × Environment [Firefox]                                           
(Backend [js-onnx] × PP [js] × Iteration Count4) × Environment [Firefox]                                             
(Backend [wasm-onnx] × PP [js] × Iteration Count4) × Environment [Firefox]                                           
(Backend [js-bypass] × PP [js] × Iteration Count1) × Environment [Safari]                                            
(Backend [js-onnx] × PP [js] × Iteration Count1) × Environment [Safari]                                              
(Backend [wasm-onnx] × PP [js] × Iteration Count1) × Environment [Safari]                                            
(Backend [js-bypass] × PP [js] × Iteration Count2) × Environment [Safari]                                            
(Backend [js-onnx] × PP [js] × Iteration Count2) × Environment [Safari]                                              
(Backend [wasm-onnx] × PP [js] × Iteration Count2) × Environment [Safari]                                            
(Backend [js-bypass] × PP [js] × Iteration Count3) × Environment [Safari]                                            
(Backend [js-onnx] × PP [js] × Iteration Count3) × Environment [Safari]                                              
(Backend [wasm-onnx] × PP [js] × Iteration Count3) × Environment [Safari]                                            
(Backend [js-bypass] × PP [js] × Iteration Count4) × Environment [Safari]                                            
(Backend [js-onnx] × PP [js] × Iteration Count4) × Environment [Safari]                                              
(Backend [wasm-onnx] × PP [js] × Iteration Count4) × Environment [Safari]                                            
(Backend [js-bypass] × PP [js] × Iteration Count1) × Model Unique [steerable-nafx]                                   
(Backend [js-onnx] × PP [js] × Iteration Count1) × Model Unique [steerable-nafx]                                     
(Backend [wasm-onnx] × PP [js] × Iteration Count1) × Model Unique [steerable-nafx]                                   
(Backend [js-bypass] × PP [js] × Iteration Count2) × Model Unique [steerable-nafx]                                   
(Backend [js-onnx] × PP [js] × Iteration Count2) × Model Unique [steerable-nafx]                                     
(Backend [wasm-onnx] × PP [js] × Iteration Count2) × Model Unique [steerable-nafx]                                   
(Backend [js-bypass] × PP [js] × Iteration Count3) × Model Unique [steerable-nafx]                                   
(Backend [js-onnx] × PP [js] × Iteration Count3) × Model Unique [steerable-nafx]                                     
(Backend [wasm-onnx] × PP [js] × Iteration Count3) × Model Unique [steerable-nafx]                                   
(Backend [js-bypass] × PP [js] × Iteration Count4) × Model Unique [steerable-nafx]                                   
(Backend [js-onnx] × PP [js] × Iteration Count4) × Model Unique [steerable-nafx]                                     
(Backend [wasm-onnx] × PP [js] × Iteration Count4) × Model Unique [steerable-nafx]                                   
(Backend [js-bypass] × PP [js] × Environment [Firefox]) × Model Unique [steerable-nafx]                              
(Backend [js-onnx] × PP [js] × Environment [Firefox]) × Model Unique [steerable-nafx]                                
(Backend [wasm-onnx] × PP [js] × Environment [Firefox]) × Model Unique [steerable-nafx]                              
(Backend [js-bypass] × PP [js] × Environment [Safari]) × Model Unique [steerable-nafx]                               
(Backend [js-onnx] × PP [js] × Environment [Safari]) × Model Unique [steerable-nafx]                                 
(Backend [wasm-onnx] × PP [js] × Environment [Safari]) × Model Unique [steerable-nafx]                               
(Backend [js-bypass] × Buffer Size [1024] × Iteration Count1) × Environment [Firefox]                                
(Backend [js-onnx] × Buffer Size [1024] × Iteration Count1) × Environment [Firefox]                                  
(Backend [wasm-onnx] × Buffer Size [1024] × Iteration Count1) × Environment [Firefox]                                
(Backend [js-bypass] × Buffer Size [8192] × Iteration Count1) × Environment [Firefox]                                
(Backend [js-onnx] × Buffer Size [8192] × Iteration Count1) × Environment [Firefox]                                  
(Backend [wasm-onnx] × Buffer Size [8192] × Iteration Count1) × Environment [Firefox]                                
(Backend [js-bypass] × Buffer Size [1024] × Iteration Count2) × Environment [Firefox]                                
(Backend [js-onnx] × Buffer Size [1024] × Iteration Count2) × Environment [Firefox]                                  
(Backend [wasm-onnx] × Buffer Size [1024] × Iteration Count2) × Environment [Firefox]                                
(Backend [js-bypass] × Buffer Size [8192] × Iteration Count2) × Environment [Firefox]                                
(Backend [js-onnx] × Buffer Size [8192] × Iteration Count2) × Environment [Firefox]                                  
(Backend [wasm-onnx] × Buffer Size [8192] × Iteration Count2) × Environment [Firefox]                                
(Backend [js-bypass] × Buffer Size [1024] × Iteration Count3) × Environment [Firefox]                                
(Backend [js-onnx] × Buffer Size [1024] × Iteration Count3) × Environment [Firefox]                                  
(Backend [wasm-onnx] × Buffer Size [1024] × Iteration Count3) × Environment [Firefox]                                
(Backend [js-bypass] × Buffer Size [8192] × Iteration Count3) × Environment [Firefox]                                
(Backend [js-onnx] × Buffer Size [8192] × Iteration Count3) × Environment [Firefox]                                  
(Backend [wasm-onnx] × Buffer Size [8192] × Iteration Count3) × Environment [Firefox]                                
(Backend [js-bypass] × Buffer Size [1024] × Iteration Count4) × Environment [Firefox]                                
(Backend [js-onnx] × Buffer Size [1024] × Iteration Count4) × Environment [Firefox]                                  
(Backend [wasm-onnx] × Buffer Size [1024] × Iteration Count4) × Environment [Firefox]                                
(Backend [js-bypass] × Buffer Size [8192] × Iteration Count4) × Environment [Firefox]                                
(Backend [js-onnx] × Buffer Size [8192] × Iteration Count4) × Environment [Firefox]                                  
(Backend [wasm-onnx] × Buffer Size [8192] × Iteration Count4) × Environment [Firefox]                                
(Backend [js-bypass] × Buffer Size [1024] × Iteration Count1) × Environment [Safari]                                 
(Backend [js-onnx] × Buffer Size [1024] × Iteration Count1) × Environment [Safari]                                   
(Backend [wasm-onnx] × Buffer Size [1024] × Iteration Count1) × Environment [Safari]                                 
(Backend [js-bypass] × Buffer Size [8192] × Iteration Count1) × Environment [Safari]                                 
(Backend [js-onnx] × Buffer Size [8192] × Iteration Count1) × Environment [Safari]                                   
(Backend [wasm-onnx] × Buffer Size [8192] × Iteration Count1) × Environment [Safari]                                 
(Backend [js-bypass] × Buffer Size [1024] × Iteration Count2) × Environment [Safari]                                 
(Backend [js-onnx] × Buffer Size [1024] × Iteration Count2) × Environment [Safari]                                   
(Backend [wasm-onnx] × Buffer Size [1024] × Iteration Count2) × Environment [Safari]                                 
(Backend [js-bypass] × Buffer Size [8192] × Iteration Count2) × Environment [Safari]                                 
(Backend [js-onnx] × Buffer Size [8192] × Iteration Count2) × Environment [Safari]                                   
(Backend [wasm-onnx] × Buffer Size [8192] × Iteration Count2) × Environment [Safari]                                 
(Backend [js-bypass] × Buffer Size [1024] × Iteration Count3) × Environment [Safari]                                 
(Backend [js-onnx] × Buffer Size [1024] × Iteration Count3) × Environment [Safari]                                   
(Backend [wasm-onnx] × Buffer Size [1024] × Iteration Count3) × Environment [Safari]                                 
(Backend [js-bypass] × Buffer Size [8192] × Iteration Count3) × Environment [Safari]                                 
(Backend [js-onnx] × Buffer Size [8192] × Iteration Count3) × Environment [Safari]                                   
(Backend [wasm-onnx] × Buffer Size [8192] × Iteration Count3) × Environment [Safari]                                 
(Backend [js-bypass] × Buffer Size [1024] × Iteration Count4) × Environment [Safari]                                 
(Backend [js-onnx] × Buffer Size [1024] × Iteration Count4) × Environment [Safari]                                   
(Backend [wasm-onnx] × Buffer Size [1024] × Iteration Count4) × Environment [Safari]                                 
(Backend [js-bypass] × Buffer Size [8192] × Iteration Count4) × Environment [Safari]                                 
(Backend [js-onnx] × Buffer Size [8192] × Iteration Count4) × Environment [Safari]                                   
(Backend [wasm-onnx] × Buffer Size [8192] × Iteration Count4) × Environment [Safari]                                 
(Backend [js-bypass] × Buffer Size [1024] × Iteration Count1) × Model Unique [steerable-nafx]                        
(Backend [js-onnx] × Buffer Size [1024] × Iteration Count1) × Model Unique [steerable-nafx]                          
(Backend [wasm-onnx] × Buffer Size [1024] × Iteration Count1) × Model Unique [steerable-nafx]                        
(Backend [js-bypass] × Buffer Size [8192] × Iteration Count1) × Model Unique [steerable-nafx]                        
(Backend [js-onnx] × Buffer Size [8192] × Iteration Count1) × Model Unique [steerable-nafx]                          
(Backend [wasm-onnx] × Buffer Size [8192] × Iteration Count1) × Model Unique [steerable-nafx]                        
(Backend [js-bypass] × Buffer Size [1024] × Iteration Count2) × Model Unique [steerable-nafx]                        
(Backend [js-onnx] × Buffer Size [1024] × Iteration Count2) × Model Unique [steerable-nafx]                          
(Backend [wasm-onnx] × Buffer Size [1024] × Iteration Count2) × Model Unique [steerable-nafx]                        
(Backend [js-bypass] × Buffer Size [8192] × Iteration Count2) × Model Unique [steerable-nafx]                        
(Backend [js-onnx] × Buffer Size [8192] × Iteration Count2) × Model Unique [steerable-nafx]                          
(Backend [wasm-onnx] × Buffer Size [8192] × Iteration Count2) × Model Unique [steerable-nafx]                        
(Backend [js-bypass] × Buffer Size [1024] × Iteration Count3) × Model Unique [steerable-nafx]                        
(Backend [js-onnx] × Buffer Size [1024] × Iteration Count3) × Model Unique [steerable-nafx]                          
(Backend [wasm-onnx] × Buffer Size [1024] × Iteration Count3) × Model Unique [steerable-nafx]                        
(Backend [js-bypass] × Buffer Size [8192] × Iteration Count3) × Model Unique [steerable-nafx]                        
(Backend [js-onnx] × Buffer Size [8192] × Iteration Count3) × Model Unique [steerable-nafx]                          
(Backend [wasm-onnx] × Buffer Size [8192] × Iteration Count3) × Model Unique [steerable-nafx]                        
(Backend [js-bypass] × Buffer Size [1024] × Iteration Count4) × Model Unique [steerable-nafx]                        
(Backend [js-onnx] × Buffer Size [1024] × Iteration Count4) × Model Unique [steerable-nafx]                          
(Backend [wasm-onnx] × Buffer Size [1024] × Iteration Count4) × Model Unique [steerable-nafx]                        
(Backend [js-bypass] × Buffer Size [8192] × Iteration Count4) × Model Unique [steerable-nafx]                        
(Backend [js-onnx] × Buffer Size [8192] × Iteration Count4) × Model Unique [steerable-nafx]                          
(Backend [wasm-onnx] × Buffer Size [8192] × Iteration Count4) × Model Unique [steerable-nafx]                        
(Backend [js-bypass] × Buffer Size [1024] × Environment [Firefox]) × Model Unique [steerable-nafx]                   
(Backend [js-onnx] × Buffer Size [1024] × Environment [Firefox]) × Model Unique [steerable-nafx]                     
(Backend [wasm-onnx] × Buffer Size [1024] × Environment [Firefox]) × Model Unique [steerable-nafx]                   
(Backend [js-bypass] × Buffer Size [8192] × Environment [Firefox]) × Model Unique [steerable-nafx]                   
(Backend [js-onnx] × Buffer Size [8192] × Environment [Firefox]) × Model Unique [steerable-nafx]                     
(Backend [wasm-onnx] × Buffer Size [8192] × Environment [Firefox]) × Model Unique [steerable-nafx]                   
(Backend [js-bypass] × Buffer Size [1024] × Environment [Safari]) × Model Unique [steerable-nafx]                    
(Backend [js-onnx] × Buffer Size [1024] × Environment [Safari]) × Model Unique [steerable-nafx]                      
(Backend [wasm-onnx] × Buffer Size [1024] × Environment [Safari]) × Model Unique [steerable-nafx]                    
(Backend [js-bypass] × Buffer Size [8192] × Environment [Safari]) × Model Unique [steerable-nafx]                    
(Backend [js-onnx] × Buffer Size [8192] × Environment [Safari]) × Model Unique [steerable-nafx]                      
(Backend [wasm-onnx] × Buffer Size [8192] × Environment [Safari]) × Model Unique [steerable-nafx]                    
(Backend [js-bypass] × Iteration Count1 × Environment [Firefox]) × Model Unique [steerable-nafx]                     
(Backend [js-onnx] × Iteration Count1 × Environment [Firefox]) × Model Unique [steerable-nafx]                       
(Backend [wasm-onnx] × Iteration Count1 × Environment [Firefox]) × Model Unique [steerable-nafx]                     
(Backend [js-bypass] × Iteration Count2 × Environment [Firefox]) × Model Unique [steerable-nafx]                     
(Backend [js-onnx] × Iteration Count2 × Environment [Firefox]) × Model Unique [steerable-nafx]                       
(Backend [wasm-onnx] × Iteration Count2 × Environment [Firefox]) × Model Unique [steerable-nafx]                     
(Backend [js-bypass] × Iteration Count3 × Environment [Firefox]) × Model Unique [steerable-nafx]                     
(Backend [js-onnx] × Iteration Count3 × Environment [Firefox]) × Model Unique [steerable-nafx]                       
(Backend [wasm-onnx] × Iteration Count3 × Environment [Firefox]) × Model Unique [steerable-nafx]                     
(Backend [js-bypass] × Iteration Count4 × Environment [Firefox]) × Model Unique [steerable-nafx]                     
(Backend [js-onnx] × Iteration Count4 × Environment [Firefox]) × Model Unique [steerable-nafx]                       
(Backend [wasm-onnx] × Iteration Count4 × Environment [Firefox]) × Model Unique [steerable-nafx]                     
(Backend [js-bypass] × Iteration Count1 × Environment [Safari]) × Model Unique [steerable-nafx]                      
(Backend [js-onnx] × Iteration Count1 × Environment [Safari]) × Model Unique [steerable-nafx]                        
(Backend [wasm-onnx] × Iteration Count1 × Environment [Safari]) × Model Unique [steerable-nafx]                      
(Backend [js-bypass] × Iteration Count2 × Environment [Safari]) × Model Unique [steerable-nafx]                      
(Backend [js-onnx] × Iteration Count2 × Environment [Safari]) × Model Unique [steerable-nafx]                        
(Backend [wasm-onnx] × Iteration Count2 × Environment [Safari]) × Model Unique [steerable-nafx]                      
(Backend [js-bypass] × Iteration Count3 × Environment [Safari]) × Model Unique [steerable-nafx]                      
(Backend [js-onnx] × Iteration Count3 × Environment [Safari]) × Model Unique [steerable-nafx]                        
(Backend [wasm-onnx] × Iteration Count3 × Environment [Safari]) × Model Unique [steerable-nafx]                      
(Backend [js-bypass] × Iteration Count4 × Environment [Safari]) × Model Unique [steerable-nafx]                      
(Backend [js-onnx] × Iteration Count4 × Environment [Safari]) × Model Unique [steerable-nafx]                        
(Backend [wasm-onnx] × Iteration Count4 × Environment [Safari]) × Model Unique [steerable-nafx]                      
(PP [js] × Buffer Size [1024] × Iteration Count1) × Environment [Firefox]                                            
(PP [js] × Buffer Size [8192] × Iteration Count1) × Environment [Firefox]                                            
(PP [js] × Buffer Size [1024] × Iteration Count2) × Environment [Firefox]                                            
(PP [js] × Buffer Size [8192] × Iteration Count2) × Environment [Firefox]                                            
(PP [js] × Buffer Size [1024] × Iteration Count3) × Environment [Firefox]                                            
(PP [js] × Buffer Size [8192] × Iteration Count3) × Environment [Firefox]                                            
(PP [js] × Buffer Size [1024] × Iteration Count4) × Environment [Firefox]                                            
(PP [js] × Buffer Size [8192] × Iteration Count4) × Environment [Firefox]                                            
(PP [js] × Buffer Size [1024] × Iteration Count1) × Environment [Safari]                                             
(PP [js] × Buffer Size [8192] × Iteration Count1) × Environment [Safari]                                             
(PP [js] × Buffer Size [1024] × Iteration Count2) × Environment [Safari]                                             
(PP [js] × Buffer Size [8192] × Iteration Count2) × Environment [Safari]                                             
(PP [js] × Buffer Size [1024] × Iteration Count3) × Environment [Safari]                                             
(PP [js] × Buffer Size [8192] × Iteration Count3) × Environment [Safari]                                             
(PP [js] × Buffer Size [1024] × Iteration Count4) × Environment [Safari]                                             
(PP [js] × Buffer Size [8192] × Iteration Count4) × Environment [Safari]                                             
(PP [js] × Buffer Size [1024] × Iteration Count1) × Model Unique [steerable-nafx]                                    
(PP [js] × Buffer Size [8192] × Iteration Count1) × Model Unique [steerable-nafx]                                    
(PP [js] × Buffer Size [1024] × Iteration Count2) × Model Unique [steerable-nafx]                                    
(PP [js] × Buffer Size [8192] × Iteration Count2) × Model Unique [steerable-nafx]                                    
(PP [js] × Buffer Size [1024] × Iteration Count3) × Model Unique [steerable-nafx]                                    
(PP [js] × Buffer Size [8192] × Iteration Count3) × Model Unique [steerable-nafx]                                    
(PP [js] × Buffer Size [1024] × Iteration Count4) × Model Unique [steerable-nafx]                                    
(PP [js] × Buffer Size [8192] × Iteration Count4) × Model Unique [steerable-nafx]                                    
(PP [js] × Buffer Size [1024] × Environment [Firefox]) × Model Unique [steerable-nafx]                               
(PP [js] × Buffer Size [8192] × Environment [Firefox]) × Model Unique [steerable-nafx]                               
(PP [js] × Buffer Size [1024] × Environment [Safari]) × Model Unique [steerable-nafx]                                
(PP [js] × Buffer Size [8192] × Environment [Safari]) × Model Unique [steerable-nafx]                                
(PP [js] × Iteration Count1 × Environment [Firefox]) × Model Unique [steerable-nafx]                                 
(PP [js] × Iteration Count2 × Environment [Firefox]) × Model Unique [steerable-nafx]                                 
(PP [js] × Iteration Count3 × Environment [Firefox]) × Model Unique [steerable-nafx]                                 
(PP [js] × Iteration Count4 × Environment [Firefox]) × Model Unique [steerable-nafx]                                 
(PP [js] × Iteration Count1 × Environment [Safari]) × Model Unique [steerable-nafx]                                  
(PP [js] × Iteration Count2 × Environment [Safari]) × Model Unique [steerable-nafx]                                  
(PP [js] × Iteration Count3 × Environment [Safari]) × Model Unique [steerable-nafx]                                  
(PP [js] × Iteration Count4 × Environment [Safari]) × Model Unique [steerable-nafx]                                  
(Buffer Size [1024] × Iteration Count1 × Environment [Firefox]) × Model Unique [steerable-nafx]                      
(Buffer Size [8192] × Iteration Count1 × Environment [Firefox]) × Model Unique [steerable-nafx]                      
(Buffer Size [1024] × Iteration Count2 × Environment [Firefox]) × Model Unique [steerable-nafx]                      
(Buffer Size [8192] × Iteration Count2 × Environment [Firefox]) × Model Unique [steerable-nafx]                      
(Buffer Size [1024] × Iteration Count3 × Environment [Firefox]) × Model Unique [steerable-nafx]                      
(Buffer Size [8192] × Iteration Count3 × Environment [Firefox]) × Model Unique [steerable-nafx]                      
(Buffer Size [1024] × Iteration Count4 × Environment [Firefox]) × Model Unique [steerable-nafx]                      
(Buffer Size [8192] × Iteration Count4 × Environment [Firefox]) × Model Unique [steerable-nafx]                      
(Buffer Size [1024] × Iteration Count1 × Environment [Safari]) × Model Unique [steerable-nafx]                       
(Buffer Size [8192] × Iteration Count1 × Environment [Safari]) × Model Unique [steerable-nafx]                       
(Buffer Size [1024] × Iteration Count2 × Environment [Safari]) × Model Unique [steerable-nafx]                       
(Buffer Size [8192] × Iteration Count2 × Environment [Safari]) × Model Unique [steerable-nafx]                       
(Buffer Size [1024] × Iteration Count3 × Environment [Safari]) × Model Unique [steerable-nafx]                       
(Buffer Size [8192] × Iteration Count3 × Environment [Safari]) × Model Unique [steerable-nafx]                       
(Buffer Size [1024] × Iteration Count4 × Environment [Safari]) × Model Unique [steerable-nafx]                       
(Buffer Size [8192] × Iteration Count4 × Environment [Safari]) × Model Unique [steerable-nafx]                       
(Backend [js-bypass] × PP [js] × Buffer Size [1024] × Iteration Count1) × Environment [Firefox]                      
(Backend [js-onnx] × PP [js] × Buffer Size [1024] × Iteration Count1) × Environment [Firefox]                        
(Backend [wasm-onnx] × PP [js] × Buffer Size [1024] × Iteration Count1) × Environment [Firefox]                      
(Backend [js-bypass] × PP [js] × Buffer Size [8192] × Iteration Count1) × Environment [Firefox]                      
(Backend [js-onnx] × PP [js] × Buffer Size [8192] × Iteration Count1) × Environment [Firefox]                        
(Backend [wasm-onnx] × PP [js] × Buffer Size [8192] × Iteration Count1) × Environment [Firefox]                      
(Backend [js-bypass] × PP [js] × Buffer Size [1024] × Iteration Count2) × Environment [Firefox]                      
(Backend [js-onnx] × PP [js] × Buffer Size [1024] × Iteration Count2) × Environment [Firefox]                        
(Backend [wasm-onnx] × PP [js] × Buffer Size [1024] × Iteration Count2) × Environment [Firefox]                      
(Backend [js-bypass] × PP [js] × Buffer Size [8192] × Iteration Count2) × Environment [Firefox]                      
(Backend [js-onnx] × PP [js] × Buffer Size [8192] × Iteration Count2) × Environment [Firefox]                        
(Backend [wasm-onnx] × PP [js] × Buffer Size [8192] × Iteration Count2) × Environment [Firefox]                      
(Backend [js-bypass] × PP [js] × Buffer Size [1024] × Iteration Count3) × Environment [Firefox]                      
(Backend [js-onnx] × PP [js] × Buffer Size [1024] × Iteration Count3) × Environment [Firefox]                        
(Backend [wasm-onnx] × PP [js] × Buffer Size [1024] × Iteration Count3) × Environment [Firefox]                      
(Backend [js-bypass] × PP [js] × Buffer Size [8192] × Iteration Count3) × Environment [Firefox]                      
(Backend [js-onnx] × PP [js] × Buffer Size [8192] × Iteration Count3) × Environment [Firefox]                        
(Backend [wasm-onnx] × PP [js] × Buffer Size [8192] × Iteration Count3) × Environment [Firefox]                      
(Backend [js-bypass] × PP [js] × Buffer Size [1024] × Iteration Count4) × Environment [Firefox]                      
(Backend [js-onnx] × PP [js] × Buffer Size [1024] × Iteration Count4) × Environment [Firefox]                        
(Backend [wasm-onnx] × PP [js] × Buffer Size [1024] × Iteration Count4) × Environment [Firefox]                      
(Backend [js-bypass] × PP [js] × Buffer Size [8192] × Iteration Count4) × Environment [Firefox]                      
(Backend [js-onnx] × PP [js] × Buffer Size [8192] × Iteration Count4) × Environment [Firefox]                        
(Backend [wasm-onnx] × PP [js] × Buffer Size [8192] × Iteration Count4) × Environment [Firefox]                      
(Backend [js-bypass] × PP [js] × Buffer Size [1024] × Iteration Count1) × Environment [Safari]                       
(Backend [js-onnx] × PP [js] × Buffer Size [1024] × Iteration Count1) × Environment [Safari]                         
(Backend [wasm-onnx] × PP [js] × Buffer Size [1024] × Iteration Count1) × Environment [Safari]                       
(Backend [js-bypass] × PP [js] × Buffer Size [8192] × Iteration Count1) × Environment [Safari]                       
(Backend [js-onnx] × PP [js] × Buffer Size [8192] × Iteration Count1) × Environment [Safari]                         
(Backend [wasm-onnx] × PP [js] × Buffer Size [8192] × Iteration Count1) × Environment [Safari]                       
(Backend [js-bypass] × PP [js] × Buffer Size [1024] × Iteration Count2) × Environment [Safari]                       
(Backend [js-onnx] × PP [js] × Buffer Size [1024] × Iteration Count2) × Environment [Safari]                         
(Backend [wasm-onnx] × PP [js] × Buffer Size [1024] × Iteration Count2) × Environment [Safari]                       
(Backend [js-bypass] × PP [js] × Buffer Size [8192] × Iteration Count2) × Environment [Safari]                       
(Backend [js-onnx] × PP [js] × Buffer Size [8192] × Iteration Count2) × Environment [Safari]                         
(Backend [wasm-onnx] × PP [js] × Buffer Size [8192] × Iteration Count2) × Environment [Safari]                       
(Backend [js-bypass] × PP [js] × Buffer Size [1024] × Iteration Count3) × Environment [Safari]                       
(Backend [js-onnx] × PP [js] × Buffer Size [1024] × Iteration Count3) × Environment [Safari]                         
(Backend [wasm-onnx] × PP [js] × Buffer Size [1024] × Iteration Count3) × Environment [Safari]                       
(Backend [js-bypass] × PP [js] × Buffer Size [8192] × Iteration Count3) × Environment [Safari]                       
(Backend [js-onnx] × PP [js] × Buffer Size [8192] × Iteration Count3) × Environment [Safari]                         
(Backend [wasm-onnx] × PP [js] × Buffer Size [8192] × Iteration Count3) × Environment [Safari]                       
(Backend [js-bypass] × PP [js] × Buffer Size [1024] × Iteration Count4) × Environment [Safari]                       
(Backend [js-onnx] × PP [js] × Buffer Size [1024] × Iteration Count4) × Environment [Safari]                         
(Backend [wasm-onnx] × PP [js] × Buffer Size [1024] × Iteration Count4) × Environment [Safari]                       
(Backend [js-bypass] × PP [js] × Buffer Size [8192] × Iteration Count4) × Environment [Safari]                       
(Backend [js-onnx] × PP [js] × Buffer Size [8192] × Iteration Count4) × Environment [Safari]                         
(Backend [wasm-onnx] × PP [js] × Buffer Size [8192] × Iteration Count4) × Environment [Safari]                       
(Backend [js-bypass] × PP [js] × Buffer Size [1024] × Iteration Count1) × Model Unique [steerable-nafx]              
(Backend [js-onnx] × PP [js] × Buffer Size [1024] × Iteration Count1) × Model Unique [steerable-nafx]                
(Backend [wasm-onnx] × PP [js] × Buffer Size [1024] × Iteration Count1) × Model Unique [steerable-nafx]              
(Backend [js-bypass] × PP [js] × Buffer Size [8192] × Iteration Count1) × Model Unique [steerable-nafx]              
(Backend [js-onnx] × PP [js] × Buffer Size [8192] × Iteration Count1) × Model Unique [steerable-nafx]                
(Backend [wasm-onnx] × PP [js] × Buffer Size [8192] × Iteration Count1) × Model Unique [steerable-nafx]              
(Backend [js-bypass] × PP [js] × Buffer Size [1024] × Iteration Count2) × Model Unique [steerable-nafx]              
(Backend [js-onnx] × PP [js] × Buffer Size [1024] × Iteration Count2) × Model Unique [steerable-nafx]                
(Backend [wasm-onnx] × PP [js] × Buffer Size [1024] × Iteration Count2) × Model Unique [steerable-nafx]              
(Backend [js-bypass] × PP [js] × Buffer Size [8192] × Iteration Count2) × Model Unique [steerable-nafx]              
(Backend [js-onnx] × PP [js] × Buffer Size [8192] × Iteration Count2) × Model Unique [steerable-nafx]                
(Backend [wasm-onnx] × PP [js] × Buffer Size [8192] × Iteration Count2) × Model Unique [steerable-nafx]              
(Backend [js-bypass] × PP [js] × Buffer Size [1024] × Iteration Count3) × Model Unique [steerable-nafx]              
(Backend [js-onnx] × PP [js] × Buffer Size [1024] × Iteration Count3) × Model Unique [steerable-nafx]                
(Backend [wasm-onnx] × PP [js] × Buffer Size [1024] × Iteration Count3) × Model Unique [steerable-nafx]              
(Backend [js-bypass] × PP [js] × Buffer Size [8192] × Iteration Count3) × Model Unique [steerable-nafx]              
(Backend [js-onnx] × PP [js] × Buffer Size [8192] × Iteration Count3) × Model Unique [steerable-nafx]                
(Backend [wasm-onnx] × PP [js] × Buffer Size [8192] × Iteration Count3) × Model Unique [steerable-nafx]              
(Backend [js-bypass] × PP [js] × Buffer Size [1024] × Iteration Count4) × Model Unique [steerable-nafx]              
(Backend [js-onnx] × PP [js] × Buffer Size [1024] × Iteration Count4) × Model Unique [steerable-nafx]                
(Backend [wasm-onnx] × PP [js] × Buffer Size [1024] × Iteration Count4) × Model Unique [steerable-nafx]              
(Backend [js-bypass] × PP [js] × Buffer Size [8192] × Iteration Count4) × Model Unique [steerable-nafx]              
(Backend [js-onnx] × PP [js] × Buffer Size [8192] × Iteration Count4) × Model Unique [steerable-nafx]                
(Backend [wasm-onnx] × PP [js] × Buffer Size [8192] × Iteration Count4) × Model Unique [steerable-nafx]              
(Backend [js-bypass] × PP [js] × Buffer Size [1024] × Environment [Firefox]) × Model Unique [steerable-nafx]         
(Backend [js-onnx] × PP [js] × Buffer Size [1024] × Environment [Firefox]) × Model Unique [steerable-nafx]           
(Backend [wasm-onnx] × PP [js] × Buffer Size [1024] × Environment [Firefox]) × Model Unique [steerable-nafx]         
(Backend [js-bypass] × PP [js] × Buffer Size [8192] × Environment [Firefox]) × Model Unique [steerable-nafx]         
(Backend [js-onnx] × PP [js] × Buffer Size [8192] × Environment [Firefox]) × Model Unique [steerable-nafx]           
(Backend [wasm-onnx] × PP [js] × Buffer Size [8192] × Environment [Firefox]) × Model Unique [steerable-nafx]         
(Backend [js-bypass] × PP [js] × Buffer Size [1024] × Environment [Safari]) × Model Unique [steerable-nafx]          
(Backend [js-onnx] × PP [js] × Buffer Size [1024] × Environment [Safari]) × Model Unique [steerable-nafx]            
(Backend [wasm-onnx] × PP [js] × Buffer Size [1024] × Environment [Safari]) × Model Unique [steerable-nafx]          
(Backend [js-bypass] × PP [js] × Buffer Size [8192] × Environment [Safari]) × Model Unique [steerable-nafx]          
(Backend [js-onnx] × PP [js] × Buffer Size [8192] × Environment [Safari]) × Model Unique [steerable-nafx]            
(Backend [wasm-onnx] × PP [js] × Buffer Size [8192] × Environment [Safari]) × Model Unique [steerable-nafx]          
(Backend [js-bypass] × PP [js] × Iteration Count1 × Environment [Firefox]) × Model Unique [steerable-nafx]           
(Backend [js-onnx] × PP [js] × Iteration Count1 × Environment [Firefox]) × Model Unique [steerable-nafx]             
(Backend [wasm-onnx] × PP [js] × Iteration Count1 × Environment [Firefox]) × Model Unique [steerable-nafx]           
(Backend [js-bypass] × PP [js] × Iteration Count2 × Environment [Firefox]) × Model Unique [steerable-nafx]           
(Backend [js-onnx] × PP [js] × Iteration Count2 × Environment [Firefox]) × Model Unique [steerable-nafx]             
(Backend [wasm-onnx] × PP [js] × Iteration Count2 × Environment [Firefox]) × Model Unique [steerable-nafx]           
(Backend [js-bypass] × PP [js] × Iteration Count3 × Environment [Firefox]) × Model Unique [steerable-nafx]           
(Backend [js-onnx] × PP [js] × Iteration Count3 × Environment [Firefox]) × Model Unique [steerable-nafx]             
(Backend [wasm-onnx] × PP [js] × Iteration Count3 × Environment [Firefox]) × Model Unique [steerable-nafx]           
(Backend [js-bypass] × PP [js] × Iteration Count4 × Environment [Firefox]) × Model Unique [steerable-nafx]           
(Backend [js-onnx] × PP [js] × Iteration Count4 × Environment [Firefox]) × Model Unique [steerable-nafx]             
(Backend [wasm-onnx] × PP [js] × Iteration Count4 × Environment [Firefox]) × Model Unique [steerable-nafx]           
(Backend [js-bypass] × PP [js] × Iteration Count1 × Environment [Safari]) × Model Unique [steerable-nafx]            
(Backend [js-onnx] × PP [js] × Iteration Count1 × Environment [Safari]) × Model Unique [steerable-nafx]              
(Backend [wasm-onnx] × PP [js] × Iteration Count1 × Environment [Safari]) × Model Unique [steerable-nafx]            
(Backend [js-bypass] × PP [js] × Iteration Count2 × Environment [Safari]) × Model Unique [steerable-nafx]            
(Backend [js-onnx] × PP [js] × Iteration Count2 × Environment [Safari]) × Model Unique [steerable-nafx]              
(Backend [wasm-onnx] × PP [js] × Iteration Count2 × Environment [Safari]) × Model Unique [steerable-nafx]            
(Backend [js-bypass] × PP [js] × Iteration Count3 × Environment [Safari]) × Model Unique [steerable-nafx]            
(Backend [js-onnx] × PP [js] × Iteration Count3 × Environment [Safari]) × Model Unique [steerable-nafx]              
(Backend [wasm-onnx] × PP [js] × Iteration Count3 × Environment [Safari]) × Model Unique [steerable-nafx]            
(Backend [js-bypass] × PP [js] × Iteration Count4 × Environment [Safari]) × Model Unique [steerable-nafx]            
(Backend [js-onnx] × PP [js] × Iteration Count4 × Environment [Safari]) × Model Unique [steerable-nafx]              
(Backend [wasm-onnx] × PP [js] × Iteration Count4 × Environment [Safari]) × Model Unique [steerable-nafx]            
(Backend [js-bypass] × Buffer Size [1024] × Iteration Count1 × Environment [Firefox]) × Model Unique [steerable-nafx]
(Backend [js-onnx] × Buffer Size [1024] × Iteration Count1 × Environment [Firefox]) × Model Unique [steerable-nafx]  
(Backend [wasm-onnx] × Buffer Size [1024] × Iteration Count1 × Environment [Firefox]) × Model Unique [steerable-nafx]
(Backend [js-bypass] × Buffer Size [8192] × Iteration Count1 × Environment [Firefox]) × Model Unique [steerable-nafx]
(Backend [js-onnx] × Buffer Size [8192] × Iteration Count1 × Environment [Firefox]) × Model Unique [steerable-nafx]  
(Backend [wasm-onnx] × Buffer Size [8192] × Iteration Count1 × Environment [Firefox]) × Model Unique [steerable-nafx]
(Backend [js-bypass] × Buffer Size [1024] × Iteration Count2 × Environment [Firefox]) × Model Unique [steerable-nafx]
(Backend [js-onnx] × Buffer Size [1024] × Iteration Count2 × Environment [Firefox]) × Model Unique [steerable-nafx]  
(Backend [wasm-onnx] × Buffer Size [1024] × Iteration Count2 × Environment [Firefox]) × Model Unique [steerable-nafx]
(Backend [js-bypass] × Buffer Size [8192] × Iteration Count2 × Environment [Firefox]) × Model Unique [steerable-nafx]
(Backend [js-onnx] × Buffer Size [8192] × Iteration Count2 × Environment [Firefox]) × Model Unique [steerable-nafx]  
(Backend [wasm-onnx] × Buffer Size [8192] × Iteration Count2 × Environment [Firefox]) × Model Unique [steerable-nafx]
(Backend [js-bypass] × Buffer Size [1024] × Iteration Count3 × Environment [Firefox]) × Model Unique [steerable-nafx]
(Backend [js-onnx] × Buffer Size [1024] × Iteration Count3 × Environment [Firefox]) × Model Unique [steerable-nafx]  
(Backend [wasm-onnx] × Buffer Size [1024] × Iteration Count3 × Environment [Firefox]) × Model Unique [steerable-nafx]
(Backend [js-bypass] × Buffer Size [8192] × Iteration Count3 × Environment [Firefox]) × Model Unique [steerable-nafx]
(Backend [js-onnx] × Buffer Size [8192] × Iteration Count3 × Environment [Firefox]) × Model Unique [steerable-nafx]  
(Backend [wasm-onnx] × Buffer Size [8192] × Iteration Count3 × Environment [Firefox]) × Model Unique [steerable-nafx]
(Backend [js-bypass] × Buffer Size [1024] × Iteration Count4 × Environment [Firefox]) × Model Unique [steerable-nafx]
(Backend [js-onnx] × Buffer Size [1024] × Iteration Count4 × Environment [Firefox]) × Model Unique [steerable-nafx]  
(Backend [wasm-onnx] × Buffer Size [1024] × Iteration Count4 × Environment [Firefox]) × Model Unique [steerable-nafx]
(Backend [js-bypass] × Buffer Size [8192] × Iteration Count4 × Environment [Firefox]) × Model Unique [steerable-nafx]
(Backend [js-onnx] × Buffer Size [8192] × Iteration Count4 × Environment [Firefox]) × Model Unique [steerable-nafx]  
(Backend [wasm-onnx] × Buffer Size [8192] × Iteration Count4 × Environment [Firefox]) × Model Unique [steerable-nafx]
(Backend [js-bypass] × Buffer Size [1024] × Iteration Count1 × Environment [Safari]) × Model Unique [steerable-nafx] 
(Backend [js-onnx] × Buffer Size [1024] × Iteration Count1 × Environment [Safari]) × Model Unique [steerable-nafx]   
(Backend [wasm-onnx] × Buffer Size [1024] × Iteration Count1 × Environment [Safari]) × Model Unique [steerable-nafx] 
(Backend [js-bypass] × Buffer Size [8192] × Iteration Count1 × Environment [Safari]) × Model Unique [steerable-nafx] 
(Backend [js-onnx] × Buffer Size [8192] × Iteration Count1 × Environment [Safari]) × Model Unique [steerable-nafx]   
(Backend [wasm-onnx] × Buffer Size [8192] × Iteration Count1 × Environment [Safari]) × Model Unique [steerable-nafx] 
(Backend [js-bypass] × Buffer Size [1024] × Iteration Count2 × Environment [Safari]) × Model Unique [steerable-nafx] 
(Backend [js-onnx] × Buffer Size [1024] × Iteration Count2 × Environment [Safari]) × Model Unique [steerable-nafx]   
(Backend [wasm-onnx] × Buffer Size [1024] × Iteration Count2 × Environment [Safari]) × Model Unique [steerable-nafx] 
(Backend [js-bypass] × Buffer Size [8192] × Iteration Count2 × Environment [Safari]) × Model Unique [steerable-nafx] 
(Backend [js-onnx] × Buffer Size [8192] × Iteration Count2 × Environment [Safari]) × Model Unique [steerable-nafx]   
(Backend [wasm-onnx] × Buffer Size [8192] × Iteration Count2 × Environment [Safari]) × Model Unique [steerable-nafx] 
(Backend [js-bypass] × Buffer Size [1024] × Iteration Count3 × Environment [Safari]) × Model Unique [steerable-nafx] 
(Backend [js-onnx] × Buffer Size [1024] × Iteration Count3 × Environment [Safari]) × Model Unique [steerable-nafx]   
(Backend [wasm-onnx] × Buffer Size [1024] × Iteration Count3 × Environment [Safari]) × Model Unique [steerable-nafx] 
(Backend [js-bypass] × Buffer Size [8192] × Iteration Count3 × Environment [Safari]) × Model Unique [steerable-nafx] 
(Backend [js-onnx] × Buffer Size [8192] × Iteration Count3 × Environment [Safari]) × Model Unique [steerable-nafx]   
(Backend [wasm-onnx] × Buffer Size [8192] × Iteration Count3 × Environment [Safari]) × Model Unique [steerable-nafx] 
(Backend [js-bypass] × Buffer Size [1024] × Iteration Count4 × Environment [Safari]) × Model Unique [steerable-nafx] 
(Backend [js-onnx] × Buffer Size [1024] × Iteration Count4 × Environment [Safari]) × Model Unique [steerable-nafx]   
(Backend [wasm-onnx] × Buffer Size [1024] × Iteration Count4 × Environment [Safari]) × Model Unique [steerable-nafx] 
(Backend [js-bypass] × Buffer Size [8192] × Iteration Count4 × Environment [Safari]) × Model Unique [steerable-nafx] 
(Backend [js-onnx] × Buffer Size [8192] × Iteration Count4 × Environment [Safari]) × Model Unique [steerable-nafx]   
(Backend [wasm-onnx] × Buffer Size [8192] × Iteration Count4 × Environment [Safari]) × Model Unique [steerable-nafx] 
(PP [js] × Buffer Size [1024] × Iteration Count1 × Environment [Firefox]) × Model Unique [steerable-nafx]            
(PP [js] × Buffer Size [8192] × Iteration Count1 × Environment [Firefox]) × Model Unique [steerable-nafx]            
(PP [js] × Buffer Size [1024] × Iteration Count2 × Environment [Firefox]) × Model Unique [steerable-nafx]            
(PP [js] × Buffer Size [8192] × Iteration Count2 × Environment [Firefox]) × Model Unique [steerable-nafx]            
(PP [js] × Buffer Size [1024] × Iteration Count3 × Environment [Firefox]) × Model Unique [steerable-nafx]            
(PP [js] × Buffer Size [8192] × Iteration Count3 × Environment [Firefox]) × Model Unique [steerable-nafx]            
(PP [js] × Buffer Size [1024] × Iteration Count4 × Environment [Firefox]) × Model Unique [steerable-nafx]            
(PP [js] × Buffer Size [8192] × Iteration Count4 × Environment [Firefox]) × Model Unique [steerable-nafx]            
(PP [js] × Buffer Size [1024] × Iteration Count1 × Environment [Safari]) × Model Unique [steerable-nafx]             
(PP [js] × Buffer Size [8192] × Iteration Count1 × Environment [Safari]) × Model Unique [steerable-nafx]             
(PP [js] × Buffer Size [1024] × Iteration Count2 × Environment [Safari]) × Model Unique [steerable-nafx]             
(PP [js] × Buffer Size [8192] × Iteration Count2 × Environment [Safari]) × Model Unique [steerable-nafx]             
(PP [js] × Buffer Size [1024] × Iteration Count3 × Environment [Safari]) × Model Unique [steerable-nafx]             
(PP [js] × Buffer Size [8192] × Iteration Count3 × Environment [Safari]) × Model Unique [steerable-nafx]             
(PP [js] × Buffer Size [1024] × Iteration Count4 × Environment [Safari]) × Model Unique [steerable-nafx]             
(PP [js] × Buffer Size [8192] × Iteration Count4 × Environment [Safari]) × Model Unique [steerable-nafx]             

Coefficient |   SE |         95% CI |   t(6526) |      p
--------------------------------------------------------
      -6.66 | 0.02 | [-6.70, -6.61] |   -306.62 | < .001
       0.05 | 0.03 | [-0.01,  0.11] |      1.49 | 0.135 
       2.34 | 0.03 | [ 2.28,  2.40] |     76.26 | < .001
       2.32 | 0.03 | [ 2.26,  2.38] |     75.55 | < .001
       0.05 | 0.03 | [-0.01,  0.11] |      1.64 | 0.101 
      -0.26 | 0.03 | [-0.32, -0.20] |     -8.35 | < .001
      -0.30 | 0.03 | [-0.36, -0.24] |     -9.80 | < .001
       0.48 | 0.04 | [ 0.41,  0.55] |     13.40 | < .001
      -0.11 | 0.04 | [-0.18, -0.04] |     -3.08 | 0.002 
      -0.12 | 0.04 | [-0.19, -0.05] |     -3.31 | < .001
      -0.13 | 0.04 | [-0.20, -0.06] |     -3.65 | < .001
      -0.14 | 0.03 | [-0.20, -0.08] |     -4.64 | < .001
       0.11 | 0.03 | [ 0.05,  0.17] |      3.55 | < .001
      -0.26 | 0.03 | [-0.32, -0.20] |     -8.60 | < .001
      -0.01 | 0.04 | [-0.10,  0.07] |     -0.26 | 0.794 
      -0.05 | 0.04 | [-0.14,  0.03] |     -1.22 | 0.222 
      -0.07 | 0.04 | [-0.16,  0.01] |     -1.71 | 0.088 
      -0.04 | 0.04 | [-0.12,  0.05] |     -0.81 | 0.417 
       0.16 | 0.04 | [ 0.07,  0.24] |      3.58 | < .001
       0.14 | 0.04 | [ 0.05,  0.23] |      3.23 | 0.001 
      -0.04 | 0.04 | [-0.13,  0.04] |     -0.93 | 0.352 
       0.18 | 0.04 | [ 0.09,  0.26] |      4.04 | < .001
       0.18 | 0.04 | [ 0.10,  0.27] |      4.15 | < .001
      -0.04 | 0.05 | [-0.14,  0.06] |     -0.79 | 0.428 
      -0.15 | 0.05 | [-0.25, -0.06] |     -3.10 | 0.002 
      -0.32 | 0.05 | [-0.42, -0.22] |     -6.45 | < .001
  -5.56e-04 | 0.05 | [-0.10,  0.10] |     -0.01 | 0.991 
       0.02 | 0.05 | [-0.07,  0.12] |      0.46 | 0.647 
       0.05 | 0.05 | [-0.04,  0.15] |      1.08 | 0.278 
       0.03 | 0.05 | [-0.06,  0.13] |      0.70 | 0.484 
       0.03 | 0.05 | [-0.07,  0.13] |      0.63 | 0.530 
       0.05 | 0.05 | [-0.05,  0.15] |      1.05 | 0.293 
       0.02 | 0.05 | [-0.08,  0.12] |      0.37 | 0.710 
       0.06 | 0.05 | [-0.04,  0.16] |      1.17 | 0.240 
       0.09 | 0.05 | [ 0.00,  0.19] |      1.87 | 0.062 
   7.43e-03 | 0.04 | [-0.08,  0.09] |      0.17 | 0.864 
      -0.52 | 0.04 | [-0.60, -0.43] |    -11.91 | < .001
      -0.38 | 0.04 | [-0.46, -0.29] |     -8.64 | < .001
  -2.45e-03 | 0.04 | [-0.09,  0.08] |     -0.06 | 0.955 
      -0.58 | 0.04 | [-0.66, -0.49] |    -13.26 | < .001
      -0.61 | 0.04 | [-0.70, -0.53] |    -14.14 | < .001
      -0.02 | 0.04 | [-0.10,  0.07] |     -0.46 | 0.649 
       3.32 | 0.04 | [ 3.23,  3.40] |     76.39 | < .001
       3.33 | 0.04 | [ 3.24,  3.41] |     76.63 | < .001
      -0.04 | 0.04 | [-0.13,  0.04] |     -0.95 | 0.344 
      -0.03 | 0.04 | [-0.12,  0.05] |     -0.77 | 0.443 
      -0.12 | 0.05 | [-0.21, -0.02] |     -2.44 | 0.015 
       0.01 | 0.05 | [-0.08,  0.11] |      0.26 | 0.798 
  -9.13e-03 | 0.05 | [-0.10,  0.09] |     -0.19 | 0.850 
       0.04 | 0.05 | [-0.06,  0.13] |      0.80 | 0.421 
      -0.02 | 0.04 | [-0.10,  0.07] |     -0.43 | 0.667 
      -0.04 | 0.04 | [-0.13,  0.04] |     -0.94 | 0.349 
      -0.06 | 0.04 | [-0.14,  0.03] |     -1.28 | 0.201 
      -0.43 | 0.05 | [-0.52, -0.33] |     -8.65 | < .001
      -0.47 | 0.05 | [-0.57, -0.38] |     -9.61 | < .001
       0.10 | 0.05 | [ 0.00,  0.19] |      1.99 | 0.046 
       0.10 | 0.05 | [ 0.01,  0.20] |      2.09 | 0.036 
       0.12 | 0.05 | [ 0.02,  0.21] |      2.35 | 0.019 
       0.11 | 0.05 | [ 0.01,  0.21] |      2.24 | 0.025 
       0.11 | 0.05 | [ 0.02,  0.21] |      2.28 | 0.022 
       0.13 | 0.05 | [ 0.04,  0.23] |      2.73 | 0.006 
      -0.22 | 0.04 | [-0.30, -0.13] |     -4.97 | < .001
      -0.28 | 0.04 | [-0.37, -0.20] |     -6.52 | < .001
      -0.49 | 0.04 | [-0.58, -0.41] |    -11.35 | < .001
      -0.70 | 0.04 | [-0.78, -0.61] |    -16.10 | < .001
      -1.80 | 0.04 | [-1.88, -1.71] |    -41.40 | < .001
      -2.91 | 0.04 | [-3.00, -2.83] |    -67.10 | < .001
       0.02 | 0.05 | [-0.08,  0.11] |      0.37 | 0.711 
      -0.04 | 0.05 | [-0.13,  0.06] |     -0.75 | 0.451 
   4.63e-03 | 0.05 | [-0.09,  0.10] |      0.09 | 0.925 
       0.01 | 0.05 | [-0.08,  0.11] |      0.25 | 0.801 
       0.66 | 0.05 | [ 0.56,  0.76] |     13.41 | < .001
      -0.18 | 0.05 | [-0.28, -0.08] |     -3.63 | < .001
      -0.16 | 0.05 | [-0.26, -0.07] |     -3.33 | < .001
      -0.14 | 0.05 | [-0.24, -0.05] |     -2.92 | 0.004 
       0.26 | 0.05 | [ 0.17,  0.35] |      5.42 | < .001
      -0.03 | 0.05 | [-0.12,  0.07] |     -0.58 | 0.561 
      -0.10 | 0.05 | [-0.20, -0.01] |     -2.11 | 0.035 
      -0.07 | 0.05 | [-0.16,  0.02] |     -1.47 | 0.142 
       0.17 | 0.04 | [ 0.09,  0.26] |      3.92 | < .001
       0.04 | 0.04 | [-0.04,  0.13] |      0.99 | 0.321 
       0.01 | 0.06 | [-0.11,  0.13] |      0.19 | 0.852 
       0.04 | 0.06 | [-0.08,  0.16] |      0.72 | 0.470 
       0.08 | 0.06 | [-0.05,  0.20] |      1.23 | 0.220 
   2.38e-03 | 0.06 | [-0.12,  0.12] |      0.04 | 0.969 
       0.04 | 0.06 | [-0.08,  0.16] |      0.62 | 0.538 
       0.06 | 0.06 | [-0.06,  0.18] |      1.02 | 0.307 
       0.09 | 0.07 | [-0.04,  0.22] |      1.39 | 0.163 
       0.11 | 0.07 | [-0.01,  0.24] |      1.75 | 0.081 
       0.05 | 0.07 | [-0.07,  0.18] |      0.83 | 0.409 
       0.01 | 0.07 | [-0.11,  0.14] |      0.23 | 0.822 
      -0.01 | 0.07 | [-0.14,  0.12] |     -0.21 | 0.836 
       0.01 | 0.07 | [-0.12,  0.14] |      0.16 | 0.870 
  -7.81e-03 | 0.07 | [-0.14,  0.12] |     -0.12 | 0.905 
       0.01 | 0.07 | [-0.12,  0.14] |      0.17 | 0.867 
       0.03 | 0.07 | [-0.10,  0.16] |      0.47 | 0.640 
      -0.03 | 0.07 | [-0.16,  0.10] |     -0.50 | 0.619 
      -0.04 | 0.07 | [-0.17,  0.08] |     -0.67 | 0.503 
      -0.03 | 0.07 | [-0.16,  0.10] |     -0.45 | 0.656 
       0.09 | 0.06 | [-0.03,  0.21] |      1.47 | 0.141 
       0.02 | 0.06 | [-0.10,  0.14] |      0.34 | 0.736 
       0.05 | 0.06 | [-0.07,  0.17] |      0.80 | 0.422 
       0.06 | 0.06 | [-0.06,  0.18] |      1.01 | 0.314 
       0.02 | 0.06 | [-0.10,  0.14] |      0.33 | 0.744 
       0.09 | 0.06 | [-0.03,  0.21] |      1.40 | 0.163 
       0.02 | 0.06 | [-0.10,  0.14] |      0.37 | 0.708 
       0.06 | 0.06 | [-0.06,  0.18] |      1.02 | 0.309 
       0.08 | 0.06 | [-0.04,  0.20] |      1.26 | 0.209 
       0.07 | 0.07 | [-0.06,  0.20] |      1.02 | 0.306 
       0.24 | 0.07 | [ 0.11,  0.38] |      3.57 | < .001
       0.32 | 0.07 | [ 0.18,  0.45] |      4.65 | < .001
       0.04 | 0.07 | [-0.09,  0.17] |      0.58 | 0.562 
       0.19 | 0.07 | [ 0.05,  0.32] |      2.74 | 0.006 
       0.34 | 0.07 | [ 0.21,  0.48] |      5.04 | < .001
      -0.01 | 0.07 | [-0.15,  0.12] |     -0.21 | 0.834 
      -0.04 | 0.07 | [-0.18,  0.09] |     -0.62 | 0.533 
      -0.05 | 0.07 | [-0.19,  0.08] |     -0.78 | 0.434 
   6.23e-03 | 0.07 | [-0.13,  0.14] |      0.09 | 0.927 
      -0.03 | 0.07 | [-0.16,  0.10] |     -0.45 | 0.656 
      -0.06 | 0.07 | [-0.19,  0.08] |     -0.82 | 0.413 
      -0.04 | 0.07 | [-0.17,  0.09] |     -0.58 | 0.561 
      -0.07 | 0.07 | [-0.20,  0.07] |     -0.97 | 0.332 
      -0.06 | 0.07 | [-0.20,  0.07] |     -0.91 | 0.365 
      -0.02 | 0.07 | [-0.16,  0.11] |     -0.35 | 0.725 
      -0.03 | 0.07 | [-0.16,  0.10] |     -0.45 | 0.652 
      -0.05 | 0.07 | [-0.19,  0.08] |     -0.77 | 0.440 
      -0.02 | 0.07 | [-0.15,  0.11] |     -0.27 | 0.784 
      -0.08 | 0.07 | [-0.21,  0.05] |     -1.16 | 0.248 
      -0.09 | 0.07 | [-0.22,  0.04] |     -1.34 | 0.182 
      -0.03 | 0.07 | [-0.16,  0.11] |     -0.42 | 0.678 
      -0.07 | 0.07 | [-0.21,  0.06] |     -1.07 | 0.286 
      -0.11 | 0.07 | [-0.24,  0.03] |     -1.56 | 0.120 
      -0.05 | 0.06 | [-0.17,  0.07] |     -0.81 | 0.418 
       0.15 | 0.06 | [ 0.03,  0.27] |      2.43 | 0.015 
       0.10 | 0.06 | [-0.02,  0.22] |      1.67 | 0.095 
      -0.02 | 0.06 | [-0.14,  0.10] |     -0.29 | 0.775 
       0.22 | 0.06 | [ 0.10,  0.34] |      3.63 | < .001
       0.16 | 0.06 | [ 0.04,  0.28] |      2.59 | 0.010 
      -0.08 | 0.06 | [-0.20,  0.04] |     -1.24 | 0.216 
       0.31 | 0.06 | [ 0.19,  0.43] |      4.98 | < .001
       0.29 | 0.06 | [ 0.17,  0.41] |      4.65 | < .001
   8.37e-03 | 0.06 | [-0.11,  0.13] |      0.14 | 0.892 
       0.46 | 0.06 | [ 0.34,  0.58] |      7.56 | < .001
       0.44 | 0.06 | [ 0.32,  0.56] |      7.15 | < .001
       0.08 | 0.06 | [-0.04,  0.20] |      1.25 | 0.212 
      -0.11 | 0.06 | [-0.23,  0.01] |     -1.84 | 0.066 
      -0.10 | 0.06 | [-0.22,  0.02] |     -1.60 | 0.110 
       0.04 | 0.06 | [-0.08,  0.16] |      0.71 | 0.480 
      -0.61 | 0.06 | [-0.73, -0.49] |     -9.99 | < .001
      -0.61 | 0.06 | [-0.73, -0.49] |     -9.94 | < .001
       0.04 | 0.07 | [-0.09,  0.17] |      0.60 | 0.547 
      -0.08 | 0.07 | [-0.21,  0.05] |     -1.17 | 0.243 
       0.01 | 0.07 | [-0.12,  0.14] |      0.16 | 0.874 
       0.08 | 0.07 | [-0.06,  0.21] |      1.12 | 0.265 
       0.09 | 0.07 | [-0.05,  0.22] |      1.27 | 0.205 
       0.05 | 0.07 | [-0.09,  0.18] |      0.69 | 0.491 
      -0.05 | 0.07 | [-0.18,  0.08] |     -0.71 | 0.477 
   9.96e-03 | 0.07 | [-0.12,  0.14] |      0.15 | 0.884 
       0.03 | 0.07 | [-0.11,  0.16] |      0.42 | 0.677 
      -0.07 | 0.07 | [-0.20,  0.07] |     -0.98 | 0.329 
      -0.02 | 0.07 | [-0.16,  0.11] |     -0.35 | 0.723 
      -0.03 | 0.07 | [-0.16,  0.10] |     -0.46 | 0.648 
      -0.19 | 0.07 | [-0.32, -0.05] |     -2.77 | 0.006 
      -0.55 | 0.07 | [-0.68, -0.41] |     -8.04 | < .001
      -0.40 | 0.07 | [-0.53, -0.27] |     -5.89 | < .001
       0.03 | 0.07 | [-0.10,  0.16] |      0.42 | 0.674 
       0.25 | 0.07 | [ 0.12,  0.39] |      3.70 | < .001
       0.19 | 0.07 | [ 0.06,  0.33] |      2.84 | 0.005 
       0.02 | 0.07 | [-0.11,  0.16] |      0.33 | 0.742 
       0.10 | 0.07 | [-0.03,  0.23] |      1.45 | 0.146 
       0.11 | 0.07 | [-0.02,  0.24] |      1.64 | 0.101 
       0.05 | 0.07 | [-0.08,  0.18] |      0.73 | 0.464 
       0.07 | 0.07 | [-0.06,  0.21] |      1.07 | 0.283 
       0.04 | 0.07 | [-0.09,  0.17] |      0.60 | 0.547 
      -0.13 | 0.07 | [-0.26, -0.01] |     -2.04 | 0.041 
      -0.50 | 0.07 | [-0.63, -0.38] |     -7.67 | < .001
      -0.36 | 0.07 | [-0.49, -0.24] |     -5.54 | < .001
  -9.68e-03 | 0.07 | [-0.14,  0.12] |     -0.15 | 0.883 
       0.09 | 0.07 | [-0.04,  0.22] |      1.37 | 0.171 
       0.07 | 0.07 | [-0.06,  0.19] |      1.01 | 0.315 
       0.01 | 0.07 | [-0.12,  0.14] |      0.20 | 0.841 
       0.18 | 0.07 | [ 0.05,  0.30] |      2.67 | 0.008 
       0.16 | 0.07 | [ 0.03,  0.29] |      2.49 | 0.013 
   7.72e-03 | 0.07 | [-0.12,  0.14] |      0.12 | 0.906 
       0.12 | 0.07 | [-0.01,  0.25] |      1.81 | 0.070 
       0.09 | 0.07 | [-0.04,  0.22] |      1.32 | 0.185 
      -0.05 | 0.06 | [-0.17,  0.07] |     -0.87 | 0.383 
      -0.23 | 0.06 | [-0.35, -0.11] |     -3.68 | < .001
      -0.37 | 0.06 | [-0.49, -0.25] |     -5.97 | < .001
      -0.04 | 0.06 | [-0.16,  0.08] |     -0.62 | 0.534 
      -0.29 | 0.06 | [-0.41, -0.17] |     -4.80 | < .001
      -0.25 | 0.06 | [-0.37, -0.13] |     -4.01 | < .001
       0.13 | 0.06 | [ 0.01,  0.26] |      2.07 | 0.038 
       0.13 | 0.06 | [ 0.01,  0.26] |      2.05 | 0.041 
      -0.02 | 0.06 | [-0.15,  0.11] |     -0.30 | 0.765 
  -2.05e-03 | 0.06 | [-0.13,  0.12] |     -0.03 | 0.975 
   5.88e-03 | 0.06 | [-0.12,  0.13] |      0.09 | 0.927 
       0.01 | 0.06 | [-0.12,  0.14] |      0.18 | 0.861 
      -0.04 | 0.06 | [-0.17,  0.08] |     -0.68 | 0.499 
      -0.06 | 0.06 | [-0.18,  0.07] |     -0.88 | 0.380 
       0.03 | 0.06 | [-0.09,  0.15] |      0.51 | 0.609 
       0.05 | 0.06 | [-0.07,  0.18] |      0.89 | 0.372 
       0.26 | 0.06 | [ 0.14,  0.38] |      4.28 | < .001
       0.28 | 0.06 | [ 0.16,  0.40] |      4.58 | < .001
       0.10 | 0.06 | [-0.02,  0.22] |      1.55 | 0.120 
   9.86e-03 | 0.06 | [-0.11,  0.13] |      0.16 | 0.872 
       0.07 | 0.06 | [-0.05,  0.20] |      1.16 | 0.248 
       0.06 | 0.06 | [-0.07,  0.18] |      0.85 | 0.393 
      -0.05 | 0.06 | [-0.17,  0.08] |     -0.74 | 0.459 
      -0.03 | 0.06 | [-0.15,  0.10] |     -0.39 | 0.697 
      -0.09 | 0.06 | [-0.21,  0.04] |     -1.33 | 0.182 
       0.02 | 0.06 | [-0.10,  0.15] |      0.35 | 0.725 
       0.06 | 0.06 | [-0.07,  0.19] |      0.94 | 0.350 
   9.72e-03 | 0.06 | [-0.12,  0.14] |      0.15 | 0.880 
      -0.10 | 0.06 | [-0.22,  0.02] |     -1.61 | 0.108 
      -0.02 | 0.06 | [-0.14,  0.10] |     -0.34 | 0.736 
       0.10 | 0.06 | [-0.02,  0.22] |      1.61 | 0.106 
       0.03 | 0.06 | [-0.09,  0.15] |      0.50 | 0.619 
   6.70e-03 | 0.06 | [-0.11,  0.13] |      0.11 | 0.913 
       0.01 | 0.06 | [-0.11,  0.13] |      0.22 | 0.828 
       0.10 | 0.07 | [-0.03,  0.23] |      1.54 | 0.124 
      -0.01 | 0.07 | [-0.14,  0.12] |     -0.20 | 0.844 
       0.01 | 0.07 | [-0.12,  0.14] |      0.18 | 0.860 
       0.03 | 0.07 | [-0.10,  0.16] |      0.45 | 0.650 
      -0.03 | 0.07 | [-0.16,  0.10] |     -0.45 | 0.655 
  -2.48e-03 | 0.07 | [-0.13,  0.13] |     -0.04 | 0.971 
      -0.06 | 0.07 | [-0.19,  0.07] |     -0.93 | 0.353 
  -6.10e-03 | 0.07 | [-0.14,  0.13] |     -0.09 | 0.928 
      -0.29 | 0.07 | [-0.43, -0.16] |     -4.39 | < .001
      -0.56 | 0.07 | [-0.69, -0.43] |     -8.36 | < .001
       0.06 | 0.07 | [-0.07,  0.20] |      0.96 | 0.338 
       0.18 | 0.07 | [ 0.05,  0.32] |      2.74 | 0.006 
       0.07 | 0.07 | [-0.06,  0.20] |      1.02 | 0.309 
       0.13 | 0.07 | [ 0.00,  0.27] |      2.00 | 0.046 
       0.10 | 0.07 | [-0.03,  0.24] |      1.55 | 0.120 
       0.11 | 0.07 | [-0.02,  0.24] |      1.62 | 0.105 
       0.33 | 0.06 | [ 0.20,  0.45] |      5.08 | < .001
       0.07 | 0.06 | [-0.05,  0.20] |      1.11 | 0.267 
      -0.13 | 0.06 | [-0.25,  0.00] |     -1.98 | 0.048 
      -0.06 | 0.06 | [-0.19,  0.07] |     -0.92 | 0.357 
      -0.04 | 0.06 | [-0.17,  0.08] |     -0.67 | 0.503 
       0.04 | 0.06 | [-0.09,  0.16] |      0.59 | 0.552 
      -0.07 | 0.06 | [-0.20,  0.05] |     -1.12 | 0.265 
      -0.02 | 0.06 | [-0.14,  0.11] |     -0.28 | 0.776 
       0.19 | 0.06 | [ 0.07,  0.31] |      3.06 | 0.002 
      -0.13 | 0.06 | [-0.25, -0.01] |     -2.11 | 0.035 
       0.52 | 0.06 | [ 0.40,  0.64] |      8.54 | < .001
       0.29 | 0.06 | [ 0.17,  0.41] |      4.73 | < .001
      -0.23 | 0.06 | [-0.36, -0.10] |     -3.58 | < .001
  -7.77e-03 | 0.06 | [-0.13,  0.12] |     -0.12 | 0.904 
       0.08 | 0.06 | [-0.04,  0.21] |      1.31 | 0.190 
       0.08 | 0.06 | [-0.04,  0.21] |      1.29 | 0.196 
      -0.31 | 0.06 | [-0.44, -0.19] |     -4.88 | < .001
       0.08 | 0.06 | [-0.04,  0.21] |      1.30 | 0.195 
      -0.02 | 0.06 | [-0.14,  0.11] |     -0.23 | 0.815 
       0.12 | 0.06 | [ 0.00,  0.25] |      1.92 | 0.055 
      -0.09 | 0.09 | [-0.26,  0.08] |     -1.07 | 0.286 
      -0.14 | 0.09 | [-0.31,  0.03] |     -1.65 | 0.100 
      -0.09 | 0.09 | [-0.26,  0.08] |     -1.03 | 0.302 
      -0.10 | 0.09 | [-0.27,  0.07] |     -1.13 | 0.258 
      -0.13 | 0.09 | [-0.30,  0.04] |     -1.52 | 0.129 
      -0.07 | 0.09 | [-0.24,  0.10] |     -0.78 | 0.434 
  -2.00e-03 | 0.09 | [-0.17,  0.17] |     -0.02 | 0.981 
       0.02 | 0.09 | [-0.15,  0.19] |      0.27 | 0.790 
  -8.34e-03 | 0.09 | [-0.18,  0.16] |     -0.10 | 0.923 
      -0.02 | 0.09 | [-0.19,  0.15] |     -0.27 | 0.785 
   9.19e-03 | 0.09 | [-0.16,  0.18] |      0.11 | 0.915 
      -0.02 | 0.09 | [-0.19,  0.15] |     -0.26 | 0.797 
      -0.01 | 0.09 | [-0.18,  0.16] |     -0.14 | 0.888 
  -4.51e-03 | 0.09 | [-0.17,  0.16] |     -0.05 | 0.958 
   7.05e-03 | 0.09 | [-0.16,  0.18] |      0.08 | 0.935 
  -9.66e-03 | 0.09 | [-0.18,  0.16] |     -0.11 | 0.911 
      -0.02 | 0.09 | [-0.18,  0.15] |     -0.19 | 0.853 
      -0.03 | 0.09 | [-0.20,  0.14] |     -0.34 | 0.734 
       0.03 | 0.09 | [-0.14,  0.20] |      0.31 | 0.758 
       0.05 | 0.09 | [-0.11,  0.22] |      0.62 | 0.532 
       0.03 | 0.09 | [-0.14,  0.20] |      0.39 | 0.696 
       0.05 | 0.09 | [-0.12,  0.22] |      0.60 | 0.550 
       0.06 | 0.09 | [-0.10,  0.23] |      0.75 | 0.452 
       0.05 | 0.09 | [-0.12,  0.22] |      0.60 | 0.551 
      -0.04 | 0.09 | [-0.21,  0.13] |     -0.43 | 0.667 
      -0.02 | 0.09 | [-0.19,  0.15] |     -0.25 | 0.804 
      -0.06 | 0.09 | [-0.23,  0.11] |     -0.69 | 0.488 
      -0.07 | 0.09 | [-0.24,  0.10] |     -0.81 | 0.416 
      -0.05 | 0.09 | [-0.22,  0.12] |     -0.60 | 0.550 
      -0.08 | 0.09 | [-0.25,  0.09] |     -0.95 | 0.343 
      -0.07 | 0.09 | [-0.24,  0.10] |     -0.75 | 0.452 
      -0.22 | 0.09 | [-0.39, -0.05] |     -2.54 | 0.011 
      -0.29 | 0.09 | [-0.46, -0.12] |     -3.33 | < .001
       0.06 | 0.09 | [-0.11,  0.23] |      0.70 | 0.481 
      -0.23 | 0.09 | [-0.40, -0.06] |     -2.61 | 0.009 
      -0.31 | 0.09 | [-0.48, -0.14] |     -3.52 | < .001
      -0.07 | 0.09 | [-0.24,  0.10] |     -0.85 | 0.397 
      -0.10 | 0.09 | [-0.27,  0.07] |     -1.14 | 0.253 
      -0.13 | 0.09 | [-0.30,  0.04] |     -1.46 | 0.145 
       0.03 | 0.09 | [-0.14,  0.20] |      0.31 | 0.756 
      -0.02 | 0.09 | [-0.19,  0.15] |     -0.19 | 0.847 
      -0.04 | 0.09 | [-0.21,  0.13] |     -0.43 | 0.669 
      -0.13 | 0.09 | [-0.30,  0.04] |     -1.50 | 0.134 
      -0.08 | 0.09 | [-0.25,  0.09] |     -0.96 | 0.336 
      -0.01 | 0.09 | [-0.18,  0.16] |     -0.13 | 0.898 
      -0.08 | 0.09 | [-0.24,  0.09] |     -0.89 | 0.376 
      -0.06 | 0.09 | [-0.23,  0.11] |     -0.72 | 0.469 
      -0.07 | 0.09 | [-0.24,  0.10] |     -0.85 | 0.397 
       0.06 | 0.09 | [-0.11,  0.22] |      0.64 | 0.522 
       0.05 | 0.09 | [-0.12,  0.22] |      0.56 | 0.574 
       0.02 | 0.09 | [-0.15,  0.19] |      0.23 | 0.818 
       0.07 | 0.09 | [-0.10,  0.24] |      0.83 | 0.407 
       0.05 | 0.09 | [-0.12,  0.22] |      0.61 | 0.545 
       0.02 | 0.09 | [-0.14,  0.19] |      0.28 | 0.778 
       0.04 | 0.09 | [-0.13,  0.21] |      0.50 | 0.619 
       0.10 | 0.09 | [-0.07,  0.27] |      1.20 | 0.229 
       0.17 | 0.09 | [ 0.00,  0.34] |      1.94 | 0.053 
   3.30e-03 | 0.09 | [-0.17,  0.17] |      0.04 | 0.969 
      -0.08 | 0.09 | [-0.25,  0.09] |     -0.91 | 0.362 
      -0.05 | 0.09 | [-0.22,  0.12] |     -0.62 | 0.534 
      -0.02 | 0.09 | [-0.19,  0.15] |     -0.25 | 0.805 
      -0.05 | 0.09 | [-0.22,  0.12] |     -0.56 | 0.579 
      -0.10 | 0.09 | [-0.27,  0.07] |     -1.13 | 0.258 
      -0.03 | 0.09 | [-0.20,  0.13] |     -0.40 | 0.689 
       0.02 | 0.09 | [-0.15,  0.19] |      0.25 | 0.801 
      -0.01 | 0.09 | [-0.18,  0.15] |     -0.17 | 0.863 
       0.09 | 0.08 | [-0.06,  0.25] |      1.17 | 0.242 
       0.10 | 0.08 | [-0.05,  0.25] |      1.27 | 0.203 
       0.12 | 0.08 | [-0.03,  0.28] |      1.59 | 0.113 
   7.60e-03 | 0.08 | [-0.15,  0.16] |      0.10 | 0.923 
       0.03 | 0.08 | [-0.13,  0.18] |      0.34 | 0.737 
       0.01 | 0.08 | [-0.14,  0.16] |      0.13 | 0.895 
      -0.06 | 0.08 | [-0.21,  0.09] |     -0.75 | 0.451 
      -0.10 | 0.08 | [-0.25,  0.06] |     -1.25 | 0.211 
      -0.11 | 0.08 | [-0.26,  0.05] |     -1.36 | 0.172 
       0.01 | 0.08 | [-0.14,  0.17] |      0.16 | 0.873 
      -0.02 | 0.08 | [-0.18,  0.13] |     -0.28 | 0.778 
      -0.02 | 0.08 | [-0.18,  0.13] |     -0.30 | 0.766 
      -0.08 | 0.09 | [-0.25,  0.09] |     -0.93 | 0.355 
      -0.02 | 0.09 | [-0.19,  0.15] |     -0.18 | 0.857 
      -0.04 | 0.09 | [-0.21,  0.14] |     -0.40 | 0.686 
      -0.04 | 0.09 | [-0.21,  0.14] |     -0.41 | 0.685 
   7.40e-04 | 0.09 | [-0.17,  0.17] |  8.52e-03 | 0.993 
      -0.05 | 0.09 | [-0.22,  0.12] |     -0.59 | 0.553 
      -0.09 | 0.09 | [-0.27,  0.09] |     -0.99 | 0.321 
      -0.07 | 0.09 | [-0.25,  0.11] |     -0.78 | 0.438 
      -0.13 | 0.09 | [-0.30,  0.05] |     -1.38 | 0.167 
      -0.04 | 0.09 | [-0.22,  0.14] |     -0.40 | 0.693 
       0.08 | 0.09 | [-0.10,  0.26] |      0.86 | 0.388 
      -0.02 | 0.09 | [-0.20,  0.16] |     -0.20 | 0.845 
      -0.05 | 0.09 | [-0.23,  0.13] |     -0.57 | 0.570 
      -0.05 | 0.09 | [-0.23,  0.13] |     -0.58 | 0.565 
      -0.02 | 0.09 | [-0.20,  0.16] |     -0.23 | 0.815 
      -0.07 | 0.09 | [-0.25,  0.11] |     -0.76 | 0.446 
      -0.08 | 0.09 | [-0.26,  0.10] |     -0.85 | 0.397 
      -0.04 | 0.09 | [-0.22,  0.14] |     -0.46 | 0.648 
       0.03 | 0.09 | [-0.15,  0.21] |      0.34 | 0.734 
       0.02 | 0.09 | [-0.16,  0.20] |      0.25 | 0.802 
      -0.01 | 0.09 | [-0.19,  0.17] |     -0.12 | 0.907 
       0.02 | 0.09 | [-0.16,  0.20] |      0.24 | 0.812 
      -0.02 | 0.09 | [-0.20,  0.16] |     -0.21 | 0.830 
      -0.03 | 0.09 | [-0.21,  0.15] |     -0.37 | 0.714 
       0.08 | 0.09 | [-0.10,  0.26] |      0.91 | 0.363 
       0.09 | 0.09 | [-0.09,  0.27] |      0.96 | 0.339 
       0.09 | 0.09 | [-0.09,  0.27] |      0.95 | 0.342 
       0.08 | 0.09 | [-0.10,  0.26] |      0.88 | 0.379 
       0.02 | 0.09 | [-0.16,  0.20] |      0.23 | 0.817 
       0.03 | 0.09 | [-0.15,  0.21] |      0.36 | 0.720 
       0.04 | 0.09 | [-0.14,  0.22] |      0.45 | 0.653 
       0.22 | 0.09 | [ 0.04,  0.40] |      2.40 | 0.017 
       0.14 | 0.09 | [-0.04,  0.32] |      1.51 | 0.132 
       0.16 | 0.09 | [-0.02,  0.34] |      1.76 | 0.079 
       0.48 | 0.09 | [ 0.30,  0.65] |      5.21 | < .001
       0.34 | 0.09 | [ 0.16,  0.52] |      3.69 | < .001
       0.05 | 0.09 | [-0.13,  0.23] |      0.57 | 0.567 
      -0.14 | 0.09 | [-0.32,  0.04] |     -1.56 | 0.120 
      -0.10 | 0.09 | [-0.28,  0.08] |     -1.05 | 0.292 
      -0.02 | 0.09 | [-0.20,  0.16] |     -0.18 | 0.858 
      -0.26 | 0.09 | [-0.44, -0.08] |     -2.89 | 0.004 
      -0.21 | 0.09 | [-0.38, -0.03] |     -2.25 | 0.025 
  -3.38e-03 | 0.09 | [-0.18,  0.18] |     -0.04 | 0.970 
  -8.60e-03 | 0.09 | [-0.19,  0.17] |     -0.09 | 0.925 
      -0.05 | 0.09 | [-0.23,  0.13] |     -0.51 | 0.608 
      -0.03 | 0.09 | [-0.21,  0.15] |     -0.33 | 0.742 
      -0.08 | 0.09 | [-0.26,  0.10] |     -0.88 | 0.381 
      -0.09 | 0.09 | [-0.27,  0.09] |     -1.02 | 0.309 
      -0.08 | 0.09 | [-0.26,  0.10] |     -0.85 | 0.393 
      -0.04 | 0.09 | [-0.22,  0.14] |     -0.45 | 0.652 
      -0.02 | 0.09 | [-0.20,  0.16] |     -0.24 | 0.809 
      -0.04 | 0.09 | [-0.22,  0.13] |     -0.48 | 0.628 
      -0.04 | 0.09 | [-0.22,  0.14] |     -0.44 | 0.656 
  -8.58e-03 | 0.09 | [-0.19,  0.17] |     -0.09 | 0.925 
      -0.02 | 0.09 | [-0.19,  0.15] |     -0.24 | 0.808 
      -0.16 | 0.09 | [-0.33,  0.01] |     -1.84 | 0.066 
      -0.25 | 0.09 | [-0.42, -0.08] |     -2.91 | 0.004 
      -0.01 | 0.09 | [-0.18,  0.16] |     -0.15 | 0.878 
       0.19 | 0.09 | [ 0.02,  0.35] |      2.16 | 0.031 
       0.03 | 0.09 | [-0.14,  0.20] |      0.31 | 0.756 
       0.05 | 0.09 | [-0.12,  0.22] |      0.56 | 0.574 
       0.08 | 0.09 | [-0.09,  0.25] |      0.92 | 0.359 
       0.09 | 0.09 | [-0.07,  0.26] |      1.10 | 0.272 
       0.03 | 0.09 | [-0.14,  0.20] |      0.34 | 0.735 
       0.01 | 0.09 | [-0.16,  0.18] |      0.12 | 0.903 
       0.03 | 0.09 | [-0.14,  0.20] |      0.37 | 0.708 
   4.15e-03 | 0.09 | [-0.16,  0.17] |      0.05 | 0.962 
  -4.77e-03 | 0.09 | [-0.17,  0.16] |     -0.06 | 0.956 
  -8.44e-03 | 0.09 | [-0.18,  0.16] |     -0.10 | 0.922 
       0.06 | 0.09 | [-0.11,  0.23] |      0.69 | 0.492 
      -0.12 | 0.09 | [-0.29,  0.05] |     -1.42 | 0.154 
      -0.10 | 0.09 | [-0.27,  0.07] |     -1.13 | 0.260 
       0.06 | 0.09 | [-0.11,  0.23] |      0.70 | 0.485 
       0.04 | 0.09 | [-0.12,  0.21] |      0.51 | 0.609 
       0.07 | 0.09 | [-0.10,  0.24] |      0.78 | 0.436 
       0.03 | 0.09 | [-0.14,  0.20] |      0.35 | 0.726 
      -0.03 | 0.09 | [-0.20,  0.13] |     -0.39 | 0.695 
   5.71e-03 | 0.09 | [-0.16,  0.17] |      0.07 | 0.947 
       0.03 | 0.09 | [-0.14,  0.20] |      0.31 | 0.760 
      -0.12 | 0.09 | [-0.29,  0.05] |     -1.42 | 0.155 
      -0.07 | 0.09 | [-0.24,  0.10] |     -0.77 | 0.443 
       0.17 | 0.09 | [ 0.00,  0.34] |      1.95 | 0.051 
       0.18 | 0.09 | [ 0.01,  0.35] |      2.10 | 0.036 
       0.28 | 0.09 | [ 0.11,  0.45] |      3.20 | 0.001 
       0.11 | 0.09 | [-0.06,  0.28] |      1.25 | 0.211 
      -0.34 | 0.09 | [-0.51, -0.17] |     -3.88 | < .001
      -0.31 | 0.09 | [-0.48, -0.14] |     -3.52 | < .001
       0.04 | 0.09 | [-0.13,  0.21] |      0.46 | 0.645 
      -0.06 | 0.09 | [-0.23,  0.11] |     -0.67 | 0.503 
      -0.01 | 0.09 | [-0.18,  0.16] |     -0.17 | 0.867 
       0.14 | 0.09 | [-0.03,  0.31] |      1.63 | 0.102 
       0.29 | 0.09 | [ 0.12,  0.46] |      3.33 | < .001
       0.17 | 0.09 | [ 0.00,  0.34] |      1.96 | 0.050 
   1.80e-03 | 0.09 | [-0.17,  0.17] |      0.02 | 0.983 
      -0.03 | 0.09 | [-0.20,  0.14] |     -0.38 | 0.701 
       0.01 | 0.09 | [-0.15,  0.18] |      0.17 | 0.868 
   9.76e-03 | 0.09 | [-0.16,  0.18] |      0.11 | 0.910 
      -0.10 | 0.09 | [-0.27,  0.07] |     -1.19 | 0.235 
      -0.12 | 0.09 | [-0.29,  0.05] |     -1.41 | 0.159 
      -0.02 | 0.09 | [-0.19,  0.15] |     -0.24 | 0.808 
      -0.07 | 0.09 | [-0.24,  0.10] |     -0.83 | 0.405 
      -0.05 | 0.09 | [-0.22,  0.12] |     -0.56 | 0.573 
       0.27 | 0.09 | [ 0.10,  0.44] |      3.11 | 0.002 
       0.21 | 0.09 | [ 0.04,  0.38] |      2.41 | 0.016 
       0.06 | 0.09 | [-0.10,  0.23] |      0.75 | 0.452 
      -0.06 | 0.09 | [-0.23,  0.10] |     -0.75 | 0.453 
      -0.15 | 0.09 | [-0.31,  0.02] |     -1.69 | 0.091 
      -0.10 | 0.09 | [-0.26,  0.07] |     -1.11 | 0.265 
       0.10 | 0.09 | [-0.07,  0.27] |      1.13 | 0.260 
       0.07 | 0.09 | [-0.10,  0.24] |      0.77 | 0.440 
       0.05 | 0.09 | [-0.11,  0.22] |      0.63 | 0.531 
      -0.10 | 0.09 | [-0.27,  0.07] |     -1.20 | 0.229 
      -0.05 | 0.09 | [-0.22,  0.12] |     -0.62 | 0.535 
      -0.01 | 0.09 | [-0.18,  0.16] |     -0.15 | 0.882 
      -0.12 | 0.08 | [-0.29,  0.04] |     -1.49 | 0.137 
      -0.08 | 0.08 | [-0.24,  0.08] |     -0.95 | 0.342 
      -0.05 | 0.08 | [-0.21,  0.12] |     -0.58 | 0.563 
      -0.05 | 0.08 | [-0.22,  0.11] |     -0.65 | 0.516 
       0.07 | 0.08 | [-0.10,  0.23] |      0.80 | 0.423 
       0.04 | 0.08 | [-0.13,  0.20] |      0.45 | 0.649 
       0.05 | 0.08 | [-0.11,  0.21] |      0.61 | 0.539 
       0.04 | 0.08 | [-0.13,  0.20] |      0.42 | 0.672 
      -0.16 | 0.08 | [-0.32,  0.00] |     -1.94 | 0.053 
       0.04 | 0.08 | [-0.13,  0.20] |      0.42 | 0.671 
       0.04 | 0.08 | [-0.12,  0.20] |      0.47 | 0.642 
      -0.04 | 0.08 | [-0.21,  0.12] |     -0.53 | 0.597 
  -1.46e-03 | 0.08 | [-0.16,  0.16] |     -0.02 | 0.986 
      -0.04 | 0.08 | [-0.20,  0.12] |     -0.47 | 0.639 
       0.01 | 0.08 | [-0.15,  0.17] |      0.13 | 0.897 
       0.02 | 0.08 | [-0.14,  0.19] |      0.26 | 0.792 
      -0.09 | 0.07 | [-0.23,  0.06] |     -1.16 | 0.245 
      -0.14 | 0.07 | [-0.29,  0.01] |     -1.88 | 0.060 
       0.08 | 0.07 | [-0.06,  0.23] |      1.10 | 0.271 
       0.07 | 0.07 | [-0.08,  0.22] |      0.93 | 0.352 
      -0.07 | 0.07 | [-0.22,  0.07] |     -0.96 | 0.337 
      -0.06 | 0.07 | [-0.21,  0.08] |     -0.86 | 0.389 
       0.02 | 0.07 | [-0.13,  0.17] |      0.26 | 0.798 
       0.05 | 0.07 | [-0.10,  0.19] |      0.65 | 0.515 
      -0.08 | 0.09 | [-0.25,  0.09] |     -0.94 | 0.349 
       0.02 | 0.09 | [-0.15,  0.19] |      0.25 | 0.802 
      -0.32 | 0.09 | [-0.49, -0.15] |     -3.70 | < .001
      -0.27 | 0.09 | [-0.44, -0.10] |     -3.16 | 0.002 
       0.20 | 0.07 | [ 0.05,  0.34] |      2.62 | 0.009 
      -0.04 | 0.07 | [-0.19,  0.11] |     -0.54 | 0.588 
      -0.03 | 0.07 | [-0.18,  0.12] |     -0.40 | 0.691 
      -0.10 | 0.07 | [-0.25,  0.04] |     -1.36 | 0.174 
       0.19 | 0.07 | [ 0.04,  0.34] |      2.55 | 0.011 
      -0.03 | 0.07 | [-0.18,  0.12] |     -0.39 | 0.698 
      -0.02 | 0.07 | [-0.17,  0.13] |     -0.27 | 0.787 
      -0.10 | 0.07 | [-0.25,  0.04] |     -1.36 | 0.174 
       0.09 | 0.08 | [-0.08,  0.25] |      1.05 | 0.295 
       0.28 | 0.08 | [ 0.12,  0.44] |      3.35 | < .001
       0.04 | 0.08 | [-0.12,  0.21] |      0.53 | 0.595 
  -5.25e-03 | 0.08 | [-0.17,  0.16] |     -0.06 | 0.950 
      -0.07 | 0.08 | [-0.24,  0.09] |     -0.89 | 0.376 
      -0.11 | 0.08 | [-0.27,  0.06] |     -1.27 | 0.203 
       0.01 | 0.08 | [-0.15,  0.18] |      0.18 | 0.857 
      -0.11 | 0.08 | [-0.28,  0.05] |     -1.37 | 0.170 
       0.45 | 0.08 | [ 0.29,  0.61] |      5.42 | < .001
       0.60 | 0.08 | [ 0.43,  0.76] |      7.14 | < .001
      -0.06 | 0.08 | [-0.22,  0.11] |     -0.68 | 0.499 
      -0.14 | 0.08 | [-0.30,  0.02] |     -1.69 | 0.091 
      -0.05 | 0.08 | [-0.22,  0.11] |     -0.63 | 0.526 
      -0.08 | 0.08 | [-0.24,  0.08] |     -0.96 | 0.339 
      -0.18 | 0.08 | [-0.34, -0.01] |     -2.11 | 0.035 
      -0.18 | 0.08 | [-0.35, -0.02] |     -2.22 | 0.027 
       0.14 | 0.11 | [-0.06,  0.35] |      1.37 | 0.171 
       0.15 | 0.11 | [-0.06,  0.36] |      1.42 | 0.157 
       0.09 | 0.11 | [-0.12,  0.30] |      0.87 | 0.386 
       0.12 | 0.11 | [-0.09,  0.33] |      1.15 | 0.250 
       0.08 | 0.11 | [-0.13,  0.29] |      0.75 | 0.454 
   7.34e-03 | 0.11 | [-0.20,  0.21] |      0.07 | 0.945 
       0.06 | 0.11 | [-0.15,  0.27] |      0.57 | 0.567 
       0.06 | 0.11 | [-0.15,  0.27] |      0.56 | 0.572 
       0.08 | 0.11 | [-0.13,  0.28] |      0.72 | 0.472 
       0.07 | 0.11 | [-0.14,  0.27] |      0.64 | 0.520 
       0.06 | 0.11 | [-0.15,  0.27] |      0.56 | 0.575 
       0.07 | 0.11 | [-0.13,  0.28] |      0.69 | 0.490 
      -0.03 | 0.11 | [-0.24,  0.18] |     -0.29 | 0.776 
      -0.08 | 0.11 | [-0.28,  0.13] |     -0.71 | 0.475 
      -0.07 | 0.11 | [-0.28,  0.13] |     -0.68 | 0.495 
  -1.51e-03 | 0.11 | [-0.21,  0.21] |     -0.01 | 0.989 
      -0.04 | 0.11 | [-0.24,  0.17] |     -0.34 | 0.731 
      -0.01 | 0.11 | [-0.22,  0.19] |     -0.14 | 0.890 
      -0.07 | 0.11 | [-0.28,  0.14] |     -0.66 | 0.509 
      -0.09 | 0.11 | [-0.30,  0.11] |     -0.90 | 0.370 
      -0.06 | 0.11 | [-0.27,  0.14] |     -0.60 | 0.552 
      -0.10 | 0.11 | [-0.31,  0.10] |     -0.97 | 0.332 
      -0.06 | 0.11 | [-0.27,  0.14] |     -0.61 | 0.541 
      -0.04 | 0.11 | [-0.25,  0.17] |     -0.37 | 0.709 
       0.19 | 0.11 | [-0.02,  0.40] |      1.80 | 0.071 
       0.14 | 0.11 | [-0.07,  0.35] |      1.33 | 0.182 
       0.10 | 0.11 | [-0.11,  0.30] |      0.91 | 0.363 
   4.11e-04 | 0.11 | [-0.21,  0.21] |  3.89e-03 | 0.997 
      -0.04 | 0.11 | [-0.24,  0.17] |     -0.35 | 0.727 
      -0.11 | 0.11 | [-0.31,  0.10] |     -1.02 | 0.309 
      -0.09 | 0.11 | [-0.30,  0.12] |     -0.87 | 0.387 
   8.40e-03 | 0.11 | [-0.20,  0.22] |      0.08 | 0.937 
  -2.14e-05 | 0.11 | [-0.21,  0.21] | -2.03e-04 | > .999
       0.02 | 0.11 | [-0.18,  0.23] |      0.21 | 0.833 
       0.10 | 0.11 | [-0.11,  0.30] |      0.93 | 0.354 
       0.08 | 0.11 | [-0.13,  0.28] |      0.72 | 0.472 
      -0.02 | 0.11 | [-0.23,  0.19] |     -0.20 | 0.839 
      -0.01 | 0.11 | [-0.22,  0.20] |     -0.10 | 0.918 
       0.01 | 0.11 | [-0.20,  0.22] |      0.11 | 0.916 
       0.09 | 0.11 | [-0.11,  0.30] |      0.89 | 0.371 
       0.03 | 0.11 | [-0.18,  0.23] |      0.26 | 0.796 
       0.07 | 0.11 | [-0.14,  0.28] |      0.68 | 0.498 
       0.06 | 0.11 | [-0.15,  0.26] |      0.53 | 0.597 
      -0.04 | 0.11 | [-0.25,  0.16] |     -0.42 | 0.673 
      -0.01 | 0.11 | [-0.22,  0.19] |     -0.12 | 0.906 
      -0.04 | 0.11 | [-0.25,  0.17] |     -0.37 | 0.712 
      -0.07 | 0.11 | [-0.27,  0.14] |     -0.64 | 0.523 
      -0.03 | 0.11 | [-0.24,  0.18] |     -0.29 | 0.769 
       0.02 | 0.09 | [-0.15,  0.19] |      0.27 | 0.788 
       0.11 | 0.09 | [-0.06,  0.28] |      1.25 | 0.211 
       0.09 | 0.09 | [-0.08,  0.26] |      1.06 | 0.287 
       0.10 | 0.09 | [-0.07,  0.27] |      1.18 | 0.237 
       0.14 | 0.09 | [-0.03,  0.30] |      1.58 | 0.114 
       0.12 | 0.09 | [-0.05,  0.29] |      1.39 | 0.164 
      -0.08 | 0.09 | [-0.25,  0.09] |     -0.92 | 0.360 
      -0.09 | 0.09 | [-0.26,  0.07] |     -1.10 | 0.273 
      -0.07 | 0.09 | [-0.24,  0.10] |     -0.84 | 0.399 
      -0.05 | 0.09 | [-0.21,  0.12] |     -0.53 | 0.598 
      -0.09 | 0.09 | [-0.26,  0.08] |     -1.04 | 0.297 
      -0.06 | 0.09 | [-0.23,  0.11] |     -0.68 | 0.499 
       0.11 | 0.09 | [-0.06,  0.28] |      1.26 | 0.209 
       0.06 | 0.09 | [-0.10,  0.23] |      0.75 | 0.454 
       0.05 | 0.09 | [-0.12,  0.21] |      0.52 | 0.600 
  -3.08e-03 | 0.09 | [-0.17,  0.17] |     -0.04 | 0.971 
       0.07 | 0.09 | [-0.10,  0.24] |      0.78 | 0.436 
       0.06 | 0.09 | [-0.11,  0.23] |      0.71 | 0.480 
      -0.06 | 0.09 | [-0.23,  0.11] |     -0.70 | 0.484 
      -0.04 | 0.09 | [-0.21,  0.13] |     -0.42 | 0.672 
      -0.03 | 0.09 | [-0.20,  0.13] |     -0.41 | 0.685 
      -0.06 | 0.09 | [-0.23,  0.11] |     -0.74 | 0.462 
      -0.06 | 0.09 | [-0.23,  0.11] |     -0.74 | 0.460 
      -0.07 | 0.09 | [-0.24,  0.10] |     -0.77 | 0.440 
       0.13 | 0.12 | [-0.11,  0.37] |      1.06 | 0.289 
       0.07 | 0.12 | [-0.17,  0.32] |      0.61 | 0.543 
       0.11 | 0.12 | [-0.13,  0.35] |      0.88 | 0.377 
      -0.09 | 0.12 | [-0.33,  0.16] |     -0.69 | 0.487 
      -0.02 | 0.12 | [-0.26,  0.22] |     -0.15 | 0.879 
   3.24e-03 | 0.12 | [-0.24,  0.24] |      0.03 | 0.979 
       0.11 | 0.12 | [-0.13,  0.35] |      0.91 | 0.363 
       0.28 | 0.12 | [ 0.04,  0.52] |      2.29 | 0.022 
       0.34 | 0.12 | [ 0.10,  0.58] |      2.76 | 0.006 
       0.03 | 0.12 | [-0.21,  0.27] |      0.25 | 0.803 
       0.22 | 0.12 | [-0.02,  0.46] |      1.81 | 0.070 
       0.29 | 0.12 | [ 0.05,  0.53] |      2.38 | 0.017 
      -0.11 | 0.09 | [-0.28,  0.06] |     -1.25 | 0.210 
      -0.20 | 0.09 | [-0.37, -0.03] |     -2.30 | 0.021 
      -0.22 | 0.09 | [-0.39, -0.05] |     -2.52 | 0.012 
       0.05 | 0.09 | [-0.12,  0.22] |      0.54 | 0.587 
       0.05 | 0.09 | [-0.12,  0.22] |      0.58 | 0.560 
       0.05 | 0.09 | [-0.12,  0.22] |      0.54 | 0.587 
      -0.04 | 0.09 | [-0.21,  0.13] |     -0.50 | 0.620 
       0.02 | 0.09 | [-0.15,  0.19] |      0.25 | 0.802 
       0.04 | 0.09 | [-0.13,  0.21] |      0.48 | 0.635 
       0.03 | 0.09 | [-0.13,  0.20] |      0.40 | 0.686 
       0.07 | 0.09 | [-0.10,  0.24] |      0.84 | 0.400 
       0.08 | 0.09 | [-0.09,  0.24] |      0.88 | 0.381 
      -0.12 | 0.09 | [-0.29,  0.05] |     -1.38 | 0.168 
      -0.19 | 0.09 | [-0.36, -0.02] |     -2.24 | 0.025 
      -0.20 | 0.09 | [-0.37, -0.03] |     -2.36 | 0.018 
       0.02 | 0.09 | [-0.15,  0.18] |      0.19 | 0.852 
       0.06 | 0.09 | [-0.11,  0.23] |      0.72 | 0.471 
       0.04 | 0.09 | [-0.13,  0.21] |      0.47 | 0.638 
      -0.05 | 0.09 | [-0.22,  0.12] |     -0.62 | 0.534 
       0.01 | 0.09 | [-0.16,  0.18] |      0.15 | 0.878 
       0.04 | 0.09 | [-0.13,  0.21] |      0.42 | 0.671 
       0.05 | 0.09 | [-0.12,  0.21] |      0.53 | 0.596 
       0.07 | 0.09 | [-0.10,  0.24] |      0.78 | 0.437 
       0.08 | 0.09 | [-0.09,  0.25] |      0.89 | 0.372 
       0.07 | 0.11 | [-0.14,  0.27] |      0.65 | 0.517 
      -0.11 | 0.11 | [-0.32,  0.10] |     -1.06 | 0.291 
      -0.03 | 0.11 | [-0.23,  0.18] |     -0.25 | 0.800 
      -0.09 | 0.11 | [-0.30,  0.12] |     -0.84 | 0.401 
      -0.35 | 0.11 | [-0.56, -0.15] |     -3.35 | < .001
      -0.22 | 0.11 | [-0.43, -0.01] |     -2.10 | 0.036 
      -0.05 | 0.11 | [-0.26,  0.15] |     -0.50 | 0.618 
  -3.29e-03 | 0.11 | [-0.21,  0.20] |     -0.03 | 0.975 
      -0.04 | 0.11 | [-0.25,  0.16] |     -0.42 | 0.678 
  -3.70e-03 | 0.11 | [-0.21,  0.20] |     -0.04 | 0.972 
       0.05 | 0.11 | [-0.16,  0.25] |      0.43 | 0.669 
  -8.95e-03 | 0.11 | [-0.22,  0.20] |     -0.08 | 0.932 
   7.99e-03 | 0.11 | [-0.20,  0.21] |      0.08 | 0.940 
       0.07 | 0.11 | [-0.14,  0.28] |      0.67 | 0.501 
       0.11 | 0.11 | [-0.10,  0.31] |      1.02 | 0.309 
      -0.02 | 0.11 | [-0.23,  0.19] |     -0.18 | 0.860 
       0.14 | 0.11 | [-0.07,  0.34] |      1.31 | 0.190 
       0.15 | 0.11 | [-0.05,  0.36] |      1.45 | 0.148 
      -0.13 | 0.11 | [-0.34,  0.07] |     -1.26 | 0.209 
      -0.05 | 0.11 | [-0.25,  0.16] |     -0.44 | 0.664 
      -0.06 | 0.11 | [-0.27,  0.14] |     -0.59 | 0.553 
       0.01 | 0.11 | [-0.19,  0.22] |      0.13 | 0.893 
       0.10 | 0.11 | [-0.11,  0.31] |      0.95 | 0.342 
       0.07 | 0.11 | [-0.14,  0.28] |      0.67 | 0.505 
      -0.27 | 0.11 | [-0.47, -0.06] |     -2.52 | 0.012 
      -0.35 | 0.11 | [-0.56, -0.15] |     -3.34 | < .001
      -0.24 | 0.11 | [-0.45, -0.04] |     -2.31 | 0.021 
      -0.11 | 0.11 | [-0.32,  0.09] |     -1.07 | 0.285 
      -0.49 | 0.11 | [-0.69, -0.28] |     -4.62 | < .001
      -0.33 | 0.11 | [-0.53, -0.12] |     -3.10 | 0.002 
       0.04 | 0.11 | [-0.17,  0.25] |      0.38 | 0.702 
       0.11 | 0.11 | [-0.09,  0.32] |      1.09 | 0.278 
       0.07 | 0.11 | [-0.13,  0.28] |      0.68 | 0.496 
       0.03 | 0.11 | [-0.17,  0.24] |      0.31 | 0.760 
       0.19 | 0.11 | [-0.02,  0.39] |      1.76 | 0.078 
       0.14 | 0.11 | [-0.07,  0.35] |      1.34 | 0.180 
      -0.02 | 0.11 | [-0.23,  0.18] |     -0.23 | 0.819 
  -4.57e-03 | 0.11 | [-0.21,  0.20] |     -0.04 | 0.965 
       0.03 | 0.11 | [-0.18,  0.23] |      0.25 | 0.805 
      -0.08 | 0.11 | [-0.28,  0.13] |     -0.74 | 0.461 
       0.04 | 0.11 | [-0.17,  0.25] |      0.39 | 0.697 
       0.04 | 0.11 | [-0.17,  0.24] |      0.36 | 0.720 
       0.07 | 0.11 | [-0.13,  0.28] |      0.71 | 0.478 
       0.11 | 0.11 | [-0.10,  0.31] |      1.02 | 0.310 
       0.07 | 0.11 | [-0.14,  0.28] |      0.66 | 0.512 
       0.02 | 0.11 | [-0.19,  0.22] |      0.16 | 0.872 
       0.11 | 0.11 | [-0.10,  0.32] |      1.04 | 0.299 
       0.06 | 0.11 | [-0.15,  0.26] |      0.55 | 0.580 
      -0.03 | 0.07 | [-0.18,  0.11] |     -0.42 | 0.672 
       0.03 | 0.07 | [-0.12,  0.17] |      0.34 | 0.735 
      -0.01 | 0.07 | [-0.16,  0.13] |     -0.17 | 0.866 
  -5.06e-03 | 0.07 | [-0.15,  0.14] |     -0.07 | 0.946 
       0.03 | 0.07 | [-0.12,  0.17] |      0.34 | 0.732 
   4.71e-03 | 0.07 | [-0.14,  0.15] |      0.06 | 0.950 
       0.05 | 0.07 | [-0.09,  0.20] |      0.74 | 0.461 
       0.04 | 0.07 | [-0.11,  0.18] |      0.50 | 0.616 
      -0.02 | 0.07 | [-0.16,  0.13] |     -0.20 | 0.838 
      -0.02 | 0.07 | [-0.17,  0.12] |     -0.30 | 0.763 
      -0.01 | 0.07 | [-0.16,  0.13] |     -0.17 | 0.862 
      -0.01 | 0.07 | [-0.16,  0.13] |     -0.15 | 0.878 
   9.22e-03 | 0.07 | [-0.14,  0.16] |      0.12 | 0.902 
   3.52e-03 | 0.07 | [-0.14,  0.15] |      0.05 | 0.962 
       0.04 | 0.07 | [-0.10,  0.19] |      0.56 | 0.573 
       0.06 | 0.07 | [-0.09,  0.20] |      0.74 | 0.460 

# Random Effects

Parameter                        | Coefficient
----------------------------------------------
SD (Intercept: Repetition.Index) |        0.04
SD (Residual)                    |        0.13

Uncertainty intervals (equal-tailed) and p-values (two-tailed) computed
  using a Wald t-distribution approximation.

The model has a log-transformed response variable. Consider using
  `exponentiate = TRUE` to interpret coefficients as ratios.
Warning message:
The table contains very wide columns that don't fit into the available
  display-width of the console. Splitting tables into multiple parts did
  not have the desired effect. 
Warning messages:
1: Log-likelihood is corrected for models with transformed response.
  However, this ignores `REML=TRUE`. Log-likelihood value is probably
  inaccurate. 
2: Log-likelihood is corrected for models with transformed response.
  However, this ignores `REML=TRUE`. Log-likelihood value is probably
  inaccurate. 
# Indices of model performance

AIC      |     AICc |      BIC | R2 (cond.) | R2 (marg.) |   ICC |  RMSE | Sigma
--------------------------------------------------------------------------------
-90963.9 | -90824.4 | -86325.5 |      0.997 |      0.996 | 0.067 | 0.122 | 0.132
# R2 for Mixed Models

  Conditional R2: 0.997
     Marginal R2: 0.996
Type III Analysis of Variance Table with Kenward-Roger's method
                                                              Sum Sq Mean Sq
Backend                                                      17312.9  5771.0
PP                                                               0.8     0.8
Buffer.Size                                                   3518.2  1759.1
Iteration.Count                                                133.7    33.4
Environment                                                    205.2   102.6
Model.Unique                                                    82.6    82.6
Backend:PP                                                       0.7     0.2
Backend:Buffer.Size                                              6.3     1.0
Backend:Iteration.Count                                         52.0     4.3
Backend:Environment                                             81.7    13.6
Backend:Model.Unique                                          2782.3   927.4
PP:Buffer.Size                                                   0.2     0.1
PP:Iteration.Count                                               0.4     0.1
PP:Environment                                                   0.5     0.3
PP:Model.Unique                                                  0.8     0.8
Buffer.Size:Iteration.Count                                     25.0     3.1
Buffer.Size:Environment                                         12.0     3.0
Buffer.Size:Model.Unique                                      2164.1  1082.1
Iteration.Count:Environment                                     16.6     2.1
Iteration.Count:Model.Unique                                     6.4     1.6
Environment:Model.Unique                                         1.2     0.6
Backend:PP:Buffer.Size                                           0.1     0.0
Backend:PP:Iteration.Count                                       0.7     0.1
Backend:PP:Environment                                           0.5     0.1
Backend:PP:Model.Unique                                          0.6     0.2
Backend:Buffer.Size:Iteration.Count                              7.3     0.3
Backend:Buffer.Size:Environment                                  5.0     0.4
Backend:Buffer.Size:Model.Unique                                19.1     3.2
Backend:Iteration.Count:Environment                              7.3     0.3
Backend:Iteration.Count:Model.Unique                            20.4     1.7
Backend:Environment:Model.Unique                                 6.8     1.1
PP:Buffer.Size:Iteration.Count                                   0.1     0.0
PP:Buffer.Size:Environment                                       0.4     0.1
PP:Buffer.Size:Model.Unique                                      0.1     0.1
PP:Iteration.Count:Environment                                   0.1     0.0
PP:Iteration.Count:Model.Unique                                  0.0     0.0
PP:Environment:Model.Unique                                      0.6     0.3
Buffer.Size:Iteration.Count:Environment                          2.2     0.1
Buffer.Size:Iteration.Count:Model.Unique                         7.9     1.0
Buffer.Size:Environment:Model.Unique                             4.3     1.1
Iteration.Count:Environment:Model.Unique                         0.2     0.0
Backend:PP:Buffer.Size:Iteration.Count                           0.1     0.0
Backend:PP:Buffer.Size:Environment                               0.6     0.1
Backend:PP:Buffer.Size:Model.Unique                              0.0     0.0
Backend:PP:Iteration.Count:Environment                           0.4     0.0
Backend:PP:Iteration.Count:Model.Unique                          0.1     0.0
Backend:PP:Environment:Model.Unique                              0.4     0.1
Backend:Buffer.Size:Iteration.Count:Environment                  1.0     0.0
Backend:Buffer.Size:Iteration.Count:Model.Unique                 1.4     0.1
Backend:Buffer.Size:Environment:Model.Unique                     1.5     0.1
Backend:Iteration.Count:Environment:Model.Unique                 1.5     0.1
PP:Buffer.Size:Iteration.Count:Environment                       0.1     0.0
PP:Buffer.Size:Iteration.Count:Model.Unique                      0.1     0.0
PP:Buffer.Size:Environment:Model.Unique                          0.3     0.1
PP:Iteration.Count:Environment:Model.Unique                      0.1     0.0
Buffer.Size:Iteration.Count:Environment:Model.Unique             1.7     0.1
Backend:PP:Buffer.Size:Iteration.Count:Environment               0.3     0.0
Backend:PP:Buffer.Size:Iteration.Count:Model.Unique              0.2     0.0
Backend:PP:Buffer.Size:Environment:Model.Unique                  0.3     0.0
Backend:PP:Iteration.Count:Environment:Model.Unique              0.2     0.0
Backend:Buffer.Size:Iteration.Count:Environment:Model.Unique     0.9     0.0
PP:Buffer.Size:Iteration.Count:Environment:Model.Unique          0.0     0.0
                                                             NumDF DenDF
Backend                                                          3  1296
PP                                                               1  1296
Buffer.Size                                                      2  1296
Iteration.Count                                                  4  5232
Environment                                                      2  1296
Model.Unique                                                     1  1296
Backend:PP                                                       3  1296
Backend:Buffer.Size                                              6  1296
Backend:Iteration.Count                                         12  5232
Backend:Environment                                              6  1296
Backend:Model.Unique                                             3  1296
PP:Buffer.Size                                                   2  1296
PP:Iteration.Count                                               4  5232
PP:Environment                                                   2  1296
PP:Model.Unique                                                  1  1296
Buffer.Size:Iteration.Count                                      8  5232
Buffer.Size:Environment                                          4  1296
Buffer.Size:Model.Unique                                         2  1296
Iteration.Count:Environment                                      8  5232
Iteration.Count:Model.Unique                                     4  5232
Environment:Model.Unique                                         2  1296
Backend:PP:Buffer.Size                                           6  1296
Backend:PP:Iteration.Count                                      12  5232
Backend:PP:Environment                                           6  1296
Backend:PP:Model.Unique                                          3  1296
Backend:Buffer.Size:Iteration.Count                             24  5232
Backend:Buffer.Size:Environment                                 12  1296
Backend:Buffer.Size:Model.Unique                                 6  1296
Backend:Iteration.Count:Environment                             24  5232
Backend:Iteration.Count:Model.Unique                            12  5232
Backend:Environment:Model.Unique                                 6  1296
PP:Buffer.Size:Iteration.Count                                   8  5232
PP:Buffer.Size:Environment                                       4  1296
PP:Buffer.Size:Model.Unique                                      2  1296
PP:Iteration.Count:Environment                                   8  5232
PP:Iteration.Count:Model.Unique                                  4  5232
PP:Environment:Model.Unique                                      2  1296
Buffer.Size:Iteration.Count:Environment                         16  5232
Buffer.Size:Iteration.Count:Model.Unique                         8  5232
Buffer.Size:Environment:Model.Unique                             4  1296
Iteration.Count:Environment:Model.Unique                         8  5232
Backend:PP:Buffer.Size:Iteration.Count                          24  5232
Backend:PP:Buffer.Size:Environment                              12  1296
Backend:PP:Buffer.Size:Model.Unique                              6  1296
Backend:PP:Iteration.Count:Environment                          24  5232
Backend:PP:Iteration.Count:Model.Unique                         12  5232
Backend:PP:Environment:Model.Unique                              6  1296
Backend:Buffer.Size:Iteration.Count:Environment                 48  5232
Backend:Buffer.Size:Iteration.Count:Model.Unique                24  5232
Backend:Buffer.Size:Environment:Model.Unique                    12  1296
Backend:Iteration.Count:Environment:Model.Unique                24  5232
PP:Buffer.Size:Iteration.Count:Environment                      16  5232
PP:Buffer.Size:Iteration.Count:Model.Unique                      8  5232
PP:Buffer.Size:Environment:Model.Unique                          4  1296
PP:Iteration.Count:Environment:Model.Unique                      8  5232
Buffer.Size:Iteration.Count:Environment:Model.Unique            16  5232
Backend:PP:Buffer.Size:Iteration.Count:Environment              48  5232
Backend:PP:Buffer.Size:Iteration.Count:Model.Unique             24  5232
Backend:PP:Buffer.Size:Environment:Model.Unique                 12  1296
Backend:PP:Iteration.Count:Environment:Model.Unique             24  5232
Backend:Buffer.Size:Iteration.Count:Environment:Model.Unique    48  5232
PP:Buffer.Size:Iteration.Count:Environment:Model.Unique         16  5232
                                                                F value
Backend                                                      3.3246e+05
PP                                                           4.8074e+01
Buffer.Size                                                  1.0134e+05
Iteration.Count                                              1.9257e+03
Environment                                                  5.9120e+03
Model.Unique                                                 4.7601e+03
Backend:PP                                                   1.3138e+01
Backend:Buffer.Size                                          6.0266e+01
Backend:Iteration.Count                                      2.4982e+02
Backend:Environment                                          7.8454e+02
Backend:Model.Unique                                         5.3428e+04
PP:Buffer.Size                                               4.6347e+00
PP:Iteration.Count                                           5.1917e+00
PP:Environment                                               1.4766e+01
PP:Model.Unique                                              4.7248e+01
Buffer.Size:Iteration.Count                                  1.8001e+02
Buffer.Size:Environment                                      1.7333e+02
Buffer.Size:Model.Unique                                     6.2335e+04
Iteration.Count:Environment                                  1.1984e+02
Iteration.Count:Model.Unique                                 9.2087e+01
Environment:Model.Unique                                     3.5950e+01
Backend:PP:Buffer.Size                                       8.0460e-01
Backend:PP:Iteration.Count                                   3.2391e+00
Backend:PP:Environment                                       4.4866e+00
Backend:PP:Model.Unique                                      1.1270e+01
Backend:Buffer.Size:Iteration.Count                          1.7640e+01
Backend:Buffer.Size:Environment                              2.3805e+01
Backend:Buffer.Size:Model.Unique                             1.8340e+02
Backend:Iteration.Count:Environment                          1.7529e+01
Backend:Iteration.Count:Model.Unique                         9.7920e+01
Backend:Environment:Model.Unique                             6.4874e+01
PP:Buffer.Size:Iteration.Count                               4.2600e-01
PP:Buffer.Size:Environment                                   6.2237e+00
PP:Buffer.Size:Model.Unique                                  3.1054e+00
PP:Iteration.Count:Environment                               9.6330e-01
PP:Iteration.Count:Model.Unique                              1.6240e-01
PP:Environment:Model.Unique                                  1.6913e+01
Buffer.Size:Iteration.Count:Environment                      7.8105e+00
Buffer.Size:Iteration.Count:Model.Unique                     5.6760e+01
Buffer.Size:Environment:Model.Unique                         6.2051e+01
Iteration.Count:Environment:Model.Unique                     1.2255e+00
Backend:PP:Buffer.Size:Iteration.Count                       2.5040e-01
Backend:PP:Buffer.Size:Environment                           3.0743e+00
Backend:PP:Buffer.Size:Model.Unique                          3.8410e-01
Backend:PP:Iteration.Count:Environment                       8.5780e-01
Backend:PP:Iteration.Count:Model.Unique                      4.7900e-01
Backend:PP:Environment:Model.Unique                          4.1101e+00
Backend:Buffer.Size:Iteration.Count:Environment              1.2439e+00
Backend:Buffer.Size:Iteration.Count:Model.Unique             3.3642e+00
Backend:Buffer.Size:Environment:Model.Unique                 7.1990e+00
Backend:Iteration.Count:Environment:Model.Unique             3.6291e+00
PP:Buffer.Size:Iteration.Count:Environment                   3.5690e-01
PP:Buffer.Size:Iteration.Count:Model.Unique                  7.1040e-01
PP:Buffer.Size:Environment:Model.Unique                      4.3712e+00
PP:Iteration.Count:Environment:Model.Unique                  6.1420e-01
Buffer.Size:Iteration.Count:Environment:Model.Unique         6.2216e+00
Backend:PP:Buffer.Size:Iteration.Count:Environment           3.5800e-01
Backend:PP:Buffer.Size:Iteration.Count:Model.Unique          3.8880e-01
Backend:PP:Buffer.Size:Environment:Model.Unique              1.4202e+00
Backend:PP:Iteration.Count:Environment:Model.Unique          5.2450e-01
Backend:Buffer.Size:Iteration.Count:Environment:Model.Unique 1.0502e+00
PP:Buffer.Size:Iteration.Count:Environment:Model.Unique      1.4000e-01
                                                                Pr(>F)    
Backend                                                      < 2.2e-16 ***
PP                                                           6.456e-12 ***
Buffer.Size                                                  < 2.2e-16 ***
Iteration.Count                                              < 2.2e-16 ***
Environment                                                  < 2.2e-16 ***
Model.Unique                                                 < 2.2e-16 ***
Backend:PP                                                   1.875e-08 ***
Backend:Buffer.Size                                          < 2.2e-16 ***
Backend:Iteration.Count                                      < 2.2e-16 ***
Backend:Environment                                          < 2.2e-16 ***
Backend:Model.Unique                                         < 2.2e-16 ***
PP:Buffer.Size                                               0.0098704 ** 
PP:Iteration.Count                                           0.0003582 ***
PP:Environment                                               4.563e-07 ***
PP:Model.Unique                                              9.693e-12 ***
Buffer.Size:Iteration.Count                                  < 2.2e-16 ***
Buffer.Size:Environment                                      < 2.2e-16 ***
Buffer.Size:Model.Unique                                     < 2.2e-16 ***
Iteration.Count:Environment                                  < 2.2e-16 ***
Iteration.Count:Model.Unique                                 < 2.2e-16 ***
Environment:Model.Unique                                     6.377e-16 ***
Backend:PP:Buffer.Size                                       0.5663400    
Backend:PP:Iteration.Count                                   0.0001151 ***
Backend:PP:Environment                                       0.0001659 ***
Backend:PP:Model.Unique                                      2.667e-07 ***
Backend:Buffer.Size:Iteration.Count                          < 2.2e-16 ***
Backend:Buffer.Size:Environment                              < 2.2e-16 ***
Backend:Buffer.Size:Model.Unique                             < 2.2e-16 ***
Backend:Iteration.Count:Environment                          < 2.2e-16 ***
Backend:Iteration.Count:Model.Unique                         < 2.2e-16 ***
Backend:Environment:Model.Unique                             < 2.2e-16 ***
PP:Buffer.Size:Iteration.Count                               0.9061347    
PP:Buffer.Size:Environment                                   5.840e-05 ***
PP:Buffer.Size:Model.Unique                                  0.0451423 *  
PP:Iteration.Count:Environment                               0.4627563    
PP:Iteration.Count:Model.Unique                              0.9573639    
PP:Environment:Model.Unique                                  5.609e-08 ***
Buffer.Size:Iteration.Count:Environment                      < 2.2e-16 ***
Buffer.Size:Iteration.Count:Model.Unique                     < 2.2e-16 ***
Buffer.Size:Environment:Model.Unique                         < 2.2e-16 ***
Iteration.Count:Environment:Model.Unique                     0.2793344    
Backend:PP:Buffer.Size:Iteration.Count                       0.9999265    
Backend:PP:Buffer.Size:Environment                           0.0002675 ***
Backend:PP:Buffer.Size:Model.Unique                          0.8895255    
Backend:PP:Iteration.Count:Environment                       0.6627966    
Backend:PP:Iteration.Count:Model.Unique                      0.9281388    
Backend:PP:Environment:Model.Unique                          0.0004285 ***
Backend:Buffer.Size:Iteration.Count:Environment              0.1210698    
Backend:Buffer.Size:Iteration.Count:Model.Unique             5.464e-08 ***
Backend:Buffer.Size:Environment:Model.Unique                 7.236e-13 ***
Backend:Iteration.Count:Environment:Model.Unique             5.300e-09 ***
PP:Buffer.Size:Iteration.Count:Environment                   0.9908920    
PP:Buffer.Size:Iteration.Count:Model.Unique                  0.6826350    
PP:Buffer.Size:Environment:Model.Unique                      0.0016296 ** 
PP:Iteration.Count:Environment:Model.Unique                  0.7667497    
Buffer.Size:Iteration.Count:Environment:Model.Unique         5.956e-14 ***
Backend:PP:Buffer.Size:Iteration.Count:Environment           0.9999877    
Backend:PP:Buffer.Size:Iteration.Count:Model.Unique          0.9967680    
Backend:PP:Buffer.Size:Environment:Model.Unique              0.1497412    
Backend:PP:Iteration.Count:Environment:Model.Unique          0.9722681    
Backend:Buffer.Size:Iteration.Count:Environment:Model.Unique 0.3791475    
PP:Buffer.Size:Iteration.Count:Environment:Model.Unique      0.9999770    
---
Signif. codes:  0 ‘***’ 0.001 ‘**’ 0.01 ‘*’ 0.05 ‘.’ 0.1 ‘ ’ 1
Significant (p < 0.0001): 35
Non-significant (p >= 0.0001): 27
Type III Analysis of Variance Table with Kenward-Roger's method
                                                      Sum Sq Mean Sq NumDF
Backend                                              17312.9  5771.0     3
PP                                                       0.8     0.8     1
Buffer.Size                                           3518.2  1759.1     2
Iteration.Count                                        133.7    33.4     4
Environment                                            205.2   102.6     2
Model.Unique                                            82.6    82.6     1
Backend:PP                                               0.7     0.2     3
Backend:Buffer.Size                                      6.3     1.0     6
Backend:Iteration.Count                                 52.0     4.3    12
Backend:Environment                                     81.7    13.6     6
Backend:Model.Unique                                  2782.3   927.4     3
PP:Environment                                           0.5     0.3     2
PP:Model.Unique                                          0.8     0.8     1
Buffer.Size:Iteration.Count                             25.0     3.1     8
Buffer.Size:Environment                                 12.0     3.0     4
Buffer.Size:Model.Unique                              2164.1  1082.1     2
Iteration.Count:Environment                             16.6     2.1     8
Iteration.Count:Model.Unique                             6.4     1.6     4
Environment:Model.Unique                                 1.2     0.6     2
Backend:PP:Model.Unique                                  0.6     0.2     3
Backend:Buffer.Size:Iteration.Count                      7.3     0.3    24
Backend:Buffer.Size:Environment                          5.0     0.4    12
Backend:Buffer.Size:Model.Unique                        19.1     3.2     6
Backend:Iteration.Count:Environment                      7.3     0.3    24
Backend:Iteration.Count:Model.Unique                    20.4     1.7    12
Backend:Environment:Model.Unique                         6.8     1.1     6
PP:Buffer.Size:Environment                               0.4     0.1     4
PP:Environment:Model.Unique                              0.6     0.3     2
Buffer.Size:Iteration.Count:Environment                  2.2     0.1    16
Buffer.Size:Iteration.Count:Model.Unique                 7.9     1.0     8
Buffer.Size:Environment:Model.Unique                     4.3     1.1     4
Backend:Buffer.Size:Iteration.Count:Model.Unique         1.4     0.1    24
Backend:Buffer.Size:Environment:Model.Unique             1.5     0.1    12
Backend:Iteration.Count:Environment:Model.Unique         1.5     0.1    24
Buffer.Size:Iteration.Count:Environment:Model.Unique     1.7     0.1    16
                                                     DenDF    F value    Pr(>F)
Backend                                               1296 3.3246e+05 < 2.2e-16
PP                                                    1296 4.8074e+01 6.456e-12
Buffer.Size                                           1296 1.0134e+05 < 2.2e-16
Iteration.Count                                       5232 1.9257e+03 < 2.2e-16
Environment                                           1296 5.9120e+03 < 2.2e-16
Model.Unique                                          1296 4.7601e+03 < 2.2e-16
Backend:PP                                            1296 1.3138e+01 1.875e-08
Backend:Buffer.Size                                   1296 6.0266e+01 < 2.2e-16
Backend:Iteration.Count                               5232 2.4982e+02 < 2.2e-16
Backend:Environment                                   1296 7.8454e+02 < 2.2e-16
Backend:Model.Unique                                  1296 5.3428e+04 < 2.2e-16
PP:Environment                                        1296 1.4766e+01 4.563e-07
PP:Model.Unique                                       1296 4.7248e+01 9.693e-12
Buffer.Size:Iteration.Count                           5232 1.8001e+02 < 2.2e-16
Buffer.Size:Environment                               1296 1.7333e+02 < 2.2e-16
Buffer.Size:Model.Unique                              1296 6.2335e+04 < 2.2e-16
Iteration.Count:Environment                           5232 1.1984e+02 < 2.2e-16
Iteration.Count:Model.Unique                          5232 9.2087e+01 < 2.2e-16
Environment:Model.Unique                              1296 3.5950e+01 6.377e-16
Backend:PP:Model.Unique                               1296 1.1270e+01 2.667e-07
Backend:Buffer.Size:Iteration.Count                   5232 1.7640e+01 < 2.2e-16
Backend:Buffer.Size:Environment                       1296 2.3805e+01 < 2.2e-16
Backend:Buffer.Size:Model.Unique                      1296 1.8340e+02 < 2.2e-16
Backend:Iteration.Count:Environment                   5232 1.7529e+01 < 2.2e-16
Backend:Iteration.Count:Model.Unique                  5232 9.7920e+01 < 2.2e-16
Backend:Environment:Model.Unique                      1296 6.4874e+01 < 2.2e-16
PP:Buffer.Size:Environment                            1296 6.2237e+00 5.840e-05
PP:Environment:Model.Unique                           1296 1.6913e+01 5.609e-08
Buffer.Size:Iteration.Count:Environment               5232 7.8105e+00 < 2.2e-16
Buffer.Size:Iteration.Count:Model.Unique              5232 5.6760e+01 < 2.2e-16
Buffer.Size:Environment:Model.Unique                  1296 6.2051e+01 < 2.2e-16
Backend:Buffer.Size:Iteration.Count:Model.Unique      5232 3.3642e+00 5.464e-08
Backend:Buffer.Size:Environment:Model.Unique          1296 7.1990e+00 7.236e-13
Backend:Iteration.Count:Environment:Model.Unique      5232 3.6291e+00 5.300e-09
Buffer.Size:Iteration.Count:Environment:Model.Unique  5232 6.2216e+00 5.956e-14
                                                        
Backend                                              ***
PP                                                   ***
Buffer.Size                                          ***
Iteration.Count                                      ***
Environment                                          ***
Model.Unique                                         ***
Backend:PP                                           ***
Backend:Buffer.Size                                  ***
Backend:Iteration.Count                              ***
Backend:Environment                                  ***
Backend:Model.Unique                                 ***
PP:Environment                                       ***
PP:Model.Unique                                      ***
Buffer.Size:Iteration.Count                          ***
Buffer.Size:Environment                              ***
Buffer.Size:Model.Unique                             ***
Iteration.Count:Environment                          ***
Iteration.Count:Model.Unique                         ***
Environment:Model.Unique                             ***
Backend:PP:Model.Unique                              ***
Backend:Buffer.Size:Iteration.Count                  ***
Backend:Buffer.Size:Environment                      ***
Backend:Buffer.Size:Model.Unique                     ***
Backend:Iteration.Count:Environment                  ***
Backend:Iteration.Count:Model.Unique                 ***
Backend:Environment:Model.Unique                     ***
PP:Buffer.Size:Environment                           ***
PP:Environment:Model.Unique                          ***
Buffer.Size:Iteration.Count:Environment              ***
Buffer.Size:Iteration.Count:Model.Unique             ***
Buffer.Size:Environment:Model.Unique                 ***
Backend:Buffer.Size:Iteration.Count:Model.Unique     ***
Backend:Buffer.Size:Environment:Model.Unique         ***
Backend:Iteration.Count:Environment:Model.Unique     ***
Buffer.Size:Iteration.Count:Environment:Model.Unique ***
---
Signif. codes:  0 ‘***’ 0.001 ‘**’ 0.01 ‘*’ 0.05 ‘.’ 0.1 ‘ ’ 1
Type III Analysis of Variance Table with Kenward-Roger's method
                                                              Sum Sq  Mean Sq
PP:Buffer.Size                                               0.16090 0.080452
PP:Iteration.Count                                           0.36049 0.090121
Backend:PP:Buffer.Size                                       0.08380 0.013966
Backend:PP:Iteration.Count                                   0.67472 0.056227
Backend:PP:Environment                                       0.46728 0.077881
PP:Buffer.Size:Iteration.Count                               0.05916 0.007395
PP:Buffer.Size:Model.Unique                                  0.10781 0.053905
PP:Iteration.Count:Environment                               0.13378 0.016722
PP:Iteration.Count:Model.Unique                              0.01128 0.002820
Iteration.Count:Environment:Model.Unique                     0.17018 0.021272
Backend:PP:Buffer.Size:Iteration.Count                       0.10432 0.004347
Backend:PP:Buffer.Size:Environment                           0.64040 0.053366
Backend:PP:Buffer.Size:Model.Unique                          0.04000 0.006667
Backend:PP:Iteration.Count:Environment                       0.35736 0.014890
Backend:PP:Iteration.Count:Model.Unique                      0.09978 0.008315
Backend:PP:Environment:Model.Unique                          0.42807 0.071345
Backend:Buffer.Size:Iteration.Count:Environment              1.03646 0.021593
PP:Buffer.Size:Iteration.Count:Environment                   0.09913 0.006195
PP:Buffer.Size:Iteration.Count:Model.Unique                  0.09866 0.012332
PP:Buffer.Size:Environment:Model.Unique                      0.30351 0.075878
PP:Iteration.Count:Environment:Model.Unique                  0.08529 0.010661
Backend:PP:Buffer.Size:Iteration.Count:Environment           0.29827 0.006214
Backend:PP:Buffer.Size:Iteration.Count:Model.Unique          0.16199 0.006749
Backend:PP:Buffer.Size:Environment:Model.Unique              0.29583 0.024652
Backend:PP:Iteration.Count:Environment:Model.Unique          0.21852 0.009105
Backend:Buffer.Size:Iteration.Count:Environment:Model.Unique 0.87505 0.018230
PP:Buffer.Size:Iteration.Count:Environment:Model.Unique      0.03888 0.002430
                                                             NumDF DenDF
PP:Buffer.Size                                                   2  1296
PP:Iteration.Count                                               4  5232
Backend:PP:Buffer.Size                                           6  1296
Backend:PP:Iteration.Count                                      12  5232
Backend:PP:Environment                                           6  1296
PP:Buffer.Size:Iteration.Count                                   8  5232
PP:Buffer.Size:Model.Unique                                      2  1296
PP:Iteration.Count:Environment                                   8  5232
PP:Iteration.Count:Model.Unique                                  4  5232
Iteration.Count:Environment:Model.Unique                         8  5232
Backend:PP:Buffer.Size:Iteration.Count                          24  5232
Backend:PP:Buffer.Size:Environment                              12  1296
Backend:PP:Buffer.Size:Model.Unique                              6  1296
Backend:PP:Iteration.Count:Environment                          24  5232
Backend:PP:Iteration.Count:Model.Unique                         12  5232
Backend:PP:Environment:Model.Unique                              6  1296
Backend:Buffer.Size:Iteration.Count:Environment                 48  5232
PP:Buffer.Size:Iteration.Count:Environment                      16  5232
PP:Buffer.Size:Iteration.Count:Model.Unique                      8  5232
PP:Buffer.Size:Environment:Model.Unique                          4  1296
PP:Iteration.Count:Environment:Model.Unique                      8  5232
Backend:PP:Buffer.Size:Iteration.Count:Environment              48  5232
Backend:PP:Buffer.Size:Iteration.Count:Model.Unique             24  5232
Backend:PP:Buffer.Size:Environment:Model.Unique                 12  1296
Backend:PP:Iteration.Count:Environment:Model.Unique             24  5232
Backend:Buffer.Size:Iteration.Count:Environment:Model.Unique    48  5232
PP:Buffer.Size:Iteration.Count:Environment:Model.Unique         16  5232
                                                             F value    Pr(>F)
PP:Buffer.Size                                                4.6347 0.0098704
PP:Iteration.Count                                            5.1917 0.0003582
Backend:PP:Buffer.Size                                        0.8046 0.5663400
Backend:PP:Iteration.Count                                    3.2391 0.0001151
Backend:PP:Environment                                        4.4866 0.0001659
PP:Buffer.Size:Iteration.Count                                0.4260 0.9061347
PP:Buffer.Size:Model.Unique                                   3.1054 0.0451423
PP:Iteration.Count:Environment                                0.9633 0.4627563
PP:Iteration.Count:Model.Unique                               0.1624 0.9573639
Iteration.Count:Environment:Model.Unique                      1.2255 0.2793344
Backend:PP:Buffer.Size:Iteration.Count                        0.2504 0.9999265
Backend:PP:Buffer.Size:Environment                            3.0743 0.0002675
Backend:PP:Buffer.Size:Model.Unique                           0.3841 0.8895255
Backend:PP:Iteration.Count:Environment                        0.8578 0.6627966
Backend:PP:Iteration.Count:Model.Unique                       0.4790 0.9281388
Backend:PP:Environment:Model.Unique                           4.1101 0.0004285
Backend:Buffer.Size:Iteration.Count:Environment               1.2439 0.1210698
PP:Buffer.Size:Iteration.Count:Environment                    0.3569 0.9908920
PP:Buffer.Size:Iteration.Count:Model.Unique                   0.7104 0.6826350
PP:Buffer.Size:Environment:Model.Unique                       4.3712 0.0016296
PP:Iteration.Count:Environment:Model.Unique                   0.6142 0.7667497
Backend:PP:Buffer.Size:Iteration.Count:Environment            0.3580 0.9999877
Backend:PP:Buffer.Size:Iteration.Count:Model.Unique           0.3888 0.9967680
Backend:PP:Buffer.Size:Environment:Model.Unique               1.4202 0.1497412
Backend:PP:Iteration.Count:Environment:Model.Unique           0.5245 0.9722681
Backend:Buffer.Size:Iteration.Count:Environment:Model.Unique  1.0502 0.3791475
PP:Buffer.Size:Iteration.Count:Environment:Model.Unique       0.1400 0.9999770
                                                                
PP:Buffer.Size                                               ** 
PP:Iteration.Count                                           ***
Backend:PP:Buffer.Size                                          
Backend:PP:Iteration.Count                                   ***
Backend:PP:Environment                                       ***
PP:Buffer.Size:Iteration.Count                                  
PP:Buffer.Size:Model.Unique                                  *  
PP:Iteration.Count:Environment                                  
PP:Iteration.Count:Model.Unique                                 
Iteration.Count:Environment:Model.Unique                        
Backend:PP:Buffer.Size:Iteration.Count                          
Backend:PP:Buffer.Size:Environment                           ***
Backend:PP:Buffer.Size:Model.Unique                             
Backend:PP:Iteration.Count:Environment                          
Backend:PP:Iteration.Count:Model.Unique                         
Backend:PP:Environment:Model.Unique                          ***
Backend:Buffer.Size:Iteration.Count:Environment                 
PP:Buffer.Size:Iteration.Count:Environment                      
PP:Buffer.Size:Iteration.Count:Model.Unique                     
PP:Buffer.Size:Environment:Model.Unique                      ** 
PP:Iteration.Count:Environment:Model.Unique                     
Backend:PP:Buffer.Size:Iteration.Count:Environment              
Backend:PP:Buffer.Size:Iteration.Count:Model.Unique             
Backend:PP:Buffer.Size:Environment:Model.Unique                 
Backend:PP:Iteration.Count:Environment:Model.Unique             
Backend:Buffer.Size:Iteration.Count:Environment:Model.Unique    
PP:Buffer.Size:Iteration.Count:Environment:Model.Unique         
---
Signif. codes:  0 ‘***’ 0.001 ‘**’ 0.01 ‘*’ 0.05 ‘.’ 0.1 ‘ ’ 1

#####################################################################
# Clean up the environment
#####################################################################

Remaining attached packages:
Remaining objects in the environment:
Removing all objects from the environment...
Remaining objects in the environment:
Warning messages:
1: In q("no", save = "no") : NAs introduced by coercion
2: In q("no", save = "no") : invalid 'status', 0 assumed
