"contrast","Environment","Model.Unique","ratio","SE","df","null","t.ratio","p.value"
"wasm / js","Chrome","guitar-lstm",0.988798877879254,0.00880711894284242,1295.99999999998,1,-1.26467623282062,0.206214782913886
"wasm / js","Firefox","guitar-lstm",0.967223296330754,0.00861494769628317,1295.99999999998,1,-3.74158750641629,0.000190855373166054
"wasm / js","Safari","guitar-lstm",0.821149947504592,0.00731388902169143,1295.99999999998,1,-22.1232813320904,2.90318274468669e-92
"wasm / js","Chrome","steerable-nafx",0.983745922694221,0.00876211284673651,1295.99999999998,1,-1.83988251367736,0.0660140597498902
"wasm / js","Firefox","steerable-nafx",1.01825353478453,0.00906946821587337,1296.00000000011,1,2.03089372051181,0.0424695610159954
"wasm / js","Safari","steerable-nafx",0.978540387709299,0.00871574773973753,1295.99999999998,1,-2.43555578503528,0.0150029988525645
