Version: 26.6.2 (25G83)

Timer resolution: 84 ns

----------------------------------------------------------------------------------------------------------------------------------------
Model: steerable-nafx-libtorch-dynamic.onnx | Run: bypass | Host Sample Rate: 44100 Hz | Host Buffer Size: 128 = 2.9025 ms
----------------------------------------------------------------------------------------------------------------------------------------

Benchmark: 10 repetitions x 50 iterations

[INFO] Anira version: 0.0.0-unknown
[WARNING] Session 0 requested more parallel processors than threads are available in Context. Using number of threads as number of parallel processors.
ProcessBlock/steerable-nafx-libtorch-dynamic.onnx/bypass/128/iteration:0/repetition:1			0.1418 ms
ProcessBlock/steerable-nafx-libtorch-dynamic.onnx/bypass/128/iteration:1/repetition:1			0.1294 ms
ProcessBlock/steerable-nafx-libtorch-dynamic.onnx/bypass/128/iteration:2/repetition:1			0.1325 ms
ProcessBlock/steerable-nafx-libtorch-dynamic.onnx/bypass/128/iteration:3/repetition:1			0.1300 ms
ProcessBlock/steerable-nafx-libtorch-dynamic.onnx/bypass/128/iteration:4/repetition:1			0.1292 ms
ProcessBlock/steerable-nafx-libtorch-dynamic.onnx/bypass/128/iteration:5/repetition:1			0.1292 ms
ProcessBlock/steerable-nafx-libtorch-dynamic.onnx/bypass/128/iteration:6/repetition:1			0.1290 ms
ProcessBlock/steerable-nafx-libtorch-dynamic.onnx/bypass/128/iteration:7/repetition:1			0.1292 ms
ProcessBlock/steerable-nafx-libtorch-dynamic.onnx/bypass/128/iteration:8/repetition:1			0.1290 ms
ProcessBlock/steerable-nafx-libtorch-dynamic.onnx/bypass/128/iteration:9/repetition:1			0.1323 ms
ProcessBlock/steerable-nafx-libtorch-dynamic.onnx/bypass/128/iteration:10/repetition:1			0.1293 ms
ProcessBlock/steerable-nafx-libtorch-dynamic.onnx/bypass/128/iteration:11/repetition:1			0.1293 ms
ProcessBlock/steerable-nafx-libtorch-dynamic.onnx/bypass/128/iteration:12/repetition:1			0.1305 ms
ProcessBlock/steerable-nafx-libtorch-dynamic.onnx/bypass/128/iteration:13/repetition:1			0.1297 ms
ProcessBlock/steerable-nafx-libtorch-dynamic.onnx/bypass/128/iteration:14/repetition:1			0.1292 ms
ProcessBlock/steerable-nafx-libtorch-dynamic.onnx/bypass/128/iteration:15/repetition:1			0.1291 ms
ProcessBlock/steerable-nafx-libtorch-dynamic.onnx/bypass/128/iteration:16/repetition:1			0.1295 ms
ProcessBlock/steerable-nafx-libtorch-dynamic.onnx/bypass/128/iteration:17/repetition:1			0.1305 ms
ProcessBlock/steerable-nafx-libtorch-dynamic.onnx/bypass/128/iteration:18/repetition:1			0.1300 ms
ProcessBlock/steerable-nafx-libtorch-dynamic.onnx/bypass/128/iteration:19/repetition:1			0.1292 ms
ProcessBlock/steerable-nafx-libtorch-dynamic.onnx/bypass/128/iteration:20/repetition:1			0.1294 ms
ProcessBlock/steerable-nafx-libtorch-dynamic.onnx/bypass/128/iteration:21/repetition:1			0.1300 ms
ProcessBlock/steerable-nafx-libtorch-dynamic.onnx/bypass/128/iteration:22/repetition:1			0.1303 ms
ProcessBlock/steerable-nafx-libtorch-dynamic.onnx/bypass/128/iteration:23/repetition:1			0.1300 ms
ProcessBlock/steerable-nafx-libtorch-dynamic.onnx/bypass/128/iteration:24/repetition:1			0.1300 ms
ProcessBlock/steerable-nafx-libtorch-dynamic.onnx/bypass/128/iteration:25/repetition:1			0.1298 ms
ProcessBlock/steerable-nafx-libtorch-dynamic.onnx/bypass/128/iteration:26/repetition:1			0.1292 ms
ProcessBlock/steerable-nafx-libtorch-dynamic.onnx/bypass/128/iteration:27/repetition:1			0.1293 ms
ProcessBlock/steerable-nafx-libtorch-dynamic.onnx/bypass/128/iteration:28/repetition:1			0.1291 ms
ProcessBlock/steerable-nafx-libtorch-dynamic.onnx/bypass/128/iteration:29/repetition:1			0.1292 ms
ProcessBlock/steerable-nafx-libtorch-dynamic.onnx/bypass/128/iteration:30/repetition:1			0.1301 ms
ProcessBlock/steerable-nafx-libtorch-dynamic.onnx/bypass/128/iteration:31/repetition:1			0.1300 ms
ProcessBlock/steerable-nafx-libtorch-dynamic.onnx/bypass/128/iteration:32/repetition:1			0.1304 ms
ProcessBlock/steerable-nafx-libtorch-dynamic.onnx/bypass/128/iteration:33/repetition:1			0.1301 ms
ProcessBlock/steerable-nafx-libtorch-dynamic.onnx/bypass/128/iteration:34/repetition:1			0.1305 ms
ProcessBlock/steerable-nafx-libtorch-dynamic.onnx/bypass/128/iteration:35/repetition:1			0.1303 ms
ProcessBlock/steerable-nafx-libtorch-dynamic.onnx/bypass/128/iteration:36/repetition:1			0.1293 ms
ProcessBlock/steerable-nafx-libtorch-dynamic.onnx/bypass/128/iteration:37/repetition:1			0.1292 ms
ProcessBlock/steerable-nafx-libtorch-dynamic.onnx/bypass/128/iteration:38/repetition:1			0.1292 ms
ProcessBlock/steerable-nafx-libtorch-dynamic.onnx/bypass/128/iteration:39/repetition:1			0.1292 ms
ProcessBlock/steerable-nafx-libtorch-dynamic.onnx/bypass/128/iteration:40/repetition:1			0.1293 ms
ProcessBlock/steerable-nafx-libtorch-dynamic.onnx/bypass/128/iteration:41/repetition:1			0.1301 ms
ProcessBlock/steerable-nafx-libtorch-dynamic.onnx/bypass/128/iteration:42/repetition:1			0.1300 ms
ProcessBlock/steerable-nafx-libtorch-dynamic.onnx/bypass/128/iteration:43/repetition:1			0.1317 ms
ProcessBlock/steerable-nafx-libtorch-dynamic.onnx/bypass/128/iteration:44/repetition:1			0.1301 ms
ProcessBlock/steerable-nafx-libtorch-dynamic.onnx/bypass/128/iteration:45/repetition:1			0.1292 ms
ProcessBlock/steerable-nafx-libtorch-dynamic.onnx/bypass/128/iteration:46/repetition:1			0.1300 ms
ProcessBlock/steerable-nafx-libtorch-dynamic.onnx/bypass/128/iteration:47/repetition:1			0.1301 ms
ProcessBlock/steerable-nafx-libtorch-dynamic.onnx/bypass/128/iteration:48/repetition:1			0.1293 ms
ProcessBlock/steerable-nafx-libtorch-dynamic.onnx/bypass/128/iteration:49/repetition:1			0.1303 ms
  Repetition 1/10: mean=0.1300 ms

[INFO] Anira version: 0.0.0-unknown
[WARNING] Session 1 requested more parallel processors than threads are available in Context. Using number of threads as number of parallel processors.
ProcessBlock/steerable-nafx-libtorch-dynamic.onnx/bypass/128/iteration:0/repetition:2			0.1373 ms
ProcessBlock/steerable-nafx-libtorch-dynamic.onnx/bypass/128/iteration:1/repetition:2			0.1300 ms
ProcessBlock/steerable-nafx-libtorch-dynamic.onnx/bypass/128/iteration:2/repetition:2			0.1299 ms
ProcessBlock/steerable-nafx-libtorch-dynamic.onnx/bypass/128/iteration:3/repetition:2			0.1293 ms
ProcessBlock/steerable-nafx-libtorch-dynamic.onnx/bypass/128/iteration:4/repetition:2			0.1290 ms
ProcessBlock/steerable-nafx-libtorch-dynamic.onnx/bypass/128/iteration:5/repetition:2			0.1320 ms
ProcessBlock/steerable-nafx-libtorch-dynamic.onnx/bypass/128/iteration:6/repetition:2			0.1293 ms
ProcessBlock/steerable-nafx-libtorch-dynamic.onnx/bypass/128/iteration:7/repetition:2			0.1300 ms
ProcessBlock/steerable-nafx-libtorch-dynamic.onnx/bypass/128/iteration:8/repetition:2			0.1291 ms
ProcessBlock/steerable-nafx-libtorch-dynamic.onnx/bypass/128/iteration:9/repetition:2			0.1290 ms
ProcessBlock/steerable-nafx-libtorch-dynamic.onnx/bypass/128/iteration:10/repetition:2			0.1291 ms
ProcessBlock/steerable-nafx-libtorch-dynamic.onnx/bypass/128/iteration:11/repetition:2			0.1290 ms
ProcessBlock/steerable-nafx-libtorch-dynamic.onnx/bypass/128/iteration:12/repetition:2			0.1290 ms
ProcessBlock/steerable-nafx-libtorch-dynamic.onnx/bypass/128/iteration:13/repetition:2			0.1291 ms
ProcessBlock/steerable-nafx-libtorch-dynamic.onnx/bypass/128/iteration:14/repetition:2			0.1291 ms
ProcessBlock/steerable-nafx-libtorch-dynamic.onnx/bypass/128/iteration:15/repetition:2			0.1293 ms
ProcessBlock/steerable-nafx-libtorch-dynamic.onnx/bypass/128/iteration:16/repetition:2			0.1289 ms
ProcessBlock/steerable-nafx-libtorch-dynamic.onnx/bypass/128/iteration:17/repetition:2			0.1290 ms
ProcessBlock/steerable-nafx-libtorch-dynamic.onnx/bypass/128/iteration:18/repetition:2			0.1290 ms
ProcessBlock/steerable-nafx-libtorch-dynamic.onnx/bypass/128/iteration:19/repetition:2			0.1290 ms
ProcessBlock/steerable-nafx-libtorch-dynamic.onnx/bypass/128/iteration:20/repetition:2			0.1306 ms
ProcessBlock/steerable-nafx-libtorch-dynamic.onnx/bypass/128/iteration:21/repetition:2			0.1308 ms
ProcessBlock/steerable-nafx-libtorch-dynamic.onnx/bypass/128/iteration:22/repetition:2			0.1290 ms
ProcessBlock/steerable-nafx-libtorch-dynamic.onnx/bypass/128/iteration:23/repetition:2			0.1293 ms
ProcessBlock/steerable-nafx-libtorch-dynamic.onnx/bypass/128/iteration:24/repetition:2			0.1299 ms
ProcessBlock/steerable-nafx-libtorch-dynamic.onnx/bypass/128/iteration:25/repetition:2			0.1297 ms
ProcessBlock/steerable-nafx-libtorch-dynamic.onnx/bypass/128/iteration:26/repetition:2			0.1298 ms
ProcessBlock/steerable-nafx-libtorch-dynamic.onnx/bypass/128/iteration:27/repetition:2			0.1292 ms
ProcessBlock/steerable-nafx-libtorch-dynamic.onnx/bypass/128/iteration:28/repetition:2			0.1303 ms
ProcessBlock/steerable-nafx-libtorch-dynamic.onnx/bypass/128/iteration:29/repetition:2			0.1292 ms
ProcessBlock/steerable-nafx-libtorch-dynamic.onnx/bypass/128/iteration:30/repetition:2			0.1293 ms
ProcessBlock/steerable-nafx-libtorch-dynamic.onnx/bypass/128/iteration:31/repetition:2			0.1290 ms
ProcessBlock/steerable-nafx-libtorch-dynamic.onnx/bypass/128/iteration:32/repetition:2			0.1300 ms
ProcessBlock/steerable-nafx-libtorch-dynamic.onnx/bypass/128/iteration:33/repetition:2			0.1291 ms
ProcessBlock/steerable-nafx-libtorch-dynamic.onnx/bypass/128/iteration:34/repetition:2			0.1290 ms
ProcessBlock/steerable-nafx-libtorch-dynamic.onnx/bypass/128/iteration:35/repetition:2			0.1291 ms
ProcessBlock/steerable-nafx-libtorch-dynamic.onnx/bypass/128/iteration:36/repetition:2			0.1319 ms
ProcessBlock/steerable-nafx-libtorch-dynamic.onnx/bypass/128/iteration:37/repetition:2			0.1326 ms
ProcessBlock/steerable-nafx-libtorch-dynamic.onnx/bypass/128/iteration:38/repetition:2			0.1317 ms
ProcessBlock/steerable-nafx-libtorch-dynamic.onnx/bypass/128/iteration:39/repetition:2			0.1318 ms
ProcessBlock/steerable-nafx-libtorch-dynamic.onnx/bypass/128/iteration:40/repetition:2			0.1316 ms
ProcessBlock/steerable-nafx-libtorch-dynamic.onnx/bypass/128/iteration:41/repetition:2			0.1312 ms
ProcessBlock/steerable-nafx-libtorch-dynamic.onnx/bypass/128/iteration:42/repetition:2			0.1315 ms
ProcessBlock/steerable-nafx-libtorch-dynamic.onnx/bypass/128/iteration:43/repetition:2			0.1313 ms
ProcessBlock/steerable-nafx-libtorch-dynamic.onnx/bypass/128/iteration:44/repetition:2			0.1316 ms
ProcessBlock/steerable-nafx-libtorch-dynamic.onnx/bypass/128/iteration:45/repetition:2			0.1316 ms
ProcessBlock/steerable-nafx-libtorch-dynamic.onnx/bypass/128/iteration:46/repetition:2			0.1315 ms
ProcessBlock/steerable-nafx-libtorch-dynamic.onnx/bypass/128/iteration:47/repetition:2			0.1313 ms
ProcessBlock/steerable-nafx-libtorch-dynamic.onnx/bypass/128/iteration:48/repetition:2			0.1315 ms
ProcessBlock/steerable-nafx-libtorch-dynamic.onnx/bypass/128/iteration:49/repetition:2			0.1308 ms
  Repetition 2/10: mean=0.1302 ms

[INFO] Anira version: 0.0.0-unknown
[WARNING] Session 2 requested more parallel processors than threads are available in Context. Using number of threads as number of parallel processors.
ProcessBlock/steerable-nafx-libtorch-dynamic.onnx/bypass/128/iteration:0/repetition:3			0.1395 ms
ProcessBlock/steerable-nafx-libtorch-dynamic.onnx/bypass/128/iteration:1/repetition:3			0.1322 ms
ProcessBlock/steerable-nafx-libtorch-dynamic.onnx/bypass/128/iteration:2/repetition:3			0.1315 ms
ProcessBlock/steerable-nafx-libtorch-dynamic.onnx/bypass/128/iteration:3/repetition:3			0.1316 ms
ProcessBlock/steerable-nafx-libtorch-dynamic.onnx/bypass/128/iteration:4/repetition:3			0.1317 ms
ProcessBlock/steerable-nafx-libtorch-dynamic.onnx/bypass/128/iteration:5/repetition:3			0.1327 ms
ProcessBlock/steerable-nafx-libtorch-dynamic.onnx/bypass/128/iteration:6/repetition:3			0.1325 ms
ProcessBlock/steerable-nafx-libtorch-dynamic.onnx/bypass/128/iteration:7/repetition:3			0.1323 ms
ProcessBlock/steerable-nafx-libtorch-dynamic.onnx/bypass/128/iteration:8/repetition:3			0.1316 ms
ProcessBlock/steerable-nafx-libtorch-dynamic.onnx/bypass/128/iteration:9/repetition:3			0.1318 ms
ProcessBlock/steerable-nafx-libtorch-dynamic.onnx/bypass/128/iteration:10/repetition:3			0.1326 ms
ProcessBlock/steerable-nafx-libtorch-dynamic.onnx/bypass/128/iteration:11/repetition:3			0.1308 ms
ProcessBlock/steerable-nafx-libtorch-dynamic.onnx/bypass/128/iteration:12/repetition:3			0.1313 ms
ProcessBlock/steerable-nafx-libtorch-dynamic.onnx/bypass/128/iteration:13/repetition:3			0.1303 ms
ProcessBlock/steerable-nafx-libtorch-dynamic.onnx/bypass/128/iteration:14/repetition:3			0.1304 ms
ProcessBlock/steerable-nafx-libtorch-dynamic.onnx/bypass/128/iteration:15/repetition:3			0.1315 ms
ProcessBlock/steerable-nafx-libtorch-dynamic.onnx/bypass/128/iteration:16/repetition:3			0.1316 ms
ProcessBlock/steerable-nafx-libtorch-dynamic.onnx/bypass/128/iteration:17/repetition:3			0.1303 ms
ProcessBlock/steerable-nafx-libtorch-dynamic.onnx/bypass/128/iteration:18/repetition:3			0.1317 ms
ProcessBlock/steerable-nafx-libtorch-dynamic.onnx/bypass/128/iteration:19/repetition:3			0.1315 ms
ProcessBlock/steerable-nafx-libtorch-dynamic.onnx/bypass/128/iteration:20/repetition:3			0.1303 ms
ProcessBlock/steerable-nafx-libtorch-dynamic.onnx/bypass/128/iteration:21/repetition:3			0.1303 ms
ProcessBlock/steerable-nafx-libtorch-dynamic.onnx/bypass/128/iteration:22/repetition:3			0.1303 ms
ProcessBlock/steerable-nafx-libtorch-dynamic.onnx/bypass/128/iteration:23/repetition:3			0.1303 ms
ProcessBlock/steerable-nafx-libtorch-dynamic.onnx/bypass/128/iteration:24/repetition:3			0.1303 ms
ProcessBlock/steerable-nafx-libtorch-dynamic.onnx/bypass/128/iteration:25/repetition:3			0.1315 ms
ProcessBlock/steerable-nafx-libtorch-dynamic.onnx/bypass/128/iteration:26/repetition:3			0.1308 ms
ProcessBlock/steerable-nafx-libtorch-dynamic.onnx/bypass/128/iteration:27/repetition:3			0.1312 ms
ProcessBlock/steerable-nafx-libtorch-dynamic.onnx/bypass/128/iteration:28/repetition:3			0.1303 ms
ProcessBlock/steerable-nafx-libtorch-dynamic.onnx/bypass/128/iteration:29/repetition:3			0.1304 ms
ProcessBlock/steerable-nafx-libtorch-dynamic.onnx/bypass/128/iteration:30/repetition:3			0.1316 ms
ProcessBlock/steerable-nafx-libtorch-dynamic.onnx/bypass/128/iteration:31/repetition:3			0.1321 ms
ProcessBlock/steerable-nafx-libtorch-dynamic.onnx/bypass/128/iteration:32/repetition:3			0.1323 ms
ProcessBlock/steerable-nafx-libtorch-dynamic.onnx/bypass/128/iteration:33/repetition:3			0.1310 ms
ProcessBlock/steerable-nafx-libtorch-dynamic.onnx/bypass/128/iteration:34/repetition:3			0.1310 ms
ProcessBlock/steerable-nafx-libtorch-dynamic.onnx/bypass/128/iteration:35/repetition:3			0.1309 ms
ProcessBlock/steerable-nafx-libtorch-dynamic.onnx/bypass/128/iteration:36/repetition:3			0.1312 ms
ProcessBlock/steerable-nafx-libtorch-dynamic.onnx/bypass/128/iteration:37/repetition:3			0.1315 ms
ProcessBlock/steerable-nafx-libtorch-dynamic.onnx/bypass/128/iteration:38/repetition:3			0.1303 ms
ProcessBlock/steerable-nafx-libtorch-dynamic.onnx/bypass/128/iteration:39/repetition:3			0.1308 ms
ProcessBlock/steerable-nafx-libtorch-dynamic.onnx/bypass/128/iteration:40/repetition:3			0.1318 ms
ProcessBlock/steerable-nafx-libtorch-dynamic.onnx/bypass/128/iteration:41/repetition:3			0.1313 ms
ProcessBlock/steerable-nafx-libtorch-dynamic.onnx/bypass/128/iteration:42/repetition:3			0.1314 ms
ProcessBlock/steerable-nafx-libtorch-dynamic.onnx/bypass/128/iteration:43/repetition:3			0.1320 ms
ProcessBlock/steerable-nafx-libtorch-dynamic.onnx/bypass/128/iteration:44/repetition:3			0.1321 ms
ProcessBlock/steerable-nafx-libtorch-dynamic.onnx/bypass/128/iteration:45/repetition:3			0.1314 ms
ProcessBlock/steerable-nafx-libtorch-dynamic.onnx/bypass/128/iteration:46/repetition:3			0.1322 ms
ProcessBlock/steerable-nafx-libtorch-dynamic.onnx/bypass/128/iteration:47/repetition:3			0.1313 ms
ProcessBlock/steerable-nafx-libtorch-dynamic.onnx/bypass/128/iteration:48/repetition:3			0.1313 ms
ProcessBlock/steerable-nafx-libtorch-dynamic.onnx/bypass/128/iteration:49/repetition:3			0.1313 ms
  Repetition 3/10: mean=0.1315 ms

[INFO] Anira version: 0.0.0-unknown
[WARNING] Session 3 requested more parallel processors than threads are available in Context. Using number of threads as number of parallel processors.
ProcessBlock/steerable-nafx-libtorch-dynamic.onnx/bypass/128/iteration:0/repetition:4			0.1427 ms
ProcessBlock/steerable-nafx-libtorch-dynamic.onnx/bypass/128/iteration:1/repetition:4			0.1316 ms
ProcessBlock/steerable-nafx-libtorch-dynamic.onnx/bypass/128/iteration:2/repetition:4			0.1310 ms
ProcessBlock/steerable-nafx-libtorch-dynamic.onnx/bypass/128/iteration:3/repetition:4			0.1317 ms
ProcessBlock/steerable-nafx-libtorch-dynamic.onnx/bypass/128/iteration:4/repetition:4			0.1315 ms
ProcessBlock/steerable-nafx-libtorch-dynamic.onnx/bypass/128/iteration:5/repetition:4			0.1317 ms
ProcessBlock/steerable-nafx-libtorch-dynamic.onnx/bypass/128/iteration:6/repetition:4			0.1323 ms
ProcessBlock/steerable-nafx-libtorch-dynamic.onnx/bypass/128/iteration:7/repetition:4			0.1319 ms
ProcessBlock/steerable-nafx-libtorch-dynamic.onnx/bypass/128/iteration:8/repetition:4			0.1312 ms
ProcessBlock/steerable-nafx-libtorch-dynamic.onnx/bypass/128/iteration:9/repetition:4			0.1311 ms
ProcessBlock/steerable-nafx-libtorch-dynamic.onnx/bypass/128/iteration:10/repetition:4			0.1318 ms
ProcessBlock/steerable-nafx-libtorch-dynamic.onnx/bypass/128/iteration:11/repetition:4			0.1316 ms
ProcessBlock/steerable-nafx-libtorch-dynamic.onnx/bypass/128/iteration:12/repetition:4			0.1315 ms
ProcessBlock/steerable-nafx-libtorch-dynamic.onnx/bypass/128/iteration:13/repetition:4			0.1316 ms
ProcessBlock/steerable-nafx-libtorch-dynamic.onnx/bypass/128/iteration:14/repetition:4			0.1317 ms
ProcessBlock/steerable-nafx-libtorch-dynamic.onnx/bypass/128/iteration:15/repetition:4			0.1323 ms
ProcessBlock/steerable-nafx-libtorch-dynamic.onnx/bypass/128/iteration:16/repetition:4			0.1309 ms
ProcessBlock/steerable-nafx-libtorch-dynamic.onnx/bypass/128/iteration:17/repetition:4			0.1311 ms
ProcessBlock/steerable-nafx-libtorch-dynamic.onnx/bypass/128/iteration:18/repetition:4			0.1308 ms
ProcessBlock/steerable-nafx-libtorch-dynamic.onnx/bypass/128/iteration:19/repetition:4			0.1319 ms
ProcessBlock/steerable-nafx-libtorch-dynamic.onnx/bypass/128/iteration:20/repetition:4			0.1325 ms
ProcessBlock/steerable-nafx-libtorch-dynamic.onnx/bypass/128/iteration:21/repetition:4			0.1308 ms
ProcessBlock/steerable-nafx-libtorch-dynamic.onnx/bypass/128/iteration:22/repetition:4			0.1330 ms
ProcessBlock/steerable-nafx-libtorch-dynamic.onnx/bypass/128/iteration:23/repetition:4			0.1317 ms
ProcessBlock/steerable-nafx-libtorch-dynamic.onnx/bypass/128/iteration:24/repetition:4			0.1316 ms
ProcessBlock/steerable-nafx-libtorch-dynamic.onnx/bypass/128/iteration:25/repetition:4			0.1315 ms
ProcessBlock/steerable-nafx-libtorch-dynamic.onnx/bypass/128/iteration:26/repetition:4			0.1316 ms
ProcessBlock/steerable-nafx-libtorch-dynamic.onnx/bypass/128/iteration:27/repetition:4			0.1318 ms
ProcessBlock/steerable-nafx-libtorch-dynamic.onnx/bypass/128/iteration:28/repetition:4			0.1314 ms
ProcessBlock/steerable-nafx-libtorch-dynamic.onnx/bypass/128/iteration:29/repetition:4			0.1337 ms
ProcessBlock/steerable-nafx-libtorch-dynamic.onnx/bypass/128/iteration:30/repetition:4			0.1315 ms
ProcessBlock/steerable-nafx-libtorch-dynamic.onnx/bypass/128/iteration:31/repetition:4			0.1310 ms
ProcessBlock/steerable-nafx-libtorch-dynamic.onnx/bypass/128/iteration:32/repetition:4			0.1317 ms
ProcessBlock/steerable-nafx-libtorch-dynamic.onnx/bypass/128/iteration:33/repetition:4			0.1315 ms
ProcessBlock/steerable-nafx-libtorch-dynamic.onnx/bypass/128/iteration:34/repetition:4			0.1316 ms
ProcessBlock/steerable-nafx-libtorch-dynamic.onnx/bypass/128/iteration:35/repetition:4			0.1317 ms
ProcessBlock/steerable-nafx-libtorch-dynamic.onnx/bypass/128/iteration:36/repetition:4			0.1307 ms
ProcessBlock/steerable-nafx-libtorch-dynamic.onnx/bypass/128/iteration:37/repetition:4			0.1313 ms
ProcessBlock/steerable-nafx-libtorch-dynamic.onnx/bypass/128/iteration:38/repetition:4			0.1304 ms
ProcessBlock/steerable-nafx-libtorch-dynamic.onnx/bypass/128/iteration:39/repetition:4			0.1328 ms
ProcessBlock/steerable-nafx-libtorch-dynamic.onnx/bypass/128/iteration:40/repetition:4			0.1323 ms
ProcessBlock/steerable-nafx-libtorch-dynamic.onnx/bypass/128/iteration:41/repetition:4			0.1316 ms
ProcessBlock/steerable-nafx-libtorch-dynamic.onnx/bypass/128/iteration:42/repetition:4			0.1313 ms
ProcessBlock/steerable-nafx-libtorch-dynamic.onnx/bypass/128/iteration:43/repetition:4			0.1375 ms
ProcessBlock/steerable-nafx-libtorch-dynamic.onnx/bypass/128/iteration:44/repetition:4			0.1340 ms
ProcessBlock/steerable-nafx-libtorch-dynamic.onnx/bypass/128/iteration:45/repetition:4			0.1319 ms
ProcessBlock/steerable-nafx-libtorch-dynamic.onnx/bypass/128/iteration:46/repetition:4			0.1312 ms
ProcessBlock/steerable-nafx-libtorch-dynamic.onnx/bypass/128/iteration:47/repetition:4			0.1314 ms
ProcessBlock/steerable-nafx-libtorch-dynamic.onnx/bypass/128/iteration:48/repetition:4			0.1323 ms
ProcessBlock/steerable-nafx-libtorch-dynamic.onnx/bypass/128/iteration:49/repetition:4			0.1323 ms
  Repetition 4/10: mean=0.1320 ms

[INFO] Anira version: 0.0.0-unknown
[WARNING] Session 4 requested more parallel processors than threads are available in Context. Using number of threads as number of parallel processors.
ProcessBlock/steerable-nafx-libtorch-dynamic.onnx/bypass/128/iteration:0/repetition:5			0.1406 ms
ProcessBlock/steerable-nafx-libtorch-dynamic.onnx/bypass/128/iteration:1/repetition:5			0.1322 ms
ProcessBlock/steerable-nafx-libtorch-dynamic.onnx/bypass/128/iteration:2/repetition:5			0.1319 ms
ProcessBlock/steerable-nafx-libtorch-dynamic.onnx/bypass/128/iteration:3/repetition:5			0.1323 ms
ProcessBlock/steerable-nafx-libtorch-dynamic.onnx/bypass/128/iteration:4/repetition:5			0.1325 ms
ProcessBlock/steerable-nafx-libtorch-dynamic.onnx/bypass/128/iteration:5/repetition:5			0.1310 ms
ProcessBlock/steerable-nafx-libtorch-dynamic.onnx/bypass/128/iteration:6/repetition:5			0.1319 ms
ProcessBlock/steerable-nafx-libtorch-dynamic.onnx/bypass/128/iteration:7/repetition:5			0.1316 ms
ProcessBlock/steerable-nafx-libtorch-dynamic.onnx/bypass/128/iteration:8/repetition:5			0.1315 ms
ProcessBlock/steerable-nafx-libtorch-dynamic.onnx/bypass/128/iteration:9/repetition:5			0.1328 ms
ProcessBlock/steerable-nafx-libtorch-dynamic.onnx/bypass/128/iteration:10/repetition:5			0.1323 ms
ProcessBlock/steerable-nafx-libtorch-dynamic.onnx/bypass/128/iteration:11/repetition:5			0.1323 ms
ProcessBlock/steerable-nafx-libtorch-dynamic.onnx/bypass/128/iteration:12/repetition:5			0.1318 ms
ProcessBlock/steerable-nafx-libtorch-dynamic.onnx/bypass/128/iteration:13/repetition:5			0.1315 ms
ProcessBlock/steerable-nafx-libtorch-dynamic.onnx/bypass/128/iteration:14/repetition:5			0.1323 ms
ProcessBlock/steerable-nafx-libtorch-dynamic.onnx/bypass/128/iteration:15/repetition:5			0.1313 ms
ProcessBlock/steerable-nafx-libtorch-dynamic.onnx/bypass/128/iteration:16/repetition:5			0.1313 ms
ProcessBlock/steerable-nafx-libtorch-dynamic.onnx/bypass/128/iteration:17/repetition:5			0.1303 ms
ProcessBlock/steerable-nafx-libtorch-dynamic.onnx/bypass/128/iteration:18/repetition:5			0.1310 ms
ProcessBlock/steerable-nafx-libtorch-dynamic.onnx/bypass/128/iteration:19/repetition:5			0.1317 ms
ProcessBlock/steerable-nafx-libtorch-dynamic.onnx/bypass/128/iteration:20/repetition:5			0.1310 ms
ProcessBlock/steerable-nafx-libtorch-dynamic.onnx/bypass/128/iteration:21/repetition:5			0.1315 ms
ProcessBlock/steerable-nafx-libtorch-dynamic.onnx/bypass/128/iteration:22/repetition:5			0.1303 ms
ProcessBlock/steerable-nafx-libtorch-dynamic.onnx/bypass/128/iteration:23/repetition:5			0.1303 ms
ProcessBlock/steerable-nafx-libtorch-dynamic.onnx/bypass/128/iteration:24/repetition:5			0.1317 ms
ProcessBlock/steerable-nafx-libtorch-dynamic.onnx/bypass/128/iteration:25/repetition:5			0.1323 ms
ProcessBlock/steerable-nafx-libtorch-dynamic.onnx/bypass/128/iteration:26/repetition:5			0.1313 ms
ProcessBlock/steerable-nafx-libtorch-dynamic.onnx/bypass/128/iteration:27/repetition:5			0.1313 ms
ProcessBlock/steerable-nafx-libtorch-dynamic.onnx/bypass/128/iteration:28/repetition:5			0.1315 ms
ProcessBlock/steerable-nafx-libtorch-dynamic.onnx/bypass/128/iteration:29/repetition:5			0.1305 ms
ProcessBlock/steerable-nafx-libtorch-dynamic.onnx/bypass/128/iteration:30/repetition:5			0.1315 ms
ProcessBlock/steerable-nafx-libtorch-dynamic.onnx/bypass/128/iteration:31/repetition:5			0.1304 ms
ProcessBlock/steerable-nafx-libtorch-dynamic.onnx/bypass/128/iteration:32/repetition:5			0.1315 ms
ProcessBlock/steerable-nafx-libtorch-dynamic.onnx/bypass/128/iteration:33/repetition:5			0.1312 ms
ProcessBlock/steerable-nafx-libtorch-dynamic.onnx/bypass/128/iteration:34/repetition:5			0.1318 ms
ProcessBlock/steerable-nafx-libtorch-dynamic.onnx/bypass/128/iteration:35/repetition:5			0.1307 ms
ProcessBlock/steerable-nafx-libtorch-dynamic.onnx/bypass/128/iteration:36/repetition:5			0.1315 ms
ProcessBlock/steerable-nafx-libtorch-dynamic.onnx/bypass/128/iteration:37/repetition:5			0.1306 ms
ProcessBlock/steerable-nafx-libtorch-dynamic.onnx/bypass/128/iteration:38/repetition:5			0.1313 ms
ProcessBlock/steerable-nafx-libtorch-dynamic.onnx/bypass/128/iteration:39/repetition:5			0.1303 ms
ProcessBlock/steerable-nafx-libtorch-dynamic.onnx/bypass/128/iteration:40/repetition:5			0.1320 ms
ProcessBlock/steerable-nafx-libtorch-dynamic.onnx/bypass/128/iteration:41/repetition:5			0.1313 ms
ProcessBlock/steerable-nafx-libtorch-dynamic.onnx/bypass/128/iteration:42/repetition:5			0.1304 ms
ProcessBlock/steerable-nafx-libtorch-dynamic.onnx/bypass/128/iteration:43/repetition:5			0.1315 ms
ProcessBlock/steerable-nafx-libtorch-dynamic.onnx/bypass/128/iteration:44/repetition:5			0.1303 ms
ProcessBlock/steerable-nafx-libtorch-dynamic.onnx/bypass/128/iteration:45/repetition:5			0.1323 ms
ProcessBlock/steerable-nafx-libtorch-dynamic.onnx/bypass/128/iteration:46/repetition:5			0.1332 ms
ProcessBlock/steerable-nafx-libtorch-dynamic.onnx/bypass/128/iteration:47/repetition:5			0.1317 ms
ProcessBlock/steerable-nafx-libtorch-dynamic.onnx/bypass/128/iteration:48/repetition:5			0.1316 ms
ProcessBlock/steerable-nafx-libtorch-dynamic.onnx/bypass/128/iteration:49/repetition:5			0.1322 ms
  Repetition 5/10: mean=0.1317 ms

[INFO] Anira version: 0.0.0-unknown
[WARNING] Session 5 requested more parallel processors than threads are available in Context. Using number of threads as number of parallel processors.
ProcessBlock/steerable-nafx-libtorch-dynamic.onnx/bypass/128/iteration:0/repetition:6			0.1398 ms
ProcessBlock/steerable-nafx-libtorch-dynamic.onnx/bypass/128/iteration:1/repetition:6			0.1311 ms
ProcessBlock/steerable-nafx-libtorch-dynamic.onnx/bypass/128/iteration:2/repetition:6			0.1307 ms
ProcessBlock/steerable-nafx-libtorch-dynamic.onnx/bypass/128/iteration:3/repetition:6			0.1309 ms
ProcessBlock/steerable-nafx-libtorch-dynamic.onnx/bypass/128/iteration:4/repetition:6			0.1317 ms
ProcessBlock/steerable-nafx-libtorch-dynamic.onnx/bypass/128/iteration:5/repetition:6			0.1315 ms
ProcessBlock/steerable-nafx-libtorch-dynamic.onnx/bypass/128/iteration:6/repetition:6			0.1322 ms
ProcessBlock/steerable-nafx-libtorch-dynamic.onnx/bypass/128/iteration:7/repetition:6			0.1317 ms
ProcessBlock/steerable-nafx-libtorch-dynamic.onnx/bypass/128/iteration:8/repetition:6			0.1315 ms
ProcessBlock/steerable-nafx-libtorch-dynamic.onnx/bypass/128/iteration:9/repetition:6			0.1317 ms
ProcessBlock/steerable-nafx-libtorch-dynamic.onnx/bypass/128/iteration:10/repetition:6			0.1315 ms
ProcessBlock/steerable-nafx-libtorch-dynamic.onnx/bypass/128/iteration:11/repetition:6			0.1316 ms
ProcessBlock/steerable-nafx-libtorch-dynamic.onnx/bypass/128/iteration:12/repetition:6			0.1316 ms
ProcessBlock/steerable-nafx-libtorch-dynamic.onnx/bypass/128/iteration:13/repetition:6			0.1312 ms
ProcessBlock/steerable-nafx-libtorch-dynamic.onnx/bypass/128/iteration:14/repetition:6			0.1315 ms
ProcessBlock/steerable-nafx-libtorch-dynamic.onnx/bypass/128/iteration:15/repetition:6			0.1321 ms
ProcessBlock/steerable-nafx-libtorch-dynamic.onnx/bypass/128/iteration:16/repetition:6			0.1313 ms
ProcessBlock/steerable-nafx-libtorch-dynamic.onnx/bypass/128/iteration:17/repetition:6			0.1311 ms
ProcessBlock/steerable-nafx-libtorch-dynamic.onnx/bypass/128/iteration:18/repetition:6			0.1308 ms
ProcessBlock/steerable-nafx-libtorch-dynamic.onnx/bypass/128/iteration:19/repetition:6			0.1312 ms
ProcessBlock/steerable-nafx-libtorch-dynamic.onnx/bypass/128/iteration:20/repetition:6			0.1310 ms
ProcessBlock/steerable-nafx-libtorch-dynamic.onnx/bypass/128/iteration:21/repetition:6			0.1315 ms
ProcessBlock/steerable-nafx-libtorch-dynamic.onnx/bypass/128/iteration:22/repetition:6			0.1318 ms
ProcessBlock/steerable-nafx-libtorch-dynamic.onnx/bypass/128/iteration:23/repetition:6			0.1308 ms
ProcessBlock/steerable-nafx-libtorch-dynamic.onnx/bypass/128/iteration:24/repetition:6			0.1305 ms
ProcessBlock/steerable-nafx-libtorch-dynamic.onnx/bypass/128/iteration:25/repetition:6			0.1304 ms
ProcessBlock/steerable-nafx-libtorch-dynamic.onnx/bypass/128/iteration:26/repetition:6			0.1312 ms
ProcessBlock/steerable-nafx-libtorch-dynamic.onnx/bypass/128/iteration:27/repetition:6			0.1315 ms
ProcessBlock/steerable-nafx-libtorch-dynamic.onnx/bypass/128/iteration:28/repetition:6			0.1309 ms
ProcessBlock/steerable-nafx-libtorch-dynamic.onnx/bypass/128/iteration:29/repetition:6			0.1302 ms
ProcessBlock/steerable-nafx-libtorch-dynamic.onnx/bypass/128/iteration:30/repetition:6			0.1304 ms
ProcessBlock/steerable-nafx-libtorch-dynamic.onnx/bypass/128/iteration:31/repetition:6			0.1303 ms
ProcessBlock/steerable-nafx-libtorch-dynamic.onnx/bypass/128/iteration:32/repetition:6			0.1303 ms
ProcessBlock/steerable-nafx-libtorch-dynamic.onnx/bypass/128/iteration:33/repetition:6			0.1304 ms
ProcessBlock/steerable-nafx-libtorch-dynamic.onnx/bypass/128/iteration:34/repetition:6			0.1305 ms
ProcessBlock/steerable-nafx-libtorch-dynamic.onnx/bypass/128/iteration:35/repetition:6			0.1316 ms
ProcessBlock/steerable-nafx-libtorch-dynamic.onnx/bypass/128/iteration:36/repetition:6			0.1319 ms
ProcessBlock/steerable-nafx-libtorch-dynamic.onnx/bypass/128/iteration:37/repetition:6			0.1330 ms
ProcessBlock/steerable-nafx-libtorch-dynamic.onnx/bypass/128/iteration:38/repetition:6			0.1321 ms
ProcessBlock/steerable-nafx-libtorch-dynamic.onnx/bypass/128/iteration:39/repetition:6			0.1309 ms
ProcessBlock/steerable-nafx-libtorch-dynamic.onnx/bypass/128/iteration:40/repetition:6			0.1319 ms
ProcessBlock/steerable-nafx-libtorch-dynamic.onnx/bypass/128/iteration:41/repetition:6			0.1314 ms
ProcessBlock/steerable-nafx-libtorch-dynamic.onnx/bypass/128/iteration:42/repetition:6			0.1316 ms
ProcessBlock/steerable-nafx-libtorch-dynamic.onnx/bypass/128/iteration:43/repetition:6			0.1317 ms
ProcessBlock/steerable-nafx-libtorch-dynamic.onnx/bypass/128/iteration:44/repetition:6			0.1316 ms
ProcessBlock/steerable-nafx-libtorch-dynamic.onnx/bypass/128/iteration:45/repetition:6			0.1318 ms
ProcessBlock/steerable-nafx-libtorch-dynamic.onnx/bypass/128/iteration:46/repetition:6			0.1315 ms
ProcessBlock/steerable-nafx-libtorch-dynamic.onnx/bypass/128/iteration:47/repetition:6			0.1316 ms
ProcessBlock/steerable-nafx-libtorch-dynamic.onnx/bypass/128/iteration:48/repetition:6			0.1316 ms
ProcessBlock/steerable-nafx-libtorch-dynamic.onnx/bypass/128/iteration:49/repetition:6			0.1317 ms
  Repetition 6/10: mean=0.1315 ms

[INFO] Anira version: 0.0.0-unknown
[WARNING] Session 6 requested more parallel processors than threads are available in Context. Using number of threads as number of parallel processors.
ProcessBlock/steerable-nafx-libtorch-dynamic.onnx/bypass/128/iteration:0/repetition:7			0.1385 ms
ProcessBlock/steerable-nafx-libtorch-dynamic.onnx/bypass/128/iteration:1/repetition:7			0.1310 ms
ProcessBlock/steerable-nafx-libtorch-dynamic.onnx/bypass/128/iteration:2/repetition:7			0.1316 ms
ProcessBlock/steerable-nafx-libtorch-dynamic.onnx/bypass/128/iteration:3/repetition:7			0.1316 ms
ProcessBlock/steerable-nafx-libtorch-dynamic.onnx/bypass/128/iteration:4/repetition:7			0.1317 ms
ProcessBlock/steerable-nafx-libtorch-dynamic.onnx/bypass/128/iteration:5/repetition:7			0.1320 ms
ProcessBlock/steerable-nafx-libtorch-dynamic.onnx/bypass/128/iteration:6/repetition:7			0.1312 ms
ProcessBlock/steerable-nafx-libtorch-dynamic.onnx/bypass/128/iteration:7/repetition:7			0.1317 ms
ProcessBlock/steerable-nafx-libtorch-dynamic.onnx/bypass/128/iteration:8/repetition:7			0.1315 ms
ProcessBlock/steerable-nafx-libtorch-dynamic.onnx/bypass/128/iteration:9/repetition:7			0.1317 ms
ProcessBlock/steerable-nafx-libtorch-dynamic.onnx/bypass/128/iteration:10/repetition:7			0.1325 ms
ProcessBlock/steerable-nafx-libtorch-dynamic.onnx/bypass/128/iteration:11/repetition:7			0.1320 ms
ProcessBlock/steerable-nafx-libtorch-dynamic.onnx/bypass/128/iteration:12/repetition:7			0.1330 ms
ProcessBlock/steerable-nafx-libtorch-dynamic.onnx/bypass/128/iteration:13/repetition:7			0.1329 ms
ProcessBlock/steerable-nafx-libtorch-dynamic.onnx/bypass/128/iteration:14/repetition:7			0.1360 ms
ProcessBlock/steerable-nafx-libtorch-dynamic.onnx/bypass/128/iteration:15/repetition:7			0.1367 ms
ProcessBlock/steerable-nafx-libtorch-dynamic.onnx/bypass/128/iteration:16/repetition:7			0.1350 ms
ProcessBlock/steerable-nafx-libtorch-dynamic.onnx/bypass/128/iteration:17/repetition:7			0.1327 ms
ProcessBlock/steerable-nafx-libtorch-dynamic.onnx/bypass/128/iteration:18/repetition:7			0.1339 ms
ProcessBlock/steerable-nafx-libtorch-dynamic.onnx/bypass/128/iteration:19/repetition:7			0.1314 ms
ProcessBlock/steerable-nafx-libtorch-dynamic.onnx/bypass/128/iteration:20/repetition:7			0.1316 ms
ProcessBlock/steerable-nafx-libtorch-dynamic.onnx/bypass/128/iteration:21/repetition:7			0.1326 ms
ProcessBlock/steerable-nafx-libtorch-dynamic.onnx/bypass/128/iteration:22/repetition:7			0.1326 ms
ProcessBlock/steerable-nafx-libtorch-dynamic.onnx/bypass/128/iteration:23/repetition:7			0.1319 ms
ProcessBlock/steerable-nafx-libtorch-dynamic.onnx/bypass/128/iteration:24/repetition:7			0.1314 ms
ProcessBlock/steerable-nafx-libtorch-dynamic.onnx/bypass/128/iteration:25/repetition:7			0.1318 ms
ProcessBlock/steerable-nafx-libtorch-dynamic.onnx/bypass/128/iteration:26/repetition:7			0.1315 ms
ProcessBlock/steerable-nafx-libtorch-dynamic.onnx/bypass/128/iteration:27/repetition:7			0.1320 ms
ProcessBlock/steerable-nafx-libtorch-dynamic.onnx/bypass/128/iteration:28/repetition:7			0.1308 ms
ProcessBlock/steerable-nafx-libtorch-dynamic.onnx/bypass/128/iteration:29/repetition:7			0.1325 ms
ProcessBlock/steerable-nafx-libtorch-dynamic.onnx/bypass/128/iteration:30/repetition:7			0.1312 ms
ProcessBlock/steerable-nafx-libtorch-dynamic.onnx/bypass/128/iteration:31/repetition:7			0.1310 ms
ProcessBlock/steerable-nafx-libtorch-dynamic.onnx/bypass/128/iteration:32/repetition:7			0.1316 ms
ProcessBlock/steerable-nafx-libtorch-dynamic.onnx/bypass/128/iteration:33/repetition:7			0.1317 ms
ProcessBlock/steerable-nafx-libtorch-dynamic.onnx/bypass/128/iteration:34/repetition:7			0.1316 ms
ProcessBlock/steerable-nafx-libtorch-dynamic.onnx/bypass/128/iteration:35/repetition:7			0.1317 ms
ProcessBlock/steerable-nafx-libtorch-dynamic.onnx/bypass/128/iteration:36/repetition:7			0.1316 ms
ProcessBlock/steerable-nafx-libtorch-dynamic.onnx/bypass/128/iteration:37/repetition:7			0.1318 ms
ProcessBlock/steerable-nafx-libtorch-dynamic.onnx/bypass/128/iteration:38/repetition:7			0.1316 ms
ProcessBlock/steerable-nafx-libtorch-dynamic.onnx/bypass/128/iteration:39/repetition:7			0.1316 ms
ProcessBlock/steerable-nafx-libtorch-dynamic.onnx/bypass/128/iteration:40/repetition:7			0.1332 ms
ProcessBlock/steerable-nafx-libtorch-dynamic.onnx/bypass/128/iteration:41/repetition:7			0.1322 ms
ProcessBlock/steerable-nafx-libtorch-dynamic.onnx/bypass/128/iteration:42/repetition:7			0.1310 ms
ProcessBlock/steerable-nafx-libtorch-dynamic.onnx/bypass/128/iteration:43/repetition:7			0.1317 ms
ProcessBlock/steerable-nafx-libtorch-dynamic.onnx/bypass/128/iteration:44/repetition:7			0.1320 ms
ProcessBlock/steerable-nafx-libtorch-dynamic.onnx/bypass/128/iteration:45/repetition:7			0.1312 ms
ProcessBlock/steerable-nafx-libtorch-dynamic.onnx/bypass/128/iteration:46/repetition:7			0.1317 ms
ProcessBlock/steerable-nafx-libtorch-dynamic.onnx/bypass/128/iteration:47/repetition:7			0.1315 ms
ProcessBlock/steerable-nafx-libtorch-dynamic.onnx/bypass/128/iteration:48/repetition:7			0.1318 ms
ProcessBlock/steerable-nafx-libtorch-dynamic.onnx/bypass/128/iteration:49/repetition:7			0.1315 ms
  Repetition 7/10: mean=0.1322 ms

[INFO] Anira version: 0.0.0-unknown
[WARNING] Session 7 requested more parallel processors than threads are available in Context. Using number of threads as number of parallel processors.
ProcessBlock/steerable-nafx-libtorch-dynamic.onnx/bypass/128/iteration:0/repetition:8			0.1401 ms
ProcessBlock/steerable-nafx-libtorch-dynamic.onnx/bypass/128/iteration:1/repetition:8			0.1308 ms
ProcessBlock/steerable-nafx-libtorch-dynamic.onnx/bypass/128/iteration:2/repetition:8			0.1329 ms
ProcessBlock/steerable-nafx-libtorch-dynamic.onnx/bypass/128/iteration:3/repetition:8			0.1314 ms
ProcessBlock/steerable-nafx-libtorch-dynamic.onnx/bypass/128/iteration:4/repetition:8			0.1313 ms
ProcessBlock/steerable-nafx-libtorch-dynamic.onnx/bypass/128/iteration:5/repetition:8			0.1308 ms
ProcessBlock/steerable-nafx-libtorch-dynamic.onnx/bypass/128/iteration:6/repetition:8			0.1317 ms
ProcessBlock/steerable-nafx-libtorch-dynamic.onnx/bypass/128/iteration:7/repetition:8			0.1319 ms
ProcessBlock/steerable-nafx-libtorch-dynamic.onnx/bypass/128/iteration:8/repetition:8			0.1315 ms
ProcessBlock/steerable-nafx-libtorch-dynamic.onnx/bypass/128/iteration:9/repetition:8			0.1303 ms
ProcessBlock/steerable-nafx-libtorch-dynamic.onnx/bypass/128/iteration:10/repetition:8			0.1312 ms
ProcessBlock/steerable-nafx-libtorch-dynamic.onnx/bypass/128/iteration:11/repetition:8			0.1313 ms
ProcessBlock/steerable-nafx-libtorch-dynamic.onnx/bypass/128/iteration:12/repetition:8			0.1324 ms
ProcessBlock/steerable-nafx-libtorch-dynamic.onnx/bypass/128/iteration:13/repetition:8			0.1319 ms
ProcessBlock/steerable-nafx-libtorch-dynamic.onnx/bypass/128/iteration:14/repetition:8			0.1324 ms
ProcessBlock/steerable-nafx-libtorch-dynamic.onnx/bypass/128/iteration:15/repetition:8			0.1318 ms
ProcessBlock/steerable-nafx-libtorch-dynamic.onnx/bypass/128/iteration:16/repetition:8			0.1312 ms
ProcessBlock/steerable-nafx-libtorch-dynamic.onnx/bypass/128/iteration:17/repetition:8			0.1313 ms
ProcessBlock/steerable-nafx-libtorch-dynamic.onnx/bypass/128/iteration:18/repetition:8			0.1322 ms
ProcessBlock/steerable-nafx-libtorch-dynamic.onnx/bypass/128/iteration:19/repetition:8			0.1320 ms
ProcessBlock/steerable-nafx-libtorch-dynamic.onnx/bypass/128/iteration:20/repetition:8			0.1313 ms
ProcessBlock/steerable-nafx-libtorch-dynamic.onnx/bypass/128/iteration:21/repetition:8			0.1315 ms
ProcessBlock/steerable-nafx-libtorch-dynamic.onnx/bypass/128/iteration:22/repetition:8			0.1320 ms
ProcessBlock/steerable-nafx-libtorch-dynamic.onnx/bypass/128/iteration:23/repetition:8			0.1313 ms
ProcessBlock/steerable-nafx-libtorch-dynamic.onnx/bypass/128/iteration:24/repetition:8			0.1312 ms
ProcessBlock/steerable-nafx-libtorch-dynamic.onnx/bypass/128/iteration:25/repetition:8			0.1319 ms
ProcessBlock/steerable-nafx-libtorch-dynamic.onnx/bypass/128/iteration:26/repetition:8			0.1319 ms
ProcessBlock/steerable-nafx-libtorch-dynamic.onnx/bypass/128/iteration:27/repetition:8			0.1315 ms
ProcessBlock/steerable-nafx-libtorch-dynamic.onnx/bypass/128/iteration:28/repetition:8			0.1323 ms
ProcessBlock/steerable-nafx-libtorch-dynamic.onnx/bypass/128/iteration:29/repetition:8			0.1314 ms
ProcessBlock/steerable-nafx-libtorch-dynamic.onnx/bypass/128/iteration:30/repetition:8			0.1310 ms
ProcessBlock/steerable-nafx-libtorch-dynamic.onnx/bypass/128/iteration:31/repetition:8			0.1318 ms
ProcessBlock/steerable-nafx-libtorch-dynamic.onnx/bypass/128/iteration:32/repetition:8			0.1321 ms
ProcessBlock/steerable-nafx-libtorch-dynamic.onnx/bypass/128/iteration:33/repetition:8			0.1318 ms
ProcessBlock/steerable-nafx-libtorch-dynamic.onnx/bypass/128/iteration:34/repetition:8			0.1321 ms
ProcessBlock/steerable-nafx-libtorch-dynamic.onnx/bypass/128/iteration:35/repetition:8			0.1325 ms
ProcessBlock/steerable-nafx-libtorch-dynamic.onnx/bypass/128/iteration:36/repetition:8			0.1311 ms
ProcessBlock/steerable-nafx-libtorch-dynamic.onnx/bypass/128/iteration:37/repetition:8			0.1314 ms
ProcessBlock/steerable-nafx-libtorch-dynamic.onnx/bypass/128/iteration:38/repetition:8			0.1313 ms
ProcessBlock/steerable-nafx-libtorch-dynamic.onnx/bypass/128/iteration:39/repetition:8			0.1317 ms
ProcessBlock/steerable-nafx-libtorch-dynamic.onnx/bypass/128/iteration:40/repetition:8			0.1318 ms
ProcessBlock/steerable-nafx-libtorch-dynamic.onnx/bypass/128/iteration:41/repetition:8			0.1315 ms
ProcessBlock/steerable-nafx-libtorch-dynamic.onnx/bypass/128/iteration:42/repetition:8			0.1314 ms
ProcessBlock/steerable-nafx-libtorch-dynamic.onnx/bypass/128/iteration:43/repetition:8			0.1305 ms
ProcessBlock/steerable-nafx-libtorch-dynamic.onnx/bypass/128/iteration:44/repetition:8			0.1330 ms
ProcessBlock/steerable-nafx-libtorch-dynamic.onnx/bypass/128/iteration:45/repetition:8			0.1316 ms
ProcessBlock/steerable-nafx-libtorch-dynamic.onnx/bypass/128/iteration:46/repetition:8			0.1305 ms
ProcessBlock/steerable-nafx-libtorch-dynamic.onnx/bypass/128/iteration:47/repetition:8			0.1315 ms
ProcessBlock/steerable-nafx-libtorch-dynamic.onnx/bypass/128/iteration:48/repetition:8			0.1318 ms
ProcessBlock/steerable-nafx-libtorch-dynamic.onnx/bypass/128/iteration:49/repetition:8			0.1316 ms
  Repetition 8/10: mean=0.1318 ms

[INFO] Anira version: 0.0.0-unknown
[WARNING] Session 8 requested more parallel processors than threads are available in Context. Using number of threads as number of parallel processors.
ProcessBlock/steerable-nafx-libtorch-dynamic.onnx/bypass/128/iteration:0/repetition:9			0.1379 ms
ProcessBlock/steerable-nafx-libtorch-dynamic.onnx/bypass/128/iteration:1/repetition:9			0.1316 ms
ProcessBlock/steerable-nafx-libtorch-dynamic.onnx/bypass/128/iteration:2/repetition:9			0.1318 ms
ProcessBlock/steerable-nafx-libtorch-dynamic.onnx/bypass/128/iteration:3/repetition:9			0.1328 ms
ProcessBlock/steerable-nafx-libtorch-dynamic.onnx/bypass/128/iteration:4/repetition:9			0.1303 ms
ProcessBlock/steerable-nafx-libtorch-dynamic.onnx/bypass/128/iteration:5/repetition:9			0.1304 ms
ProcessBlock/steerable-nafx-libtorch-dynamic.onnx/bypass/128/iteration:6/repetition:9			0.1303 ms
ProcessBlock/steerable-nafx-libtorch-dynamic.onnx/bypass/128/iteration:7/repetition:9			0.1303 ms
ProcessBlock/steerable-nafx-libtorch-dynamic.onnx/bypass/128/iteration:8/repetition:9			0.1303 ms
ProcessBlock/steerable-nafx-libtorch-dynamic.onnx/bypass/128/iteration:9/repetition:9			0.1315 ms
ProcessBlock/steerable-nafx-libtorch-dynamic.onnx/bypass/128/iteration:10/repetition:9			0.1314 ms
ProcessBlock/steerable-nafx-libtorch-dynamic.onnx/bypass/128/iteration:11/repetition:9			0.1313 ms
ProcessBlock/steerable-nafx-libtorch-dynamic.onnx/bypass/128/iteration:12/repetition:9			0.1310 ms
ProcessBlock/steerable-nafx-libtorch-dynamic.onnx/bypass/128/iteration:13/repetition:9			0.1316 ms
ProcessBlock/steerable-nafx-libtorch-dynamic.onnx/bypass/128/iteration:14/repetition:9			0.1322 ms
ProcessBlock/steerable-nafx-libtorch-dynamic.onnx/bypass/128/iteration:15/repetition:9			0.1311 ms
ProcessBlock/steerable-nafx-libtorch-dynamic.onnx/bypass/128/iteration:16/repetition:9			0.1317 ms
ProcessBlock/steerable-nafx-libtorch-dynamic.onnx/bypass/128/iteration:17/repetition:9			0.1317 ms
ProcessBlock/steerable-nafx-libtorch-dynamic.onnx/bypass/128/iteration:18/repetition:9			0.1327 ms
ProcessBlock/steerable-nafx-libtorch-dynamic.onnx/bypass/128/iteration:19/repetition:9			0.1307 ms
ProcessBlock/steerable-nafx-libtorch-dynamic.onnx/bypass/128/iteration:20/repetition:9			0.1315 ms
ProcessBlock/steerable-nafx-libtorch-dynamic.onnx/bypass/128/iteration:21/repetition:9			0.1356 ms
ProcessBlock/steerable-nafx-libtorch-dynamic.onnx/bypass/128/iteration:22/repetition:9			0.1333 ms
ProcessBlock/steerable-nafx-libtorch-dynamic.onnx/bypass/128/iteration:23/repetition:9			0.1311 ms
ProcessBlock/steerable-nafx-libtorch-dynamic.onnx/bypass/128/iteration:24/repetition:9			0.1325 ms
ProcessBlock/steerable-nafx-libtorch-dynamic.onnx/bypass/128/iteration:25/repetition:9			0.1329 ms
ProcessBlock/steerable-nafx-libtorch-dynamic.onnx/bypass/128/iteration:26/repetition:9			0.1315 ms
ProcessBlock/steerable-nafx-libtorch-dynamic.onnx/bypass/128/iteration:27/repetition:9			0.1320 ms
ProcessBlock/steerable-nafx-libtorch-dynamic.onnx/bypass/128/iteration:28/repetition:9			0.1328 ms
ProcessBlock/steerable-nafx-libtorch-dynamic.onnx/bypass/128/iteration:29/repetition:9			0.1313 ms
ProcessBlock/steerable-nafx-libtorch-dynamic.onnx/bypass/128/iteration:30/repetition:9			0.1314 ms
ProcessBlock/steerable-nafx-libtorch-dynamic.onnx/bypass/128/iteration:31/repetition:9			0.1316 ms
ProcessBlock/steerable-nafx-libtorch-dynamic.onnx/bypass/128/iteration:32/repetition:9			0.1317 ms
ProcessBlock/steerable-nafx-libtorch-dynamic.onnx/bypass/128/iteration:33/repetition:9			0.1337 ms
ProcessBlock/steerable-nafx-libtorch-dynamic.onnx/bypass/128/iteration:34/repetition:9			0.1322 ms
ProcessBlock/steerable-nafx-libtorch-dynamic.onnx/bypass/128/iteration:35/repetition:9			0.1316 ms
ProcessBlock/steerable-nafx-libtorch-dynamic.onnx/bypass/128/iteration:36/repetition:9			0.1317 ms
ProcessBlock/steerable-nafx-libtorch-dynamic.onnx/bypass/128/iteration:37/repetition:9			0.1371 ms
ProcessBlock/steerable-nafx-libtorch-dynamic.onnx/bypass/128/iteration:38/repetition:9			0.1321 ms
ProcessBlock/steerable-nafx-libtorch-dynamic.onnx/bypass/128/iteration:39/repetition:9			0.1329 ms
ProcessBlock/steerable-nafx-libtorch-dynamic.onnx/bypass/128/iteration:40/repetition:9			0.1313 ms
ProcessBlock/steerable-nafx-libtorch-dynamic.onnx/bypass/128/iteration:41/repetition:9			0.1311 ms
ProcessBlock/steerable-nafx-libtorch-dynamic.onnx/bypass/128/iteration:42/repetition:9			0.1319 ms
ProcessBlock/steerable-nafx-libtorch-dynamic.onnx/bypass/128/iteration:43/repetition:9			0.1316 ms
ProcessBlock/steerable-nafx-libtorch-dynamic.onnx/bypass/128/iteration:44/repetition:9			0.1315 ms
ProcessBlock/steerable-nafx-libtorch-dynamic.onnx/bypass/128/iteration:45/repetition:9			0.1325 ms
ProcessBlock/steerable-nafx-libtorch-dynamic.onnx/bypass/128/iteration:46/repetition:9			0.1308 ms
ProcessBlock/steerable-nafx-libtorch-dynamic.onnx/bypass/128/iteration:47/repetition:9			0.1320 ms
ProcessBlock/steerable-nafx-libtorch-dynamic.onnx/bypass/128/iteration:48/repetition:9			0.1323 ms
ProcessBlock/steerable-nafx-libtorch-dynamic.onnx/bypass/128/iteration:49/repetition:9			0.1320 ms
  Repetition 9/10: mean=0.1320 ms

[INFO] Anira version: 0.0.0-unknown
[WARNING] Session 9 requested more parallel processors than threads are available in Context. Using number of threads as number of parallel processors.
ProcessBlock/steerable-nafx-libtorch-dynamic.onnx/bypass/128/iteration:0/repetition:10			0.1372 ms
ProcessBlock/steerable-nafx-libtorch-dynamic.onnx/bypass/128/iteration:1/repetition:10			0.1321 ms
ProcessBlock/steerable-nafx-libtorch-dynamic.onnx/bypass/128/iteration:2/repetition:10			0.1313 ms
ProcessBlock/steerable-nafx-libtorch-dynamic.onnx/bypass/128/iteration:3/repetition:10			0.1315 ms
ProcessBlock/steerable-nafx-libtorch-dynamic.onnx/bypass/128/iteration:4/repetition:10			0.1303 ms
ProcessBlock/steerable-nafx-libtorch-dynamic.onnx/bypass/128/iteration:5/repetition:10			0.1318 ms
ProcessBlock/steerable-nafx-libtorch-dynamic.onnx/bypass/128/iteration:6/repetition:10			0.1320 ms
ProcessBlock/steerable-nafx-libtorch-dynamic.onnx/bypass/128/iteration:7/repetition:10			0.1323 ms
ProcessBlock/steerable-nafx-libtorch-dynamic.onnx/bypass/128/iteration:8/repetition:10			0.1306 ms
ProcessBlock/steerable-nafx-libtorch-dynamic.onnx/bypass/128/iteration:9/repetition:10			0.1307 ms
ProcessBlock/steerable-nafx-libtorch-dynamic.onnx/bypass/128/iteration:10/repetition:10			0.1315 ms
ProcessBlock/steerable-nafx-libtorch-dynamic.onnx/bypass/128/iteration:11/repetition:10			0.1317 ms
ProcessBlock/steerable-nafx-libtorch-dynamic.onnx/bypass/128/iteration:12/repetition:10			0.1316 ms
ProcessBlock/steerable-nafx-libtorch-dynamic.onnx/bypass/128/iteration:13/repetition:10			0.1316 ms
ProcessBlock/steerable-nafx-libtorch-dynamic.onnx/bypass/128/iteration:14/repetition:10			0.1318 ms
ProcessBlock/steerable-nafx-libtorch-dynamic.onnx/bypass/128/iteration:15/repetition:10			0.1315 ms
ProcessBlock/steerable-nafx-libtorch-dynamic.onnx/bypass/128/iteration:16/repetition:10			0.1320 ms
ProcessBlock/steerable-nafx-libtorch-dynamic.onnx/bypass/128/iteration:17/repetition:10			0.1326 ms
ProcessBlock/steerable-nafx-libtorch-dynamic.onnx/bypass/128/iteration:18/repetition:10			0.1327 ms
ProcessBlock/steerable-nafx-libtorch-dynamic.onnx/bypass/128/iteration:19/repetition:10			0.1325 ms
ProcessBlock/steerable-nafx-libtorch-dynamic.onnx/bypass/128/iteration:20/repetition:10			0.1362 ms
ProcessBlock/steerable-nafx-libtorch-dynamic.onnx/bypass/128/iteration:21/repetition:10			0.1327 ms
ProcessBlock/steerable-nafx-libtorch-dynamic.onnx/bypass/128/iteration:22/repetition:10			0.1330 ms
ProcessBlock/steerable-nafx-libtorch-dynamic.onnx/bypass/128/iteration:23/repetition:10			0.1322 ms
ProcessBlock/steerable-nafx-libtorch-dynamic.onnx/bypass/128/iteration:24/repetition:10			0.1317 ms
ProcessBlock/steerable-nafx-libtorch-dynamic.onnx/bypass/128/iteration:25/repetition:10			0.1317 ms
ProcessBlock/steerable-nafx-libtorch-dynamic.onnx/bypass/128/iteration:26/repetition:10			0.1320 ms
ProcessBlock/steerable-nafx-libtorch-dynamic.onnx/bypass/128/iteration:27/repetition:10			0.1310 ms
ProcessBlock/steerable-nafx-libtorch-dynamic.onnx/bypass/128/iteration:28/repetition:10			0.1327 ms
ProcessBlock/steerable-nafx-libtorch-dynamic.onnx/bypass/128/iteration:29/repetition:10			0.1321 ms
ProcessBlock/steerable-nafx-libtorch-dynamic.onnx/bypass/128/iteration:30/repetition:10			0.1317 ms
ProcessBlock/steerable-nafx-libtorch-dynamic.onnx/bypass/128/iteration:31/repetition:10			0.1326 ms
ProcessBlock/steerable-nafx-libtorch-dynamic.onnx/bypass/128/iteration:32/repetition:10			0.1327 ms
ProcessBlock/steerable-nafx-libtorch-dynamic.onnx/bypass/128/iteration:33/repetition:10			0.1326 ms
ProcessBlock/steerable-nafx-libtorch-dynamic.onnx/bypass/128/iteration:34/repetition:10			0.1317 ms
ProcessBlock/steerable-nafx-libtorch-dynamic.onnx/bypass/128/iteration:35/repetition:10			0.1320 ms
ProcessBlock/steerable-nafx-libtorch-dynamic.onnx/bypass/128/iteration:36/repetition:10			0.1328 ms
ProcessBlock/steerable-nafx-libtorch-dynamic.onnx/bypass/128/iteration:37/repetition:10			0.1318 ms
ProcessBlock/steerable-nafx-libtorch-dynamic.onnx/bypass/128/iteration:38/repetition:10			0.1328 ms
ProcessBlock/steerable-nafx-libtorch-dynamic.onnx/bypass/128/iteration:39/repetition:10			0.1315 ms
ProcessBlock/steerable-nafx-libtorch-dynamic.onnx/bypass/128/iteration:40/repetition:10			0.1315 ms
ProcessBlock/steerable-nafx-libtorch-dynamic.onnx/bypass/128/iteration:41/repetition:10			0.1313 ms
ProcessBlock/steerable-nafx-libtorch-dynamic.onnx/bypass/128/iteration:42/repetition:10			0.1315 ms
ProcessBlock/steerable-nafx-libtorch-dynamic.onnx/bypass/128/iteration:43/repetition:10			0.1320 ms
ProcessBlock/steerable-nafx-libtorch-dynamic.onnx/bypass/128/iteration:44/repetition:10			0.1318 ms
ProcessBlock/steerable-nafx-libtorch-dynamic.onnx/bypass/128/iteration:45/repetition:10			0.1316 ms
ProcessBlock/steerable-nafx-libtorch-dynamic.onnx/bypass/128/iteration:46/repetition:10			0.1316 ms
ProcessBlock/steerable-nafx-libtorch-dynamic.onnx/bypass/128/iteration:47/repetition:10			0.1312 ms
ProcessBlock/steerable-nafx-libtorch-dynamic.onnx/bypass/128/iteration:48/repetition:10			0.1315 ms
ProcessBlock/steerable-nafx-libtorch-dynamic.onnx/bypass/128/iteration:49/repetition:10			0.1316 ms
  Repetition 10/10: mean=0.1320 ms


Aggregate (500 total iterations):
  ProcessBlock/steerable-nafx-libtorch-dynamic.onnx/bypass: mean=0.1315 ms, min=0.1289 ms, max=0.1427 ms, p99.9=0.1418 ms

----------------------------------------------------------------------------------------------------------------------------------------

----------------------------------------------------------------------------------------------------------------------------------------
Model: steerable-nafx-libtorch-dynamic.onnx | Run: onnx | Host Sample Rate: 44100 Hz | Host Buffer Size: 128 = 2.9025 ms
----------------------------------------------------------------------------------------------------------------------------------------

Benchmark: 10 repetitions x 50 iterations

[INFO] Anira version: 0.0.0-unknown
[WARNING] Session 10 requested more parallel processors than threads are available in Context. Using number of threads as number of parallel processors.
ProcessBlock/steerable-nafx-libtorch-dynamic.onnx/onnx/128/iteration:0/repetition:1			11.1683 ms
ProcessBlock/steerable-nafx-libtorch-dynamic.onnx/onnx/128/iteration:1/repetition:1			9.8580 ms
ProcessBlock/steerable-nafx-libtorch-dynamic.onnx/onnx/128/iteration:2/repetition:1			9.6905 ms
ProcessBlock/steerable-nafx-libtorch-dynamic.onnx/onnx/128/iteration:3/repetition:1			9.6278 ms
ProcessBlock/steerable-nafx-libtorch-dynamic.onnx/onnx/128/iteration:4/repetition:1			9.5780 ms
ProcessBlock/steerable-nafx-libtorch-dynamic.onnx/onnx/128/iteration:5/repetition:1			9.5715 ms
ProcessBlock/steerable-nafx-libtorch-dynamic.onnx/onnx/128/iteration:6/repetition:1			9.5781 ms
ProcessBlock/steerable-nafx-libtorch-dynamic.onnx/onnx/128/iteration:7/repetition:1			9.6049 ms
ProcessBlock/steerable-nafx-libtorch-dynamic.onnx/onnx/128/iteration:8/repetition:1			9.6315 ms
ProcessBlock/steerable-nafx-libtorch-dynamic.onnx/onnx/128/iteration:9/repetition:1			9.5841 ms
ProcessBlock/steerable-nafx-libtorch-dynamic.onnx/onnx/128/iteration:10/repetition:1			9.6761 ms
ProcessBlock/steerable-nafx-libtorch-dynamic.onnx/onnx/128/iteration:11/repetition:1			9.5949 ms
ProcessBlock/steerable-nafx-libtorch-dynamic.onnx/onnx/128/iteration:12/repetition:1			9.6346 ms
ProcessBlock/steerable-nafx-libtorch-dynamic.onnx/onnx/128/iteration:13/repetition:1			9.6024 ms
ProcessBlock/steerable-nafx-libtorch-dynamic.onnx/onnx/128/iteration:14/repetition:1			9.5979 ms
ProcessBlock/steerable-nafx-libtorch-dynamic.onnx/onnx/128/iteration:15/repetition:1			9.6375 ms
ProcessBlock/steerable-nafx-libtorch-dynamic.onnx/onnx/128/iteration:16/repetition:1			9.5999 ms
ProcessBlock/steerable-nafx-libtorch-dynamic.onnx/onnx/128/iteration:17/repetition:1			9.6382 ms
ProcessBlock/steerable-nafx-libtorch-dynamic.onnx/onnx/128/iteration:18/repetition:1			9.5855 ms
ProcessBlock/steerable-nafx-libtorch-dynamic.onnx/onnx/128/iteration:19/repetition:1			9.6868 ms
ProcessBlock/steerable-nafx-libtorch-dynamic.onnx/onnx/128/iteration:20/repetition:1			9.6232 ms
ProcessBlock/steerable-nafx-libtorch-dynamic.onnx/onnx/128/iteration:21/repetition:1			9.6646 ms
ProcessBlock/steerable-nafx-libtorch-dynamic.onnx/onnx/128/iteration:22/repetition:1			9.5658 ms
ProcessBlock/steerable-nafx-libtorch-dynamic.onnx/onnx/128/iteration:23/repetition:1			9.5941 ms
ProcessBlock/steerable-nafx-libtorch-dynamic.onnx/onnx/128/iteration:24/repetition:1			9.5998 ms
ProcessBlock/steerable-nafx-libtorch-dynamic.onnx/onnx/128/iteration:25/repetition:1			9.5960 ms
ProcessBlock/steerable-nafx-libtorch-dynamic.onnx/onnx/128/iteration:26/repetition:1			9.5828 ms
ProcessBlock/steerable-nafx-libtorch-dynamic.onnx/onnx/128/iteration:27/repetition:1			9.7193 ms
ProcessBlock/steerable-nafx-libtorch-dynamic.onnx/onnx/128/iteration:28/repetition:1			9.4521 ms
ProcessBlock/steerable-nafx-libtorch-dynamic.onnx/onnx/128/iteration:29/repetition:1			9.5386 ms
ProcessBlock/steerable-nafx-libtorch-dynamic.onnx/onnx/128/iteration:30/repetition:1			9.5595 ms
ProcessBlock/steerable-nafx-libtorch-dynamic.onnx/onnx/128/iteration:31/repetition:1			9.5488 ms
ProcessBlock/steerable-nafx-libtorch-dynamic.onnx/onnx/128/iteration:32/repetition:1			9.5336 ms
ProcessBlock/steerable-nafx-libtorch-dynamic.onnx/onnx/128/iteration:33/repetition:1			9.5484 ms
ProcessBlock/steerable-nafx-libtorch-dynamic.onnx/onnx/128/iteration:34/repetition:1			9.5437 ms
ProcessBlock/steerable-nafx-libtorch-dynamic.onnx/onnx/128/iteration:35/repetition:1			9.5422 ms
ProcessBlock/steerable-nafx-libtorch-dynamic.onnx/onnx/128/iteration:36/repetition:1			9.5811 ms
ProcessBlock/steerable-nafx-libtorch-dynamic.onnx/onnx/128/iteration:37/repetition:1			9.5527 ms
ProcessBlock/steerable-nafx-libtorch-dynamic.onnx/onnx/128/iteration:38/repetition:1			9.5787 ms
ProcessBlock/steerable-nafx-libtorch-dynamic.onnx/onnx/128/iteration:39/repetition:1			9.5310 ms
ProcessBlock/steerable-nafx-libtorch-dynamic.onnx/onnx/128/iteration:40/repetition:1			9.5344 ms
ProcessBlock/steerable-nafx-libtorch-dynamic.onnx/onnx/128/iteration:41/repetition:1			9.6254 ms
ProcessBlock/steerable-nafx-libtorch-dynamic.onnx/onnx/128/iteration:42/repetition:1			9.6417 ms
ProcessBlock/steerable-nafx-libtorch-dynamic.onnx/onnx/128/iteration:43/repetition:1			9.6203 ms
ProcessBlock/steerable-nafx-libtorch-dynamic.onnx/onnx/128/iteration:44/repetition:1			9.6161 ms
ProcessBlock/steerable-nafx-libtorch-dynamic.onnx/onnx/128/iteration:45/repetition:1			9.5597 ms
ProcessBlock/steerable-nafx-libtorch-dynamic.onnx/onnx/128/iteration:46/repetition:1			9.6072 ms
ProcessBlock/steerable-nafx-libtorch-dynamic.onnx/onnx/128/iteration:47/repetition:1			9.6447 ms
ProcessBlock/steerable-nafx-libtorch-dynamic.onnx/onnx/128/iteration:48/repetition:1			9.5770 ms
ProcessBlock/steerable-nafx-libtorch-dynamic.onnx/onnx/128/iteration:49/repetition:1			9.5630 ms
  Repetition 1/10: mean=9.6318 ms

[INFO] Anira version: 0.0.0-unknown
[WARNING] Session 11 requested more parallel processors than threads are available in Context. Using number of threads as number of parallel processors.
ProcessBlock/steerable-nafx-libtorch-dynamic.onnx/onnx/128/iteration:0/repetition:2			9.7181 ms
ProcessBlock/steerable-nafx-libtorch-dynamic.onnx/onnx/128/iteration:1/repetition:2			9.5998 ms
ProcessBlock/steerable-nafx-libtorch-dynamic.onnx/onnx/128/iteration:2/repetition:2			9.5540 ms
ProcessBlock/steerable-nafx-libtorch-dynamic.onnx/onnx/128/iteration:3/repetition:2			9.6279 ms
ProcessBlock/steerable-nafx-libtorch-dynamic.onnx/onnx/128/iteration:4/repetition:2			9.5571 ms
ProcessBlock/steerable-nafx-libtorch-dynamic.onnx/onnx/128/iteration:5/repetition:2			9.5612 ms
ProcessBlock/steerable-nafx-libtorch-dynamic.onnx/onnx/128/iteration:6/repetition:2			9.5675 ms
ProcessBlock/steerable-nafx-libtorch-dynamic.onnx/onnx/128/iteration:7/repetition:2			9.5521 ms
ProcessBlock/steerable-nafx-libtorch-dynamic.onnx/onnx/128/iteration:8/repetition:2			9.6065 ms
ProcessBlock/steerable-nafx-libtorch-dynamic.onnx/onnx/128/iteration:9/repetition:2			9.5406 ms
ProcessBlock/steerable-nafx-libtorch-dynamic.onnx/onnx/128/iteration:10/repetition:2			9.5968 ms
ProcessBlock/steerable-nafx-libtorch-dynamic.onnx/onnx/128/iteration:11/repetition:2			9.6380 ms
ProcessBlock/steerable-nafx-libtorch-dynamic.onnx/onnx/128/iteration:12/repetition:2			9.5518 ms
ProcessBlock/steerable-nafx-libtorch-dynamic.onnx/onnx/128/iteration:13/repetition:2			9.5576 ms
ProcessBlock/steerable-nafx-libtorch-dynamic.onnx/onnx/128/iteration:14/repetition:2			9.6026 ms
ProcessBlock/steerable-nafx-libtorch-dynamic.onnx/onnx/128/iteration:15/repetition:2			9.6042 ms
ProcessBlock/steerable-nafx-libtorch-dynamic.onnx/onnx/128/iteration:16/repetition:2			9.6018 ms
ProcessBlock/steerable-nafx-libtorch-dynamic.onnx/onnx/128/iteration:17/repetition:2			9.6131 ms
ProcessBlock/steerable-nafx-libtorch-dynamic.onnx/onnx/128/iteration:18/repetition:2			9.5259 ms
ProcessBlock/steerable-nafx-libtorch-dynamic.onnx/onnx/128/iteration:19/repetition:2			9.5335 ms
ProcessBlock/steerable-nafx-libtorch-dynamic.onnx/onnx/128/iteration:20/repetition:2			9.5237 ms
ProcessBlock/steerable-nafx-libtorch-dynamic.onnx/onnx/128/iteration:21/repetition:2			9.5403 ms
ProcessBlock/steerable-nafx-libtorch-dynamic.onnx/onnx/128/iteration:22/repetition:2			9.5350 ms
ProcessBlock/steerable-nafx-libtorch-dynamic.onnx/onnx/128/iteration:23/repetition:2			9.5258 ms
ProcessBlock/steerable-nafx-libtorch-dynamic.onnx/onnx/128/iteration:24/repetition:2			9.5856 ms
ProcessBlock/steerable-nafx-libtorch-dynamic.onnx/onnx/128/iteration:25/repetition:2			9.5294 ms
ProcessBlock/steerable-nafx-libtorch-dynamic.onnx/onnx/128/iteration:26/repetition:2			9.5914 ms
ProcessBlock/steerable-nafx-libtorch-dynamic.onnx/onnx/128/iteration:27/repetition:2			9.5515 ms
ProcessBlock/steerable-nafx-libtorch-dynamic.onnx/onnx/128/iteration:28/repetition:2			9.5788 ms
ProcessBlock/steerable-nafx-libtorch-dynamic.onnx/onnx/128/iteration:29/repetition:2			9.5331 ms
ProcessBlock/steerable-nafx-libtorch-dynamic.onnx/onnx/128/iteration:30/repetition:2			9.5176 ms
ProcessBlock/steerable-nafx-libtorch-dynamic.onnx/onnx/128/iteration:31/repetition:2			9.5312 ms
ProcessBlock/steerable-nafx-libtorch-dynamic.onnx/onnx/128/iteration:32/repetition:2			9.5969 ms
ProcessBlock/steerable-nafx-libtorch-dynamic.onnx/onnx/128/iteration:33/repetition:2			9.5314 ms
ProcessBlock/steerable-nafx-libtorch-dynamic.onnx/onnx/128/iteration:34/repetition:2			9.5442 ms
ProcessBlock/steerable-nafx-libtorch-dynamic.onnx/onnx/128/iteration:35/repetition:2			9.6114 ms
ProcessBlock/steerable-nafx-libtorch-dynamic.onnx/onnx/128/iteration:36/repetition:2			9.6172 ms
ProcessBlock/steerable-nafx-libtorch-dynamic.onnx/onnx/128/iteration:37/repetition:2			9.6076 ms
ProcessBlock/steerable-nafx-libtorch-dynamic.onnx/onnx/128/iteration:38/repetition:2			9.5965 ms
ProcessBlock/steerable-nafx-libtorch-dynamic.onnx/onnx/128/iteration:39/repetition:2			9.5031 ms
ProcessBlock/steerable-nafx-libtorch-dynamic.onnx/onnx/128/iteration:40/repetition:2			9.5117 ms
ProcessBlock/steerable-nafx-libtorch-dynamic.onnx/onnx/128/iteration:41/repetition:2			9.5821 ms
ProcessBlock/steerable-nafx-libtorch-dynamic.onnx/onnx/128/iteration:42/repetition:2			9.5177 ms
ProcessBlock/steerable-nafx-libtorch-dynamic.onnx/onnx/128/iteration:43/repetition:2			9.5232 ms
ProcessBlock/steerable-nafx-libtorch-dynamic.onnx/onnx/128/iteration:44/repetition:2			9.5210 ms
ProcessBlock/steerable-nafx-libtorch-dynamic.onnx/onnx/128/iteration:45/repetition:2			9.5284 ms
ProcessBlock/steerable-nafx-libtorch-dynamic.onnx/onnx/128/iteration:46/repetition:2			9.5753 ms
ProcessBlock/steerable-nafx-libtorch-dynamic.onnx/onnx/128/iteration:47/repetition:2			9.5110 ms
ProcessBlock/steerable-nafx-libtorch-dynamic.onnx/onnx/128/iteration:48/repetition:2			9.5315 ms
ProcessBlock/steerable-nafx-libtorch-dynamic.onnx/onnx/128/iteration:49/repetition:2			9.6045 ms
  Repetition 2/10: mean=9.5654 ms

[INFO] Anira version: 0.0.0-unknown
[WARNING] Session 12 requested more parallel processors than threads are available in Context. Using number of threads as number of parallel processors.
ProcessBlock/steerable-nafx-libtorch-dynamic.onnx/onnx/128/iteration:0/repetition:3			9.7572 ms
ProcessBlock/steerable-nafx-libtorch-dynamic.onnx/onnx/128/iteration:1/repetition:3			9.5705 ms
ProcessBlock/steerable-nafx-libtorch-dynamic.onnx/onnx/128/iteration:2/repetition:3			9.6020 ms
ProcessBlock/steerable-nafx-libtorch-dynamic.onnx/onnx/128/iteration:3/repetition:3			9.5970 ms
ProcessBlock/steerable-nafx-libtorch-dynamic.onnx/onnx/128/iteration:4/repetition:3			9.5645 ms
ProcessBlock/steerable-nafx-libtorch-dynamic.onnx/onnx/128/iteration:5/repetition:3			9.5383 ms
ProcessBlock/steerable-nafx-libtorch-dynamic.onnx/onnx/128/iteration:6/repetition:3			9.5300 ms
ProcessBlock/steerable-nafx-libtorch-dynamic.onnx/onnx/128/iteration:7/repetition:3			9.6030 ms
ProcessBlock/steerable-nafx-libtorch-dynamic.onnx/onnx/128/iteration:8/repetition:3			9.5519 ms
ProcessBlock/steerable-nafx-libtorch-dynamic.onnx/onnx/128/iteration:9/repetition:3			9.5189 ms
ProcessBlock/steerable-nafx-libtorch-dynamic.onnx/onnx/128/iteration:10/repetition:3			9.5342 ms
ProcessBlock/steerable-nafx-libtorch-dynamic.onnx/onnx/128/iteration:11/repetition:3			9.5172 ms
ProcessBlock/steerable-nafx-libtorch-dynamic.onnx/onnx/128/iteration:12/repetition:3			9.5412 ms
ProcessBlock/steerable-nafx-libtorch-dynamic.onnx/onnx/128/iteration:13/repetition:3			9.5195 ms
ProcessBlock/steerable-nafx-libtorch-dynamic.onnx/onnx/128/iteration:14/repetition:3			9.5245 ms
ProcessBlock/steerable-nafx-libtorch-dynamic.onnx/onnx/128/iteration:15/repetition:3			9.6021 ms
ProcessBlock/steerable-nafx-libtorch-dynamic.onnx/onnx/128/iteration:16/repetition:3			9.5623 ms
ProcessBlock/steerable-nafx-libtorch-dynamic.onnx/onnx/128/iteration:17/repetition:3			9.5989 ms
ProcessBlock/steerable-nafx-libtorch-dynamic.onnx/onnx/128/iteration:18/repetition:3			9.5387 ms
ProcessBlock/steerable-nafx-libtorch-dynamic.onnx/onnx/128/iteration:19/repetition:3			9.5445 ms
ProcessBlock/steerable-nafx-libtorch-dynamic.onnx/onnx/128/iteration:20/repetition:3			9.5339 ms
ProcessBlock/steerable-nafx-libtorch-dynamic.onnx/onnx/128/iteration:21/repetition:3			9.5670 ms
ProcessBlock/steerable-nafx-libtorch-dynamic.onnx/onnx/128/iteration:22/repetition:3			9.5323 ms
ProcessBlock/steerable-nafx-libtorch-dynamic.onnx/onnx/128/iteration:23/repetition:3			9.6095 ms
ProcessBlock/steerable-nafx-libtorch-dynamic.onnx/onnx/128/iteration:24/repetition:3			9.5546 ms
ProcessBlock/steerable-nafx-libtorch-dynamic.onnx/onnx/128/iteration:25/repetition:3			9.5952 ms
ProcessBlock/steerable-nafx-libtorch-dynamic.onnx/onnx/128/iteration:26/repetition:3			9.5746 ms
ProcessBlock/steerable-nafx-libtorch-dynamic.onnx/onnx/128/iteration:27/repetition:3			9.5406 ms
ProcessBlock/steerable-nafx-libtorch-dynamic.onnx/onnx/128/iteration:28/repetition:3			9.5856 ms
ProcessBlock/steerable-nafx-libtorch-dynamic.onnx/onnx/128/iteration:29/repetition:3			9.5898 ms
ProcessBlock/steerable-nafx-libtorch-dynamic.onnx/onnx/128/iteration:30/repetition:3			9.5121 ms
ProcessBlock/steerable-nafx-libtorch-dynamic.onnx/onnx/128/iteration:31/repetition:3			9.5370 ms
ProcessBlock/steerable-nafx-libtorch-dynamic.onnx/onnx/128/iteration:32/repetition:3			9.5675 ms
ProcessBlock/steerable-nafx-libtorch-dynamic.onnx/onnx/128/iteration:33/repetition:3			9.5202 ms
ProcessBlock/steerable-nafx-libtorch-dynamic.onnx/onnx/128/iteration:34/repetition:3			9.5785 ms
ProcessBlock/steerable-nafx-libtorch-dynamic.onnx/onnx/128/iteration:35/repetition:3			9.5225 ms
ProcessBlock/steerable-nafx-libtorch-dynamic.onnx/onnx/128/iteration:36/repetition:3			9.5467 ms
ProcessBlock/steerable-nafx-libtorch-dynamic.onnx/onnx/128/iteration:37/repetition:3			9.5078 ms
ProcessBlock/steerable-nafx-libtorch-dynamic.onnx/onnx/128/iteration:38/repetition:3			9.5224 ms
ProcessBlock/steerable-nafx-libtorch-dynamic.onnx/onnx/128/iteration:39/repetition:3			9.5612 ms
ProcessBlock/steerable-nafx-libtorch-dynamic.onnx/onnx/128/iteration:40/repetition:3			9.5217 ms
ProcessBlock/steerable-nafx-libtorch-dynamic.onnx/onnx/128/iteration:41/repetition:3			9.5219 ms
ProcessBlock/steerable-nafx-libtorch-dynamic.onnx/onnx/128/iteration:42/repetition:3			9.5681 ms
ProcessBlock/steerable-nafx-libtorch-dynamic.onnx/onnx/128/iteration:43/repetition:3			9.5602 ms
ProcessBlock/steerable-nafx-libtorch-dynamic.onnx/onnx/128/iteration:44/repetition:3			9.5625 ms
ProcessBlock/steerable-nafx-libtorch-dynamic.onnx/onnx/128/iteration:45/repetition:3			9.5970 ms
ProcessBlock/steerable-nafx-libtorch-dynamic.onnx/onnx/128/iteration:46/repetition:3			9.6325 ms
ProcessBlock/steerable-nafx-libtorch-dynamic.onnx/onnx/128/iteration:47/repetition:3			9.5595 ms
ProcessBlock/steerable-nafx-libtorch-dynamic.onnx/onnx/128/iteration:48/repetition:3			9.5668 ms
ProcessBlock/steerable-nafx-libtorch-dynamic.onnx/onnx/128/iteration:49/repetition:3			9.5175 ms
  Repetition 3/10: mean=9.5597 ms

[INFO] Anira version: 0.0.0-unknown
[WARNING] Session 13 requested more parallel processors than threads are available in Context. Using number of threads as number of parallel processors.
ProcessBlock/steerable-nafx-libtorch-dynamic.onnx/onnx/128/iteration:0/repetition:4			9.6903 ms
ProcessBlock/steerable-nafx-libtorch-dynamic.onnx/onnx/128/iteration:1/repetition:4			9.6150 ms
ProcessBlock/steerable-nafx-libtorch-dynamic.onnx/onnx/128/iteration:2/repetition:4			9.5582 ms
ProcessBlock/steerable-nafx-libtorch-dynamic.onnx/onnx/128/iteration:3/repetition:4			9.5549 ms
ProcessBlock/steerable-nafx-libtorch-dynamic.onnx/onnx/128/iteration:4/repetition:4			9.5542 ms
ProcessBlock/steerable-nafx-libtorch-dynamic.onnx/onnx/128/iteration:5/repetition:4			9.5139 ms
ProcessBlock/steerable-nafx-libtorch-dynamic.onnx/onnx/128/iteration:6/repetition:4			9.5905 ms
ProcessBlock/steerable-nafx-libtorch-dynamic.onnx/onnx/128/iteration:7/repetition:4			9.5670 ms
ProcessBlock/steerable-nafx-libtorch-dynamic.onnx/onnx/128/iteration:8/repetition:4			9.5129 ms
ProcessBlock/steerable-nafx-libtorch-dynamic.onnx/onnx/128/iteration:9/repetition:4			9.5624 ms
ProcessBlock/steerable-nafx-libtorch-dynamic.onnx/onnx/128/iteration:10/repetition:4			9.5503 ms
ProcessBlock/steerable-nafx-libtorch-dynamic.onnx/onnx/128/iteration:11/repetition:4			9.5973 ms
ProcessBlock/steerable-nafx-libtorch-dynamic.onnx/onnx/128/iteration:12/repetition:4			9.5848 ms
ProcessBlock/steerable-nafx-libtorch-dynamic.onnx/onnx/128/iteration:13/repetition:4			9.5211 ms
ProcessBlock/steerable-nafx-libtorch-dynamic.onnx/onnx/128/iteration:14/repetition:4			9.6077 ms
ProcessBlock/steerable-nafx-libtorch-dynamic.onnx/onnx/128/iteration:15/repetition:4			9.5943 ms
ProcessBlock/steerable-nafx-libtorch-dynamic.onnx/onnx/128/iteration:16/repetition:4			9.5178 ms
ProcessBlock/steerable-nafx-libtorch-dynamic.onnx/onnx/128/iteration:17/repetition:4			9.5516 ms
ProcessBlock/steerable-nafx-libtorch-dynamic.onnx/onnx/128/iteration:18/repetition:4			9.5245 ms
ProcessBlock/steerable-nafx-libtorch-dynamic.onnx/onnx/128/iteration:19/repetition:4			9.5450 ms
ProcessBlock/steerable-nafx-libtorch-dynamic.onnx/onnx/128/iteration:20/repetition:4			9.5387 ms
ProcessBlock/steerable-nafx-libtorch-dynamic.onnx/onnx/128/iteration:21/repetition:4			9.5221 ms
ProcessBlock/steerable-nafx-libtorch-dynamic.onnx/onnx/128/iteration:22/repetition:4			9.5370 ms
ProcessBlock/steerable-nafx-libtorch-dynamic.onnx/onnx/128/iteration:23/repetition:4			9.5287 ms
ProcessBlock/steerable-nafx-libtorch-dynamic.onnx/onnx/128/iteration:24/repetition:4			9.5961 ms
ProcessBlock/steerable-nafx-libtorch-dynamic.onnx/onnx/128/iteration:25/repetition:4			9.5512 ms
ProcessBlock/steerable-nafx-libtorch-dynamic.onnx/onnx/128/iteration:26/repetition:4			9.5592 ms
ProcessBlock/steerable-nafx-libtorch-dynamic.onnx/onnx/128/iteration:27/repetition:4			9.6076 ms
ProcessBlock/steerable-nafx-libtorch-dynamic.onnx/onnx/128/iteration:28/repetition:4			9.5723 ms
ProcessBlock/steerable-nafx-libtorch-dynamic.onnx/onnx/128/iteration:29/repetition:4			9.5545 ms
ProcessBlock/steerable-nafx-libtorch-dynamic.onnx/onnx/128/iteration:30/repetition:4			9.5132 ms
ProcessBlock/steerable-nafx-libtorch-dynamic.onnx/onnx/128/iteration:31/repetition:4			9.5373 ms
ProcessBlock/steerable-nafx-libtorch-dynamic.onnx/onnx/128/iteration:32/repetition:4			9.5985 ms
ProcessBlock/steerable-nafx-libtorch-dynamic.onnx/onnx/128/iteration:33/repetition:4			9.5237 ms
ProcessBlock/steerable-nafx-libtorch-dynamic.onnx/onnx/128/iteration:34/repetition:4			9.5914 ms
ProcessBlock/steerable-nafx-libtorch-dynamic.onnx/onnx/128/iteration:35/repetition:4			9.5385 ms
ProcessBlock/steerable-nafx-libtorch-dynamic.onnx/onnx/128/iteration:36/repetition:4			9.5397 ms
ProcessBlock/steerable-nafx-libtorch-dynamic.onnx/onnx/128/iteration:37/repetition:4			9.5817 ms
ProcessBlock/steerable-nafx-libtorch-dynamic.onnx/onnx/128/iteration:38/repetition:4			9.5418 ms
ProcessBlock/steerable-nafx-libtorch-dynamic.onnx/onnx/128/iteration:39/repetition:4			9.5851 ms
ProcessBlock/steerable-nafx-libtorch-dynamic.onnx/onnx/128/iteration:40/repetition:4			9.5157 ms
ProcessBlock/steerable-nafx-libtorch-dynamic.onnx/onnx/128/iteration:41/repetition:4			9.5304 ms
ProcessBlock/steerable-nafx-libtorch-dynamic.onnx/onnx/128/iteration:42/repetition:4			9.5363 ms
ProcessBlock/steerable-nafx-libtorch-dynamic.onnx/onnx/128/iteration:43/repetition:4			9.5267 ms
ProcessBlock/steerable-nafx-libtorch-dynamic.onnx/onnx/128/iteration:44/repetition:4			9.6032 ms
ProcessBlock/steerable-nafx-libtorch-dynamic.onnx/onnx/128/iteration:45/repetition:4			9.5745 ms
ProcessBlock/steerable-nafx-libtorch-dynamic.onnx/onnx/128/iteration:46/repetition:4			9.5711 ms
ProcessBlock/steerable-nafx-libtorch-dynamic.onnx/onnx/128/iteration:47/repetition:4			9.5468 ms
ProcessBlock/steerable-nafx-libtorch-dynamic.onnx/onnx/128/iteration:48/repetition:4			9.5745 ms
ProcessBlock/steerable-nafx-libtorch-dynamic.onnx/onnx/128/iteration:49/repetition:4			9.5945 ms
  Repetition 4/10: mean=9.5601 ms

[INFO] Anira version: 0.0.0-unknown
[WARNING] Session 14 requested more parallel processors than threads are available in Context. Using number of threads as number of parallel processors.
ProcessBlock/steerable-nafx-libtorch-dynamic.onnx/onnx/128/iteration:0/repetition:5			9.7300 ms
ProcessBlock/steerable-nafx-libtorch-dynamic.onnx/onnx/128/iteration:1/repetition:5			9.6015 ms
ProcessBlock/steerable-nafx-libtorch-dynamic.onnx/onnx/128/iteration:2/repetition:5			9.5672 ms
ProcessBlock/steerable-nafx-libtorch-dynamic.onnx/onnx/128/iteration:3/repetition:5			9.5512 ms
ProcessBlock/steerable-nafx-libtorch-dynamic.onnx/onnx/128/iteration:4/repetition:5			9.5337 ms
ProcessBlock/steerable-nafx-libtorch-dynamic.onnx/onnx/128/iteration:5/repetition:5			9.5277 ms
ProcessBlock/steerable-nafx-libtorch-dynamic.onnx/onnx/128/iteration:6/repetition:5			9.5718 ms
ProcessBlock/steerable-nafx-libtorch-dynamic.onnx/onnx/128/iteration:7/repetition:5			9.5921 ms
ProcessBlock/steerable-nafx-libtorch-dynamic.onnx/onnx/128/iteration:8/repetition:5			9.6167 ms
ProcessBlock/steerable-nafx-libtorch-dynamic.onnx/onnx/128/iteration:9/repetition:5			9.5998 ms
ProcessBlock/steerable-nafx-libtorch-dynamic.onnx/onnx/128/iteration:10/repetition:5			9.5782 ms
ProcessBlock/steerable-nafx-libtorch-dynamic.onnx/onnx/128/iteration:11/repetition:5			9.5813 ms
ProcessBlock/steerable-nafx-libtorch-dynamic.onnx/onnx/128/iteration:12/repetition:5			9.5300 ms
ProcessBlock/steerable-nafx-libtorch-dynamic.onnx/onnx/128/iteration:13/repetition:5			9.5273 ms
ProcessBlock/steerable-nafx-libtorch-dynamic.onnx/onnx/128/iteration:14/repetition:5			9.5520 ms
ProcessBlock/steerable-nafx-libtorch-dynamic.onnx/onnx/128/iteration:15/repetition:5			9.5367 ms
ProcessBlock/steerable-nafx-libtorch-dynamic.onnx/onnx/128/iteration:16/repetition:5			9.5304 ms
ProcessBlock/steerable-nafx-libtorch-dynamic.onnx/onnx/128/iteration:17/repetition:5			9.4763 ms
ProcessBlock/steerable-nafx-libtorch-dynamic.onnx/onnx/128/iteration:18/repetition:5			9.5863 ms
ProcessBlock/steerable-nafx-libtorch-dynamic.onnx/onnx/128/iteration:19/repetition:5			9.5380 ms
ProcessBlock/steerable-nafx-libtorch-dynamic.onnx/onnx/128/iteration:20/repetition:5			9.5741 ms
ProcessBlock/steerable-nafx-libtorch-dynamic.onnx/onnx/128/iteration:21/repetition:5			9.5311 ms
ProcessBlock/steerable-nafx-libtorch-dynamic.onnx/onnx/128/iteration:22/repetition:5			9.5385 ms
ProcessBlock/steerable-nafx-libtorch-dynamic.onnx/onnx/128/iteration:23/repetition:5			9.5272 ms
ProcessBlock/steerable-nafx-libtorch-dynamic.onnx/onnx/128/iteration:24/repetition:5			9.5125 ms
ProcessBlock/steerable-nafx-libtorch-dynamic.onnx/onnx/128/iteration:25/repetition:5			9.5450 ms
ProcessBlock/steerable-nafx-libtorch-dynamic.onnx/onnx/128/iteration:26/repetition:5			9.5355 ms
ProcessBlock/steerable-nafx-libtorch-dynamic.onnx/onnx/128/iteration:27/repetition:5			9.5464 ms
ProcessBlock/steerable-nafx-libtorch-dynamic.onnx/onnx/128/iteration:28/repetition:5			9.6135 ms
ProcessBlock/steerable-nafx-libtorch-dynamic.onnx/onnx/128/iteration:29/repetition:5			9.5462 ms
ProcessBlock/steerable-nafx-libtorch-dynamic.onnx/onnx/128/iteration:30/repetition:5			9.5903 ms
ProcessBlock/steerable-nafx-libtorch-dynamic.onnx/onnx/128/iteration:31/repetition:5			9.5437 ms
ProcessBlock/steerable-nafx-libtorch-dynamic.onnx/onnx/128/iteration:32/repetition:5			9.5795 ms
ProcessBlock/steerable-nafx-libtorch-dynamic.onnx/onnx/128/iteration:33/repetition:5			9.5410 ms
ProcessBlock/steerable-nafx-libtorch-dynamic.onnx/onnx/128/iteration:34/repetition:5			9.5728 ms
ProcessBlock/steerable-nafx-libtorch-dynamic.onnx/onnx/128/iteration:35/repetition:5			9.5651 ms
ProcessBlock/steerable-nafx-libtorch-dynamic.onnx/onnx/128/iteration:36/repetition:5			9.5100 ms
ProcessBlock/steerable-nafx-libtorch-dynamic.onnx/onnx/128/iteration:37/repetition:5			9.5316 ms
ProcessBlock/steerable-nafx-libtorch-dynamic.onnx/onnx/128/iteration:38/repetition:5			9.5333 ms
ProcessBlock/steerable-nafx-libtorch-dynamic.onnx/onnx/128/iteration:39/repetition:5			9.6076 ms
ProcessBlock/steerable-nafx-libtorch-dynamic.onnx/onnx/128/iteration:40/repetition:5			9.5201 ms
ProcessBlock/steerable-nafx-libtorch-dynamic.onnx/onnx/128/iteration:41/repetition:5			9.5459 ms
ProcessBlock/steerable-nafx-libtorch-dynamic.onnx/onnx/128/iteration:42/repetition:5			9.6013 ms
ProcessBlock/steerable-nafx-libtorch-dynamic.onnx/onnx/128/iteration:43/repetition:5			9.5307 ms
ProcessBlock/steerable-nafx-libtorch-dynamic.onnx/onnx/128/iteration:44/repetition:5			9.5209 ms
ProcessBlock/steerable-nafx-libtorch-dynamic.onnx/onnx/128/iteration:45/repetition:5			9.5506 ms
ProcessBlock/steerable-nafx-libtorch-dynamic.onnx/onnx/128/iteration:46/repetition:5			9.5255 ms
ProcessBlock/steerable-nafx-libtorch-dynamic.onnx/onnx/128/iteration:47/repetition:5			9.5740 ms
ProcessBlock/steerable-nafx-libtorch-dynamic.onnx/onnx/128/iteration:48/repetition:5			9.5676 ms
ProcessBlock/steerable-nafx-libtorch-dynamic.onnx/onnx/128/iteration:49/repetition:5			9.5795 ms
  Repetition 5/10: mean=9.5578 ms

[INFO] Anira version: 0.0.0-unknown
[WARNING] Session 15 requested more parallel processors than threads are available in Context. Using number of threads as number of parallel processors.
ProcessBlock/steerable-nafx-libtorch-dynamic.onnx/onnx/128/iteration:0/repetition:6			9.7038 ms
ProcessBlock/steerable-nafx-libtorch-dynamic.onnx/onnx/128/iteration:1/repetition:6			9.5640 ms
ProcessBlock/steerable-nafx-libtorch-dynamic.onnx/onnx/128/iteration:2/repetition:6			9.5226 ms
ProcessBlock/steerable-nafx-libtorch-dynamic.onnx/onnx/128/iteration:3/repetition:6			9.5911 ms
ProcessBlock/steerable-nafx-libtorch-dynamic.onnx/onnx/128/iteration:4/repetition:6			9.5444 ms
ProcessBlock/steerable-nafx-libtorch-dynamic.onnx/onnx/128/iteration:5/repetition:6			9.5697 ms
ProcessBlock/steerable-nafx-libtorch-dynamic.onnx/onnx/128/iteration:6/repetition:6			9.5401 ms
ProcessBlock/steerable-nafx-libtorch-dynamic.onnx/onnx/128/iteration:7/repetition:6			9.5784 ms
ProcessBlock/steerable-nafx-libtorch-dynamic.onnx/onnx/128/iteration:8/repetition:6			9.5816 ms
ProcessBlock/steerable-nafx-libtorch-dynamic.onnx/onnx/128/iteration:9/repetition:6			9.5302 ms
ProcessBlock/steerable-nafx-libtorch-dynamic.onnx/onnx/128/iteration:10/repetition:6			9.5178 ms
ProcessBlock/steerable-nafx-libtorch-dynamic.onnx/onnx/128/iteration:11/repetition:6			9.5813 ms
ProcessBlock/steerable-nafx-libtorch-dynamic.onnx/onnx/128/iteration:12/repetition:6			9.5917 ms
ProcessBlock/steerable-nafx-libtorch-dynamic.onnx/onnx/128/iteration:13/repetition:6			9.5516 ms
ProcessBlock/steerable-nafx-libtorch-dynamic.onnx/onnx/128/iteration:14/repetition:6			9.5601 ms
ProcessBlock/steerable-nafx-libtorch-dynamic.onnx/onnx/128/iteration:15/repetition:6			9.5330 ms
ProcessBlock/steerable-nafx-libtorch-dynamic.onnx/onnx/128/iteration:16/repetition:6			9.5611 ms
ProcessBlock/steerable-nafx-libtorch-dynamic.onnx/onnx/128/iteration:17/repetition:6			9.5209 ms
ProcessBlock/steerable-nafx-libtorch-dynamic.onnx/onnx/128/iteration:18/repetition:6			9.5217 ms
ProcessBlock/steerable-nafx-libtorch-dynamic.onnx/onnx/128/iteration:19/repetition:6			9.5689 ms
ProcessBlock/steerable-nafx-libtorch-dynamic.onnx/onnx/128/iteration:20/repetition:6			9.6240 ms
ProcessBlock/steerable-nafx-libtorch-dynamic.onnx/onnx/128/iteration:21/repetition:6			9.5169 ms
ProcessBlock/steerable-nafx-libtorch-dynamic.onnx/onnx/128/iteration:22/repetition:6			9.5551 ms
ProcessBlock/steerable-nafx-libtorch-dynamic.onnx/onnx/128/iteration:23/repetition:6			9.5219 ms
ProcessBlock/steerable-nafx-libtorch-dynamic.onnx/onnx/128/iteration:24/repetition:6			9.5611 ms
ProcessBlock/steerable-nafx-libtorch-dynamic.onnx/onnx/128/iteration:25/repetition:6			9.5451 ms
ProcessBlock/steerable-nafx-libtorch-dynamic.onnx/onnx/128/iteration:26/repetition:6			9.5978 ms
ProcessBlock/steerable-nafx-libtorch-dynamic.onnx/onnx/128/iteration:27/repetition:6			9.5182 ms
ProcessBlock/steerable-nafx-libtorch-dynamic.onnx/onnx/128/iteration:28/repetition:6			9.5412 ms
ProcessBlock/steerable-nafx-libtorch-dynamic.onnx/onnx/128/iteration:29/repetition:6			9.5405 ms
ProcessBlock/steerable-nafx-libtorch-dynamic.onnx/onnx/128/iteration:30/repetition:6			9.5835 ms
ProcessBlock/steerable-nafx-libtorch-dynamic.onnx/onnx/128/iteration:31/repetition:6			9.5794 ms
ProcessBlock/steerable-nafx-libtorch-dynamic.onnx/onnx/128/iteration:32/repetition:6			9.5167 ms
ProcessBlock/steerable-nafx-libtorch-dynamic.onnx/onnx/128/iteration:33/repetition:6			9.5385 ms
ProcessBlock/steerable-nafx-libtorch-dynamic.onnx/onnx/128/iteration:34/repetition:6			9.4808 ms
ProcessBlock/steerable-nafx-libtorch-dynamic.onnx/onnx/128/iteration:35/repetition:6			9.5900 ms
ProcessBlock/steerable-nafx-libtorch-dynamic.onnx/onnx/128/iteration:36/repetition:6			9.5216 ms
ProcessBlock/steerable-nafx-libtorch-dynamic.onnx/onnx/128/iteration:37/repetition:6			9.5036 ms
ProcessBlock/steerable-nafx-libtorch-dynamic.onnx/onnx/128/iteration:38/repetition:6			9.5353 ms
ProcessBlock/steerable-nafx-libtorch-dynamic.onnx/onnx/128/iteration:39/repetition:6			9.5210 ms
ProcessBlock/steerable-nafx-libtorch-dynamic.onnx/onnx/128/iteration:40/repetition:6			9.5359 ms
ProcessBlock/steerable-nafx-libtorch-dynamic.onnx/onnx/128/iteration:41/repetition:6			9.5183 ms
ProcessBlock/steerable-nafx-libtorch-dynamic.onnx/onnx/128/iteration:42/repetition:6			9.5265 ms
ProcessBlock/steerable-nafx-libtorch-dynamic.onnx/onnx/128/iteration:43/repetition:6			9.6326 ms
ProcessBlock/steerable-nafx-libtorch-dynamic.onnx/onnx/128/iteration:44/repetition:6			9.5297 ms
ProcessBlock/steerable-nafx-libtorch-dynamic.onnx/onnx/128/iteration:45/repetition:6			9.5430 ms
ProcessBlock/steerable-nafx-libtorch-dynamic.onnx/onnx/128/iteration:46/repetition:6			9.5139 ms
ProcessBlock/steerable-nafx-libtorch-dynamic.onnx/onnx/128/iteration:47/repetition:6			9.5268 ms
ProcessBlock/steerable-nafx-libtorch-dynamic.onnx/onnx/128/iteration:48/repetition:6			9.5300 ms
ProcessBlock/steerable-nafx-libtorch-dynamic.onnx/onnx/128/iteration:49/repetition:6			9.5239 ms
  Repetition 6/10: mean=9.5501 ms

[INFO] Anira version: 0.0.0-unknown
[WARNING] Session 16 requested more parallel processors than threads are available in Context. Using number of threads as number of parallel processors.
ProcessBlock/steerable-nafx-libtorch-dynamic.onnx/onnx/128/iteration:0/repetition:7			9.7546 ms
ProcessBlock/steerable-nafx-libtorch-dynamic.onnx/onnx/128/iteration:1/repetition:7			9.6264 ms
ProcessBlock/steerable-nafx-libtorch-dynamic.onnx/onnx/128/iteration:2/repetition:7			9.5499 ms
ProcessBlock/steerable-nafx-libtorch-dynamic.onnx/onnx/128/iteration:3/repetition:7			9.6505 ms
ProcessBlock/steerable-nafx-libtorch-dynamic.onnx/onnx/128/iteration:4/repetition:7			9.5576 ms
ProcessBlock/steerable-nafx-libtorch-dynamic.onnx/onnx/128/iteration:5/repetition:7			9.5366 ms
ProcessBlock/steerable-nafx-libtorch-dynamic.onnx/onnx/128/iteration:6/repetition:7			9.5289 ms
ProcessBlock/steerable-nafx-libtorch-dynamic.onnx/onnx/128/iteration:7/repetition:7			9.5352 ms
ProcessBlock/steerable-nafx-libtorch-dynamic.onnx/onnx/128/iteration:8/repetition:7			9.5629 ms
ProcessBlock/steerable-nafx-libtorch-dynamic.onnx/onnx/128/iteration:9/repetition:7			9.5351 ms
ProcessBlock/steerable-nafx-libtorch-dynamic.onnx/onnx/128/iteration:10/repetition:7			9.5815 ms
ProcessBlock/steerable-nafx-libtorch-dynamic.onnx/onnx/128/iteration:11/repetition:7			9.5825 ms
ProcessBlock/steerable-nafx-libtorch-dynamic.onnx/onnx/128/iteration:12/repetition:7			9.6006 ms
ProcessBlock/steerable-nafx-libtorch-dynamic.onnx/onnx/128/iteration:13/repetition:7			9.5904 ms
ProcessBlock/steerable-nafx-libtorch-dynamic.onnx/onnx/128/iteration:14/repetition:7			9.5891 ms
ProcessBlock/steerable-nafx-libtorch-dynamic.onnx/onnx/128/iteration:15/repetition:7			9.5431 ms
ProcessBlock/steerable-nafx-libtorch-dynamic.onnx/onnx/128/iteration:16/repetition:7			9.5184 ms
ProcessBlock/steerable-nafx-libtorch-dynamic.onnx/onnx/128/iteration:17/repetition:7			9.5780 ms
ProcessBlock/steerable-nafx-libtorch-dynamic.onnx/onnx/128/iteration:18/repetition:7			9.5758 ms
ProcessBlock/steerable-nafx-libtorch-dynamic.onnx/onnx/128/iteration:19/repetition:7			9.5961 ms
ProcessBlock/steerable-nafx-libtorch-dynamic.onnx/onnx/128/iteration:20/repetition:7			9.5388 ms
ProcessBlock/steerable-nafx-libtorch-dynamic.onnx/onnx/128/iteration:21/repetition:7			9.5430 ms
ProcessBlock/steerable-nafx-libtorch-dynamic.onnx/onnx/128/iteration:22/repetition:7			9.5186 ms
ProcessBlock/steerable-nafx-libtorch-dynamic.onnx/onnx/128/iteration:23/repetition:7			9.5306 ms
ProcessBlock/steerable-nafx-libtorch-dynamic.onnx/onnx/128/iteration:24/repetition:7			9.5268 ms
ProcessBlock/steerable-nafx-libtorch-dynamic.onnx/onnx/128/iteration:25/repetition:7			9.5683 ms
ProcessBlock/steerable-nafx-libtorch-dynamic.onnx/onnx/128/iteration:26/repetition:7			9.5290 ms
ProcessBlock/steerable-nafx-libtorch-dynamic.onnx/onnx/128/iteration:27/repetition:7			9.5342 ms
ProcessBlock/steerable-nafx-libtorch-dynamic.onnx/onnx/128/iteration:28/repetition:7			9.5311 ms
ProcessBlock/steerable-nafx-libtorch-dynamic.onnx/onnx/128/iteration:29/repetition:7			9.5869 ms
ProcessBlock/steerable-nafx-libtorch-dynamic.onnx/onnx/128/iteration:30/repetition:7			9.5169 ms
ProcessBlock/steerable-nafx-libtorch-dynamic.onnx/onnx/128/iteration:31/repetition:7			9.5414 ms
ProcessBlock/steerable-nafx-libtorch-dynamic.onnx/onnx/128/iteration:32/repetition:7			9.5296 ms
ProcessBlock/steerable-nafx-libtorch-dynamic.onnx/onnx/128/iteration:33/repetition:7			9.5958 ms
ProcessBlock/steerable-nafx-libtorch-dynamic.onnx/onnx/128/iteration:34/repetition:7			9.5287 ms
ProcessBlock/steerable-nafx-libtorch-dynamic.onnx/onnx/128/iteration:35/repetition:7			9.5789 ms
ProcessBlock/steerable-nafx-libtorch-dynamic.onnx/onnx/128/iteration:36/repetition:7			9.5788 ms
ProcessBlock/steerable-nafx-libtorch-dynamic.onnx/onnx/128/iteration:37/repetition:7			9.5350 ms
ProcessBlock/steerable-nafx-libtorch-dynamic.onnx/onnx/128/iteration:38/repetition:7			9.5397 ms
ProcessBlock/steerable-nafx-libtorch-dynamic.onnx/onnx/128/iteration:39/repetition:7			9.5493 ms
ProcessBlock/steerable-nafx-libtorch-dynamic.onnx/onnx/128/iteration:40/repetition:7			9.5368 ms
ProcessBlock/steerable-nafx-libtorch-dynamic.onnx/onnx/128/iteration:41/repetition:7			9.5292 ms
ProcessBlock/steerable-nafx-libtorch-dynamic.onnx/onnx/128/iteration:42/repetition:7			9.5494 ms
ProcessBlock/steerable-nafx-libtorch-dynamic.onnx/onnx/128/iteration:43/repetition:7			9.5873 ms
ProcessBlock/steerable-nafx-libtorch-dynamic.onnx/onnx/128/iteration:44/repetition:7			9.5340 ms
ProcessBlock/steerable-nafx-libtorch-dynamic.onnx/onnx/128/iteration:45/repetition:7			9.5210 ms
ProcessBlock/steerable-nafx-libtorch-dynamic.onnx/onnx/128/iteration:46/repetition:7			9.5442 ms
ProcessBlock/steerable-nafx-libtorch-dynamic.onnx/onnx/128/iteration:47/repetition:7			9.5253 ms
ProcessBlock/steerable-nafx-libtorch-dynamic.onnx/onnx/128/iteration:48/repetition:7			9.5183 ms
ProcessBlock/steerable-nafx-libtorch-dynamic.onnx/onnx/128/iteration:49/repetition:7			9.5424 ms
  Repetition 7/10: mean=9.5577 ms

[INFO] Anira version: 0.0.0-unknown
[WARNING] Session 17 requested more parallel processors than threads are available in Context. Using number of threads as number of parallel processors.
ProcessBlock/steerable-nafx-libtorch-dynamic.onnx/onnx/128/iteration:0/repetition:8			9.6887 ms
ProcessBlock/steerable-nafx-libtorch-dynamic.onnx/onnx/128/iteration:1/repetition:8			9.5694 ms
ProcessBlock/steerable-nafx-libtorch-dynamic.onnx/onnx/128/iteration:2/repetition:8			9.5629 ms
ProcessBlock/steerable-nafx-libtorch-dynamic.onnx/onnx/128/iteration:3/repetition:8			9.6074 ms
ProcessBlock/steerable-nafx-libtorch-dynamic.onnx/onnx/128/iteration:4/repetition:8			9.5464 ms
ProcessBlock/steerable-nafx-libtorch-dynamic.onnx/onnx/128/iteration:5/repetition:8			9.5905 ms
ProcessBlock/steerable-nafx-libtorch-dynamic.onnx/onnx/128/iteration:6/repetition:8			9.5905 ms
ProcessBlock/steerable-nafx-libtorch-dynamic.onnx/onnx/128/iteration:7/repetition:8			9.5870 ms
ProcessBlock/steerable-nafx-libtorch-dynamic.onnx/onnx/128/iteration:8/repetition:8			9.5388 ms
ProcessBlock/steerable-nafx-libtorch-dynamic.onnx/onnx/128/iteration:9/repetition:8			9.5973 ms
ProcessBlock/steerable-nafx-libtorch-dynamic.onnx/onnx/128/iteration:10/repetition:8			9.5678 ms
ProcessBlock/steerable-nafx-libtorch-dynamic.onnx/onnx/128/iteration:11/repetition:8			9.5364 ms
ProcessBlock/steerable-nafx-libtorch-dynamic.onnx/onnx/128/iteration:12/repetition:8			9.5703 ms
ProcessBlock/steerable-nafx-libtorch-dynamic.onnx/onnx/128/iteration:13/repetition:8			9.5858 ms
ProcessBlock/steerable-nafx-libtorch-dynamic.onnx/onnx/128/iteration:14/repetition:8			9.5447 ms
ProcessBlock/steerable-nafx-libtorch-dynamic.onnx/onnx/128/iteration:15/repetition:8			9.5383 ms
ProcessBlock/steerable-nafx-libtorch-dynamic.onnx/onnx/128/iteration:16/repetition:8			9.5478 ms
ProcessBlock/steerable-nafx-libtorch-dynamic.onnx/onnx/128/iteration:17/repetition:8			9.5485 ms
ProcessBlock/steerable-nafx-libtorch-dynamic.onnx/onnx/128/iteration:18/repetition:8			9.5685 ms
ProcessBlock/steerable-nafx-libtorch-dynamic.onnx/onnx/128/iteration:19/repetition:8			9.5278 ms
ProcessBlock/steerable-nafx-libtorch-dynamic.onnx/onnx/128/iteration:20/repetition:8			9.5327 ms
ProcessBlock/steerable-nafx-libtorch-dynamic.onnx/onnx/128/iteration:21/repetition:8			9.5352 ms
ProcessBlock/steerable-nafx-libtorch-dynamic.onnx/onnx/128/iteration:22/repetition:8			9.5972 ms
ProcessBlock/steerable-nafx-libtorch-dynamic.onnx/onnx/128/iteration:23/repetition:8			9.5586 ms
ProcessBlock/steerable-nafx-libtorch-dynamic.onnx/onnx/128/iteration:24/repetition:8			9.5209 ms
ProcessBlock/steerable-nafx-libtorch-dynamic.onnx/onnx/128/iteration:25/repetition:8			9.5383 ms
ProcessBlock/steerable-nafx-libtorch-dynamic.onnx/onnx/128/iteration:26/repetition:8			9.5419 ms
ProcessBlock/steerable-nafx-libtorch-dynamic.onnx/onnx/128/iteration:27/repetition:8			9.5764 ms
ProcessBlock/steerable-nafx-libtorch-dynamic.onnx/onnx/128/iteration:28/repetition:8			9.5403 ms
ProcessBlock/steerable-nafx-libtorch-dynamic.onnx/onnx/128/iteration:29/repetition:8			9.6154 ms
ProcessBlock/steerable-nafx-libtorch-dynamic.onnx/onnx/128/iteration:30/repetition:8			9.5712 ms
ProcessBlock/steerable-nafx-libtorch-dynamic.onnx/onnx/128/iteration:31/repetition:8			9.5274 ms
ProcessBlock/steerable-nafx-libtorch-dynamic.onnx/onnx/128/iteration:32/repetition:8			9.5392 ms
ProcessBlock/steerable-nafx-libtorch-dynamic.onnx/onnx/128/iteration:33/repetition:8			9.5935 ms
ProcessBlock/steerable-nafx-libtorch-dynamic.onnx/onnx/128/iteration:34/repetition:8			9.5377 ms
ProcessBlock/steerable-nafx-libtorch-dynamic.onnx/onnx/128/iteration:35/repetition:8			9.5874 ms
ProcessBlock/steerable-nafx-libtorch-dynamic.onnx/onnx/128/iteration:36/repetition:8			9.5909 ms
ProcessBlock/steerable-nafx-libtorch-dynamic.onnx/onnx/128/iteration:37/repetition:8			9.5179 ms
ProcessBlock/steerable-nafx-libtorch-dynamic.onnx/onnx/128/iteration:38/repetition:8			9.6108 ms
ProcessBlock/steerable-nafx-libtorch-dynamic.onnx/onnx/128/iteration:39/repetition:8			9.5298 ms
ProcessBlock/steerable-nafx-libtorch-dynamic.onnx/onnx/128/iteration:40/repetition:8			9.5923 ms
ProcessBlock/steerable-nafx-libtorch-dynamic.onnx/onnx/128/iteration:41/repetition:8			9.5274 ms
ProcessBlock/steerable-nafx-libtorch-dynamic.onnx/onnx/128/iteration:42/repetition:8			9.5474 ms
ProcessBlock/steerable-nafx-libtorch-dynamic.onnx/onnx/128/iteration:43/repetition:8			9.6083 ms
ProcessBlock/steerable-nafx-libtorch-dynamic.onnx/onnx/128/iteration:44/repetition:8			9.5384 ms
ProcessBlock/steerable-nafx-libtorch-dynamic.onnx/onnx/128/iteration:45/repetition:8			9.5240 ms
ProcessBlock/steerable-nafx-libtorch-dynamic.onnx/onnx/128/iteration:46/repetition:8			9.5855 ms
ProcessBlock/steerable-nafx-libtorch-dynamic.onnx/onnx/128/iteration:47/repetition:8			9.5611 ms
ProcessBlock/steerable-nafx-libtorch-dynamic.onnx/onnx/128/iteration:48/repetition:8			9.5574 ms
ProcessBlock/steerable-nafx-libtorch-dynamic.onnx/onnx/128/iteration:49/repetition:8			9.5609 ms
  Repetition 8/10: mean=9.5636 ms

[INFO] Anira version: 0.0.0-unknown
[WARNING] Session 18 requested more parallel processors than threads are available in Context. Using number of threads as number of parallel processors.
ProcessBlock/steerable-nafx-libtorch-dynamic.onnx/onnx/128/iteration:0/repetition:9			9.7121 ms
ProcessBlock/steerable-nafx-libtorch-dynamic.onnx/onnx/128/iteration:1/repetition:9			9.5385 ms
ProcessBlock/steerable-nafx-libtorch-dynamic.onnx/onnx/128/iteration:2/repetition:9			9.5489 ms
ProcessBlock/steerable-nafx-libtorch-dynamic.onnx/onnx/128/iteration:3/repetition:9			9.6145 ms
ProcessBlock/steerable-nafx-libtorch-dynamic.onnx/onnx/128/iteration:4/repetition:9			9.6205 ms
ProcessBlock/steerable-nafx-libtorch-dynamic.onnx/onnx/128/iteration:5/repetition:9			9.5691 ms
ProcessBlock/steerable-nafx-libtorch-dynamic.onnx/onnx/128/iteration:6/repetition:9			9.5872 ms
ProcessBlock/steerable-nafx-libtorch-dynamic.onnx/onnx/128/iteration:7/repetition:9			9.5370 ms
ProcessBlock/steerable-nafx-libtorch-dynamic.onnx/onnx/128/iteration:8/repetition:9			9.5253 ms
ProcessBlock/steerable-nafx-libtorch-dynamic.onnx/onnx/128/iteration:9/repetition:9			9.5257 ms
ProcessBlock/steerable-nafx-libtorch-dynamic.onnx/onnx/128/iteration:10/repetition:9			9.5436 ms
ProcessBlock/steerable-nafx-libtorch-dynamic.onnx/onnx/128/iteration:11/repetition:9			9.5385 ms
ProcessBlock/steerable-nafx-libtorch-dynamic.onnx/onnx/128/iteration:12/repetition:9			9.5849 ms
ProcessBlock/steerable-nafx-libtorch-dynamic.onnx/onnx/128/iteration:13/repetition:9			9.5985 ms
ProcessBlock/steerable-nafx-libtorch-dynamic.onnx/onnx/128/iteration:14/repetition:9			9.5506 ms
ProcessBlock/steerable-nafx-libtorch-dynamic.onnx/onnx/128/iteration:15/repetition:9			9.5409 ms
ProcessBlock/steerable-nafx-libtorch-dynamic.onnx/onnx/128/iteration:16/repetition:9			9.5708 ms
ProcessBlock/steerable-nafx-libtorch-dynamic.onnx/onnx/128/iteration:17/repetition:9			9.5947 ms
ProcessBlock/steerable-nafx-libtorch-dynamic.onnx/onnx/128/iteration:18/repetition:9			9.5314 ms
ProcessBlock/steerable-nafx-libtorch-dynamic.onnx/onnx/128/iteration:19/repetition:9			9.5363 ms
ProcessBlock/steerable-nafx-libtorch-dynamic.onnx/onnx/128/iteration:20/repetition:9			9.5383 ms
ProcessBlock/steerable-nafx-libtorch-dynamic.onnx/onnx/128/iteration:21/repetition:9			9.5410 ms
ProcessBlock/steerable-nafx-libtorch-dynamic.onnx/onnx/128/iteration:22/repetition:9			9.5453 ms
ProcessBlock/steerable-nafx-libtorch-dynamic.onnx/onnx/128/iteration:23/repetition:9			9.5947 ms
ProcessBlock/steerable-nafx-libtorch-dynamic.onnx/onnx/128/iteration:24/repetition:9			9.5208 ms
ProcessBlock/steerable-nafx-libtorch-dynamic.onnx/onnx/128/iteration:25/repetition:9			9.5484 ms
ProcessBlock/steerable-nafx-libtorch-dynamic.onnx/onnx/128/iteration:26/repetition:9			9.5291 ms
ProcessBlock/steerable-nafx-libtorch-dynamic.onnx/onnx/128/iteration:27/repetition:9			9.5451 ms
ProcessBlock/steerable-nafx-libtorch-dynamic.onnx/onnx/128/iteration:28/repetition:9			9.5582 ms
ProcessBlock/steerable-nafx-libtorch-dynamic.onnx/onnx/128/iteration:29/repetition:9			9.5662 ms
ProcessBlock/steerable-nafx-libtorch-dynamic.onnx/onnx/128/iteration:30/repetition:9			9.5249 ms
ProcessBlock/steerable-nafx-libtorch-dynamic.onnx/onnx/128/iteration:31/repetition:9			9.5958 ms
ProcessBlock/steerable-nafx-libtorch-dynamic.onnx/onnx/128/iteration:32/repetition:9			9.5375 ms
ProcessBlock/steerable-nafx-libtorch-dynamic.onnx/onnx/128/iteration:33/repetition:9			9.5287 ms
ProcessBlock/steerable-nafx-libtorch-dynamic.onnx/onnx/128/iteration:34/repetition:9			9.5520 ms
ProcessBlock/steerable-nafx-libtorch-dynamic.onnx/onnx/128/iteration:35/repetition:9			9.5723 ms
ProcessBlock/steerable-nafx-libtorch-dynamic.onnx/onnx/128/iteration:36/repetition:9			9.6017 ms
ProcessBlock/steerable-nafx-libtorch-dynamic.onnx/onnx/128/iteration:37/repetition:9			9.5311 ms
ProcessBlock/steerable-nafx-libtorch-dynamic.onnx/onnx/128/iteration:38/repetition:9			9.5873 ms
ProcessBlock/steerable-nafx-libtorch-dynamic.onnx/onnx/128/iteration:39/repetition:9			9.5245 ms
ProcessBlock/steerable-nafx-libtorch-dynamic.onnx/onnx/128/iteration:40/repetition:9			9.5325 ms
ProcessBlock/steerable-nafx-libtorch-dynamic.onnx/onnx/128/iteration:41/repetition:9			9.6159 ms
ProcessBlock/steerable-nafx-libtorch-dynamic.onnx/onnx/128/iteration:42/repetition:9			9.5249 ms
ProcessBlock/steerable-nafx-libtorch-dynamic.onnx/onnx/128/iteration:43/repetition:9			9.5387 ms
ProcessBlock/steerable-nafx-libtorch-dynamic.onnx/onnx/128/iteration:44/repetition:9			9.5269 ms
ProcessBlock/steerable-nafx-libtorch-dynamic.onnx/onnx/128/iteration:45/repetition:9			9.5285 ms
ProcessBlock/steerable-nafx-libtorch-dynamic.onnx/onnx/128/iteration:46/repetition:9			9.5348 ms
ProcessBlock/steerable-nafx-libtorch-dynamic.onnx/onnx/128/iteration:47/repetition:9			9.5421 ms
ProcessBlock/steerable-nafx-libtorch-dynamic.onnx/onnx/128/iteration:48/repetition:9			9.5389 ms
ProcessBlock/steerable-nafx-libtorch-dynamic.onnx/onnx/128/iteration:49/repetition:9			9.5442 ms
  Repetition 9/10: mean=9.5568 ms

[INFO] Anira version: 0.0.0-unknown
[WARNING] Session 19 requested more parallel processors than threads are available in Context. Using number of threads as number of parallel processors.
ProcessBlock/steerable-nafx-libtorch-dynamic.onnx/onnx/128/iteration:0/repetition:10			9.7276 ms
ProcessBlock/steerable-nafx-libtorch-dynamic.onnx/onnx/128/iteration:1/repetition:10			9.5636 ms
ProcessBlock/steerable-nafx-libtorch-dynamic.onnx/onnx/128/iteration:2/repetition:10			9.5482 ms
ProcessBlock/steerable-nafx-libtorch-dynamic.onnx/onnx/128/iteration:3/repetition:10			9.5980 ms
ProcessBlock/steerable-nafx-libtorch-dynamic.onnx/onnx/128/iteration:4/repetition:10			9.5885 ms
ProcessBlock/steerable-nafx-libtorch-dynamic.onnx/onnx/128/iteration:5/repetition:10			9.5437 ms
ProcessBlock/steerable-nafx-libtorch-dynamic.onnx/onnx/128/iteration:6/repetition:10			9.5590 ms
ProcessBlock/steerable-nafx-libtorch-dynamic.onnx/onnx/128/iteration:7/repetition:10			9.6239 ms
ProcessBlock/steerable-nafx-libtorch-dynamic.onnx/onnx/128/iteration:8/repetition:10			9.5330 ms
ProcessBlock/steerable-nafx-libtorch-dynamic.onnx/onnx/128/iteration:9/repetition:10			9.5228 ms
ProcessBlock/steerable-nafx-libtorch-dynamic.onnx/onnx/128/iteration:10/repetition:10			9.5234 ms
ProcessBlock/steerable-nafx-libtorch-dynamic.onnx/onnx/128/iteration:11/repetition:10			9.5331 ms
ProcessBlock/steerable-nafx-libtorch-dynamic.onnx/onnx/128/iteration:12/repetition:10			9.6155 ms
ProcessBlock/steerable-nafx-libtorch-dynamic.onnx/onnx/128/iteration:13/repetition:10			9.6060 ms
ProcessBlock/steerable-nafx-libtorch-dynamic.onnx/onnx/128/iteration:14/repetition:10			9.5372 ms
ProcessBlock/steerable-nafx-libtorch-dynamic.onnx/onnx/128/iteration:15/repetition:10			9.5283 ms
ProcessBlock/steerable-nafx-libtorch-dynamic.onnx/onnx/128/iteration:16/repetition:10			9.6199 ms
ProcessBlock/steerable-nafx-libtorch-dynamic.onnx/onnx/128/iteration:17/repetition:10			9.5310 ms
ProcessBlock/steerable-nafx-libtorch-dynamic.onnx/onnx/128/iteration:18/repetition:10			9.6150 ms
ProcessBlock/steerable-nafx-libtorch-dynamic.onnx/onnx/128/iteration:19/repetition:10			9.5597 ms
ProcessBlock/steerable-nafx-libtorch-dynamic.onnx/onnx/128/iteration:20/repetition:10			9.5302 ms
ProcessBlock/steerable-nafx-libtorch-dynamic.onnx/onnx/128/iteration:21/repetition:10			9.5392 ms
ProcessBlock/steerable-nafx-libtorch-dynamic.onnx/onnx/128/iteration:22/repetition:10			9.5947 ms
ProcessBlock/steerable-nafx-libtorch-dynamic.onnx/onnx/128/iteration:23/repetition:10			9.5252 ms
ProcessBlock/steerable-nafx-libtorch-dynamic.onnx/onnx/128/iteration:24/repetition:10			9.5405 ms
ProcessBlock/steerable-nafx-libtorch-dynamic.onnx/onnx/128/iteration:25/repetition:10			9.5547 ms
ProcessBlock/steerable-nafx-libtorch-dynamic.onnx/onnx/128/iteration:26/repetition:10			9.5640 ms
ProcessBlock/steerable-nafx-libtorch-dynamic.onnx/onnx/128/iteration:27/repetition:10			9.5934 ms
ProcessBlock/steerable-nafx-libtorch-dynamic.onnx/onnx/128/iteration:28/repetition:10			9.5835 ms
ProcessBlock/steerable-nafx-libtorch-dynamic.onnx/onnx/128/iteration:29/repetition:10			9.5853 ms
ProcessBlock/steerable-nafx-libtorch-dynamic.onnx/onnx/128/iteration:30/repetition:10			9.5487 ms
ProcessBlock/steerable-nafx-libtorch-dynamic.onnx/onnx/128/iteration:31/repetition:10			9.5442 ms
ProcessBlock/steerable-nafx-libtorch-dynamic.onnx/onnx/128/iteration:32/repetition:10			9.5398 ms
ProcessBlock/steerable-nafx-libtorch-dynamic.onnx/onnx/128/iteration:33/repetition:10			9.5490 ms
ProcessBlock/steerable-nafx-libtorch-dynamic.onnx/onnx/128/iteration:34/repetition:10			9.5375 ms
ProcessBlock/steerable-nafx-libtorch-dynamic.onnx/onnx/128/iteration:35/repetition:10			9.6113 ms
ProcessBlock/steerable-nafx-libtorch-dynamic.onnx/onnx/128/iteration:36/repetition:10			9.5859 ms
ProcessBlock/steerable-nafx-libtorch-dynamic.onnx/onnx/128/iteration:37/repetition:10			9.5330 ms
ProcessBlock/steerable-nafx-libtorch-dynamic.onnx/onnx/128/iteration:38/repetition:10			9.5373 ms
ProcessBlock/steerable-nafx-libtorch-dynamic.onnx/onnx/128/iteration:39/repetition:10			9.5593 ms
ProcessBlock/steerable-nafx-libtorch-dynamic.onnx/onnx/128/iteration:40/repetition:10			9.5190 ms
ProcessBlock/steerable-nafx-libtorch-dynamic.onnx/onnx/128/iteration:41/repetition:10			9.5818 ms
ProcessBlock/steerable-nafx-libtorch-dynamic.onnx/onnx/128/iteration:42/repetition:10			9.5422 ms
ProcessBlock/steerable-nafx-libtorch-dynamic.onnx/onnx/128/iteration:43/repetition:10			9.5524 ms
ProcessBlock/steerable-nafx-libtorch-dynamic.onnx/onnx/128/iteration:44/repetition:10			9.5392 ms
ProcessBlock/steerable-nafx-libtorch-dynamic.onnx/onnx/128/iteration:45/repetition:10			9.5840 ms
ProcessBlock/steerable-nafx-libtorch-dynamic.onnx/onnx/128/iteration:46/repetition:10			9.5478 ms
ProcessBlock/steerable-nafx-libtorch-dynamic.onnx/onnx/128/iteration:47/repetition:10			9.5496 ms
ProcessBlock/steerable-nafx-libtorch-dynamic.onnx/onnx/128/iteration:48/repetition:10			9.5675 ms
ProcessBlock/steerable-nafx-libtorch-dynamic.onnx/onnx/128/iteration:49/repetition:10			9.5407 ms
  Repetition 10/10: mean=9.5632 ms


Aggregate (500 total iterations):
  ProcessBlock/steerable-nafx-libtorch-dynamic.onnx/onnx: mean=9.5666 ms, min=9.4521 ms, max=11.1683 ms, p99.9=9.8580 ms

----------------------------------------------------------------------------------------------------------------------------------------

----------------------------------------------------------------------------------------------------------------------------------------
Model: steerable-nafx-libtorch-dynamic.onnx | Run: bypass | Host Sample Rate: 44100 Hz | Host Buffer Size: 1024 = 23.2200 ms
----------------------------------------------------------------------------------------------------------------------------------------

Benchmark: 10 repetitions x 50 iterations

[INFO] Anira version: 0.0.0-unknown
[WARNING] Session 20 requested more parallel processors than threads are available in Context. Using number of threads as number of parallel processors.
ProcessBlock/steerable-nafx-libtorch-dynamic.onnx/bypass/1024/iteration:0/repetition:1			0.1403 ms
ProcessBlock/steerable-nafx-libtorch-dynamic.onnx/bypass/1024/iteration:1/repetition:1			0.1306 ms
ProcessBlock/steerable-nafx-libtorch-dynamic.onnx/bypass/1024/iteration:2/repetition:1			0.1314 ms
ProcessBlock/steerable-nafx-libtorch-dynamic.onnx/bypass/1024/iteration:3/repetition:1			0.1308 ms
ProcessBlock/steerable-nafx-libtorch-dynamic.onnx/bypass/1024/iteration:4/repetition:1			0.1312 ms
ProcessBlock/steerable-nafx-libtorch-dynamic.onnx/bypass/1024/iteration:5/repetition:1			0.1309 ms
ProcessBlock/steerable-nafx-libtorch-dynamic.onnx/bypass/1024/iteration:6/repetition:1			0.1301 ms
ProcessBlock/steerable-nafx-libtorch-dynamic.onnx/bypass/1024/iteration:7/repetition:1			0.1321 ms
ProcessBlock/steerable-nafx-libtorch-dynamic.onnx/bypass/1024/iteration:8/repetition:1			0.1312 ms
ProcessBlock/steerable-nafx-libtorch-dynamic.onnx/bypass/1024/iteration:9/repetition:1			0.1293 ms
ProcessBlock/steerable-nafx-libtorch-dynamic.onnx/bypass/1024/iteration:10/repetition:1			0.1307 ms
ProcessBlock/steerable-nafx-libtorch-dynamic.onnx/bypass/1024/iteration:11/repetition:1			0.1304 ms
ProcessBlock/steerable-nafx-libtorch-dynamic.onnx/bypass/1024/iteration:12/repetition:1			0.1305 ms
ProcessBlock/steerable-nafx-libtorch-dynamic.onnx/bypass/1024/iteration:13/repetition:1			0.1314 ms
ProcessBlock/steerable-nafx-libtorch-dynamic.onnx/bypass/1024/iteration:14/repetition:1			0.1407 ms
ProcessBlock/steerable-nafx-libtorch-dynamic.onnx/bypass/1024/iteration:15/repetition:1			0.1293 ms
ProcessBlock/steerable-nafx-libtorch-dynamic.onnx/bypass/1024/iteration:16/repetition:1			0.1313 ms
ProcessBlock/steerable-nafx-libtorch-dynamic.onnx/bypass/1024/iteration:17/repetition:1			0.1303 ms
ProcessBlock/steerable-nafx-libtorch-dynamic.onnx/bypass/1024/iteration:18/repetition:1			0.1300 ms
ProcessBlock/steerable-nafx-libtorch-dynamic.onnx/bypass/1024/iteration:19/repetition:1			0.1309 ms
ProcessBlock/steerable-nafx-libtorch-dynamic.onnx/bypass/1024/iteration:20/repetition:1			0.1306 ms
ProcessBlock/steerable-nafx-libtorch-dynamic.onnx/bypass/1024/iteration:21/repetition:1			0.1308 ms
ProcessBlock/steerable-nafx-libtorch-dynamic.onnx/bypass/1024/iteration:22/repetition:1			0.1316 ms
ProcessBlock/steerable-nafx-libtorch-dynamic.onnx/bypass/1024/iteration:23/repetition:1			0.1308 ms
ProcessBlock/steerable-nafx-libtorch-dynamic.onnx/bypass/1024/iteration:24/repetition:1			0.1304 ms
ProcessBlock/steerable-nafx-libtorch-dynamic.onnx/bypass/1024/iteration:25/repetition:1			0.1305 ms
ProcessBlock/steerable-nafx-libtorch-dynamic.onnx/bypass/1024/iteration:26/repetition:1			0.1305 ms
ProcessBlock/steerable-nafx-libtorch-dynamic.onnx/bypass/1024/iteration:27/repetition:1			0.1306 ms
ProcessBlock/steerable-nafx-libtorch-dynamic.onnx/bypass/1024/iteration:28/repetition:1			0.1304 ms
ProcessBlock/steerable-nafx-libtorch-dynamic.onnx/bypass/1024/iteration:29/repetition:1			0.1294 ms
ProcessBlock/steerable-nafx-libtorch-dynamic.onnx/bypass/1024/iteration:30/repetition:1			0.1317 ms
ProcessBlock/steerable-nafx-libtorch-dynamic.onnx/bypass/1024/iteration:31/repetition:1			0.1295 ms
ProcessBlock/steerable-nafx-libtorch-dynamic.onnx/bypass/1024/iteration:32/repetition:1			0.1293 ms
ProcessBlock/steerable-nafx-libtorch-dynamic.onnx/bypass/1024/iteration:33/repetition:1			0.1305 ms
ProcessBlock/steerable-nafx-libtorch-dynamic.onnx/bypass/1024/iteration:34/repetition:1			0.1306 ms
ProcessBlock/steerable-nafx-libtorch-dynamic.onnx/bypass/1024/iteration:35/repetition:1			0.1305 ms
ProcessBlock/steerable-nafx-libtorch-dynamic.onnx/bypass/1024/iteration:36/repetition:1			0.1305 ms
ProcessBlock/steerable-nafx-libtorch-dynamic.onnx/bypass/1024/iteration:37/repetition:1			0.1322 ms
ProcessBlock/steerable-nafx-libtorch-dynamic.onnx/bypass/1024/iteration:38/repetition:1			0.1315 ms
ProcessBlock/steerable-nafx-libtorch-dynamic.onnx/bypass/1024/iteration:39/repetition:1			0.1314 ms
ProcessBlock/steerable-nafx-libtorch-dynamic.onnx/bypass/1024/iteration:40/repetition:1			0.1313 ms
ProcessBlock/steerable-nafx-libtorch-dynamic.onnx/bypass/1024/iteration:41/repetition:1			0.1312 ms
ProcessBlock/steerable-nafx-libtorch-dynamic.onnx/bypass/1024/iteration:42/repetition:1			0.1306 ms
ProcessBlock/steerable-nafx-libtorch-dynamic.onnx/bypass/1024/iteration:43/repetition:1			0.1299 ms
ProcessBlock/steerable-nafx-libtorch-dynamic.onnx/bypass/1024/iteration:44/repetition:1			0.1317 ms
ProcessBlock/steerable-nafx-libtorch-dynamic.onnx/bypass/1024/iteration:45/repetition:1			0.1298 ms
ProcessBlock/steerable-nafx-libtorch-dynamic.onnx/bypass/1024/iteration:46/repetition:1			0.1303 ms
ProcessBlock/steerable-nafx-libtorch-dynamic.onnx/bypass/1024/iteration:47/repetition:1			0.1295 ms
ProcessBlock/steerable-nafx-libtorch-dynamic.onnx/bypass/1024/iteration:48/repetition:1			0.1308 ms
ProcessBlock/steerable-nafx-libtorch-dynamic.onnx/bypass/1024/iteration:49/repetition:1			0.1313 ms
  Repetition 1/10: mean=0.1311 ms

[INFO] Anira version: 0.0.0-unknown
[WARNING] Session 21 requested more parallel processors than threads are available in Context. Using number of threads as number of parallel processors.
ProcessBlock/steerable-nafx-libtorch-dynamic.onnx/bypass/1024/iteration:0/repetition:2			0.1403 ms
ProcessBlock/steerable-nafx-libtorch-dynamic.onnx/bypass/1024/iteration:1/repetition:2			0.1314 ms
ProcessBlock/steerable-nafx-libtorch-dynamic.onnx/bypass/1024/iteration:2/repetition:2			0.1305 ms
ProcessBlock/steerable-nafx-libtorch-dynamic.onnx/bypass/1024/iteration:3/repetition:2			0.1315 ms
ProcessBlock/steerable-nafx-libtorch-dynamic.onnx/bypass/1024/iteration:4/repetition:2			0.1302 ms
ProcessBlock/steerable-nafx-libtorch-dynamic.onnx/bypass/1024/iteration:5/repetition:2			0.1316 ms
ProcessBlock/steerable-nafx-libtorch-dynamic.onnx/bypass/1024/iteration:6/repetition:2			0.1301 ms
ProcessBlock/steerable-nafx-libtorch-dynamic.onnx/bypass/1024/iteration:7/repetition:2			0.1309 ms
ProcessBlock/steerable-nafx-libtorch-dynamic.onnx/bypass/1024/iteration:8/repetition:2			0.1298 ms
ProcessBlock/steerable-nafx-libtorch-dynamic.onnx/bypass/1024/iteration:9/repetition:2			0.1308 ms
ProcessBlock/steerable-nafx-libtorch-dynamic.onnx/bypass/1024/iteration:10/repetition:2			0.1318 ms
ProcessBlock/steerable-nafx-libtorch-dynamic.onnx/bypass/1024/iteration:11/repetition:2			0.1321 ms
ProcessBlock/steerable-nafx-libtorch-dynamic.onnx/bypass/1024/iteration:12/repetition:2			0.1294 ms
ProcessBlock/steerable-nafx-libtorch-dynamic.onnx/bypass/1024/iteration:13/repetition:2			0.1295 ms
ProcessBlock/steerable-nafx-libtorch-dynamic.onnx/bypass/1024/iteration:14/repetition:2			0.1305 ms
ProcessBlock/steerable-nafx-libtorch-dynamic.onnx/bypass/1024/iteration:15/repetition:2			0.1307 ms
ProcessBlock/steerable-nafx-libtorch-dynamic.onnx/bypass/1024/iteration:16/repetition:2			0.1306 ms
ProcessBlock/steerable-nafx-libtorch-dynamic.onnx/bypass/1024/iteration:17/repetition:2			0.1305 ms
ProcessBlock/steerable-nafx-libtorch-dynamic.onnx/bypass/1024/iteration:18/repetition:2			0.1305 ms
ProcessBlock/steerable-nafx-libtorch-dynamic.onnx/bypass/1024/iteration:19/repetition:2			0.1308 ms
ProcessBlock/steerable-nafx-libtorch-dynamic.onnx/bypass/1024/iteration:20/repetition:2			0.1304 ms
ProcessBlock/steerable-nafx-libtorch-dynamic.onnx/bypass/1024/iteration:21/repetition:2			0.1306 ms
ProcessBlock/steerable-nafx-libtorch-dynamic.onnx/bypass/1024/iteration:22/repetition:2			0.1309 ms
ProcessBlock/steerable-nafx-libtorch-dynamic.onnx/bypass/1024/iteration:23/repetition:2			0.1307 ms
ProcessBlock/steerable-nafx-libtorch-dynamic.onnx/bypass/1024/iteration:24/repetition:2			0.1313 ms
ProcessBlock/steerable-nafx-libtorch-dynamic.onnx/bypass/1024/iteration:25/repetition:2			0.1307 ms
ProcessBlock/steerable-nafx-libtorch-dynamic.onnx/bypass/1024/iteration:26/repetition:2			0.1296 ms
ProcessBlock/steerable-nafx-libtorch-dynamic.onnx/bypass/1024/iteration:27/repetition:2			0.1305 ms
ProcessBlock/steerable-nafx-libtorch-dynamic.onnx/bypass/1024/iteration:28/repetition:2			0.1307 ms
ProcessBlock/steerable-nafx-libtorch-dynamic.onnx/bypass/1024/iteration:29/repetition:2			0.1306 ms
ProcessBlock/steerable-nafx-libtorch-dynamic.onnx/bypass/1024/iteration:30/repetition:2			0.1305 ms
ProcessBlock/steerable-nafx-libtorch-dynamic.onnx/bypass/1024/iteration:31/repetition:2			0.1306 ms
ProcessBlock/steerable-nafx-libtorch-dynamic.onnx/bypass/1024/iteration:32/repetition:2			0.1306 ms
ProcessBlock/steerable-nafx-libtorch-dynamic.onnx/bypass/1024/iteration:33/repetition:2			0.1306 ms
ProcessBlock/steerable-nafx-libtorch-dynamic.onnx/bypass/1024/iteration:34/repetition:2			0.1305 ms
ProcessBlock/steerable-nafx-libtorch-dynamic.onnx/bypass/1024/iteration:35/repetition:2			0.1306 ms
ProcessBlock/steerable-nafx-libtorch-dynamic.onnx/bypass/1024/iteration:36/repetition:2			0.1307 ms
ProcessBlock/steerable-nafx-libtorch-dynamic.onnx/bypass/1024/iteration:37/repetition:2			0.1306 ms
ProcessBlock/steerable-nafx-libtorch-dynamic.onnx/bypass/1024/iteration:38/repetition:2			0.1303 ms
ProcessBlock/steerable-nafx-libtorch-dynamic.onnx/bypass/1024/iteration:39/repetition:2			0.1315 ms
ProcessBlock/steerable-nafx-libtorch-dynamic.onnx/bypass/1024/iteration:40/repetition:2			0.1306 ms
ProcessBlock/steerable-nafx-libtorch-dynamic.onnx/bypass/1024/iteration:41/repetition:2			0.1296 ms
ProcessBlock/steerable-nafx-libtorch-dynamic.onnx/bypass/1024/iteration:42/repetition:2			0.1306 ms
ProcessBlock/steerable-nafx-libtorch-dynamic.onnx/bypass/1024/iteration:43/repetition:2			0.1305 ms
ProcessBlock/steerable-nafx-libtorch-dynamic.onnx/bypass/1024/iteration:44/repetition:2			0.1293 ms
ProcessBlock/steerable-nafx-libtorch-dynamic.onnx/bypass/1024/iteration:45/repetition:2			0.1306 ms
ProcessBlock/steerable-nafx-libtorch-dynamic.onnx/bypass/1024/iteration:46/repetition:2			0.1307 ms
ProcessBlock/steerable-nafx-libtorch-dynamic.onnx/bypass/1024/iteration:47/repetition:2			0.1304 ms
ProcessBlock/steerable-nafx-libtorch-dynamic.onnx/bypass/1024/iteration:48/repetition:2			0.1306 ms
ProcessBlock/steerable-nafx-libtorch-dynamic.onnx/bypass/1024/iteration:49/repetition:2			0.1307 ms
  Repetition 2/10: mean=0.1308 ms

[INFO] Anira version: 0.0.0-unknown
[WARNING] Session 22 requested more parallel processors than threads are available in Context. Using number of threads as number of parallel processors.
ProcessBlock/steerable-nafx-libtorch-dynamic.onnx/bypass/1024/iteration:0/repetition:3			0.1429 ms
ProcessBlock/steerable-nafx-libtorch-dynamic.onnx/bypass/1024/iteration:1/repetition:3			0.1305 ms
ProcessBlock/steerable-nafx-libtorch-dynamic.onnx/bypass/1024/iteration:2/repetition:3			0.1306 ms
ProcessBlock/steerable-nafx-libtorch-dynamic.onnx/bypass/1024/iteration:3/repetition:3			0.1308 ms
ProcessBlock/steerable-nafx-libtorch-dynamic.onnx/bypass/1024/iteration:4/repetition:3			0.1303 ms
ProcessBlock/steerable-nafx-libtorch-dynamic.onnx/bypass/1024/iteration:5/repetition:3			0.1305 ms
ProcessBlock/steerable-nafx-libtorch-dynamic.onnx/bypass/1024/iteration:6/repetition:3			0.1308 ms
ProcessBlock/steerable-nafx-libtorch-dynamic.onnx/bypass/1024/iteration:7/repetition:3			0.1305 ms
ProcessBlock/steerable-nafx-libtorch-dynamic.onnx/bypass/1024/iteration:8/repetition:3			0.1306 ms
ProcessBlock/steerable-nafx-libtorch-dynamic.onnx/bypass/1024/iteration:9/repetition:3			0.1305 ms
ProcessBlock/steerable-nafx-libtorch-dynamic.onnx/bypass/1024/iteration:10/repetition:3			0.1305 ms
ProcessBlock/steerable-nafx-libtorch-dynamic.onnx/bypass/1024/iteration:11/repetition:3			0.1311 ms
ProcessBlock/steerable-nafx-libtorch-dynamic.onnx/bypass/1024/iteration:12/repetition:3			0.1302 ms
ProcessBlock/steerable-nafx-libtorch-dynamic.onnx/bypass/1024/iteration:13/repetition:3			0.1307 ms
ProcessBlock/steerable-nafx-libtorch-dynamic.onnx/bypass/1024/iteration:14/repetition:3			0.1316 ms
ProcessBlock/steerable-nafx-libtorch-dynamic.onnx/bypass/1024/iteration:15/repetition:3			0.1308 ms
ProcessBlock/steerable-nafx-libtorch-dynamic.onnx/bypass/1024/iteration:16/repetition:3			0.1304 ms
ProcessBlock/steerable-nafx-libtorch-dynamic.onnx/bypass/1024/iteration:17/repetition:3			0.1306 ms
ProcessBlock/steerable-nafx-libtorch-dynamic.onnx/bypass/1024/iteration:18/repetition:3			0.1303 ms
ProcessBlock/steerable-nafx-libtorch-dynamic.onnx/bypass/1024/iteration:19/repetition:3			0.1308 ms
ProcessBlock/steerable-nafx-libtorch-dynamic.onnx/bypass/1024/iteration:20/repetition:3			0.1306 ms
ProcessBlock/steerable-nafx-libtorch-dynamic.onnx/bypass/1024/iteration:21/repetition:3			0.1306 ms
ProcessBlock/steerable-nafx-libtorch-dynamic.onnx/bypass/1024/iteration:22/repetition:3			0.1306 ms
ProcessBlock/steerable-nafx-libtorch-dynamic.onnx/bypass/1024/iteration:23/repetition:3			0.1305 ms
ProcessBlock/steerable-nafx-libtorch-dynamic.onnx/bypass/1024/iteration:24/repetition:3			0.1306 ms
ProcessBlock/steerable-nafx-libtorch-dynamic.onnx/bypass/1024/iteration:25/repetition:3			0.1307 ms
ProcessBlock/steerable-nafx-libtorch-dynamic.onnx/bypass/1024/iteration:26/repetition:3			0.1311 ms
ProcessBlock/steerable-nafx-libtorch-dynamic.onnx/bypass/1024/iteration:27/repetition:3			0.1299 ms
ProcessBlock/steerable-nafx-libtorch-dynamic.onnx/bypass/1024/iteration:28/repetition:3			0.1320 ms
ProcessBlock/steerable-nafx-libtorch-dynamic.onnx/bypass/1024/iteration:29/repetition:3			0.1314 ms
ProcessBlock/steerable-nafx-libtorch-dynamic.onnx/bypass/1024/iteration:30/repetition:3			0.1315 ms
ProcessBlock/steerable-nafx-libtorch-dynamic.onnx/bypass/1024/iteration:31/repetition:3			0.1315 ms
ProcessBlock/steerable-nafx-libtorch-dynamic.onnx/bypass/1024/iteration:32/repetition:3			0.1319 ms
ProcessBlock/steerable-nafx-libtorch-dynamic.onnx/bypass/1024/iteration:33/repetition:3			0.1321 ms
ProcessBlock/steerable-nafx-libtorch-dynamic.onnx/bypass/1024/iteration:34/repetition:3			0.1313 ms
ProcessBlock/steerable-nafx-libtorch-dynamic.onnx/bypass/1024/iteration:35/repetition:3			0.1305 ms
ProcessBlock/steerable-nafx-libtorch-dynamic.onnx/bypass/1024/iteration:36/repetition:3			0.1298 ms
ProcessBlock/steerable-nafx-libtorch-dynamic.onnx/bypass/1024/iteration:37/repetition:3			0.1306 ms
ProcessBlock/steerable-nafx-libtorch-dynamic.onnx/bypass/1024/iteration:38/repetition:3			0.1306 ms
ProcessBlock/steerable-nafx-libtorch-dynamic.onnx/bypass/1024/iteration:39/repetition:3			0.1305 ms
ProcessBlock/steerable-nafx-libtorch-dynamic.onnx/bypass/1024/iteration:40/repetition:3			0.1305 ms
ProcessBlock/steerable-nafx-libtorch-dynamic.onnx/bypass/1024/iteration:41/repetition:3			0.1310 ms
ProcessBlock/steerable-nafx-libtorch-dynamic.onnx/bypass/1024/iteration:42/repetition:3			0.1300 ms
ProcessBlock/steerable-nafx-libtorch-dynamic.onnx/bypass/1024/iteration:43/repetition:3			0.1323 ms
ProcessBlock/steerable-nafx-libtorch-dynamic.onnx/bypass/1024/iteration:44/repetition:3			0.1306 ms
ProcessBlock/steerable-nafx-libtorch-dynamic.onnx/bypass/1024/iteration:45/repetition:3			0.1302 ms
ProcessBlock/steerable-nafx-libtorch-dynamic.onnx/bypass/1024/iteration:46/repetition:3			0.1308 ms
ProcessBlock/steerable-nafx-libtorch-dynamic.onnx/bypass/1024/iteration:47/repetition:3			0.1305 ms
ProcessBlock/steerable-nafx-libtorch-dynamic.onnx/bypass/1024/iteration:48/repetition:3			0.1308 ms
ProcessBlock/steerable-nafx-libtorch-dynamic.onnx/bypass/1024/iteration:49/repetition:3			0.1305 ms
  Repetition 3/10: mean=0.1310 ms

[INFO] Anira version: 0.0.0-unknown
[WARNING] Session 23 requested more parallel processors than threads are available in Context. Using number of threads as number of parallel processors.
ProcessBlock/steerable-nafx-libtorch-dynamic.onnx/bypass/1024/iteration:0/repetition:4			0.1405 ms
ProcessBlock/steerable-nafx-libtorch-dynamic.onnx/bypass/1024/iteration:1/repetition:4			0.1298 ms
ProcessBlock/steerable-nafx-libtorch-dynamic.onnx/bypass/1024/iteration:2/repetition:4			0.1315 ms
ProcessBlock/steerable-nafx-libtorch-dynamic.onnx/bypass/1024/iteration:3/repetition:4			0.1298 ms
ProcessBlock/steerable-nafx-libtorch-dynamic.onnx/bypass/1024/iteration:4/repetition:4			0.1294 ms
ProcessBlock/steerable-nafx-libtorch-dynamic.onnx/bypass/1024/iteration:5/repetition:4			0.1344 ms
ProcessBlock/steerable-nafx-libtorch-dynamic.onnx/bypass/1024/iteration:6/repetition:4			0.1289 ms
ProcessBlock/steerable-nafx-libtorch-dynamic.onnx/bypass/1024/iteration:7/repetition:4			0.1310 ms
ProcessBlock/steerable-nafx-libtorch-dynamic.onnx/bypass/1024/iteration:8/repetition:4			0.1304 ms
ProcessBlock/steerable-nafx-libtorch-dynamic.onnx/bypass/1024/iteration:9/repetition:4			0.1306 ms
ProcessBlock/steerable-nafx-libtorch-dynamic.onnx/bypass/1024/iteration:10/repetition:4			0.1305 ms
ProcessBlock/steerable-nafx-libtorch-dynamic.onnx/bypass/1024/iteration:11/repetition:4			0.1308 ms
ProcessBlock/steerable-nafx-libtorch-dynamic.onnx/bypass/1024/iteration:12/repetition:4			0.1306 ms
ProcessBlock/steerable-nafx-libtorch-dynamic.onnx/bypass/1024/iteration:13/repetition:4			0.1305 ms
ProcessBlock/steerable-nafx-libtorch-dynamic.onnx/bypass/1024/iteration:14/repetition:4			0.1306 ms
ProcessBlock/steerable-nafx-libtorch-dynamic.onnx/bypass/1024/iteration:15/repetition:4			0.1308 ms
ProcessBlock/steerable-nafx-libtorch-dynamic.onnx/bypass/1024/iteration:16/repetition:4			0.1307 ms
ProcessBlock/steerable-nafx-libtorch-dynamic.onnx/bypass/1024/iteration:17/repetition:4			0.1314 ms
ProcessBlock/steerable-nafx-libtorch-dynamic.onnx/bypass/1024/iteration:18/repetition:4			0.1296 ms
ProcessBlock/steerable-nafx-libtorch-dynamic.onnx/bypass/1024/iteration:19/repetition:4			0.1306 ms
ProcessBlock/steerable-nafx-libtorch-dynamic.onnx/bypass/1024/iteration:20/repetition:4			0.1304 ms
ProcessBlock/steerable-nafx-libtorch-dynamic.onnx/bypass/1024/iteration:21/repetition:4			0.1307 ms
ProcessBlock/steerable-nafx-libtorch-dynamic.onnx/bypass/1024/iteration:22/repetition:4			0.1306 ms
ProcessBlock/steerable-nafx-libtorch-dynamic.onnx/bypass/1024/iteration:23/repetition:4			0.1306 ms
ProcessBlock/steerable-nafx-libtorch-dynamic.onnx/bypass/1024/iteration:24/repetition:4			0.1306 ms
ProcessBlock/steerable-nafx-libtorch-dynamic.onnx/bypass/1024/iteration:25/repetition:4			0.1305 ms
ProcessBlock/steerable-nafx-libtorch-dynamic.onnx/bypass/1024/iteration:26/repetition:4			0.1308 ms
ProcessBlock/steerable-nafx-libtorch-dynamic.onnx/bypass/1024/iteration:27/repetition:4			0.1305 ms
ProcessBlock/steerable-nafx-libtorch-dynamic.onnx/bypass/1024/iteration:28/repetition:4			0.1306 ms
ProcessBlock/steerable-nafx-libtorch-dynamic.onnx/bypass/1024/iteration:29/repetition:4			0.1308 ms
ProcessBlock/steerable-nafx-libtorch-dynamic.onnx/bypass/1024/iteration:30/repetition:4			0.1305 ms
ProcessBlock/steerable-nafx-libtorch-dynamic.onnx/bypass/1024/iteration:31/repetition:4			0.1316 ms
ProcessBlock/steerable-nafx-libtorch-dynamic.onnx/bypass/1024/iteration:32/repetition:4			0.1318 ms
ProcessBlock/steerable-nafx-libtorch-dynamic.onnx/bypass/1024/iteration:33/repetition:4			0.1295 ms
ProcessBlock/steerable-nafx-libtorch-dynamic.onnx/bypass/1024/iteration:34/repetition:4			0.1306 ms
ProcessBlock/steerable-nafx-libtorch-dynamic.onnx/bypass/1024/iteration:35/repetition:4			0.1307 ms
ProcessBlock/steerable-nafx-libtorch-dynamic.onnx/bypass/1024/iteration:36/repetition:4			0.1159 ms
ProcessBlock/steerable-nafx-libtorch-dynamic.onnx/bypass/1024/iteration:37/repetition:4			0.1307 ms
ProcessBlock/steerable-nafx-libtorch-dynamic.onnx/bypass/1024/iteration:38/repetition:4			0.1304 ms
ProcessBlock/steerable-nafx-libtorch-dynamic.onnx/bypass/1024/iteration:39/repetition:4			0.1305 ms
ProcessBlock/steerable-nafx-libtorch-dynamic.onnx/bypass/1024/iteration:40/repetition:4			0.1306 ms
ProcessBlock/steerable-nafx-libtorch-dynamic.onnx/bypass/1024/iteration:41/repetition:4			0.1308 ms
ProcessBlock/steerable-nafx-libtorch-dynamic.onnx/bypass/1024/iteration:42/repetition:4			0.1306 ms
ProcessBlock/steerable-nafx-libtorch-dynamic.onnx/bypass/1024/iteration:43/repetition:4			0.1305 ms
ProcessBlock/steerable-nafx-libtorch-dynamic.onnx/bypass/1024/iteration:44/repetition:4			0.1306 ms
ProcessBlock/steerable-nafx-libtorch-dynamic.onnx/bypass/1024/iteration:45/repetition:4			0.1308 ms
ProcessBlock/steerable-nafx-libtorch-dynamic.onnx/bypass/1024/iteration:46/repetition:4			0.1333 ms
ProcessBlock/steerable-nafx-libtorch-dynamic.onnx/bypass/1024/iteration:47/repetition:4			0.1313 ms
ProcessBlock/steerable-nafx-libtorch-dynamic.onnx/bypass/1024/iteration:48/repetition:4			0.1297 ms
ProcessBlock/steerable-nafx-libtorch-dynamic.onnx/bypass/1024/iteration:49/repetition:4			0.1319 ms
  Repetition 4/10: mean=0.1306 ms

[INFO] Anira version: 0.0.0-unknown
[WARNING] Session 24 requested more parallel processors than threads are available in Context. Using number of threads as number of parallel processors.
ProcessBlock/steerable-nafx-libtorch-dynamic.onnx/bypass/1024/iteration:0/repetition:5			0.1407 ms
ProcessBlock/steerable-nafx-libtorch-dynamic.onnx/bypass/1024/iteration:1/repetition:5			0.1314 ms
ProcessBlock/steerable-nafx-libtorch-dynamic.onnx/bypass/1024/iteration:2/repetition:5			0.1309 ms
ProcessBlock/steerable-nafx-libtorch-dynamic.onnx/bypass/1024/iteration:3/repetition:5			0.1305 ms
ProcessBlock/steerable-nafx-libtorch-dynamic.onnx/bypass/1024/iteration:4/repetition:5			0.1304 ms
ProcessBlock/steerable-nafx-libtorch-dynamic.onnx/bypass/1024/iteration:5/repetition:5			0.1317 ms
ProcessBlock/steerable-nafx-libtorch-dynamic.onnx/bypass/1024/iteration:6/repetition:5			0.1308 ms
ProcessBlock/steerable-nafx-libtorch-dynamic.onnx/bypass/1024/iteration:7/repetition:5			0.1306 ms
ProcessBlock/steerable-nafx-libtorch-dynamic.onnx/bypass/1024/iteration:8/repetition:5			0.1329 ms
ProcessBlock/steerable-nafx-libtorch-dynamic.onnx/bypass/1024/iteration:9/repetition:5			0.1338 ms
ProcessBlock/steerable-nafx-libtorch-dynamic.onnx/bypass/1024/iteration:10/repetition:5			0.1309 ms
ProcessBlock/steerable-nafx-libtorch-dynamic.onnx/bypass/1024/iteration:11/repetition:5			0.1318 ms
ProcessBlock/steerable-nafx-libtorch-dynamic.onnx/bypass/1024/iteration:12/repetition:5			0.1307 ms
ProcessBlock/steerable-nafx-libtorch-dynamic.onnx/bypass/1024/iteration:13/repetition:5			0.1303 ms
ProcessBlock/steerable-nafx-libtorch-dynamic.onnx/bypass/1024/iteration:14/repetition:5			0.1305 ms
ProcessBlock/steerable-nafx-libtorch-dynamic.onnx/bypass/1024/iteration:15/repetition:5			0.1306 ms
ProcessBlock/steerable-nafx-libtorch-dynamic.onnx/bypass/1024/iteration:16/repetition:5			0.1312 ms
ProcessBlock/steerable-nafx-libtorch-dynamic.onnx/bypass/1024/iteration:17/repetition:5			0.1298 ms
ProcessBlock/steerable-nafx-libtorch-dynamic.onnx/bypass/1024/iteration:18/repetition:5			0.1305 ms
ProcessBlock/steerable-nafx-libtorch-dynamic.onnx/bypass/1024/iteration:19/repetition:5			0.1305 ms
ProcessBlock/steerable-nafx-libtorch-dynamic.onnx/bypass/1024/iteration:20/repetition:5			0.1320 ms
ProcessBlock/steerable-nafx-libtorch-dynamic.onnx/bypass/1024/iteration:21/repetition:5			0.1306 ms
ProcessBlock/steerable-nafx-libtorch-dynamic.onnx/bypass/1024/iteration:22/repetition:5			0.1306 ms
ProcessBlock/steerable-nafx-libtorch-dynamic.onnx/bypass/1024/iteration:23/repetition:5			0.1310 ms
ProcessBlock/steerable-nafx-libtorch-dynamic.onnx/bypass/1024/iteration:24/repetition:5			0.1301 ms
ProcessBlock/steerable-nafx-libtorch-dynamic.onnx/bypass/1024/iteration:25/repetition:5			0.1305 ms
ProcessBlock/steerable-nafx-libtorch-dynamic.onnx/bypass/1024/iteration:26/repetition:5			0.1311 ms
ProcessBlock/steerable-nafx-libtorch-dynamic.onnx/bypass/1024/iteration:27/repetition:5			0.1301 ms
ProcessBlock/steerable-nafx-libtorch-dynamic.onnx/bypass/1024/iteration:28/repetition:5			0.1308 ms
ProcessBlock/steerable-nafx-libtorch-dynamic.onnx/bypass/1024/iteration:29/repetition:5			0.1303 ms
ProcessBlock/steerable-nafx-libtorch-dynamic.onnx/bypass/1024/iteration:30/repetition:5			0.1306 ms
ProcessBlock/steerable-nafx-libtorch-dynamic.onnx/bypass/1024/iteration:31/repetition:5			0.1306 ms
ProcessBlock/steerable-nafx-libtorch-dynamic.onnx/bypass/1024/iteration:32/repetition:5			0.1305 ms
ProcessBlock/steerable-nafx-libtorch-dynamic.onnx/bypass/1024/iteration:33/repetition:5			0.1307 ms
ProcessBlock/steerable-nafx-libtorch-dynamic.onnx/bypass/1024/iteration:34/repetition:5			0.1305 ms
ProcessBlock/steerable-nafx-libtorch-dynamic.onnx/bypass/1024/iteration:35/repetition:5			0.1318 ms
ProcessBlock/steerable-nafx-libtorch-dynamic.onnx/bypass/1024/iteration:36/repetition:5			0.1308 ms
ProcessBlock/steerable-nafx-libtorch-dynamic.onnx/bypass/1024/iteration:37/repetition:5			0.1357 ms
ProcessBlock/steerable-nafx-libtorch-dynamic.onnx/bypass/1024/iteration:38/repetition:5			0.1304 ms
ProcessBlock/steerable-nafx-libtorch-dynamic.onnx/bypass/1024/iteration:39/repetition:5			0.1305 ms
ProcessBlock/steerable-nafx-libtorch-dynamic.onnx/bypass/1024/iteration:40/repetition:5			0.1304 ms
ProcessBlock/steerable-nafx-libtorch-dynamic.onnx/bypass/1024/iteration:41/repetition:5			0.1308 ms
ProcessBlock/steerable-nafx-libtorch-dynamic.onnx/bypass/1024/iteration:42/repetition:5			0.1307 ms
ProcessBlock/steerable-nafx-libtorch-dynamic.onnx/bypass/1024/iteration:43/repetition:5			0.1316 ms
ProcessBlock/steerable-nafx-libtorch-dynamic.onnx/bypass/1024/iteration:44/repetition:5			0.1310 ms
ProcessBlock/steerable-nafx-libtorch-dynamic.onnx/bypass/1024/iteration:45/repetition:5			0.1305 ms
ProcessBlock/steerable-nafx-libtorch-dynamic.onnx/bypass/1024/iteration:46/repetition:5			0.1306 ms
ProcessBlock/steerable-nafx-libtorch-dynamic.onnx/bypass/1024/iteration:47/repetition:5			0.1305 ms
ProcessBlock/steerable-nafx-libtorch-dynamic.onnx/bypass/1024/iteration:48/repetition:5			0.1312 ms
ProcessBlock/steerable-nafx-libtorch-dynamic.onnx/bypass/1024/iteration:49/repetition:5			0.1303 ms
  Repetition 5/10: mean=0.1311 ms

[INFO] Anira version: 0.0.0-unknown
[WARNING] Session 25 requested more parallel processors than threads are available in Context. Using number of threads as number of parallel processors.
ProcessBlock/steerable-nafx-libtorch-dynamic.onnx/bypass/1024/iteration:0/repetition:6			0.1403 ms
ProcessBlock/steerable-nafx-libtorch-dynamic.onnx/bypass/1024/iteration:1/repetition:6			0.1305 ms
ProcessBlock/steerable-nafx-libtorch-dynamic.onnx/bypass/1024/iteration:2/repetition:6			0.1302 ms
ProcessBlock/steerable-nafx-libtorch-dynamic.onnx/bypass/1024/iteration:3/repetition:6			0.1350 ms
ProcessBlock/steerable-nafx-libtorch-dynamic.onnx/bypass/1024/iteration:4/repetition:6			0.1315 ms
ProcessBlock/steerable-nafx-libtorch-dynamic.onnx/bypass/1024/iteration:5/repetition:6			0.1306 ms
ProcessBlock/steerable-nafx-libtorch-dynamic.onnx/bypass/1024/iteration:6/repetition:6			0.1314 ms
ProcessBlock/steerable-nafx-libtorch-dynamic.onnx/bypass/1024/iteration:7/repetition:6			0.1313 ms
ProcessBlock/steerable-nafx-libtorch-dynamic.onnx/bypass/1024/iteration:8/repetition:6			0.1339 ms
ProcessBlock/steerable-nafx-libtorch-dynamic.onnx/bypass/1024/iteration:9/repetition:6			0.1315 ms
ProcessBlock/steerable-nafx-libtorch-dynamic.onnx/bypass/1024/iteration:10/repetition:6			0.1311 ms
ProcessBlock/steerable-nafx-libtorch-dynamic.onnx/bypass/1024/iteration:11/repetition:6			0.1305 ms
ProcessBlock/steerable-nafx-libtorch-dynamic.onnx/bypass/1024/iteration:12/repetition:6			0.1311 ms
ProcessBlock/steerable-nafx-libtorch-dynamic.onnx/bypass/1024/iteration:13/repetition:6			0.1308 ms
ProcessBlock/steerable-nafx-libtorch-dynamic.onnx/bypass/1024/iteration:14/repetition:6			0.1319 ms
ProcessBlock/steerable-nafx-libtorch-dynamic.onnx/bypass/1024/iteration:15/repetition:6			0.1300 ms
ProcessBlock/steerable-nafx-libtorch-dynamic.onnx/bypass/1024/iteration:16/repetition:6			0.1306 ms
ProcessBlock/steerable-nafx-libtorch-dynamic.onnx/bypass/1024/iteration:17/repetition:6			0.1305 ms
ProcessBlock/steerable-nafx-libtorch-dynamic.onnx/bypass/1024/iteration:18/repetition:6			0.1312 ms
ProcessBlock/steerable-nafx-libtorch-dynamic.onnx/bypass/1024/iteration:19/repetition:6			0.1300 ms
ProcessBlock/steerable-nafx-libtorch-dynamic.onnx/bypass/1024/iteration:20/repetition:6			0.1307 ms
ProcessBlock/steerable-nafx-libtorch-dynamic.onnx/bypass/1024/iteration:21/repetition:6			0.1305 ms
ProcessBlock/steerable-nafx-libtorch-dynamic.onnx/bypass/1024/iteration:22/repetition:6			0.1311 ms
ProcessBlock/steerable-nafx-libtorch-dynamic.onnx/bypass/1024/iteration:23/repetition:6			0.1318 ms
ProcessBlock/steerable-nafx-libtorch-dynamic.onnx/bypass/1024/iteration:24/repetition:6			0.1316 ms
ProcessBlock/steerable-nafx-libtorch-dynamic.onnx/bypass/1024/iteration:25/repetition:6			0.1316 ms
ProcessBlock/steerable-nafx-libtorch-dynamic.onnx/bypass/1024/iteration:26/repetition:6			0.1313 ms
ProcessBlock/steerable-nafx-libtorch-dynamic.onnx/bypass/1024/iteration:27/repetition:6			0.1307 ms
ProcessBlock/steerable-nafx-libtorch-dynamic.onnx/bypass/1024/iteration:28/repetition:6			0.1311 ms
ProcessBlock/steerable-nafx-libtorch-dynamic.onnx/bypass/1024/iteration:29/repetition:6			0.1313 ms
ProcessBlock/steerable-nafx-libtorch-dynamic.onnx/bypass/1024/iteration:30/repetition:6			0.1311 ms
ProcessBlock/steerable-nafx-libtorch-dynamic.onnx/bypass/1024/iteration:31/repetition:6			0.1309 ms
ProcessBlock/steerable-nafx-libtorch-dynamic.onnx/bypass/1024/iteration:32/repetition:6			0.1317 ms
ProcessBlock/steerable-nafx-libtorch-dynamic.onnx/bypass/1024/iteration:33/repetition:6			0.1325 ms
ProcessBlock/steerable-nafx-libtorch-dynamic.onnx/bypass/1024/iteration:34/repetition:6			0.1303 ms
ProcessBlock/steerable-nafx-libtorch-dynamic.onnx/bypass/1024/iteration:35/repetition:6			0.1305 ms
ProcessBlock/steerable-nafx-libtorch-dynamic.onnx/bypass/1024/iteration:36/repetition:6			0.1307 ms
ProcessBlock/steerable-nafx-libtorch-dynamic.onnx/bypass/1024/iteration:37/repetition:6			0.1306 ms
ProcessBlock/steerable-nafx-libtorch-dynamic.onnx/bypass/1024/iteration:38/repetition:6			0.1316 ms
ProcessBlock/steerable-nafx-libtorch-dynamic.onnx/bypass/1024/iteration:39/repetition:6			0.1308 ms
ProcessBlock/steerable-nafx-libtorch-dynamic.onnx/bypass/1024/iteration:40/repetition:6			0.1305 ms
ProcessBlock/steerable-nafx-libtorch-dynamic.onnx/bypass/1024/iteration:41/repetition:6			0.1308 ms
ProcessBlock/steerable-nafx-libtorch-dynamic.onnx/bypass/1024/iteration:42/repetition:6			0.1314 ms
ProcessBlock/steerable-nafx-libtorch-dynamic.onnx/bypass/1024/iteration:43/repetition:6			0.1310 ms
ProcessBlock/steerable-nafx-libtorch-dynamic.onnx/bypass/1024/iteration:44/repetition:6			0.1305 ms
ProcessBlock/steerable-nafx-libtorch-dynamic.onnx/bypass/1024/iteration:45/repetition:6			0.1306 ms
ProcessBlock/steerable-nafx-libtorch-dynamic.onnx/bypass/1024/iteration:46/repetition:6			0.1308 ms
ProcessBlock/steerable-nafx-libtorch-dynamic.onnx/bypass/1024/iteration:47/repetition:6			0.1304 ms
ProcessBlock/steerable-nafx-libtorch-dynamic.onnx/bypass/1024/iteration:48/repetition:6			0.1315 ms
ProcessBlock/steerable-nafx-libtorch-dynamic.onnx/bypass/1024/iteration:49/repetition:6			0.1331 ms
  Repetition 6/10: mean=0.1313 ms

[INFO] Anira version: 0.0.0-unknown
[WARNING] Session 26 requested more parallel processors than threads are available in Context. Using number of threads as number of parallel processors.
ProcessBlock/steerable-nafx-libtorch-dynamic.onnx/bypass/1024/iteration:0/repetition:7			0.1407 ms
ProcessBlock/steerable-nafx-libtorch-dynamic.onnx/bypass/1024/iteration:1/repetition:7			0.1306 ms
ProcessBlock/steerable-nafx-libtorch-dynamic.onnx/bypass/1024/iteration:2/repetition:7			0.1305 ms
ProcessBlock/steerable-nafx-libtorch-dynamic.onnx/bypass/1024/iteration:3/repetition:7			0.1315 ms
ProcessBlock/steerable-nafx-libtorch-dynamic.onnx/bypass/1024/iteration:4/repetition:7			0.1311 ms
ProcessBlock/steerable-nafx-libtorch-dynamic.onnx/bypass/1024/iteration:5/repetition:7			0.1303 ms
ProcessBlock/steerable-nafx-libtorch-dynamic.onnx/bypass/1024/iteration:6/repetition:7			0.1310 ms
ProcessBlock/steerable-nafx-libtorch-dynamic.onnx/bypass/1024/iteration:7/repetition:7			0.1305 ms
ProcessBlock/steerable-nafx-libtorch-dynamic.onnx/bypass/1024/iteration:8/repetition:7			0.1318 ms
ProcessBlock/steerable-nafx-libtorch-dynamic.onnx/bypass/1024/iteration:9/repetition:7			0.1310 ms
ProcessBlock/steerable-nafx-libtorch-dynamic.onnx/bypass/1024/iteration:10/repetition:7			0.1300 ms
ProcessBlock/steerable-nafx-libtorch-dynamic.onnx/bypass/1024/iteration:11/repetition:7			0.1308 ms
ProcessBlock/steerable-nafx-libtorch-dynamic.onnx/bypass/1024/iteration:12/repetition:7			0.1313 ms
ProcessBlock/steerable-nafx-libtorch-dynamic.onnx/bypass/1024/iteration:13/repetition:7			0.1310 ms
ProcessBlock/steerable-nafx-libtorch-dynamic.onnx/bypass/1024/iteration:14/repetition:7			0.1314 ms
ProcessBlock/steerable-nafx-libtorch-dynamic.onnx/bypass/1024/iteration:15/repetition:7			0.1319 ms
ProcessBlock/steerable-nafx-libtorch-dynamic.onnx/bypass/1024/iteration:16/repetition:7			0.1319 ms
ProcessBlock/steerable-nafx-libtorch-dynamic.onnx/bypass/1024/iteration:17/repetition:7			0.1310 ms
ProcessBlock/steerable-nafx-libtorch-dynamic.onnx/bypass/1024/iteration:18/repetition:7			0.1322 ms
ProcessBlock/steerable-nafx-libtorch-dynamic.onnx/bypass/1024/iteration:19/repetition:7			0.1308 ms
ProcessBlock/steerable-nafx-libtorch-dynamic.onnx/bypass/1024/iteration:20/repetition:7			0.1310 ms
ProcessBlock/steerable-nafx-libtorch-dynamic.onnx/bypass/1024/iteration:21/repetition:7			0.1310 ms
ProcessBlock/steerable-nafx-libtorch-dynamic.onnx/bypass/1024/iteration:22/repetition:7			0.1305 ms
ProcessBlock/steerable-nafx-libtorch-dynamic.onnx/bypass/1024/iteration:23/repetition:7			0.1307 ms
ProcessBlock/steerable-nafx-libtorch-dynamic.onnx/bypass/1024/iteration:24/repetition:7			0.1290 ms
ProcessBlock/steerable-nafx-libtorch-dynamic.onnx/bypass/1024/iteration:25/repetition:7			0.1314 ms
ProcessBlock/steerable-nafx-libtorch-dynamic.onnx/bypass/1024/iteration:26/repetition:7			0.1304 ms
ProcessBlock/steerable-nafx-libtorch-dynamic.onnx/bypass/1024/iteration:27/repetition:7			0.1311 ms
ProcessBlock/steerable-nafx-libtorch-dynamic.onnx/bypass/1024/iteration:28/repetition:7			0.1314 ms
ProcessBlock/steerable-nafx-libtorch-dynamic.onnx/bypass/1024/iteration:29/repetition:7			0.1310 ms
ProcessBlock/steerable-nafx-libtorch-dynamic.onnx/bypass/1024/iteration:30/repetition:7			0.1299 ms
ProcessBlock/steerable-nafx-libtorch-dynamic.onnx/bypass/1024/iteration:31/repetition:7			0.1305 ms
ProcessBlock/steerable-nafx-libtorch-dynamic.onnx/bypass/1024/iteration:32/repetition:7			0.1305 ms
ProcessBlock/steerable-nafx-libtorch-dynamic.onnx/bypass/1024/iteration:33/repetition:7			0.1313 ms
ProcessBlock/steerable-nafx-libtorch-dynamic.onnx/bypass/1024/iteration:34/repetition:7			0.1311 ms
ProcessBlock/steerable-nafx-libtorch-dynamic.onnx/bypass/1024/iteration:35/repetition:7			0.1317 ms
ProcessBlock/steerable-nafx-libtorch-dynamic.onnx/bypass/1024/iteration:36/repetition:7			0.1312 ms
ProcessBlock/steerable-nafx-libtorch-dynamic.onnx/bypass/1024/iteration:37/repetition:7			0.1306 ms
ProcessBlock/steerable-nafx-libtorch-dynamic.onnx/bypass/1024/iteration:38/repetition:7			0.1305 ms
ProcessBlock/steerable-nafx-libtorch-dynamic.onnx/bypass/1024/iteration:39/repetition:7			0.1304 ms
ProcessBlock/steerable-nafx-libtorch-dynamic.onnx/bypass/1024/iteration:40/repetition:7			0.1307 ms
ProcessBlock/steerable-nafx-libtorch-dynamic.onnx/bypass/1024/iteration:41/repetition:7			0.1314 ms
ProcessBlock/steerable-nafx-libtorch-dynamic.onnx/bypass/1024/iteration:42/repetition:7			0.1322 ms
ProcessBlock/steerable-nafx-libtorch-dynamic.onnx/bypass/1024/iteration:43/repetition:7			0.1308 ms
ProcessBlock/steerable-nafx-libtorch-dynamic.onnx/bypass/1024/iteration:44/repetition:7			0.1307 ms
ProcessBlock/steerable-nafx-libtorch-dynamic.onnx/bypass/1024/iteration:45/repetition:7			0.1305 ms
ProcessBlock/steerable-nafx-libtorch-dynamic.onnx/bypass/1024/iteration:46/repetition:7			0.1306 ms
ProcessBlock/steerable-nafx-libtorch-dynamic.onnx/bypass/1024/iteration:47/repetition:7			0.1307 ms
ProcessBlock/steerable-nafx-libtorch-dynamic.onnx/bypass/1024/iteration:48/repetition:7			0.1308 ms
ProcessBlock/steerable-nafx-libtorch-dynamic.onnx/bypass/1024/iteration:49/repetition:7			0.1303 ms
  Repetition 7/10: mean=0.1311 ms

[INFO] Anira version: 0.0.0-unknown
[WARNING] Session 27 requested more parallel processors than threads are available in Context. Using number of threads as number of parallel processors.
ProcessBlock/steerable-nafx-libtorch-dynamic.onnx/bypass/1024/iteration:0/repetition:8			0.1430 ms
ProcessBlock/steerable-nafx-libtorch-dynamic.onnx/bypass/1024/iteration:1/repetition:8			0.1318 ms
ProcessBlock/steerable-nafx-libtorch-dynamic.onnx/bypass/1024/iteration:2/repetition:8			0.1313 ms
ProcessBlock/steerable-nafx-libtorch-dynamic.onnx/bypass/1024/iteration:3/repetition:8			0.1309 ms
ProcessBlock/steerable-nafx-libtorch-dynamic.onnx/bypass/1024/iteration:4/repetition:8			0.1306 ms
ProcessBlock/steerable-nafx-libtorch-dynamic.onnx/bypass/1024/iteration:5/repetition:8			0.1312 ms
ProcessBlock/steerable-nafx-libtorch-dynamic.onnx/bypass/1024/iteration:6/repetition:8			0.1312 ms
ProcessBlock/steerable-nafx-libtorch-dynamic.onnx/bypass/1024/iteration:7/repetition:8			0.1307 ms
ProcessBlock/steerable-nafx-libtorch-dynamic.onnx/bypass/1024/iteration:8/repetition:8			0.1301 ms
ProcessBlock/steerable-nafx-libtorch-dynamic.onnx/bypass/1024/iteration:9/repetition:8			0.1308 ms
ProcessBlock/steerable-nafx-libtorch-dynamic.onnx/bypass/1024/iteration:10/repetition:8			0.1308 ms
ProcessBlock/steerable-nafx-libtorch-dynamic.onnx/bypass/1024/iteration:11/repetition:8			0.1308 ms
ProcessBlock/steerable-nafx-libtorch-dynamic.onnx/bypass/1024/iteration:12/repetition:8			0.1308 ms
ProcessBlock/steerable-nafx-libtorch-dynamic.onnx/bypass/1024/iteration:13/repetition:8			0.1310 ms
ProcessBlock/steerable-nafx-libtorch-dynamic.onnx/bypass/1024/iteration:14/repetition:8			0.1305 ms
ProcessBlock/steerable-nafx-libtorch-dynamic.onnx/bypass/1024/iteration:15/repetition:8			0.1324 ms
ProcessBlock/steerable-nafx-libtorch-dynamic.onnx/bypass/1024/iteration:16/repetition:8			0.1316 ms
ProcessBlock/steerable-nafx-libtorch-dynamic.onnx/bypass/1024/iteration:17/repetition:8			0.1310 ms
ProcessBlock/steerable-nafx-libtorch-dynamic.onnx/bypass/1024/iteration:18/repetition:8			0.1305 ms
ProcessBlock/steerable-nafx-libtorch-dynamic.onnx/bypass/1024/iteration:19/repetition:8			0.1307 ms
ProcessBlock/steerable-nafx-libtorch-dynamic.onnx/bypass/1024/iteration:20/repetition:8			0.1305 ms
ProcessBlock/steerable-nafx-libtorch-dynamic.onnx/bypass/1024/iteration:21/repetition:8			0.1305 ms
ProcessBlock/steerable-nafx-libtorch-dynamic.onnx/bypass/1024/iteration:22/repetition:8			0.1306 ms
ProcessBlock/steerable-nafx-libtorch-dynamic.onnx/bypass/1024/iteration:23/repetition:8			0.1306 ms
ProcessBlock/steerable-nafx-libtorch-dynamic.onnx/bypass/1024/iteration:24/repetition:8			0.1305 ms
ProcessBlock/steerable-nafx-libtorch-dynamic.onnx/bypass/1024/iteration:25/repetition:8			0.1306 ms
ProcessBlock/steerable-nafx-libtorch-dynamic.onnx/bypass/1024/iteration:26/repetition:8			0.1305 ms
ProcessBlock/steerable-nafx-libtorch-dynamic.onnx/bypass/1024/iteration:27/repetition:8			0.1309 ms
ProcessBlock/steerable-nafx-libtorch-dynamic.onnx/bypass/1024/iteration:28/repetition:8			0.1310 ms
ProcessBlock/steerable-nafx-libtorch-dynamic.onnx/bypass/1024/iteration:29/repetition:8			0.1299 ms
ProcessBlock/steerable-nafx-libtorch-dynamic.onnx/bypass/1024/iteration:30/repetition:8			0.1338 ms
ProcessBlock/steerable-nafx-libtorch-dynamic.onnx/bypass/1024/iteration:31/repetition:8			0.1300 ms
ProcessBlock/steerable-nafx-libtorch-dynamic.onnx/bypass/1024/iteration:32/repetition:8			0.1312 ms
ProcessBlock/steerable-nafx-libtorch-dynamic.onnx/bypass/1024/iteration:33/repetition:8			0.1301 ms
ProcessBlock/steerable-nafx-libtorch-dynamic.onnx/bypass/1024/iteration:34/repetition:8			0.1309 ms
ProcessBlock/steerable-nafx-libtorch-dynamic.onnx/bypass/1024/iteration:35/repetition:8			0.1305 ms
ProcessBlock/steerable-nafx-libtorch-dynamic.onnx/bypass/1024/iteration:36/repetition:8			0.1318 ms
ProcessBlock/steerable-nafx-libtorch-dynamic.onnx/bypass/1024/iteration:37/repetition:8			0.1311 ms
ProcessBlock/steerable-nafx-libtorch-dynamic.onnx/bypass/1024/iteration:38/repetition:8			0.1301 ms
ProcessBlock/steerable-nafx-libtorch-dynamic.onnx/bypass/1024/iteration:39/repetition:8			0.1305 ms
ProcessBlock/steerable-nafx-libtorch-dynamic.onnx/bypass/1024/iteration:40/repetition:8			0.1307 ms
ProcessBlock/steerable-nafx-libtorch-dynamic.onnx/bypass/1024/iteration:41/repetition:8			0.1305 ms
ProcessBlock/steerable-nafx-libtorch-dynamic.onnx/bypass/1024/iteration:42/repetition:8			0.1306 ms
ProcessBlock/steerable-nafx-libtorch-dynamic.onnx/bypass/1024/iteration:43/repetition:8			0.1309 ms
ProcessBlock/steerable-nafx-libtorch-dynamic.onnx/bypass/1024/iteration:44/repetition:8			0.1303 ms
ProcessBlock/steerable-nafx-libtorch-dynamic.onnx/bypass/1024/iteration:45/repetition:8			0.1318 ms
ProcessBlock/steerable-nafx-libtorch-dynamic.onnx/bypass/1024/iteration:46/repetition:8			0.1307 ms
ProcessBlock/steerable-nafx-libtorch-dynamic.onnx/bypass/1024/iteration:47/repetition:8			0.1307 ms
ProcessBlock/steerable-nafx-libtorch-dynamic.onnx/bypass/1024/iteration:48/repetition:8			0.1306 ms
ProcessBlock/steerable-nafx-libtorch-dynamic.onnx/bypass/1024/iteration:49/repetition:8			0.1304 ms
  Repetition 8/10: mean=0.1311 ms

[INFO] Anira version: 0.0.0-unknown
[WARNING] Session 28 requested more parallel processors than threads are available in Context. Using number of threads as number of parallel processors.
ProcessBlock/steerable-nafx-libtorch-dynamic.onnx/bypass/1024/iteration:0/repetition:9			0.1397 ms
ProcessBlock/steerable-nafx-libtorch-dynamic.onnx/bypass/1024/iteration:1/repetition:9			0.1308 ms
ProcessBlock/steerable-nafx-libtorch-dynamic.onnx/bypass/1024/iteration:2/repetition:9			0.1310 ms
ProcessBlock/steerable-nafx-libtorch-dynamic.onnx/bypass/1024/iteration:3/repetition:9			0.1305 ms
ProcessBlock/steerable-nafx-libtorch-dynamic.onnx/bypass/1024/iteration:4/repetition:9			0.1324 ms
ProcessBlock/steerable-nafx-libtorch-dynamic.onnx/bypass/1024/iteration:5/repetition:9			0.1312 ms
ProcessBlock/steerable-nafx-libtorch-dynamic.onnx/bypass/1024/iteration:6/repetition:9			0.1303 ms
ProcessBlock/steerable-nafx-libtorch-dynamic.onnx/bypass/1024/iteration:7/repetition:9			0.1315 ms
ProcessBlock/steerable-nafx-libtorch-dynamic.onnx/bypass/1024/iteration:8/repetition:9			0.1322 ms
ProcessBlock/steerable-nafx-libtorch-dynamic.onnx/bypass/1024/iteration:9/repetition:9			0.1316 ms
ProcessBlock/steerable-nafx-libtorch-dynamic.onnx/bypass/1024/iteration:10/repetition:9			0.1301 ms
ProcessBlock/steerable-nafx-libtorch-dynamic.onnx/bypass/1024/iteration:11/repetition:9			0.1306 ms
ProcessBlock/steerable-nafx-libtorch-dynamic.onnx/bypass/1024/iteration:12/repetition:9			0.1306 ms
ProcessBlock/steerable-nafx-libtorch-dynamic.onnx/bypass/1024/iteration:13/repetition:9			0.1305 ms
ProcessBlock/steerable-nafx-libtorch-dynamic.onnx/bypass/1024/iteration:14/repetition:9			0.1306 ms
ProcessBlock/steerable-nafx-libtorch-dynamic.onnx/bypass/1024/iteration:15/repetition:9			0.1306 ms
ProcessBlock/steerable-nafx-libtorch-dynamic.onnx/bypass/1024/iteration:16/repetition:9			0.1304 ms
ProcessBlock/steerable-nafx-libtorch-dynamic.onnx/bypass/1024/iteration:17/repetition:9			0.1310 ms
ProcessBlock/steerable-nafx-libtorch-dynamic.onnx/bypass/1024/iteration:18/repetition:9			0.1301 ms
ProcessBlock/steerable-nafx-libtorch-dynamic.onnx/bypass/1024/iteration:19/repetition:9			0.1318 ms
ProcessBlock/steerable-nafx-libtorch-dynamic.onnx/bypass/1024/iteration:20/repetition:9			0.1308 ms
ProcessBlock/steerable-nafx-libtorch-dynamic.onnx/bypass/1024/iteration:21/repetition:9			0.1305 ms
ProcessBlock/steerable-nafx-libtorch-dynamic.onnx/bypass/1024/iteration:22/repetition:9			0.1307 ms
ProcessBlock/steerable-nafx-libtorch-dynamic.onnx/bypass/1024/iteration:23/repetition:9			0.1306 ms
ProcessBlock/steerable-nafx-libtorch-dynamic.onnx/bypass/1024/iteration:24/repetition:9			0.1306 ms
ProcessBlock/steerable-nafx-libtorch-dynamic.onnx/bypass/1024/iteration:25/repetition:9			0.1304 ms
ProcessBlock/steerable-nafx-libtorch-dynamic.onnx/bypass/1024/iteration:26/repetition:9			0.1308 ms
ProcessBlock/steerable-nafx-libtorch-dynamic.onnx/bypass/1024/iteration:27/repetition:9			0.1310 ms
ProcessBlock/steerable-nafx-libtorch-dynamic.onnx/bypass/1024/iteration:28/repetition:9			0.1315 ms
ProcessBlock/steerable-nafx-libtorch-dynamic.onnx/bypass/1024/iteration:29/repetition:9			0.1305 ms
ProcessBlock/steerable-nafx-libtorch-dynamic.onnx/bypass/1024/iteration:30/repetition:9			0.1306 ms
ProcessBlock/steerable-nafx-libtorch-dynamic.onnx/bypass/1024/iteration:31/repetition:9			0.1350 ms
ProcessBlock/steerable-nafx-libtorch-dynamic.onnx/bypass/1024/iteration:32/repetition:9			0.1300 ms
ProcessBlock/steerable-nafx-libtorch-dynamic.onnx/bypass/1024/iteration:33/repetition:9			0.1307 ms
ProcessBlock/steerable-nafx-libtorch-dynamic.onnx/bypass/1024/iteration:34/repetition:9			0.1315 ms
ProcessBlock/steerable-nafx-libtorch-dynamic.onnx/bypass/1024/iteration:35/repetition:9			0.1309 ms
ProcessBlock/steerable-nafx-libtorch-dynamic.onnx/bypass/1024/iteration:36/repetition:9			0.1305 ms
ProcessBlock/steerable-nafx-libtorch-dynamic.onnx/bypass/1024/iteration:37/repetition:9			0.1307 ms
ProcessBlock/steerable-nafx-libtorch-dynamic.onnx/bypass/1024/iteration:38/repetition:9			0.1315 ms
ProcessBlock/steerable-nafx-libtorch-dynamic.onnx/bypass/1024/iteration:39/repetition:9			0.1311 ms
ProcessBlock/steerable-nafx-libtorch-dynamic.onnx/bypass/1024/iteration:40/repetition:9			0.1305 ms
ProcessBlock/steerable-nafx-libtorch-dynamic.onnx/bypass/1024/iteration:41/repetition:9			0.1305 ms
ProcessBlock/steerable-nafx-libtorch-dynamic.onnx/bypass/1024/iteration:42/repetition:9			0.1305 ms
ProcessBlock/steerable-nafx-libtorch-dynamic.onnx/bypass/1024/iteration:43/repetition:9			0.1305 ms
ProcessBlock/steerable-nafx-libtorch-dynamic.onnx/bypass/1024/iteration:44/repetition:9			0.1305 ms
ProcessBlock/steerable-nafx-libtorch-dynamic.onnx/bypass/1024/iteration:45/repetition:9			0.1305 ms
ProcessBlock/steerable-nafx-libtorch-dynamic.onnx/bypass/1024/iteration:46/repetition:9			0.1307 ms
ProcessBlock/steerable-nafx-libtorch-dynamic.onnx/bypass/1024/iteration:47/repetition:9			0.1305 ms
ProcessBlock/steerable-nafx-libtorch-dynamic.onnx/bypass/1024/iteration:48/repetition:9			0.1309 ms
ProcessBlock/steerable-nafx-libtorch-dynamic.onnx/bypass/1024/iteration:49/repetition:9			0.1315 ms
  Repetition 9/10: mean=0.1311 ms

[INFO] Anira version: 0.0.0-unknown
[WARNING] Session 29 requested more parallel processors than threads are available in Context. Using number of threads as number of parallel processors.
ProcessBlock/steerable-nafx-libtorch-dynamic.onnx/bypass/1024/iteration:0/repetition:10			0.1419 ms
ProcessBlock/steerable-nafx-libtorch-dynamic.onnx/bypass/1024/iteration:1/repetition:10			0.1303 ms
ProcessBlock/steerable-nafx-libtorch-dynamic.onnx/bypass/1024/iteration:2/repetition:10			0.1309 ms
ProcessBlock/steerable-nafx-libtorch-dynamic.onnx/bypass/1024/iteration:3/repetition:10			0.1306 ms
ProcessBlock/steerable-nafx-libtorch-dynamic.onnx/bypass/1024/iteration:4/repetition:10			0.1307 ms
ProcessBlock/steerable-nafx-libtorch-dynamic.onnx/bypass/1024/iteration:5/repetition:10			0.1310 ms
ProcessBlock/steerable-nafx-libtorch-dynamic.onnx/bypass/1024/iteration:6/repetition:10			0.1307 ms
ProcessBlock/steerable-nafx-libtorch-dynamic.onnx/bypass/1024/iteration:7/repetition:10			0.1315 ms
ProcessBlock/steerable-nafx-libtorch-dynamic.onnx/bypass/1024/iteration:8/repetition:10			0.1321 ms
ProcessBlock/steerable-nafx-libtorch-dynamic.onnx/bypass/1024/iteration:9/repetition:10			0.1318 ms
ProcessBlock/steerable-nafx-libtorch-dynamic.onnx/bypass/1024/iteration:10/repetition:10			0.1310 ms
ProcessBlock/steerable-nafx-libtorch-dynamic.onnx/bypass/1024/iteration:11/repetition:10			0.1316 ms
ProcessBlock/steerable-nafx-libtorch-dynamic.onnx/bypass/1024/iteration:12/repetition:10			0.1310 ms
ProcessBlock/steerable-nafx-libtorch-dynamic.onnx/bypass/1024/iteration:13/repetition:10			0.1324 ms
ProcessBlock/steerable-nafx-libtorch-dynamic.onnx/bypass/1024/iteration:14/repetition:10			0.1393 ms
ProcessBlock/steerable-nafx-libtorch-dynamic.onnx/bypass/1024/iteration:15/repetition:10			0.1330 ms
ProcessBlock/steerable-nafx-libtorch-dynamic.onnx/bypass/1024/iteration:16/repetition:10			0.1303 ms
ProcessBlock/steerable-nafx-libtorch-dynamic.onnx/bypass/1024/iteration:17/repetition:10			0.1318 ms
ProcessBlock/steerable-nafx-libtorch-dynamic.onnx/bypass/1024/iteration:18/repetition:10			0.1324 ms
ProcessBlock/steerable-nafx-libtorch-dynamic.onnx/bypass/1024/iteration:19/repetition:10			0.1323 ms
ProcessBlock/steerable-nafx-libtorch-dynamic.onnx/bypass/1024/iteration:20/repetition:10			0.1312 ms
ProcessBlock/steerable-nafx-libtorch-dynamic.onnx/bypass/1024/iteration:21/repetition:10			0.1317 ms
ProcessBlock/steerable-nafx-libtorch-dynamic.onnx/bypass/1024/iteration:22/repetition:10			0.1325 ms
ProcessBlock/steerable-nafx-libtorch-dynamic.onnx/bypass/1024/iteration:23/repetition:10			0.1312 ms
ProcessBlock/steerable-nafx-libtorch-dynamic.onnx/bypass/1024/iteration:24/repetition:10			0.1307 ms
ProcessBlock/steerable-nafx-libtorch-dynamic.onnx/bypass/1024/iteration:25/repetition:10			0.1317 ms
ProcessBlock/steerable-nafx-libtorch-dynamic.onnx/bypass/1024/iteration:26/repetition:10			0.1306 ms
ProcessBlock/steerable-nafx-libtorch-dynamic.onnx/bypass/1024/iteration:27/repetition:10			0.1316 ms
ProcessBlock/steerable-nafx-libtorch-dynamic.onnx/bypass/1024/iteration:28/repetition:10			0.1306 ms
ProcessBlock/steerable-nafx-libtorch-dynamic.onnx/bypass/1024/iteration:29/repetition:10			0.1316 ms
ProcessBlock/steerable-nafx-libtorch-dynamic.onnx/bypass/1024/iteration:30/repetition:10			0.1361 ms
ProcessBlock/steerable-nafx-libtorch-dynamic.onnx/bypass/1024/iteration:31/repetition:10			0.1337 ms
ProcessBlock/steerable-nafx-libtorch-dynamic.onnx/bypass/1024/iteration:32/repetition:10			0.1306 ms
ProcessBlock/steerable-nafx-libtorch-dynamic.onnx/bypass/1024/iteration:33/repetition:10			0.1307 ms
ProcessBlock/steerable-nafx-libtorch-dynamic.onnx/bypass/1024/iteration:34/repetition:10			0.1307 ms
ProcessBlock/steerable-nafx-libtorch-dynamic.onnx/bypass/1024/iteration:35/repetition:10			0.1319 ms
ProcessBlock/steerable-nafx-libtorch-dynamic.onnx/bypass/1024/iteration:36/repetition:10			0.1315 ms
ProcessBlock/steerable-nafx-libtorch-dynamic.onnx/bypass/1024/iteration:37/repetition:10			0.1320 ms
ProcessBlock/steerable-nafx-libtorch-dynamic.onnx/bypass/1024/iteration:38/repetition:10			0.1305 ms
ProcessBlock/steerable-nafx-libtorch-dynamic.onnx/bypass/1024/iteration:39/repetition:10			0.1320 ms
ProcessBlock/steerable-nafx-libtorch-dynamic.onnx/bypass/1024/iteration:40/repetition:10			0.1316 ms
ProcessBlock/steerable-nafx-libtorch-dynamic.onnx/bypass/1024/iteration:41/repetition:10			0.1316 ms
ProcessBlock/steerable-nafx-libtorch-dynamic.onnx/bypass/1024/iteration:42/repetition:10			0.1312 ms
ProcessBlock/steerable-nafx-libtorch-dynamic.onnx/bypass/1024/iteration:43/repetition:10			0.1305 ms
ProcessBlock/steerable-nafx-libtorch-dynamic.onnx/bypass/1024/iteration:44/repetition:10			0.1329 ms
ProcessBlock/steerable-nafx-libtorch-dynamic.onnx/bypass/1024/iteration:45/repetition:10			0.1316 ms
ProcessBlock/steerable-nafx-libtorch-dynamic.onnx/bypass/1024/iteration:46/repetition:10			0.1306 ms
ProcessBlock/steerable-nafx-libtorch-dynamic.onnx/bypass/1024/iteration:47/repetition:10			0.1306 ms
ProcessBlock/steerable-nafx-libtorch-dynamic.onnx/bypass/1024/iteration:48/repetition:10			0.1310 ms
ProcessBlock/steerable-nafx-libtorch-dynamic.onnx/bypass/1024/iteration:49/repetition:10			0.1314 ms
  Repetition 10/10: mean=0.1319 ms


Aggregate (500 total iterations):
  ProcessBlock/steerable-nafx-libtorch-dynamic.onnx/bypass: mean=0.1311 ms, min=0.1159 ms, max=0.1430 ms, p99.9=0.1429 ms

----------------------------------------------------------------------------------------------------------------------------------------

----------------------------------------------------------------------------------------------------------------------------------------
Model: steerable-nafx-libtorch-dynamic.onnx | Run: onnx | Host Sample Rate: 44100 Hz | Host Buffer Size: 1024 = 23.2200 ms
----------------------------------------------------------------------------------------------------------------------------------------

Benchmark: 10 repetitions x 50 iterations

[INFO] Anira version: 0.0.0-unknown
[WARNING] Session 30 requested more parallel processors than threads are available in Context. Using number of threads as number of parallel processors.
ProcessBlock/steerable-nafx-libtorch-dynamic.onnx/onnx/1024/iteration:0/repetition:1			10.3830 ms
ProcessBlock/steerable-nafx-libtorch-dynamic.onnx/onnx/1024/iteration:1/repetition:1			10.3282 ms
ProcessBlock/steerable-nafx-libtorch-dynamic.onnx/onnx/1024/iteration:2/repetition:1			10.3890 ms
ProcessBlock/steerable-nafx-libtorch-dynamic.onnx/onnx/1024/iteration:3/repetition:1			10.3323 ms
ProcessBlock/steerable-nafx-libtorch-dynamic.onnx/onnx/1024/iteration:4/repetition:1			10.2574 ms
ProcessBlock/steerable-nafx-libtorch-dynamic.onnx/onnx/1024/iteration:5/repetition:1			10.2403 ms
ProcessBlock/steerable-nafx-libtorch-dynamic.onnx/onnx/1024/iteration:6/repetition:1			10.2441 ms
ProcessBlock/steerable-nafx-libtorch-dynamic.onnx/onnx/1024/iteration:7/repetition:1			10.2507 ms
ProcessBlock/steerable-nafx-libtorch-dynamic.onnx/onnx/1024/iteration:8/repetition:1			10.2643 ms
ProcessBlock/steerable-nafx-libtorch-dynamic.onnx/onnx/1024/iteration:9/repetition:1			10.3001 ms
ProcessBlock/steerable-nafx-libtorch-dynamic.onnx/onnx/1024/iteration:10/repetition:1			10.2617 ms
ProcessBlock/steerable-nafx-libtorch-dynamic.onnx/onnx/1024/iteration:11/repetition:1			10.2355 ms
ProcessBlock/steerable-nafx-libtorch-dynamic.onnx/onnx/1024/iteration:12/repetition:1			10.2598 ms
ProcessBlock/steerable-nafx-libtorch-dynamic.onnx/onnx/1024/iteration:13/repetition:1			10.2448 ms
ProcessBlock/steerable-nafx-libtorch-dynamic.onnx/onnx/1024/iteration:14/repetition:1			10.2559 ms
ProcessBlock/steerable-nafx-libtorch-dynamic.onnx/onnx/1024/iteration:15/repetition:1			10.3127 ms
ProcessBlock/steerable-nafx-libtorch-dynamic.onnx/onnx/1024/iteration:16/repetition:1			10.2280 ms
ProcessBlock/steerable-nafx-libtorch-dynamic.onnx/onnx/1024/iteration:17/repetition:1			10.2433 ms
ProcessBlock/steerable-nafx-libtorch-dynamic.onnx/onnx/1024/iteration:18/repetition:1			10.2572 ms
ProcessBlock/steerable-nafx-libtorch-dynamic.onnx/onnx/1024/iteration:19/repetition:1			10.2435 ms
ProcessBlock/steerable-nafx-libtorch-dynamic.onnx/onnx/1024/iteration:20/repetition:1			10.2444 ms
ProcessBlock/steerable-nafx-libtorch-dynamic.onnx/onnx/1024/iteration:21/repetition:1			10.2347 ms
ProcessBlock/steerable-nafx-libtorch-dynamic.onnx/onnx/1024/iteration:22/repetition:1			10.2240 ms
ProcessBlock/steerable-nafx-libtorch-dynamic.onnx/onnx/1024/iteration:23/repetition:1			10.2384 ms
ProcessBlock/steerable-nafx-libtorch-dynamic.onnx/onnx/1024/iteration:24/repetition:1			10.3049 ms
ProcessBlock/steerable-nafx-libtorch-dynamic.onnx/onnx/1024/iteration:25/repetition:1			10.2383 ms
ProcessBlock/steerable-nafx-libtorch-dynamic.onnx/onnx/1024/iteration:26/repetition:1			10.2445 ms
ProcessBlock/steerable-nafx-libtorch-dynamic.onnx/onnx/1024/iteration:27/repetition:1			10.3193 ms
ProcessBlock/steerable-nafx-libtorch-dynamic.onnx/onnx/1024/iteration:28/repetition:1			10.2384 ms
ProcessBlock/steerable-nafx-libtorch-dynamic.onnx/onnx/1024/iteration:29/repetition:1			10.2568 ms
ProcessBlock/steerable-nafx-libtorch-dynamic.onnx/onnx/1024/iteration:30/repetition:1			10.2988 ms
ProcessBlock/steerable-nafx-libtorch-dynamic.onnx/onnx/1024/iteration:31/repetition:1			10.2961 ms
ProcessBlock/steerable-nafx-libtorch-dynamic.onnx/onnx/1024/iteration:32/repetition:1			10.2765 ms
ProcessBlock/steerable-nafx-libtorch-dynamic.onnx/onnx/1024/iteration:33/repetition:1			10.2534 ms
ProcessBlock/steerable-nafx-libtorch-dynamic.onnx/onnx/1024/iteration:34/repetition:1			10.3089 ms
ProcessBlock/steerable-nafx-libtorch-dynamic.onnx/onnx/1024/iteration:35/repetition:1			10.2672 ms
ProcessBlock/steerable-nafx-libtorch-dynamic.onnx/onnx/1024/iteration:36/repetition:1			10.3060 ms
ProcessBlock/steerable-nafx-libtorch-dynamic.onnx/onnx/1024/iteration:37/repetition:1			10.2813 ms
ProcessBlock/steerable-nafx-libtorch-dynamic.onnx/onnx/1024/iteration:38/repetition:1			10.2554 ms
ProcessBlock/steerable-nafx-libtorch-dynamic.onnx/onnx/1024/iteration:39/repetition:1			10.2517 ms
ProcessBlock/steerable-nafx-libtorch-dynamic.onnx/onnx/1024/iteration:40/repetition:1			10.2825 ms
ProcessBlock/steerable-nafx-libtorch-dynamic.onnx/onnx/1024/iteration:41/repetition:1			10.2455 ms
ProcessBlock/steerable-nafx-libtorch-dynamic.onnx/onnx/1024/iteration:42/repetition:1			10.3018 ms
ProcessBlock/steerable-nafx-libtorch-dynamic.onnx/onnx/1024/iteration:43/repetition:1			10.2548 ms
ProcessBlock/steerable-nafx-libtorch-dynamic.onnx/onnx/1024/iteration:44/repetition:1			10.2212 ms
ProcessBlock/steerable-nafx-libtorch-dynamic.onnx/onnx/1024/iteration:45/repetition:1			10.2492 ms
ProcessBlock/steerable-nafx-libtorch-dynamic.onnx/onnx/1024/iteration:46/repetition:1			10.2581 ms
ProcessBlock/steerable-nafx-libtorch-dynamic.onnx/onnx/1024/iteration:47/repetition:1			10.2371 ms
ProcessBlock/steerable-nafx-libtorch-dynamic.onnx/onnx/1024/iteration:48/repetition:1			10.2385 ms
ProcessBlock/steerable-nafx-libtorch-dynamic.onnx/onnx/1024/iteration:49/repetition:1			10.2617 ms
  Repetition 1/10: mean=10.2684 ms

[INFO] Anira version: 0.0.0-unknown
[WARNING] Session 31 requested more parallel processors than threads are available in Context. Using number of threads as number of parallel processors.
ProcessBlock/steerable-nafx-libtorch-dynamic.onnx/onnx/1024/iteration:0/repetition:2			10.4383 ms
ProcessBlock/steerable-nafx-libtorch-dynamic.onnx/onnx/1024/iteration:1/repetition:2			10.3543 ms
ProcessBlock/steerable-nafx-libtorch-dynamic.onnx/onnx/1024/iteration:2/repetition:2			10.3182 ms
ProcessBlock/steerable-nafx-libtorch-dynamic.onnx/onnx/1024/iteration:3/repetition:2			10.2858 ms
ProcessBlock/steerable-nafx-libtorch-dynamic.onnx/onnx/1024/iteration:4/repetition:2			10.3008 ms
ProcessBlock/steerable-nafx-libtorch-dynamic.onnx/onnx/1024/iteration:5/repetition:2			10.1938 ms
ProcessBlock/steerable-nafx-libtorch-dynamic.onnx/onnx/1024/iteration:6/repetition:2			10.2436 ms
ProcessBlock/steerable-nafx-libtorch-dynamic.onnx/onnx/1024/iteration:7/repetition:2			10.2308 ms
ProcessBlock/steerable-nafx-libtorch-dynamic.onnx/onnx/1024/iteration:8/repetition:2			10.2197 ms
ProcessBlock/steerable-nafx-libtorch-dynamic.onnx/onnx/1024/iteration:9/repetition:2			10.2560 ms
ProcessBlock/steerable-nafx-libtorch-dynamic.onnx/onnx/1024/iteration:10/repetition:2			10.2396 ms
ProcessBlock/steerable-nafx-libtorch-dynamic.onnx/onnx/1024/iteration:11/repetition:2			10.2284 ms
ProcessBlock/steerable-nafx-libtorch-dynamic.onnx/onnx/1024/iteration:12/repetition:2			10.2285 ms
ProcessBlock/steerable-nafx-libtorch-dynamic.onnx/onnx/1024/iteration:13/repetition:2			10.2338 ms
ProcessBlock/steerable-nafx-libtorch-dynamic.onnx/onnx/1024/iteration:14/repetition:2			10.2299 ms
ProcessBlock/steerable-nafx-libtorch-dynamic.onnx/onnx/1024/iteration:15/repetition:2			10.2870 ms
ProcessBlock/steerable-nafx-libtorch-dynamic.onnx/onnx/1024/iteration:16/repetition:2			10.2364 ms
ProcessBlock/steerable-nafx-libtorch-dynamic.onnx/onnx/1024/iteration:17/repetition:2			10.2313 ms
ProcessBlock/steerable-nafx-libtorch-dynamic.onnx/onnx/1024/iteration:18/repetition:2			10.3136 ms
ProcessBlock/steerable-nafx-libtorch-dynamic.onnx/onnx/1024/iteration:19/repetition:2			10.2484 ms
ProcessBlock/steerable-nafx-libtorch-dynamic.onnx/onnx/1024/iteration:20/repetition:2			10.2231 ms
ProcessBlock/steerable-nafx-libtorch-dynamic.onnx/onnx/1024/iteration:21/repetition:2			10.2812 ms
ProcessBlock/steerable-nafx-libtorch-dynamic.onnx/onnx/1024/iteration:22/repetition:2			10.2630 ms
ProcessBlock/steerable-nafx-libtorch-dynamic.onnx/onnx/1024/iteration:23/repetition:2			10.2550 ms
ProcessBlock/steerable-nafx-libtorch-dynamic.onnx/onnx/1024/iteration:24/repetition:2			10.2503 ms
ProcessBlock/steerable-nafx-libtorch-dynamic.onnx/onnx/1024/iteration:25/repetition:2			10.2260 ms
ProcessBlock/steerable-nafx-libtorch-dynamic.onnx/onnx/1024/iteration:26/repetition:2			10.3586 ms
ProcessBlock/steerable-nafx-libtorch-dynamic.onnx/onnx/1024/iteration:27/repetition:2			10.2489 ms
ProcessBlock/steerable-nafx-libtorch-dynamic.onnx/onnx/1024/iteration:28/repetition:2			10.2670 ms
ProcessBlock/steerable-nafx-libtorch-dynamic.onnx/onnx/1024/iteration:29/repetition:2			10.2820 ms
ProcessBlock/steerable-nafx-libtorch-dynamic.onnx/onnx/1024/iteration:30/repetition:2			10.2350 ms
ProcessBlock/steerable-nafx-libtorch-dynamic.onnx/onnx/1024/iteration:31/repetition:2			10.2453 ms
ProcessBlock/steerable-nafx-libtorch-dynamic.onnx/onnx/1024/iteration:32/repetition:2			10.2378 ms
ProcessBlock/steerable-nafx-libtorch-dynamic.onnx/onnx/1024/iteration:33/repetition:2			10.3150 ms
ProcessBlock/steerable-nafx-libtorch-dynamic.onnx/onnx/1024/iteration:34/repetition:2			10.2468 ms
ProcessBlock/steerable-nafx-libtorch-dynamic.onnx/onnx/1024/iteration:35/repetition:2			10.2508 ms
ProcessBlock/steerable-nafx-libtorch-dynamic.onnx/onnx/1024/iteration:36/repetition:2			10.2520 ms
ProcessBlock/steerable-nafx-libtorch-dynamic.onnx/onnx/1024/iteration:37/repetition:2			10.2280 ms
ProcessBlock/steerable-nafx-libtorch-dynamic.onnx/onnx/1024/iteration:38/repetition:2			10.2500 ms
ProcessBlock/steerable-nafx-libtorch-dynamic.onnx/onnx/1024/iteration:39/repetition:2			10.2424 ms
ProcessBlock/steerable-nafx-libtorch-dynamic.onnx/onnx/1024/iteration:40/repetition:2			10.2975 ms
ProcessBlock/steerable-nafx-libtorch-dynamic.onnx/onnx/1024/iteration:41/repetition:2			10.2645 ms
ProcessBlock/steerable-nafx-libtorch-dynamic.onnx/onnx/1024/iteration:42/repetition:2			10.2383 ms
ProcessBlock/steerable-nafx-libtorch-dynamic.onnx/onnx/1024/iteration:43/repetition:2			10.2439 ms
ProcessBlock/steerable-nafx-libtorch-dynamic.onnx/onnx/1024/iteration:44/repetition:2			10.2476 ms
ProcessBlock/steerable-nafx-libtorch-dynamic.onnx/onnx/1024/iteration:45/repetition:2			10.3045 ms
ProcessBlock/steerable-nafx-libtorch-dynamic.onnx/onnx/1024/iteration:46/repetition:2			10.2643 ms
ProcessBlock/steerable-nafx-libtorch-dynamic.onnx/onnx/1024/iteration:47/repetition:2			10.2728 ms
ProcessBlock/steerable-nafx-libtorch-dynamic.onnx/onnx/1024/iteration:48/repetition:2			10.2632 ms
ProcessBlock/steerable-nafx-libtorch-dynamic.onnx/onnx/1024/iteration:49/repetition:2			10.2430 ms
  Repetition 2/10: mean=10.2623 ms

[INFO] Anira version: 0.0.0-unknown
[WARNING] Session 32 requested more parallel processors than threads are available in Context. Using number of threads as number of parallel processors.
ProcessBlock/steerable-nafx-libtorch-dynamic.onnx/onnx/1024/iteration:0/repetition:3			10.4398 ms
ProcessBlock/steerable-nafx-libtorch-dynamic.onnx/onnx/1024/iteration:1/repetition:3			10.2696 ms
ProcessBlock/steerable-nafx-libtorch-dynamic.onnx/onnx/1024/iteration:2/repetition:3			10.2390 ms
ProcessBlock/steerable-nafx-libtorch-dynamic.onnx/onnx/1024/iteration:3/repetition:3			10.3463 ms
ProcessBlock/steerable-nafx-libtorch-dynamic.onnx/onnx/1024/iteration:4/repetition:3			10.2500 ms
ProcessBlock/steerable-nafx-libtorch-dynamic.onnx/onnx/1024/iteration:5/repetition:3			10.2500 ms
ProcessBlock/steerable-nafx-libtorch-dynamic.onnx/onnx/1024/iteration:6/repetition:3			10.2634 ms
ProcessBlock/steerable-nafx-libtorch-dynamic.onnx/onnx/1024/iteration:7/repetition:3			10.2430 ms
ProcessBlock/steerable-nafx-libtorch-dynamic.onnx/onnx/1024/iteration:8/repetition:3			10.2972 ms
ProcessBlock/steerable-nafx-libtorch-dynamic.onnx/onnx/1024/iteration:9/repetition:3			10.2498 ms
ProcessBlock/steerable-nafx-libtorch-dynamic.onnx/onnx/1024/iteration:10/repetition:3			10.2418 ms
ProcessBlock/steerable-nafx-libtorch-dynamic.onnx/onnx/1024/iteration:11/repetition:3			10.2514 ms
ProcessBlock/steerable-nafx-libtorch-dynamic.onnx/onnx/1024/iteration:12/repetition:3			10.2287 ms
ProcessBlock/steerable-nafx-libtorch-dynamic.onnx/onnx/1024/iteration:13/repetition:3			10.2390 ms
ProcessBlock/steerable-nafx-libtorch-dynamic.onnx/onnx/1024/iteration:14/repetition:3			10.3133 ms
ProcessBlock/steerable-nafx-libtorch-dynamic.onnx/onnx/1024/iteration:15/repetition:3			10.3077 ms
ProcessBlock/steerable-nafx-libtorch-dynamic.onnx/onnx/1024/iteration:16/repetition:3			10.2672 ms
ProcessBlock/steerable-nafx-libtorch-dynamic.onnx/onnx/1024/iteration:17/repetition:3			10.2933 ms
ProcessBlock/steerable-nafx-libtorch-dynamic.onnx/onnx/1024/iteration:18/repetition:3			10.3090 ms
ProcessBlock/steerable-nafx-libtorch-dynamic.onnx/onnx/1024/iteration:19/repetition:3			10.2882 ms
ProcessBlock/steerable-nafx-libtorch-dynamic.onnx/onnx/1024/iteration:20/repetition:3			10.2408 ms
ProcessBlock/steerable-nafx-libtorch-dynamic.onnx/onnx/1024/iteration:21/repetition:3			10.2390 ms
ProcessBlock/steerable-nafx-libtorch-dynamic.onnx/onnx/1024/iteration:22/repetition:3			10.2839 ms
ProcessBlock/steerable-nafx-libtorch-dynamic.onnx/onnx/1024/iteration:23/repetition:3			10.2931 ms
ProcessBlock/steerable-nafx-libtorch-dynamic.onnx/onnx/1024/iteration:24/repetition:3			10.3026 ms
ProcessBlock/steerable-nafx-libtorch-dynamic.onnx/onnx/1024/iteration:25/repetition:3			10.2561 ms
ProcessBlock/steerable-nafx-libtorch-dynamic.onnx/onnx/1024/iteration:26/repetition:3			10.2915 ms
ProcessBlock/steerable-nafx-libtorch-dynamic.onnx/onnx/1024/iteration:27/repetition:3			10.2392 ms
ProcessBlock/steerable-nafx-libtorch-dynamic.onnx/onnx/1024/iteration:28/repetition:3			10.2442 ms
ProcessBlock/steerable-nafx-libtorch-dynamic.onnx/onnx/1024/iteration:29/repetition:3			10.2647 ms
ProcessBlock/steerable-nafx-libtorch-dynamic.onnx/onnx/1024/iteration:30/repetition:3			10.2348 ms
ProcessBlock/steerable-nafx-libtorch-dynamic.onnx/onnx/1024/iteration:31/repetition:3			10.2598 ms
ProcessBlock/steerable-nafx-libtorch-dynamic.onnx/onnx/1024/iteration:32/repetition:3			10.2467 ms
ProcessBlock/steerable-nafx-libtorch-dynamic.onnx/onnx/1024/iteration:33/repetition:3			10.2978 ms
ProcessBlock/steerable-nafx-libtorch-dynamic.onnx/onnx/1024/iteration:34/repetition:3			10.2286 ms
ProcessBlock/steerable-nafx-libtorch-dynamic.onnx/onnx/1024/iteration:35/repetition:3			10.2292 ms
ProcessBlock/steerable-nafx-libtorch-dynamic.onnx/onnx/1024/iteration:36/repetition:3			10.2461 ms
ProcessBlock/steerable-nafx-libtorch-dynamic.onnx/onnx/1024/iteration:37/repetition:3			10.2419 ms
ProcessBlock/steerable-nafx-libtorch-dynamic.onnx/onnx/1024/iteration:38/repetition:3			10.2458 ms
ProcessBlock/steerable-nafx-libtorch-dynamic.onnx/onnx/1024/iteration:39/repetition:3			10.2701 ms
ProcessBlock/steerable-nafx-libtorch-dynamic.onnx/onnx/1024/iteration:40/repetition:3			10.2510 ms
ProcessBlock/steerable-nafx-libtorch-dynamic.onnx/onnx/1024/iteration:41/repetition:3			10.2465 ms
ProcessBlock/steerable-nafx-libtorch-dynamic.onnx/onnx/1024/iteration:42/repetition:3			10.3195 ms
ProcessBlock/steerable-nafx-libtorch-dynamic.onnx/onnx/1024/iteration:43/repetition:3			10.2415 ms
ProcessBlock/steerable-nafx-libtorch-dynamic.onnx/onnx/1024/iteration:44/repetition:3			10.2374 ms
ProcessBlock/steerable-nafx-libtorch-dynamic.onnx/onnx/1024/iteration:45/repetition:3			10.2673 ms
ProcessBlock/steerable-nafx-libtorch-dynamic.onnx/onnx/1024/iteration:46/repetition:3			10.2571 ms
ProcessBlock/steerable-nafx-libtorch-dynamic.onnx/onnx/1024/iteration:47/repetition:3			10.3078 ms
ProcessBlock/steerable-nafx-libtorch-dynamic.onnx/onnx/1024/iteration:48/repetition:3			10.3532 ms
ProcessBlock/steerable-nafx-libtorch-dynamic.onnx/onnx/1024/iteration:49/repetition:3			10.2760 ms
  Repetition 3/10: mean=10.2700 ms

[INFO] Anira version: 0.0.0-unknown
[WARNING] Session 33 requested more parallel processors than threads are available in Context. Using number of threads as number of parallel processors.
ProcessBlock/steerable-nafx-libtorch-dynamic.onnx/onnx/1024/iteration:0/repetition:4			10.4402 ms
ProcessBlock/steerable-nafx-libtorch-dynamic.onnx/onnx/1024/iteration:1/repetition:4			10.3226 ms
ProcessBlock/steerable-nafx-libtorch-dynamic.onnx/onnx/1024/iteration:2/repetition:4			10.2950 ms
ProcessBlock/steerable-nafx-libtorch-dynamic.onnx/onnx/1024/iteration:3/repetition:4			10.2400 ms
ProcessBlock/steerable-nafx-libtorch-dynamic.onnx/onnx/1024/iteration:4/repetition:4			10.2299 ms
ProcessBlock/steerable-nafx-libtorch-dynamic.onnx/onnx/1024/iteration:5/repetition:4			10.2543 ms
ProcessBlock/steerable-nafx-libtorch-dynamic.onnx/onnx/1024/iteration:6/repetition:4			10.2397 ms
ProcessBlock/steerable-nafx-libtorch-dynamic.onnx/onnx/1024/iteration:7/repetition:4			10.2323 ms
ProcessBlock/steerable-nafx-libtorch-dynamic.onnx/onnx/1024/iteration:8/repetition:4			10.2814 ms
ProcessBlock/steerable-nafx-libtorch-dynamic.onnx/onnx/1024/iteration:9/repetition:4			10.2307 ms
ProcessBlock/steerable-nafx-libtorch-dynamic.onnx/onnx/1024/iteration:10/repetition:4			10.2372 ms
ProcessBlock/steerable-nafx-libtorch-dynamic.onnx/onnx/1024/iteration:11/repetition:4			10.2318 ms
ProcessBlock/steerable-nafx-libtorch-dynamic.onnx/onnx/1024/iteration:12/repetition:4			10.2486 ms
ProcessBlock/steerable-nafx-libtorch-dynamic.onnx/onnx/1024/iteration:13/repetition:4			10.2454 ms
ProcessBlock/steerable-nafx-libtorch-dynamic.onnx/onnx/1024/iteration:14/repetition:4			10.2877 ms
ProcessBlock/steerable-nafx-libtorch-dynamic.onnx/onnx/1024/iteration:15/repetition:4			10.2307 ms
ProcessBlock/steerable-nafx-libtorch-dynamic.onnx/onnx/1024/iteration:16/repetition:4			10.2807 ms
ProcessBlock/steerable-nafx-libtorch-dynamic.onnx/onnx/1024/iteration:17/repetition:4			10.2405 ms
ProcessBlock/steerable-nafx-libtorch-dynamic.onnx/onnx/1024/iteration:18/repetition:4			10.2946 ms
ProcessBlock/steerable-nafx-libtorch-dynamic.onnx/onnx/1024/iteration:19/repetition:4			10.2331 ms
ProcessBlock/steerable-nafx-libtorch-dynamic.onnx/onnx/1024/iteration:20/repetition:4			10.2398 ms
ProcessBlock/steerable-nafx-libtorch-dynamic.onnx/onnx/1024/iteration:21/repetition:4			10.2359 ms
ProcessBlock/steerable-nafx-libtorch-dynamic.onnx/onnx/1024/iteration:22/repetition:4			10.2289 ms
ProcessBlock/steerable-nafx-libtorch-dynamic.onnx/onnx/1024/iteration:23/repetition:4			10.2971 ms
ProcessBlock/steerable-nafx-libtorch-dynamic.onnx/onnx/1024/iteration:24/repetition:4			10.3020 ms
ProcessBlock/steerable-nafx-libtorch-dynamic.onnx/onnx/1024/iteration:25/repetition:4			10.2308 ms
ProcessBlock/steerable-nafx-libtorch-dynamic.onnx/onnx/1024/iteration:26/repetition:4			10.2425 ms
ProcessBlock/steerable-nafx-libtorch-dynamic.onnx/onnx/1024/iteration:27/repetition:4			10.2298 ms
ProcessBlock/steerable-nafx-libtorch-dynamic.onnx/onnx/1024/iteration:28/repetition:4			10.2942 ms
ProcessBlock/steerable-nafx-libtorch-dynamic.onnx/onnx/1024/iteration:29/repetition:4			10.2438 ms
ProcessBlock/steerable-nafx-libtorch-dynamic.onnx/onnx/1024/iteration:30/repetition:4			10.2385 ms
ProcessBlock/steerable-nafx-libtorch-dynamic.onnx/onnx/1024/iteration:31/repetition:4			10.2484 ms
ProcessBlock/steerable-nafx-libtorch-dynamic.onnx/onnx/1024/iteration:32/repetition:4			10.2666 ms
ProcessBlock/steerable-nafx-libtorch-dynamic.onnx/onnx/1024/iteration:33/repetition:4			10.2244 ms
ProcessBlock/steerable-nafx-libtorch-dynamic.onnx/onnx/1024/iteration:34/repetition:4			10.3049 ms
ProcessBlock/steerable-nafx-libtorch-dynamic.onnx/onnx/1024/iteration:35/repetition:4			10.2485 ms
ProcessBlock/steerable-nafx-libtorch-dynamic.onnx/onnx/1024/iteration:36/repetition:4			10.2529 ms
ProcessBlock/steerable-nafx-libtorch-dynamic.onnx/onnx/1024/iteration:37/repetition:4			10.2604 ms
ProcessBlock/steerable-nafx-libtorch-dynamic.onnx/onnx/1024/iteration:38/repetition:4			10.2400 ms
ProcessBlock/steerable-nafx-libtorch-dynamic.onnx/onnx/1024/iteration:39/repetition:4			10.2385 ms
ProcessBlock/steerable-nafx-libtorch-dynamic.onnx/onnx/1024/iteration:40/repetition:4			10.2321 ms
ProcessBlock/steerable-nafx-libtorch-dynamic.onnx/onnx/1024/iteration:41/repetition:4			10.2690 ms
ProcessBlock/steerable-nafx-libtorch-dynamic.onnx/onnx/1024/iteration:42/repetition:4			10.2943 ms
ProcessBlock/steerable-nafx-libtorch-dynamic.onnx/onnx/1024/iteration:43/repetition:4			10.2740 ms
ProcessBlock/steerable-nafx-libtorch-dynamic.onnx/onnx/1024/iteration:44/repetition:4			10.2546 ms
ProcessBlock/steerable-nafx-libtorch-dynamic.onnx/onnx/1024/iteration:45/repetition:4			10.2385 ms
ProcessBlock/steerable-nafx-libtorch-dynamic.onnx/onnx/1024/iteration:46/repetition:4			10.2268 ms
ProcessBlock/steerable-nafx-libtorch-dynamic.onnx/onnx/1024/iteration:47/repetition:4			10.2422 ms
ProcessBlock/steerable-nafx-libtorch-dynamic.onnx/onnx/1024/iteration:48/repetition:4			10.3055 ms
ProcessBlock/steerable-nafx-libtorch-dynamic.onnx/onnx/1024/iteration:49/repetition:4			10.2640 ms
  Repetition 4/10: mean=10.2593 ms

[INFO] Anira version: 0.0.0-unknown
[WARNING] Session 34 requested more parallel processors than threads are available in Context. Using number of threads as number of parallel processors.
ProcessBlock/steerable-nafx-libtorch-dynamic.onnx/onnx/1024/iteration:0/repetition:5			10.4871 ms
ProcessBlock/steerable-nafx-libtorch-dynamic.onnx/onnx/1024/iteration:1/repetition:5			10.3240 ms
ProcessBlock/steerable-nafx-libtorch-dynamic.onnx/onnx/1024/iteration:2/repetition:5			10.2549 ms
ProcessBlock/steerable-nafx-libtorch-dynamic.onnx/onnx/1024/iteration:3/repetition:5			10.2997 ms
ProcessBlock/steerable-nafx-libtorch-dynamic.onnx/onnx/1024/iteration:4/repetition:5			10.2523 ms
ProcessBlock/steerable-nafx-libtorch-dynamic.onnx/onnx/1024/iteration:5/repetition:5			10.2631 ms
ProcessBlock/steerable-nafx-libtorch-dynamic.onnx/onnx/1024/iteration:6/repetition:5			10.2602 ms
ProcessBlock/steerable-nafx-libtorch-dynamic.onnx/onnx/1024/iteration:7/repetition:5			10.3045 ms
ProcessBlock/steerable-nafx-libtorch-dynamic.onnx/onnx/1024/iteration:8/repetition:5			10.2518 ms
ProcessBlock/steerable-nafx-libtorch-dynamic.onnx/onnx/1024/iteration:9/repetition:5			10.1852 ms
ProcessBlock/steerable-nafx-libtorch-dynamic.onnx/onnx/1024/iteration:10/repetition:5			10.2564 ms
ProcessBlock/steerable-nafx-libtorch-dynamic.onnx/onnx/1024/iteration:11/repetition:5			10.2500 ms
ProcessBlock/steerable-nafx-libtorch-dynamic.onnx/onnx/1024/iteration:12/repetition:5			10.3212 ms
ProcessBlock/steerable-nafx-libtorch-dynamic.onnx/onnx/1024/iteration:13/repetition:5			10.3207 ms
ProcessBlock/steerable-nafx-libtorch-dynamic.onnx/onnx/1024/iteration:14/repetition:5			10.2619 ms
ProcessBlock/steerable-nafx-libtorch-dynamic.onnx/onnx/1024/iteration:15/repetition:5			10.2735 ms
ProcessBlock/steerable-nafx-libtorch-dynamic.onnx/onnx/1024/iteration:16/repetition:5			10.2555 ms
ProcessBlock/steerable-nafx-libtorch-dynamic.onnx/onnx/1024/iteration:17/repetition:5			10.2379 ms
ProcessBlock/steerable-nafx-libtorch-dynamic.onnx/onnx/1024/iteration:18/repetition:5			10.2532 ms
ProcessBlock/steerable-nafx-libtorch-dynamic.onnx/onnx/1024/iteration:19/repetition:5			10.2678 ms
ProcessBlock/steerable-nafx-libtorch-dynamic.onnx/onnx/1024/iteration:20/repetition:5			10.2408 ms
ProcessBlock/steerable-nafx-libtorch-dynamic.onnx/onnx/1024/iteration:21/repetition:5			10.2389 ms
ProcessBlock/steerable-nafx-libtorch-dynamic.onnx/onnx/1024/iteration:22/repetition:5			10.3151 ms
ProcessBlock/steerable-nafx-libtorch-dynamic.onnx/onnx/1024/iteration:23/repetition:5			10.2490 ms
ProcessBlock/steerable-nafx-libtorch-dynamic.onnx/onnx/1024/iteration:24/repetition:5			10.2930 ms
ProcessBlock/steerable-nafx-libtorch-dynamic.onnx/onnx/1024/iteration:25/repetition:5			10.2950 ms
ProcessBlock/steerable-nafx-libtorch-dynamic.onnx/onnx/1024/iteration:26/repetition:5			10.2965 ms
ProcessBlock/steerable-nafx-libtorch-dynamic.onnx/onnx/1024/iteration:27/repetition:5			10.2609 ms
ProcessBlock/steerable-nafx-libtorch-dynamic.onnx/onnx/1024/iteration:28/repetition:5			10.2452 ms
ProcessBlock/steerable-nafx-libtorch-dynamic.onnx/onnx/1024/iteration:29/repetition:5			10.2320 ms
ProcessBlock/steerable-nafx-libtorch-dynamic.onnx/onnx/1024/iteration:30/repetition:5			10.2701 ms
ProcessBlock/steerable-nafx-libtorch-dynamic.onnx/onnx/1024/iteration:31/repetition:5			10.2523 ms
ProcessBlock/steerable-nafx-libtorch-dynamic.onnx/onnx/1024/iteration:32/repetition:5			10.3090 ms
ProcessBlock/steerable-nafx-libtorch-dynamic.onnx/onnx/1024/iteration:33/repetition:5			10.2595 ms
ProcessBlock/steerable-nafx-libtorch-dynamic.onnx/onnx/1024/iteration:34/repetition:5			10.2355 ms
ProcessBlock/steerable-nafx-libtorch-dynamic.onnx/onnx/1024/iteration:35/repetition:5			10.2727 ms
ProcessBlock/steerable-nafx-libtorch-dynamic.onnx/onnx/1024/iteration:36/repetition:5			10.2393 ms
ProcessBlock/steerable-nafx-libtorch-dynamic.onnx/onnx/1024/iteration:37/repetition:5			10.2627 ms
ProcessBlock/steerable-nafx-libtorch-dynamic.onnx/onnx/1024/iteration:38/repetition:5			10.2650 ms
ProcessBlock/steerable-nafx-libtorch-dynamic.onnx/onnx/1024/iteration:39/repetition:5			10.3443 ms
ProcessBlock/steerable-nafx-libtorch-dynamic.onnx/onnx/1024/iteration:40/repetition:5			10.2460 ms
ProcessBlock/steerable-nafx-libtorch-dynamic.onnx/onnx/1024/iteration:41/repetition:5			10.2535 ms
ProcessBlock/steerable-nafx-libtorch-dynamic.onnx/onnx/1024/iteration:42/repetition:5			10.2429 ms
ProcessBlock/steerable-nafx-libtorch-dynamic.onnx/onnx/1024/iteration:43/repetition:5			10.2574 ms
ProcessBlock/steerable-nafx-libtorch-dynamic.onnx/onnx/1024/iteration:44/repetition:5			10.2649 ms
ProcessBlock/steerable-nafx-libtorch-dynamic.onnx/onnx/1024/iteration:45/repetition:5			10.2920 ms
ProcessBlock/steerable-nafx-libtorch-dynamic.onnx/onnx/1024/iteration:46/repetition:5			10.3090 ms
ProcessBlock/steerable-nafx-libtorch-dynamic.onnx/onnx/1024/iteration:47/repetition:5			10.2573 ms
ProcessBlock/steerable-nafx-libtorch-dynamic.onnx/onnx/1024/iteration:48/repetition:5			10.3220 ms
ProcessBlock/steerable-nafx-libtorch-dynamic.onnx/onnx/1024/iteration:49/repetition:5			10.2435 ms
  Repetition 5/10: mean=10.2729 ms

[INFO] Anira version: 0.0.0-unknown
[WARNING] Session 35 requested more parallel processors than threads are available in Context. Using number of threads as number of parallel processors.
ProcessBlock/steerable-nafx-libtorch-dynamic.onnx/onnx/1024/iteration:0/repetition:6			10.4137 ms
ProcessBlock/steerable-nafx-libtorch-dynamic.onnx/onnx/1024/iteration:1/repetition:6			10.3435 ms
ProcessBlock/steerable-nafx-libtorch-dynamic.onnx/onnx/1024/iteration:2/repetition:6			10.2682 ms
ProcessBlock/steerable-nafx-libtorch-dynamic.onnx/onnx/1024/iteration:3/repetition:6			10.2703 ms
ProcessBlock/steerable-nafx-libtorch-dynamic.onnx/onnx/1024/iteration:4/repetition:6			10.2395 ms
ProcessBlock/steerable-nafx-libtorch-dynamic.onnx/onnx/1024/iteration:5/repetition:6			10.2974 ms
ProcessBlock/steerable-nafx-libtorch-dynamic.onnx/onnx/1024/iteration:6/repetition:6			10.2627 ms
ProcessBlock/steerable-nafx-libtorch-dynamic.onnx/onnx/1024/iteration:7/repetition:6			10.2468 ms
ProcessBlock/steerable-nafx-libtorch-dynamic.onnx/onnx/1024/iteration:8/repetition:6			10.2731 ms
ProcessBlock/steerable-nafx-libtorch-dynamic.onnx/onnx/1024/iteration:9/repetition:6			10.2483 ms
ProcessBlock/steerable-nafx-libtorch-dynamic.onnx/onnx/1024/iteration:10/repetition:6			10.2283 ms
ProcessBlock/steerable-nafx-libtorch-dynamic.onnx/onnx/1024/iteration:11/repetition:6			10.3037 ms
ProcessBlock/steerable-nafx-libtorch-dynamic.onnx/onnx/1024/iteration:12/repetition:6			10.2778 ms
ProcessBlock/steerable-nafx-libtorch-dynamic.onnx/onnx/1024/iteration:13/repetition:6			10.2741 ms
ProcessBlock/steerable-nafx-libtorch-dynamic.onnx/onnx/1024/iteration:14/repetition:6			10.3238 ms
ProcessBlock/steerable-nafx-libtorch-dynamic.onnx/onnx/1024/iteration:15/repetition:6			10.2531 ms
ProcessBlock/steerable-nafx-libtorch-dynamic.onnx/onnx/1024/iteration:16/repetition:6			10.2380 ms
ProcessBlock/steerable-nafx-libtorch-dynamic.onnx/onnx/1024/iteration:17/repetition:6			10.3127 ms
ProcessBlock/steerable-nafx-libtorch-dynamic.onnx/onnx/1024/iteration:18/repetition:6			10.2490 ms
ProcessBlock/steerable-nafx-libtorch-dynamic.onnx/onnx/1024/iteration:19/repetition:6			10.2300 ms
ProcessBlock/steerable-nafx-libtorch-dynamic.onnx/onnx/1024/iteration:20/repetition:6			10.2836 ms
ProcessBlock/steerable-nafx-libtorch-dynamic.onnx/onnx/1024/iteration:21/repetition:6			10.2561 ms
ProcessBlock/steerable-nafx-libtorch-dynamic.onnx/onnx/1024/iteration:22/repetition:6			10.2993 ms
ProcessBlock/steerable-nafx-libtorch-dynamic.onnx/onnx/1024/iteration:23/repetition:6			10.2367 ms
ProcessBlock/steerable-nafx-libtorch-dynamic.onnx/onnx/1024/iteration:24/repetition:6			10.2547 ms
ProcessBlock/steerable-nafx-libtorch-dynamic.onnx/onnx/1024/iteration:25/repetition:6			10.2396 ms
ProcessBlock/steerable-nafx-libtorch-dynamic.onnx/onnx/1024/iteration:26/repetition:6			10.2677 ms
ProcessBlock/steerable-nafx-libtorch-dynamic.onnx/onnx/1024/iteration:27/repetition:6			10.5001 ms
ProcessBlock/steerable-nafx-libtorch-dynamic.onnx/onnx/1024/iteration:28/repetition:6			10.2497 ms
ProcessBlock/steerable-nafx-libtorch-dynamic.onnx/onnx/1024/iteration:29/repetition:6			10.2300 ms
ProcessBlock/steerable-nafx-libtorch-dynamic.onnx/onnx/1024/iteration:30/repetition:6			10.2487 ms
ProcessBlock/steerable-nafx-libtorch-dynamic.onnx/onnx/1024/iteration:31/repetition:6			10.2521 ms
ProcessBlock/steerable-nafx-libtorch-dynamic.onnx/onnx/1024/iteration:32/repetition:6			10.2559 ms
ProcessBlock/steerable-nafx-libtorch-dynamic.onnx/onnx/1024/iteration:33/repetition:6			10.2462 ms
ProcessBlock/steerable-nafx-libtorch-dynamic.onnx/onnx/1024/iteration:34/repetition:6			10.2640 ms
ProcessBlock/steerable-nafx-libtorch-dynamic.onnx/onnx/1024/iteration:35/repetition:6			10.2553 ms
ProcessBlock/steerable-nafx-libtorch-dynamic.onnx/onnx/1024/iteration:36/repetition:6			10.2439 ms
ProcessBlock/steerable-nafx-libtorch-dynamic.onnx/onnx/1024/iteration:37/repetition:6			10.2941 ms
ProcessBlock/steerable-nafx-libtorch-dynamic.onnx/onnx/1024/iteration:38/repetition:6			10.2550 ms
ProcessBlock/steerable-nafx-libtorch-dynamic.onnx/onnx/1024/iteration:39/repetition:6			10.2834 ms
ProcessBlock/steerable-nafx-libtorch-dynamic.onnx/onnx/1024/iteration:40/repetition:6			10.2413 ms
ProcessBlock/steerable-nafx-libtorch-dynamic.onnx/onnx/1024/iteration:41/repetition:6			10.2873 ms
ProcessBlock/steerable-nafx-libtorch-dynamic.onnx/onnx/1024/iteration:42/repetition:6			10.2509 ms
ProcessBlock/steerable-nafx-libtorch-dynamic.onnx/onnx/1024/iteration:43/repetition:6			10.3187 ms
ProcessBlock/steerable-nafx-libtorch-dynamic.onnx/onnx/1024/iteration:44/repetition:6			10.2394 ms
ProcessBlock/steerable-nafx-libtorch-dynamic.onnx/onnx/1024/iteration:45/repetition:6			10.2606 ms
ProcessBlock/steerable-nafx-libtorch-dynamic.onnx/onnx/1024/iteration:46/repetition:6			10.3065 ms
ProcessBlock/steerable-nafx-libtorch-dynamic.onnx/onnx/1024/iteration:47/repetition:6			10.2282 ms
ProcessBlock/steerable-nafx-libtorch-dynamic.onnx/onnx/1024/iteration:48/repetition:6			10.2609 ms
ProcessBlock/steerable-nafx-libtorch-dynamic.onnx/onnx/1024/iteration:49/repetition:6			10.2781 ms
  Repetition 6/10: mean=10.2728 ms

[INFO] Anira version: 0.0.0-unknown
[WARNING] Session 36 requested more parallel processors than threads are available in Context. Using number of threads as number of parallel processors.
ProcessBlock/steerable-nafx-libtorch-dynamic.onnx/onnx/1024/iteration:0/repetition:7			10.4648 ms
ProcessBlock/steerable-nafx-libtorch-dynamic.onnx/onnx/1024/iteration:1/repetition:7			10.3270 ms
ProcessBlock/steerable-nafx-libtorch-dynamic.onnx/onnx/1024/iteration:2/repetition:7			10.3547 ms
ProcessBlock/steerable-nafx-libtorch-dynamic.onnx/onnx/1024/iteration:3/repetition:7			10.2429 ms
ProcessBlock/steerable-nafx-libtorch-dynamic.onnx/onnx/1024/iteration:4/repetition:7			10.2580 ms
ProcessBlock/steerable-nafx-libtorch-dynamic.onnx/onnx/1024/iteration:5/repetition:7			10.2521 ms
ProcessBlock/steerable-nafx-libtorch-dynamic.onnx/onnx/1024/iteration:6/repetition:7			10.3016 ms
ProcessBlock/steerable-nafx-libtorch-dynamic.onnx/onnx/1024/iteration:7/repetition:7			10.3185 ms
ProcessBlock/steerable-nafx-libtorch-dynamic.onnx/onnx/1024/iteration:8/repetition:7			10.2545 ms
ProcessBlock/steerable-nafx-libtorch-dynamic.onnx/onnx/1024/iteration:9/repetition:7			10.3103 ms
ProcessBlock/steerable-nafx-libtorch-dynamic.onnx/onnx/1024/iteration:10/repetition:7			10.2658 ms
ProcessBlock/steerable-nafx-libtorch-dynamic.onnx/onnx/1024/iteration:11/repetition:7			10.2541 ms
ProcessBlock/steerable-nafx-libtorch-dynamic.onnx/onnx/1024/iteration:12/repetition:7			10.2394 ms
ProcessBlock/steerable-nafx-libtorch-dynamic.onnx/onnx/1024/iteration:13/repetition:7			10.2845 ms
ProcessBlock/steerable-nafx-libtorch-dynamic.onnx/onnx/1024/iteration:14/repetition:7			10.2495 ms
ProcessBlock/steerable-nafx-libtorch-dynamic.onnx/onnx/1024/iteration:15/repetition:7			10.2510 ms
ProcessBlock/steerable-nafx-libtorch-dynamic.onnx/onnx/1024/iteration:16/repetition:7			10.2630 ms
ProcessBlock/steerable-nafx-libtorch-dynamic.onnx/onnx/1024/iteration:17/repetition:7			10.2577 ms
ProcessBlock/steerable-nafx-libtorch-dynamic.onnx/onnx/1024/iteration:18/repetition:7			10.2454 ms
ProcessBlock/steerable-nafx-libtorch-dynamic.onnx/onnx/1024/iteration:19/repetition:7			10.2525 ms
ProcessBlock/steerable-nafx-libtorch-dynamic.onnx/onnx/1024/iteration:20/repetition:7			10.2675 ms
ProcessBlock/steerable-nafx-libtorch-dynamic.onnx/onnx/1024/iteration:21/repetition:7			10.2997 ms
ProcessBlock/steerable-nafx-libtorch-dynamic.onnx/onnx/1024/iteration:22/repetition:7			10.2468 ms
ProcessBlock/steerable-nafx-libtorch-dynamic.onnx/onnx/1024/iteration:23/repetition:7			10.2629 ms
ProcessBlock/steerable-nafx-libtorch-dynamic.onnx/onnx/1024/iteration:24/repetition:7			10.2650 ms
ProcessBlock/steerable-nafx-libtorch-dynamic.onnx/onnx/1024/iteration:25/repetition:7			10.3209 ms
ProcessBlock/steerable-nafx-libtorch-dynamic.onnx/onnx/1024/iteration:26/repetition:7			10.2577 ms
ProcessBlock/steerable-nafx-libtorch-dynamic.onnx/onnx/1024/iteration:27/repetition:7			10.3277 ms
ProcessBlock/steerable-nafx-libtorch-dynamic.onnx/onnx/1024/iteration:28/repetition:7			10.2629 ms
ProcessBlock/steerable-nafx-libtorch-dynamic.onnx/onnx/1024/iteration:29/repetition:7			10.2349 ms
ProcessBlock/steerable-nafx-libtorch-dynamic.onnx/onnx/1024/iteration:30/repetition:7			10.2871 ms
ProcessBlock/steerable-nafx-libtorch-dynamic.onnx/onnx/1024/iteration:31/repetition:7			10.2586 ms
ProcessBlock/steerable-nafx-libtorch-dynamic.onnx/onnx/1024/iteration:32/repetition:7			10.2329 ms
ProcessBlock/steerable-nafx-libtorch-dynamic.onnx/onnx/1024/iteration:33/repetition:7			10.2725 ms
ProcessBlock/steerable-nafx-libtorch-dynamic.onnx/onnx/1024/iteration:34/repetition:7			10.2660 ms
ProcessBlock/steerable-nafx-libtorch-dynamic.onnx/onnx/1024/iteration:35/repetition:7			10.2462 ms
ProcessBlock/steerable-nafx-libtorch-dynamic.onnx/onnx/1024/iteration:36/repetition:7			10.2528 ms
ProcessBlock/steerable-nafx-libtorch-dynamic.onnx/onnx/1024/iteration:37/repetition:7			10.2347 ms
ProcessBlock/steerable-nafx-libtorch-dynamic.onnx/onnx/1024/iteration:38/repetition:7			10.2739 ms
ProcessBlock/steerable-nafx-libtorch-dynamic.onnx/onnx/1024/iteration:39/repetition:7			10.2432 ms
ProcessBlock/steerable-nafx-libtorch-dynamic.onnx/onnx/1024/iteration:40/repetition:7			10.2363 ms
ProcessBlock/steerable-nafx-libtorch-dynamic.onnx/onnx/1024/iteration:41/repetition:7			10.2834 ms
ProcessBlock/steerable-nafx-libtorch-dynamic.onnx/onnx/1024/iteration:42/repetition:7			10.2887 ms
ProcessBlock/steerable-nafx-libtorch-dynamic.onnx/onnx/1024/iteration:43/repetition:7			10.3011 ms
ProcessBlock/steerable-nafx-libtorch-dynamic.onnx/onnx/1024/iteration:44/repetition:7			10.2457 ms
ProcessBlock/steerable-nafx-libtorch-dynamic.onnx/onnx/1024/iteration:45/repetition:7			10.2472 ms
ProcessBlock/steerable-nafx-libtorch-dynamic.onnx/onnx/1024/iteration:46/repetition:7			10.2747 ms
ProcessBlock/steerable-nafx-libtorch-dynamic.onnx/onnx/1024/iteration:47/repetition:7			10.2478 ms
ProcessBlock/steerable-nafx-libtorch-dynamic.onnx/onnx/1024/iteration:48/repetition:7			10.3655 ms
ProcessBlock/steerable-nafx-libtorch-dynamic.onnx/onnx/1024/iteration:49/repetition:7			10.2879 ms
  Repetition 7/10: mean=10.2748 ms

[INFO] Anira version: 0.0.0-unknown
[WARNING] Session 37 requested more parallel processors than threads are available in Context. Using number of threads as number of parallel processors.
ProcessBlock/steerable-nafx-libtorch-dynamic.onnx/onnx/1024/iteration:0/repetition:8			10.4306 ms
ProcessBlock/steerable-nafx-libtorch-dynamic.onnx/onnx/1024/iteration:1/repetition:8			10.3300 ms
ProcessBlock/steerable-nafx-libtorch-dynamic.onnx/onnx/1024/iteration:2/repetition:8			10.2575 ms
ProcessBlock/steerable-nafx-libtorch-dynamic.onnx/onnx/1024/iteration:3/repetition:8			10.2457 ms
ProcessBlock/steerable-nafx-libtorch-dynamic.onnx/onnx/1024/iteration:4/repetition:8			10.2443 ms
ProcessBlock/steerable-nafx-libtorch-dynamic.onnx/onnx/1024/iteration:5/repetition:8			10.2659 ms
ProcessBlock/steerable-nafx-libtorch-dynamic.onnx/onnx/1024/iteration:6/repetition:8			10.2831 ms
ProcessBlock/steerable-nafx-libtorch-dynamic.onnx/onnx/1024/iteration:7/repetition:8			10.2996 ms
ProcessBlock/steerable-nafx-libtorch-dynamic.onnx/onnx/1024/iteration:8/repetition:8			10.2530 ms
ProcessBlock/steerable-nafx-libtorch-dynamic.onnx/onnx/1024/iteration:9/repetition:8			10.2873 ms
ProcessBlock/steerable-nafx-libtorch-dynamic.onnx/onnx/1024/iteration:10/repetition:8			10.2554 ms
ProcessBlock/steerable-nafx-libtorch-dynamic.onnx/onnx/1024/iteration:11/repetition:8			10.2639 ms
ProcessBlock/steerable-nafx-libtorch-dynamic.onnx/onnx/1024/iteration:12/repetition:8			10.2416 ms
ProcessBlock/steerable-nafx-libtorch-dynamic.onnx/onnx/1024/iteration:13/repetition:8			10.2474 ms
ProcessBlock/steerable-nafx-libtorch-dynamic.onnx/onnx/1024/iteration:14/repetition:8			10.2355 ms
ProcessBlock/steerable-nafx-libtorch-dynamic.onnx/onnx/1024/iteration:15/repetition:8			10.2982 ms
ProcessBlock/steerable-nafx-libtorch-dynamic.onnx/onnx/1024/iteration:16/repetition:8			10.2430 ms
ProcessBlock/steerable-nafx-libtorch-dynamic.onnx/onnx/1024/iteration:17/repetition:8			10.2436 ms
ProcessBlock/steerable-nafx-libtorch-dynamic.onnx/onnx/1024/iteration:18/repetition:8			10.2388 ms
ProcessBlock/steerable-nafx-libtorch-dynamic.onnx/onnx/1024/iteration:19/repetition:8			10.2380 ms
ProcessBlock/steerable-nafx-libtorch-dynamic.onnx/onnx/1024/iteration:20/repetition:8			10.2518 ms
ProcessBlock/steerable-nafx-libtorch-dynamic.onnx/onnx/1024/iteration:21/repetition:8			10.2388 ms
ProcessBlock/steerable-nafx-libtorch-dynamic.onnx/onnx/1024/iteration:22/repetition:8			10.2858 ms
ProcessBlock/steerable-nafx-libtorch-dynamic.onnx/onnx/1024/iteration:23/repetition:8			10.2435 ms
ProcessBlock/steerable-nafx-libtorch-dynamic.onnx/onnx/1024/iteration:24/repetition:8			10.2605 ms
ProcessBlock/steerable-nafx-libtorch-dynamic.onnx/onnx/1024/iteration:25/repetition:8			10.2362 ms
ProcessBlock/steerable-nafx-libtorch-dynamic.onnx/onnx/1024/iteration:26/repetition:8			10.3169 ms
ProcessBlock/steerable-nafx-libtorch-dynamic.onnx/onnx/1024/iteration:27/repetition:8			10.2674 ms
ProcessBlock/steerable-nafx-libtorch-dynamic.onnx/onnx/1024/iteration:28/repetition:8			10.2777 ms
ProcessBlock/steerable-nafx-libtorch-dynamic.onnx/onnx/1024/iteration:29/repetition:8			10.2709 ms
ProcessBlock/steerable-nafx-libtorch-dynamic.onnx/onnx/1024/iteration:30/repetition:8			10.2330 ms
ProcessBlock/steerable-nafx-libtorch-dynamic.onnx/onnx/1024/iteration:31/repetition:8			10.2616 ms
ProcessBlock/steerable-nafx-libtorch-dynamic.onnx/onnx/1024/iteration:32/repetition:8			10.2296 ms
ProcessBlock/steerable-nafx-libtorch-dynamic.onnx/onnx/1024/iteration:33/repetition:8			10.2491 ms
ProcessBlock/steerable-nafx-libtorch-dynamic.onnx/onnx/1024/iteration:34/repetition:8			10.2956 ms
ProcessBlock/steerable-nafx-libtorch-dynamic.onnx/onnx/1024/iteration:35/repetition:8			10.2837 ms
ProcessBlock/steerable-nafx-libtorch-dynamic.onnx/onnx/1024/iteration:36/repetition:8			10.2540 ms
ProcessBlock/steerable-nafx-libtorch-dynamic.onnx/onnx/1024/iteration:37/repetition:8			10.3161 ms
ProcessBlock/steerable-nafx-libtorch-dynamic.onnx/onnx/1024/iteration:38/repetition:8			10.2621 ms
ProcessBlock/steerable-nafx-libtorch-dynamic.onnx/onnx/1024/iteration:39/repetition:8			10.2205 ms
ProcessBlock/steerable-nafx-libtorch-dynamic.onnx/onnx/1024/iteration:40/repetition:8			10.2644 ms
ProcessBlock/steerable-nafx-libtorch-dynamic.onnx/onnx/1024/iteration:41/repetition:8			10.2580 ms
ProcessBlock/steerable-nafx-libtorch-dynamic.onnx/onnx/1024/iteration:42/repetition:8			10.2531 ms
ProcessBlock/steerable-nafx-libtorch-dynamic.onnx/onnx/1024/iteration:43/repetition:8			10.3087 ms
ProcessBlock/steerable-nafx-libtorch-dynamic.onnx/onnx/1024/iteration:44/repetition:8			10.2269 ms
ProcessBlock/steerable-nafx-libtorch-dynamic.onnx/onnx/1024/iteration:45/repetition:8			10.2479 ms
ProcessBlock/steerable-nafx-libtorch-dynamic.onnx/onnx/1024/iteration:46/repetition:8			10.2545 ms
ProcessBlock/steerable-nafx-libtorch-dynamic.onnx/onnx/1024/iteration:47/repetition:8			10.2817 ms
ProcessBlock/steerable-nafx-libtorch-dynamic.onnx/onnx/1024/iteration:48/repetition:8			10.3143 ms
ProcessBlock/steerable-nafx-libtorch-dynamic.onnx/onnx/1024/iteration:49/repetition:8			10.2532 ms
  Repetition 8/10: mean=10.2664 ms

[INFO] Anira version: 0.0.0-unknown
[WARNING] Session 38 requested more parallel processors than threads are available in Context. Using number of threads as number of parallel processors.
ProcessBlock/steerable-nafx-libtorch-dynamic.onnx/onnx/1024/iteration:0/repetition:9			10.5230 ms
ProcessBlock/steerable-nafx-libtorch-dynamic.onnx/onnx/1024/iteration:1/repetition:9			10.3854 ms
ProcessBlock/steerable-nafx-libtorch-dynamic.onnx/onnx/1024/iteration:2/repetition:9			10.3138 ms
ProcessBlock/steerable-nafx-libtorch-dynamic.onnx/onnx/1024/iteration:3/repetition:9			10.2957 ms
ProcessBlock/steerable-nafx-libtorch-dynamic.onnx/onnx/1024/iteration:4/repetition:9			10.3074 ms
ProcessBlock/steerable-nafx-libtorch-dynamic.onnx/onnx/1024/iteration:5/repetition:9			10.2765 ms
ProcessBlock/steerable-nafx-libtorch-dynamic.onnx/onnx/1024/iteration:6/repetition:9			10.2705 ms
ProcessBlock/steerable-nafx-libtorch-dynamic.onnx/onnx/1024/iteration:7/repetition:9			10.3244 ms
ProcessBlock/steerable-nafx-libtorch-dynamic.onnx/onnx/1024/iteration:8/repetition:9			10.2626 ms
ProcessBlock/steerable-nafx-libtorch-dynamic.onnx/onnx/1024/iteration:9/repetition:9			10.2640 ms
ProcessBlock/steerable-nafx-libtorch-dynamic.onnx/onnx/1024/iteration:10/repetition:9			10.2705 ms
ProcessBlock/steerable-nafx-libtorch-dynamic.onnx/onnx/1024/iteration:11/repetition:9			10.3308 ms
ProcessBlock/steerable-nafx-libtorch-dynamic.onnx/onnx/1024/iteration:12/repetition:9			10.2470 ms
ProcessBlock/steerable-nafx-libtorch-dynamic.onnx/onnx/1024/iteration:13/repetition:9			10.2571 ms
ProcessBlock/steerable-nafx-libtorch-dynamic.onnx/onnx/1024/iteration:14/repetition:9			10.2628 ms
ProcessBlock/steerable-nafx-libtorch-dynamic.onnx/onnx/1024/iteration:15/repetition:9			10.2797 ms
ProcessBlock/steerable-nafx-libtorch-dynamic.onnx/onnx/1024/iteration:16/repetition:9			10.2637 ms
ProcessBlock/steerable-nafx-libtorch-dynamic.onnx/onnx/1024/iteration:17/repetition:9			10.2440 ms
ProcessBlock/steerable-nafx-libtorch-dynamic.onnx/onnx/1024/iteration:18/repetition:9			10.2856 ms
ProcessBlock/steerable-nafx-libtorch-dynamic.onnx/onnx/1024/iteration:19/repetition:9			10.2387 ms
ProcessBlock/steerable-nafx-libtorch-dynamic.onnx/onnx/1024/iteration:20/repetition:9			10.2562 ms
ProcessBlock/steerable-nafx-libtorch-dynamic.onnx/onnx/1024/iteration:21/repetition:9			10.3050 ms
ProcessBlock/steerable-nafx-libtorch-dynamic.onnx/onnx/1024/iteration:22/repetition:9			10.2580 ms
ProcessBlock/steerable-nafx-libtorch-dynamic.onnx/onnx/1024/iteration:23/repetition:9			10.2670 ms
ProcessBlock/steerable-nafx-libtorch-dynamic.onnx/onnx/1024/iteration:24/repetition:9			10.2686 ms
ProcessBlock/steerable-nafx-libtorch-dynamic.onnx/onnx/1024/iteration:25/repetition:9			10.3260 ms
ProcessBlock/steerable-nafx-libtorch-dynamic.onnx/onnx/1024/iteration:26/repetition:9			10.2642 ms
ProcessBlock/steerable-nafx-libtorch-dynamic.onnx/onnx/1024/iteration:27/repetition:9			10.2622 ms
ProcessBlock/steerable-nafx-libtorch-dynamic.onnx/onnx/1024/iteration:28/repetition:9			10.2620 ms
ProcessBlock/steerable-nafx-libtorch-dynamic.onnx/onnx/1024/iteration:29/repetition:9			10.3386 ms
ProcessBlock/steerable-nafx-libtorch-dynamic.onnx/onnx/1024/iteration:30/repetition:9			10.3205 ms
ProcessBlock/steerable-nafx-libtorch-dynamic.onnx/onnx/1024/iteration:31/repetition:9			10.2880 ms
ProcessBlock/steerable-nafx-libtorch-dynamic.onnx/onnx/1024/iteration:32/repetition:9			10.2398 ms
ProcessBlock/steerable-nafx-libtorch-dynamic.onnx/onnx/1024/iteration:33/repetition:9			10.3289 ms
ProcessBlock/steerable-nafx-libtorch-dynamic.onnx/onnx/1024/iteration:34/repetition:9			10.3460 ms
ProcessBlock/steerable-nafx-libtorch-dynamic.onnx/onnx/1024/iteration:35/repetition:9			10.2557 ms
ProcessBlock/steerable-nafx-libtorch-dynamic.onnx/onnx/1024/iteration:36/repetition:9			10.2531 ms
ProcessBlock/steerable-nafx-libtorch-dynamic.onnx/onnx/1024/iteration:37/repetition:9			10.2621 ms
ProcessBlock/steerable-nafx-libtorch-dynamic.onnx/onnx/1024/iteration:38/repetition:9			10.3127 ms
ProcessBlock/steerable-nafx-libtorch-dynamic.onnx/onnx/1024/iteration:39/repetition:9			10.2632 ms
ProcessBlock/steerable-nafx-libtorch-dynamic.onnx/onnx/1024/iteration:40/repetition:9			10.2683 ms
ProcessBlock/steerable-nafx-libtorch-dynamic.onnx/onnx/1024/iteration:41/repetition:9			10.2643 ms
ProcessBlock/steerable-nafx-libtorch-dynamic.onnx/onnx/1024/iteration:42/repetition:9			10.3268 ms
ProcessBlock/steerable-nafx-libtorch-dynamic.onnx/onnx/1024/iteration:43/repetition:9			10.2735 ms
ProcessBlock/steerable-nafx-libtorch-dynamic.onnx/onnx/1024/iteration:44/repetition:9			10.2596 ms
ProcessBlock/steerable-nafx-libtorch-dynamic.onnx/onnx/1024/iteration:45/repetition:9			10.2228 ms
ProcessBlock/steerable-nafx-libtorch-dynamic.onnx/onnx/1024/iteration:46/repetition:9			10.2705 ms
ProcessBlock/steerable-nafx-libtorch-dynamic.onnx/onnx/1024/iteration:47/repetition:9			10.2489 ms
ProcessBlock/steerable-nafx-libtorch-dynamic.onnx/onnx/1024/iteration:48/repetition:9			10.3588 ms
ProcessBlock/steerable-nafx-libtorch-dynamic.onnx/onnx/1024/iteration:49/repetition:9			10.2806 ms
  Repetition 9/10: mean=10.2871 ms

[INFO] Anira version: 0.0.0-unknown
[WARNING] Session 39 requested more parallel processors than threads are available in Context. Using number of threads as number of parallel processors.
ProcessBlock/steerable-nafx-libtorch-dynamic.onnx/onnx/1024/iteration:0/repetition:10			10.4750 ms
ProcessBlock/steerable-nafx-libtorch-dynamic.onnx/onnx/1024/iteration:1/repetition:10			10.2985 ms
ProcessBlock/steerable-nafx-libtorch-dynamic.onnx/onnx/1024/iteration:2/repetition:10			10.2796 ms
ProcessBlock/steerable-nafx-libtorch-dynamic.onnx/onnx/1024/iteration:3/repetition:10			10.3298 ms
ProcessBlock/steerable-nafx-libtorch-dynamic.onnx/onnx/1024/iteration:4/repetition:10			10.2850 ms
ProcessBlock/steerable-nafx-libtorch-dynamic.onnx/onnx/1024/iteration:5/repetition:10			10.3394 ms
ProcessBlock/steerable-nafx-libtorch-dynamic.onnx/onnx/1024/iteration:6/repetition:10			10.2821 ms
ProcessBlock/steerable-nafx-libtorch-dynamic.onnx/onnx/1024/iteration:7/repetition:10			10.2384 ms
ProcessBlock/steerable-nafx-libtorch-dynamic.onnx/onnx/1024/iteration:8/repetition:10			10.2469 ms
ProcessBlock/steerable-nafx-libtorch-dynamic.onnx/onnx/1024/iteration:9/repetition:10			10.3156 ms
ProcessBlock/steerable-nafx-libtorch-dynamic.onnx/onnx/1024/iteration:10/repetition:10			10.2848 ms
ProcessBlock/steerable-nafx-libtorch-dynamic.onnx/onnx/1024/iteration:11/repetition:10			10.2515 ms
ProcessBlock/steerable-nafx-libtorch-dynamic.onnx/onnx/1024/iteration:12/repetition:10			10.2387 ms
ProcessBlock/steerable-nafx-libtorch-dynamic.onnx/onnx/1024/iteration:13/repetition:10			10.2412 ms
ProcessBlock/steerable-nafx-libtorch-dynamic.onnx/onnx/1024/iteration:14/repetition:10			10.3003 ms
ProcessBlock/steerable-nafx-libtorch-dynamic.onnx/onnx/1024/iteration:15/repetition:10			10.2442 ms
ProcessBlock/steerable-nafx-libtorch-dynamic.onnx/onnx/1024/iteration:16/repetition:10			10.3008 ms
ProcessBlock/steerable-nafx-libtorch-dynamic.onnx/onnx/1024/iteration:17/repetition:10			10.2556 ms
ProcessBlock/steerable-nafx-libtorch-dynamic.onnx/onnx/1024/iteration:18/repetition:10			10.2433 ms
ProcessBlock/steerable-nafx-libtorch-dynamic.onnx/onnx/1024/iteration:19/repetition:10			10.2470 ms
ProcessBlock/steerable-nafx-libtorch-dynamic.onnx/onnx/1024/iteration:20/repetition:10			10.2920 ms
ProcessBlock/steerable-nafx-libtorch-dynamic.onnx/onnx/1024/iteration:21/repetition:10			10.3114 ms
ProcessBlock/steerable-nafx-libtorch-dynamic.onnx/onnx/1024/iteration:22/repetition:10			10.2466 ms
ProcessBlock/steerable-nafx-libtorch-dynamic.onnx/onnx/1024/iteration:23/repetition:10			10.2906 ms
ProcessBlock/steerable-nafx-libtorch-dynamic.onnx/onnx/1024/iteration:24/repetition:10			10.2543 ms
ProcessBlock/steerable-nafx-libtorch-dynamic.onnx/onnx/1024/iteration:25/repetition:10			10.2452 ms
ProcessBlock/steerable-nafx-libtorch-dynamic.onnx/onnx/1024/iteration:26/repetition:10			10.3350 ms
ProcessBlock/steerable-nafx-libtorch-dynamic.onnx/onnx/1024/iteration:27/repetition:10			10.2411 ms
ProcessBlock/steerable-nafx-libtorch-dynamic.onnx/onnx/1024/iteration:28/repetition:10			10.2555 ms
ProcessBlock/steerable-nafx-libtorch-dynamic.onnx/onnx/1024/iteration:29/repetition:10			10.3134 ms
ProcessBlock/steerable-nafx-libtorch-dynamic.onnx/onnx/1024/iteration:30/repetition:10			10.2725 ms
ProcessBlock/steerable-nafx-libtorch-dynamic.onnx/onnx/1024/iteration:31/repetition:10			10.2391 ms
ProcessBlock/steerable-nafx-libtorch-dynamic.onnx/onnx/1024/iteration:32/repetition:10			10.2813 ms
ProcessBlock/steerable-nafx-libtorch-dynamic.onnx/onnx/1024/iteration:33/repetition:10			10.2935 ms
ProcessBlock/steerable-nafx-libtorch-dynamic.onnx/onnx/1024/iteration:34/repetition:10			10.3143 ms
ProcessBlock/steerable-nafx-libtorch-dynamic.onnx/onnx/1024/iteration:35/repetition:10			10.2319 ms
ProcessBlock/steerable-nafx-libtorch-dynamic.onnx/onnx/1024/iteration:36/repetition:10			10.3136 ms
ProcessBlock/steerable-nafx-libtorch-dynamic.onnx/onnx/1024/iteration:37/repetition:10			10.3238 ms
ProcessBlock/steerable-nafx-libtorch-dynamic.onnx/onnx/1024/iteration:38/repetition:10			10.3075 ms
ProcessBlock/steerable-nafx-libtorch-dynamic.onnx/onnx/1024/iteration:39/repetition:10			10.2403 ms
ProcessBlock/steerable-nafx-libtorch-dynamic.onnx/onnx/1024/iteration:40/repetition:10			10.3113 ms
ProcessBlock/steerable-nafx-libtorch-dynamic.onnx/onnx/1024/iteration:41/repetition:10			10.2489 ms
ProcessBlock/steerable-nafx-libtorch-dynamic.onnx/onnx/1024/iteration:42/repetition:10			10.2956 ms
ProcessBlock/steerable-nafx-libtorch-dynamic.onnx/onnx/1024/iteration:43/repetition:10			10.3133 ms
ProcessBlock/steerable-nafx-libtorch-dynamic.onnx/onnx/1024/iteration:44/repetition:10			10.2687 ms
ProcessBlock/steerable-nafx-libtorch-dynamic.onnx/onnx/1024/iteration:45/repetition:10			10.2586 ms
ProcessBlock/steerable-nafx-libtorch-dynamic.onnx/onnx/1024/iteration:46/repetition:10			10.2467 ms
ProcessBlock/steerable-nafx-libtorch-dynamic.onnx/onnx/1024/iteration:47/repetition:10			10.2509 ms
ProcessBlock/steerable-nafx-libtorch-dynamic.onnx/onnx/1024/iteration:48/repetition:10			10.3587 ms
ProcessBlock/steerable-nafx-libtorch-dynamic.onnx/onnx/1024/iteration:49/repetition:10			10.3281 ms
  Repetition 10/10: mean=10.2836 ms


Aggregate (500 total iterations):
  ProcessBlock/steerable-nafx-libtorch-dynamic.onnx/onnx: mean=10.2718 ms, min=10.1852 ms, max=10.5230 ms, p99.9=10.5001 ms

----------------------------------------------------------------------------------------------------------------------------------------

----------------------------------------------------------------------------------------------------------------------------------------
Model: steerable-nafx-libtorch-dynamic.onnx | Run: bypass | Host Sample Rate: 44100 Hz | Host Buffer Size: 8192 = 185.7596 ms
----------------------------------------------------------------------------------------------------------------------------------------

Benchmark: 10 repetitions x 50 iterations

[INFO] Anira version: 0.0.0-unknown
[WARNING] Session 40 requested more parallel processors than threads are available in Context. Using number of threads as number of parallel processors.
ProcessBlock/steerable-nafx-libtorch-dynamic.onnx/bypass/8192/iteration:0/repetition:1			0.1588 ms
ProcessBlock/steerable-nafx-libtorch-dynamic.onnx/bypass/8192/iteration:1/repetition:1			0.1312 ms
ProcessBlock/steerable-nafx-libtorch-dynamic.onnx/bypass/8192/iteration:2/repetition:1			0.2341 ms
ProcessBlock/steerable-nafx-libtorch-dynamic.onnx/bypass/8192/iteration:3/repetition:1			0.1191 ms
ProcessBlock/steerable-nafx-libtorch-dynamic.onnx/bypass/8192/iteration:4/repetition:1			0.1184 ms
ProcessBlock/steerable-nafx-libtorch-dynamic.onnx/bypass/8192/iteration:5/repetition:1			0.1203 ms
ProcessBlock/steerable-nafx-libtorch-dynamic.onnx/bypass/8192/iteration:6/repetition:1			0.2255 ms
ProcessBlock/steerable-nafx-libtorch-dynamic.onnx/bypass/8192/iteration:7/repetition:1			0.1186 ms
ProcessBlock/steerable-nafx-libtorch-dynamic.onnx/bypass/8192/iteration:8/repetition:1			0.1143 ms
ProcessBlock/steerable-nafx-libtorch-dynamic.onnx/bypass/8192/iteration:9/repetition:1			0.1138 ms
ProcessBlock/steerable-nafx-libtorch-dynamic.onnx/bypass/8192/iteration:10/repetition:1			0.1138 ms
ProcessBlock/steerable-nafx-libtorch-dynamic.onnx/bypass/8192/iteration:11/repetition:1			0.1136 ms
ProcessBlock/steerable-nafx-libtorch-dynamic.onnx/bypass/8192/iteration:12/repetition:1			0.1160 ms
ProcessBlock/steerable-nafx-libtorch-dynamic.onnx/bypass/8192/iteration:13/repetition:1			0.1142 ms
ProcessBlock/steerable-nafx-libtorch-dynamic.onnx/bypass/8192/iteration:14/repetition:1			0.1131 ms
ProcessBlock/steerable-nafx-libtorch-dynamic.onnx/bypass/8192/iteration:15/repetition:1			0.1130 ms
ProcessBlock/steerable-nafx-libtorch-dynamic.onnx/bypass/8192/iteration:16/repetition:1			0.1135 ms
ProcessBlock/steerable-nafx-libtorch-dynamic.onnx/bypass/8192/iteration:17/repetition:1			0.1136 ms
ProcessBlock/steerable-nafx-libtorch-dynamic.onnx/bypass/8192/iteration:18/repetition:1			0.1135 ms
ProcessBlock/steerable-nafx-libtorch-dynamic.onnx/bypass/8192/iteration:19/repetition:1			0.1138 ms
ProcessBlock/steerable-nafx-libtorch-dynamic.onnx/bypass/8192/iteration:20/repetition:1			0.1133 ms
ProcessBlock/steerable-nafx-libtorch-dynamic.onnx/bypass/8192/iteration:21/repetition:1			0.1166 ms
ProcessBlock/steerable-nafx-libtorch-dynamic.onnx/bypass/8192/iteration:22/repetition:1			0.1165 ms
ProcessBlock/steerable-nafx-libtorch-dynamic.onnx/bypass/8192/iteration:23/repetition:1			0.1135 ms
ProcessBlock/steerable-nafx-libtorch-dynamic.onnx/bypass/8192/iteration:24/repetition:1			0.1133 ms
ProcessBlock/steerable-nafx-libtorch-dynamic.onnx/bypass/8192/iteration:25/repetition:1			0.1163 ms
ProcessBlock/steerable-nafx-libtorch-dynamic.onnx/bypass/8192/iteration:26/repetition:1			0.1133 ms
ProcessBlock/steerable-nafx-libtorch-dynamic.onnx/bypass/8192/iteration:27/repetition:1			0.1134 ms
ProcessBlock/steerable-nafx-libtorch-dynamic.onnx/bypass/8192/iteration:28/repetition:1			0.1138 ms
ProcessBlock/steerable-nafx-libtorch-dynamic.onnx/bypass/8192/iteration:29/repetition:1			0.1161 ms
ProcessBlock/steerable-nafx-libtorch-dynamic.onnx/bypass/8192/iteration:30/repetition:1			0.1136 ms
ProcessBlock/steerable-nafx-libtorch-dynamic.onnx/bypass/8192/iteration:31/repetition:1			0.1137 ms
ProcessBlock/steerable-nafx-libtorch-dynamic.onnx/bypass/8192/iteration:32/repetition:1			0.1131 ms
ProcessBlock/steerable-nafx-libtorch-dynamic.onnx/bypass/8192/iteration:33/repetition:1			0.1138 ms
ProcessBlock/steerable-nafx-libtorch-dynamic.onnx/bypass/8192/iteration:34/repetition:1			0.1135 ms
ProcessBlock/steerable-nafx-libtorch-dynamic.onnx/bypass/8192/iteration:35/repetition:1			0.1136 ms
ProcessBlock/steerable-nafx-libtorch-dynamic.onnx/bypass/8192/iteration:36/repetition:1			0.1185 ms
ProcessBlock/steerable-nafx-libtorch-dynamic.onnx/bypass/8192/iteration:37/repetition:1			0.1143 ms
ProcessBlock/steerable-nafx-libtorch-dynamic.onnx/bypass/8192/iteration:38/repetition:1			0.1136 ms
ProcessBlock/steerable-nafx-libtorch-dynamic.onnx/bypass/8192/iteration:39/repetition:1			0.1134 ms
ProcessBlock/steerable-nafx-libtorch-dynamic.onnx/bypass/8192/iteration:40/repetition:1			0.1165 ms
ProcessBlock/steerable-nafx-libtorch-dynamic.onnx/bypass/8192/iteration:41/repetition:1			0.1135 ms
ProcessBlock/steerable-nafx-libtorch-dynamic.onnx/bypass/8192/iteration:42/repetition:1			0.1138 ms
ProcessBlock/steerable-nafx-libtorch-dynamic.onnx/bypass/8192/iteration:43/repetition:1			0.1135 ms
ProcessBlock/steerable-nafx-libtorch-dynamic.onnx/bypass/8192/iteration:44/repetition:1			0.1133 ms
ProcessBlock/steerable-nafx-libtorch-dynamic.onnx/bypass/8192/iteration:45/repetition:1			0.1207 ms
ProcessBlock/steerable-nafx-libtorch-dynamic.onnx/bypass/8192/iteration:46/repetition:1			0.1163 ms
ProcessBlock/steerable-nafx-libtorch-dynamic.onnx/bypass/8192/iteration:47/repetition:1			0.1173 ms
ProcessBlock/steerable-nafx-libtorch-dynamic.onnx/bypass/8192/iteration:48/repetition:1			0.1113 ms
ProcessBlock/steerable-nafx-libtorch-dynamic.onnx/bypass/8192/iteration:49/repetition:1			0.1121 ms
  Repetition 1/10: mean=0.1205 ms

[INFO] Anira version: 0.0.0-unknown
[WARNING] Session 41 requested more parallel processors than threads are available in Context. Using number of threads as number of parallel processors.
ProcessBlock/steerable-nafx-libtorch-dynamic.onnx/bypass/8192/iteration:0/repetition:2			0.1531 ms
ProcessBlock/steerable-nafx-libtorch-dynamic.onnx/bypass/8192/iteration:1/repetition:2			0.1266 ms
ProcessBlock/steerable-nafx-libtorch-dynamic.onnx/bypass/8192/iteration:2/repetition:2			0.1222 ms
ProcessBlock/steerable-nafx-libtorch-dynamic.onnx/bypass/8192/iteration:3/repetition:2			0.2373 ms
ProcessBlock/steerable-nafx-libtorch-dynamic.onnx/bypass/8192/iteration:4/repetition:2			0.1187 ms
ProcessBlock/steerable-nafx-libtorch-dynamic.onnx/bypass/8192/iteration:5/repetition:2			0.1275 ms
ProcessBlock/steerable-nafx-libtorch-dynamic.onnx/bypass/8192/iteration:6/repetition:2			0.1088 ms
ProcessBlock/steerable-nafx-libtorch-dynamic.onnx/bypass/8192/iteration:7/repetition:2			0.2308 ms
ProcessBlock/steerable-nafx-libtorch-dynamic.onnx/bypass/8192/iteration:8/repetition:2			0.1139 ms
ProcessBlock/steerable-nafx-libtorch-dynamic.onnx/bypass/8192/iteration:9/repetition:2			0.1139 ms
ProcessBlock/steerable-nafx-libtorch-dynamic.onnx/bypass/8192/iteration:10/repetition:2			0.1142 ms
ProcessBlock/steerable-nafx-libtorch-dynamic.onnx/bypass/8192/iteration:11/repetition:2			0.1143 ms
ProcessBlock/steerable-nafx-libtorch-dynamic.onnx/bypass/8192/iteration:12/repetition:2			0.1169 ms
ProcessBlock/steerable-nafx-libtorch-dynamic.onnx/bypass/8192/iteration:13/repetition:2			0.1148 ms
ProcessBlock/steerable-nafx-libtorch-dynamic.onnx/bypass/8192/iteration:14/repetition:2			0.1144 ms
ProcessBlock/steerable-nafx-libtorch-dynamic.onnx/bypass/8192/iteration:15/repetition:2			0.1129 ms
ProcessBlock/steerable-nafx-libtorch-dynamic.onnx/bypass/8192/iteration:16/repetition:2			0.1167 ms
ProcessBlock/steerable-nafx-libtorch-dynamic.onnx/bypass/8192/iteration:17/repetition:2			0.1139 ms
ProcessBlock/steerable-nafx-libtorch-dynamic.onnx/bypass/8192/iteration:18/repetition:2			0.1135 ms
ProcessBlock/steerable-nafx-libtorch-dynamic.onnx/bypass/8192/iteration:19/repetition:2			0.1136 ms
ProcessBlock/steerable-nafx-libtorch-dynamic.onnx/bypass/8192/iteration:20/repetition:2			0.1137 ms
ProcessBlock/steerable-nafx-libtorch-dynamic.onnx/bypass/8192/iteration:21/repetition:2			0.1148 ms
ProcessBlock/steerable-nafx-libtorch-dynamic.onnx/bypass/8192/iteration:22/repetition:2			0.1134 ms
ProcessBlock/steerable-nafx-libtorch-dynamic.onnx/bypass/8192/iteration:23/repetition:2			0.1137 ms
ProcessBlock/steerable-nafx-libtorch-dynamic.onnx/bypass/8192/iteration:24/repetition:2			0.1133 ms
ProcessBlock/steerable-nafx-libtorch-dynamic.onnx/bypass/8192/iteration:25/repetition:2			0.1139 ms
ProcessBlock/steerable-nafx-libtorch-dynamic.onnx/bypass/8192/iteration:26/repetition:2			0.1135 ms
ProcessBlock/steerable-nafx-libtorch-dynamic.onnx/bypass/8192/iteration:27/repetition:2			0.1135 ms
ProcessBlock/steerable-nafx-libtorch-dynamic.onnx/bypass/8192/iteration:28/repetition:2			0.1134 ms
ProcessBlock/steerable-nafx-libtorch-dynamic.onnx/bypass/8192/iteration:29/repetition:2			0.1139 ms
ProcessBlock/steerable-nafx-libtorch-dynamic.onnx/bypass/8192/iteration:30/repetition:2			0.1130 ms
ProcessBlock/steerable-nafx-libtorch-dynamic.onnx/bypass/8192/iteration:31/repetition:2			0.1162 ms
ProcessBlock/steerable-nafx-libtorch-dynamic.onnx/bypass/8192/iteration:32/repetition:2			0.1138 ms
ProcessBlock/steerable-nafx-libtorch-dynamic.onnx/bypass/8192/iteration:33/repetition:2			0.1134 ms
ProcessBlock/steerable-nafx-libtorch-dynamic.onnx/bypass/8192/iteration:34/repetition:2			0.1134 ms
ProcessBlock/steerable-nafx-libtorch-dynamic.onnx/bypass/8192/iteration:35/repetition:2			0.1133 ms
ProcessBlock/steerable-nafx-libtorch-dynamic.onnx/bypass/8192/iteration:36/repetition:2			0.1149 ms
ProcessBlock/steerable-nafx-libtorch-dynamic.onnx/bypass/8192/iteration:37/repetition:2			0.1135 ms
ProcessBlock/steerable-nafx-libtorch-dynamic.onnx/bypass/8192/iteration:38/repetition:2			0.1164 ms
ProcessBlock/steerable-nafx-libtorch-dynamic.onnx/bypass/8192/iteration:39/repetition:2			0.1132 ms
ProcessBlock/steerable-nafx-libtorch-dynamic.onnx/bypass/8192/iteration:40/repetition:2			0.1138 ms
ProcessBlock/steerable-nafx-libtorch-dynamic.onnx/bypass/8192/iteration:41/repetition:2			0.1160 ms
ProcessBlock/steerable-nafx-libtorch-dynamic.onnx/bypass/8192/iteration:42/repetition:2			0.1143 ms
ProcessBlock/steerable-nafx-libtorch-dynamic.onnx/bypass/8192/iteration:43/repetition:2			0.1132 ms
ProcessBlock/steerable-nafx-libtorch-dynamic.onnx/bypass/8192/iteration:44/repetition:2			0.1133 ms
ProcessBlock/steerable-nafx-libtorch-dynamic.onnx/bypass/8192/iteration:45/repetition:2			0.1135 ms
ProcessBlock/steerable-nafx-libtorch-dynamic.onnx/bypass/8192/iteration:46/repetition:2			0.1134 ms
ProcessBlock/steerable-nafx-libtorch-dynamic.onnx/bypass/8192/iteration:47/repetition:2			0.1137 ms
ProcessBlock/steerable-nafx-libtorch-dynamic.onnx/bypass/8192/iteration:48/repetition:2			0.1144 ms
ProcessBlock/steerable-nafx-libtorch-dynamic.onnx/bypass/8192/iteration:49/repetition:2			0.1142 ms
  Repetition 2/10: mean=0.1203 ms

[INFO] Anira version: 0.0.0-unknown
[WARNING] Session 42 requested more parallel processors than threads are available in Context. Using number of threads as number of parallel processors.
ProcessBlock/steerable-nafx-libtorch-dynamic.onnx/bypass/8192/iteration:0/repetition:3			0.1460 ms
ProcessBlock/steerable-nafx-libtorch-dynamic.onnx/bypass/8192/iteration:1/repetition:3			0.1166 ms
ProcessBlock/steerable-nafx-libtorch-dynamic.onnx/bypass/8192/iteration:2/repetition:3			0.1172 ms
ProcessBlock/steerable-nafx-libtorch-dynamic.onnx/bypass/8192/iteration:3/repetition:3			0.1171 ms
ProcessBlock/steerable-nafx-libtorch-dynamic.onnx/bypass/8192/iteration:4/repetition:3			0.1139 ms
ProcessBlock/steerable-nafx-libtorch-dynamic.onnx/bypass/8192/iteration:5/repetition:3			0.1103 ms
ProcessBlock/steerable-nafx-libtorch-dynamic.onnx/bypass/8192/iteration:6/repetition:3			0.1094 ms
ProcessBlock/steerable-nafx-libtorch-dynamic.onnx/bypass/8192/iteration:7/repetition:3			0.1113 ms
ProcessBlock/steerable-nafx-libtorch-dynamic.onnx/bypass/8192/iteration:8/repetition:3			0.1133 ms
ProcessBlock/steerable-nafx-libtorch-dynamic.onnx/bypass/8192/iteration:9/repetition:3			0.1213 ms
ProcessBlock/steerable-nafx-libtorch-dynamic.onnx/bypass/8192/iteration:10/repetition:3			0.1582 ms
ProcessBlock/steerable-nafx-libtorch-dynamic.onnx/bypass/8192/iteration:11/repetition:3			0.2470 ms
ProcessBlock/steerable-nafx-libtorch-dynamic.onnx/bypass/8192/iteration:12/repetition:3			0.1230 ms
ProcessBlock/steerable-nafx-libtorch-dynamic.onnx/bypass/8192/iteration:13/repetition:3			0.1101 ms
ProcessBlock/steerable-nafx-libtorch-dynamic.onnx/bypass/8192/iteration:14/repetition:3			0.1148 ms
ProcessBlock/steerable-nafx-libtorch-dynamic.onnx/bypass/8192/iteration:15/repetition:3			0.1135 ms
ProcessBlock/steerable-nafx-libtorch-dynamic.onnx/bypass/8192/iteration:16/repetition:3			0.1134 ms
ProcessBlock/steerable-nafx-libtorch-dynamic.onnx/bypass/8192/iteration:17/repetition:3			0.1139 ms
ProcessBlock/steerable-nafx-libtorch-dynamic.onnx/bypass/8192/iteration:18/repetition:3			0.1172 ms
ProcessBlock/steerable-nafx-libtorch-dynamic.onnx/bypass/8192/iteration:19/repetition:3			0.1137 ms
ProcessBlock/steerable-nafx-libtorch-dynamic.onnx/bypass/8192/iteration:20/repetition:3			0.1137 ms
ProcessBlock/steerable-nafx-libtorch-dynamic.onnx/bypass/8192/iteration:21/repetition:3			0.1195 ms
ProcessBlock/steerable-nafx-libtorch-dynamic.onnx/bypass/8192/iteration:22/repetition:3			0.1140 ms
ProcessBlock/steerable-nafx-libtorch-dynamic.onnx/bypass/8192/iteration:23/repetition:3			0.1176 ms
ProcessBlock/steerable-nafx-libtorch-dynamic.onnx/bypass/8192/iteration:24/repetition:3			0.1134 ms
ProcessBlock/steerable-nafx-libtorch-dynamic.onnx/bypass/8192/iteration:25/repetition:3			0.1147 ms
ProcessBlock/steerable-nafx-libtorch-dynamic.onnx/bypass/8192/iteration:26/repetition:3			0.1138 ms
ProcessBlock/steerable-nafx-libtorch-dynamic.onnx/bypass/8192/iteration:27/repetition:3			0.1132 ms
ProcessBlock/steerable-nafx-libtorch-dynamic.onnx/bypass/8192/iteration:28/repetition:3			0.1135 ms
ProcessBlock/steerable-nafx-libtorch-dynamic.onnx/bypass/8192/iteration:29/repetition:3			0.1138 ms
ProcessBlock/steerable-nafx-libtorch-dynamic.onnx/bypass/8192/iteration:30/repetition:3			0.1138 ms
ProcessBlock/steerable-nafx-libtorch-dynamic.onnx/bypass/8192/iteration:31/repetition:3			0.1135 ms
ProcessBlock/steerable-nafx-libtorch-dynamic.onnx/bypass/8192/iteration:32/repetition:3			0.1139 ms
ProcessBlock/steerable-nafx-libtorch-dynamic.onnx/bypass/8192/iteration:33/repetition:3			0.1160 ms
ProcessBlock/steerable-nafx-libtorch-dynamic.onnx/bypass/8192/iteration:34/repetition:3			0.1135 ms
ProcessBlock/steerable-nafx-libtorch-dynamic.onnx/bypass/8192/iteration:35/repetition:3			0.1133 ms
ProcessBlock/steerable-nafx-libtorch-dynamic.onnx/bypass/8192/iteration:36/repetition:3			0.1134 ms
ProcessBlock/steerable-nafx-libtorch-dynamic.onnx/bypass/8192/iteration:37/repetition:3			0.1149 ms
ProcessBlock/steerable-nafx-libtorch-dynamic.onnx/bypass/8192/iteration:38/repetition:3			0.1170 ms
ProcessBlock/steerable-nafx-libtorch-dynamic.onnx/bypass/8192/iteration:39/repetition:3			0.1139 ms
ProcessBlock/steerable-nafx-libtorch-dynamic.onnx/bypass/8192/iteration:40/repetition:3			0.1130 ms
ProcessBlock/steerable-nafx-libtorch-dynamic.onnx/bypass/8192/iteration:41/repetition:3			0.1132 ms
ProcessBlock/steerable-nafx-libtorch-dynamic.onnx/bypass/8192/iteration:42/repetition:3			0.1154 ms
ProcessBlock/steerable-nafx-libtorch-dynamic.onnx/bypass/8192/iteration:43/repetition:3			0.1118 ms
ProcessBlock/steerable-nafx-libtorch-dynamic.onnx/bypass/8192/iteration:44/repetition:3			0.1139 ms
ProcessBlock/steerable-nafx-libtorch-dynamic.onnx/bypass/8192/iteration:45/repetition:3			0.1133 ms
ProcessBlock/steerable-nafx-libtorch-dynamic.onnx/bypass/8192/iteration:46/repetition:3			0.1127 ms
ProcessBlock/steerable-nafx-libtorch-dynamic.onnx/bypass/8192/iteration:47/repetition:3			0.1143 ms
ProcessBlock/steerable-nafx-libtorch-dynamic.onnx/bypass/8192/iteration:48/repetition:3			0.1148 ms
ProcessBlock/steerable-nafx-libtorch-dynamic.onnx/bypass/8192/iteration:49/repetition:3			0.1169 ms
  Repetition 3/10: mean=0.1186 ms

[INFO] Anira version: 0.0.0-unknown
[WARNING] Session 43 requested more parallel processors than threads are available in Context. Using number of threads as number of parallel processors.
ProcessBlock/steerable-nafx-libtorch-dynamic.onnx/bypass/8192/iteration:0/repetition:4			0.1477 ms
ProcessBlock/steerable-nafx-libtorch-dynamic.onnx/bypass/8192/iteration:1/repetition:4			0.1156 ms
ProcessBlock/steerable-nafx-libtorch-dynamic.onnx/bypass/8192/iteration:2/repetition:4			0.1181 ms
ProcessBlock/steerable-nafx-libtorch-dynamic.onnx/bypass/8192/iteration:3/repetition:4			0.1149 ms
ProcessBlock/steerable-nafx-libtorch-dynamic.onnx/bypass/8192/iteration:4/repetition:4			0.1147 ms
ProcessBlock/steerable-nafx-libtorch-dynamic.onnx/bypass/8192/iteration:5/repetition:4			0.1168 ms
ProcessBlock/steerable-nafx-libtorch-dynamic.onnx/bypass/8192/iteration:6/repetition:4			0.1135 ms
ProcessBlock/steerable-nafx-libtorch-dynamic.onnx/bypass/8192/iteration:7/repetition:4			0.1138 ms
ProcessBlock/steerable-nafx-libtorch-dynamic.onnx/bypass/8192/iteration:8/repetition:4			0.1136 ms
ProcessBlock/steerable-nafx-libtorch-dynamic.onnx/bypass/8192/iteration:9/repetition:4			0.1138 ms
ProcessBlock/steerable-nafx-libtorch-dynamic.onnx/bypass/8192/iteration:10/repetition:4			0.1216 ms
ProcessBlock/steerable-nafx-libtorch-dynamic.onnx/bypass/8192/iteration:11/repetition:4			0.1138 ms
ProcessBlock/steerable-nafx-libtorch-dynamic.onnx/bypass/8192/iteration:12/repetition:4			0.1088 ms
ProcessBlock/steerable-nafx-libtorch-dynamic.onnx/bypass/8192/iteration:13/repetition:4			0.1141 ms
ProcessBlock/steerable-nafx-libtorch-dynamic.onnx/bypass/8192/iteration:14/repetition:4			0.1135 ms
ProcessBlock/steerable-nafx-libtorch-dynamic.onnx/bypass/8192/iteration:15/repetition:4			0.1133 ms
ProcessBlock/steerable-nafx-libtorch-dynamic.onnx/bypass/8192/iteration:16/repetition:4			0.1139 ms
ProcessBlock/steerable-nafx-libtorch-dynamic.onnx/bypass/8192/iteration:17/repetition:4			0.1128 ms
ProcessBlock/steerable-nafx-libtorch-dynamic.onnx/bypass/8192/iteration:18/repetition:4			0.1136 ms
ProcessBlock/steerable-nafx-libtorch-dynamic.onnx/bypass/8192/iteration:19/repetition:4			0.1135 ms
ProcessBlock/steerable-nafx-libtorch-dynamic.onnx/bypass/8192/iteration:20/repetition:4			0.1170 ms
ProcessBlock/steerable-nafx-libtorch-dynamic.onnx/bypass/8192/iteration:21/repetition:4			0.1173 ms
ProcessBlock/steerable-nafx-libtorch-dynamic.onnx/bypass/8192/iteration:22/repetition:4			0.1134 ms
ProcessBlock/steerable-nafx-libtorch-dynamic.onnx/bypass/8192/iteration:23/repetition:4			0.1094 ms
ProcessBlock/steerable-nafx-libtorch-dynamic.onnx/bypass/8192/iteration:24/repetition:4			0.1135 ms
ProcessBlock/steerable-nafx-libtorch-dynamic.onnx/bypass/8192/iteration:25/repetition:4			0.1184 ms
ProcessBlock/steerable-nafx-libtorch-dynamic.onnx/bypass/8192/iteration:26/repetition:4			0.1144 ms
ProcessBlock/steerable-nafx-libtorch-dynamic.onnx/bypass/8192/iteration:27/repetition:4			0.1134 ms
ProcessBlock/steerable-nafx-libtorch-dynamic.onnx/bypass/8192/iteration:28/repetition:4			0.1154 ms
ProcessBlock/steerable-nafx-libtorch-dynamic.onnx/bypass/8192/iteration:29/repetition:4			0.1135 ms
ProcessBlock/steerable-nafx-libtorch-dynamic.onnx/bypass/8192/iteration:30/repetition:4			0.1136 ms
ProcessBlock/steerable-nafx-libtorch-dynamic.onnx/bypass/8192/iteration:31/repetition:4			0.1137 ms
ProcessBlock/steerable-nafx-libtorch-dynamic.onnx/bypass/8192/iteration:32/repetition:4			0.1134 ms
ProcessBlock/steerable-nafx-libtorch-dynamic.onnx/bypass/8192/iteration:33/repetition:4			0.1138 ms
ProcessBlock/steerable-nafx-libtorch-dynamic.onnx/bypass/8192/iteration:34/repetition:4			0.1137 ms
ProcessBlock/steerable-nafx-libtorch-dynamic.onnx/bypass/8192/iteration:35/repetition:4			0.1137 ms
ProcessBlock/steerable-nafx-libtorch-dynamic.onnx/bypass/8192/iteration:36/repetition:4			0.1137 ms
ProcessBlock/steerable-nafx-libtorch-dynamic.onnx/bypass/8192/iteration:37/repetition:4			0.1136 ms
ProcessBlock/steerable-nafx-libtorch-dynamic.onnx/bypass/8192/iteration:38/repetition:4			0.1135 ms
ProcessBlock/steerable-nafx-libtorch-dynamic.onnx/bypass/8192/iteration:39/repetition:4			0.1150 ms
ProcessBlock/steerable-nafx-libtorch-dynamic.onnx/bypass/8192/iteration:40/repetition:4			0.1167 ms
ProcessBlock/steerable-nafx-libtorch-dynamic.onnx/bypass/8192/iteration:41/repetition:4			0.1166 ms
ProcessBlock/steerable-nafx-libtorch-dynamic.onnx/bypass/8192/iteration:42/repetition:4			0.1140 ms
ProcessBlock/steerable-nafx-libtorch-dynamic.onnx/bypass/8192/iteration:43/repetition:4			0.1131 ms
ProcessBlock/steerable-nafx-libtorch-dynamic.onnx/bypass/8192/iteration:44/repetition:4			0.1135 ms
ProcessBlock/steerable-nafx-libtorch-dynamic.onnx/bypass/8192/iteration:45/repetition:4			0.1132 ms
ProcessBlock/steerable-nafx-libtorch-dynamic.onnx/bypass/8192/iteration:46/repetition:4			0.1134 ms
ProcessBlock/steerable-nafx-libtorch-dynamic.onnx/bypass/8192/iteration:47/repetition:4			0.1139 ms
ProcessBlock/steerable-nafx-libtorch-dynamic.onnx/bypass/8192/iteration:48/repetition:4			0.1135 ms
ProcessBlock/steerable-nafx-libtorch-dynamic.onnx/bypass/8192/iteration:49/repetition:4			0.1137 ms
  Repetition 4/10: mean=0.1149 ms

[INFO] Anira version: 0.0.0-unknown
[WARNING] Session 44 requested more parallel processors than threads are available in Context. Using number of threads as number of parallel processors.
ProcessBlock/steerable-nafx-libtorch-dynamic.onnx/bypass/8192/iteration:0/repetition:5			0.1462 ms
ProcessBlock/steerable-nafx-libtorch-dynamic.onnx/bypass/8192/iteration:1/repetition:5			0.1161 ms
ProcessBlock/steerable-nafx-libtorch-dynamic.onnx/bypass/8192/iteration:2/repetition:5			0.1183 ms
ProcessBlock/steerable-nafx-libtorch-dynamic.onnx/bypass/8192/iteration:3/repetition:5			0.1145 ms
ProcessBlock/steerable-nafx-libtorch-dynamic.onnx/bypass/8192/iteration:4/repetition:5			0.1167 ms
ProcessBlock/steerable-nafx-libtorch-dynamic.onnx/bypass/8192/iteration:5/repetition:5			0.1175 ms
ProcessBlock/steerable-nafx-libtorch-dynamic.onnx/bypass/8192/iteration:6/repetition:5			0.1151 ms
ProcessBlock/steerable-nafx-libtorch-dynamic.onnx/bypass/8192/iteration:7/repetition:5			0.1099 ms
ProcessBlock/steerable-nafx-libtorch-dynamic.onnx/bypass/8192/iteration:8/repetition:5			0.1120 ms
ProcessBlock/steerable-nafx-libtorch-dynamic.onnx/bypass/8192/iteration:9/repetition:5			0.1163 ms
ProcessBlock/steerable-nafx-libtorch-dynamic.onnx/bypass/8192/iteration:10/repetition:5			0.1197 ms
ProcessBlock/steerable-nafx-libtorch-dynamic.onnx/bypass/8192/iteration:11/repetition:5			0.1151 ms
ProcessBlock/steerable-nafx-libtorch-dynamic.onnx/bypass/8192/iteration:12/repetition:5			0.1134 ms
ProcessBlock/steerable-nafx-libtorch-dynamic.onnx/bypass/8192/iteration:13/repetition:5			0.1150 ms
ProcessBlock/steerable-nafx-libtorch-dynamic.onnx/bypass/8192/iteration:14/repetition:5			0.1135 ms
ProcessBlock/steerable-nafx-libtorch-dynamic.onnx/bypass/8192/iteration:15/repetition:5			0.1142 ms
ProcessBlock/steerable-nafx-libtorch-dynamic.onnx/bypass/8192/iteration:16/repetition:5			0.1131 ms
ProcessBlock/steerable-nafx-libtorch-dynamic.onnx/bypass/8192/iteration:17/repetition:5			0.1133 ms
ProcessBlock/steerable-nafx-libtorch-dynamic.onnx/bypass/8192/iteration:18/repetition:5			0.1148 ms
ProcessBlock/steerable-nafx-libtorch-dynamic.onnx/bypass/8192/iteration:19/repetition:5			0.1143 ms
ProcessBlock/steerable-nafx-libtorch-dynamic.onnx/bypass/8192/iteration:20/repetition:5			0.1163 ms
ProcessBlock/steerable-nafx-libtorch-dynamic.onnx/bypass/8192/iteration:21/repetition:5			0.1169 ms
ProcessBlock/steerable-nafx-libtorch-dynamic.onnx/bypass/8192/iteration:22/repetition:5			0.1136 ms
ProcessBlock/steerable-nafx-libtorch-dynamic.onnx/bypass/8192/iteration:23/repetition:5			0.1129 ms
ProcessBlock/steerable-nafx-libtorch-dynamic.onnx/bypass/8192/iteration:24/repetition:5			0.1132 ms
ProcessBlock/steerable-nafx-libtorch-dynamic.onnx/bypass/8192/iteration:25/repetition:5			0.1130 ms
ProcessBlock/steerable-nafx-libtorch-dynamic.onnx/bypass/8192/iteration:26/repetition:5			0.1135 ms
ProcessBlock/steerable-nafx-libtorch-dynamic.onnx/bypass/8192/iteration:27/repetition:5			0.1187 ms
ProcessBlock/steerable-nafx-libtorch-dynamic.onnx/bypass/8192/iteration:28/repetition:5			0.1225 ms
ProcessBlock/steerable-nafx-libtorch-dynamic.onnx/bypass/8192/iteration:29/repetition:5			0.1217 ms
ProcessBlock/steerable-nafx-libtorch-dynamic.onnx/bypass/8192/iteration:30/repetition:5			0.2290 ms
ProcessBlock/steerable-nafx-libtorch-dynamic.onnx/bypass/8192/iteration:31/repetition:5			0.1220 ms
ProcessBlock/steerable-nafx-libtorch-dynamic.onnx/bypass/8192/iteration:32/repetition:5			0.1108 ms
ProcessBlock/steerable-nafx-libtorch-dynamic.onnx/bypass/8192/iteration:33/repetition:5			0.1198 ms
ProcessBlock/steerable-nafx-libtorch-dynamic.onnx/bypass/8192/iteration:34/repetition:5			0.1131 ms
ProcessBlock/steerable-nafx-libtorch-dynamic.onnx/bypass/8192/iteration:35/repetition:5			0.1138 ms
ProcessBlock/steerable-nafx-libtorch-dynamic.onnx/bypass/8192/iteration:36/repetition:5			0.1152 ms
ProcessBlock/steerable-nafx-libtorch-dynamic.onnx/bypass/8192/iteration:37/repetition:5			0.1144 ms
ProcessBlock/steerable-nafx-libtorch-dynamic.onnx/bypass/8192/iteration:38/repetition:5			0.1138 ms
ProcessBlock/steerable-nafx-libtorch-dynamic.onnx/bypass/8192/iteration:39/repetition:5			0.1163 ms
ProcessBlock/steerable-nafx-libtorch-dynamic.onnx/bypass/8192/iteration:40/repetition:5			0.1141 ms
ProcessBlock/steerable-nafx-libtorch-dynamic.onnx/bypass/8192/iteration:41/repetition:5			0.1176 ms
ProcessBlock/steerable-nafx-libtorch-dynamic.onnx/bypass/8192/iteration:42/repetition:5			0.1148 ms
ProcessBlock/steerable-nafx-libtorch-dynamic.onnx/bypass/8192/iteration:43/repetition:5			0.1132 ms
ProcessBlock/steerable-nafx-libtorch-dynamic.onnx/bypass/8192/iteration:44/repetition:5			0.1139 ms
ProcessBlock/steerable-nafx-libtorch-dynamic.onnx/bypass/8192/iteration:45/repetition:5			0.1133 ms
ProcessBlock/steerable-nafx-libtorch-dynamic.onnx/bypass/8192/iteration:46/repetition:5			0.1139 ms
ProcessBlock/steerable-nafx-libtorch-dynamic.onnx/bypass/8192/iteration:47/repetition:5			0.1129 ms
ProcessBlock/steerable-nafx-libtorch-dynamic.onnx/bypass/8192/iteration:48/repetition:5			0.1163 ms
ProcessBlock/steerable-nafx-libtorch-dynamic.onnx/bypass/8192/iteration:49/repetition:5			0.1187 ms
  Repetition 5/10: mean=0.1182 ms

[INFO] Anira version: 0.0.0-unknown
[WARNING] Session 45 requested more parallel processors than threads are available in Context. Using number of threads as number of parallel processors.
ProcessBlock/steerable-nafx-libtorch-dynamic.onnx/bypass/8192/iteration:0/repetition:6			0.1485 ms
ProcessBlock/steerable-nafx-libtorch-dynamic.onnx/bypass/8192/iteration:1/repetition:6			0.1168 ms
ProcessBlock/steerable-nafx-libtorch-dynamic.onnx/bypass/8192/iteration:2/repetition:6			0.1089 ms
ProcessBlock/steerable-nafx-libtorch-dynamic.onnx/bypass/8192/iteration:3/repetition:6			0.1145 ms
ProcessBlock/steerable-nafx-libtorch-dynamic.onnx/bypass/8192/iteration:4/repetition:6			0.1168 ms
ProcessBlock/steerable-nafx-libtorch-dynamic.onnx/bypass/8192/iteration:5/repetition:6			0.1136 ms
ProcessBlock/steerable-nafx-libtorch-dynamic.onnx/bypass/8192/iteration:6/repetition:6			0.1159 ms
ProcessBlock/steerable-nafx-libtorch-dynamic.onnx/bypass/8192/iteration:7/repetition:6			0.1143 ms
ProcessBlock/steerable-nafx-libtorch-dynamic.onnx/bypass/8192/iteration:8/repetition:6			0.1150 ms
ProcessBlock/steerable-nafx-libtorch-dynamic.onnx/bypass/8192/iteration:9/repetition:6			0.1170 ms
ProcessBlock/steerable-nafx-libtorch-dynamic.onnx/bypass/8192/iteration:10/repetition:6			0.1140 ms
ProcessBlock/steerable-nafx-libtorch-dynamic.onnx/bypass/8192/iteration:11/repetition:6			0.1138 ms
ProcessBlock/steerable-nafx-libtorch-dynamic.onnx/bypass/8192/iteration:12/repetition:6			0.1143 ms
ProcessBlock/steerable-nafx-libtorch-dynamic.onnx/bypass/8192/iteration:13/repetition:6			0.1158 ms
ProcessBlock/steerable-nafx-libtorch-dynamic.onnx/bypass/8192/iteration:14/repetition:6			0.1135 ms
ProcessBlock/steerable-nafx-libtorch-dynamic.onnx/bypass/8192/iteration:15/repetition:6			0.1133 ms
ProcessBlock/steerable-nafx-libtorch-dynamic.onnx/bypass/8192/iteration:16/repetition:6			0.1140 ms
ProcessBlock/steerable-nafx-libtorch-dynamic.onnx/bypass/8192/iteration:17/repetition:6			0.1140 ms
ProcessBlock/steerable-nafx-libtorch-dynamic.onnx/bypass/8192/iteration:18/repetition:6			0.1191 ms
ProcessBlock/steerable-nafx-libtorch-dynamic.onnx/bypass/8192/iteration:19/repetition:6			0.1097 ms
ProcessBlock/steerable-nafx-libtorch-dynamic.onnx/bypass/8192/iteration:20/repetition:6			0.1225 ms
ProcessBlock/steerable-nafx-libtorch-dynamic.onnx/bypass/8192/iteration:21/repetition:6			0.1105 ms
ProcessBlock/steerable-nafx-libtorch-dynamic.onnx/bypass/8192/iteration:22/repetition:6			0.1124 ms
ProcessBlock/steerable-nafx-libtorch-dynamic.onnx/bypass/8192/iteration:23/repetition:6			0.1172 ms
ProcessBlock/steerable-nafx-libtorch-dynamic.onnx/bypass/8192/iteration:24/repetition:6			0.1139 ms
ProcessBlock/steerable-nafx-libtorch-dynamic.onnx/bypass/8192/iteration:25/repetition:6			0.1135 ms
ProcessBlock/steerable-nafx-libtorch-dynamic.onnx/bypass/8192/iteration:26/repetition:6			0.1137 ms
ProcessBlock/steerable-nafx-libtorch-dynamic.onnx/bypass/8192/iteration:27/repetition:6			0.1140 ms
ProcessBlock/steerable-nafx-libtorch-dynamic.onnx/bypass/8192/iteration:28/repetition:6			0.1172 ms
ProcessBlock/steerable-nafx-libtorch-dynamic.onnx/bypass/8192/iteration:29/repetition:6			0.1138 ms
ProcessBlock/steerable-nafx-libtorch-dynamic.onnx/bypass/8192/iteration:30/repetition:6			0.1135 ms
ProcessBlock/steerable-nafx-libtorch-dynamic.onnx/bypass/8192/iteration:31/repetition:6			0.1174 ms
ProcessBlock/steerable-nafx-libtorch-dynamic.onnx/bypass/8192/iteration:32/repetition:6			0.1120 ms
ProcessBlock/steerable-nafx-libtorch-dynamic.onnx/bypass/8192/iteration:33/repetition:6			0.1143 ms
ProcessBlock/steerable-nafx-libtorch-dynamic.onnx/bypass/8192/iteration:34/repetition:6			0.1131 ms
ProcessBlock/steerable-nafx-libtorch-dynamic.onnx/bypass/8192/iteration:35/repetition:6			0.1167 ms
ProcessBlock/steerable-nafx-libtorch-dynamic.onnx/bypass/8192/iteration:36/repetition:6			0.1164 ms
ProcessBlock/steerable-nafx-libtorch-dynamic.onnx/bypass/8192/iteration:37/repetition:6			0.1140 ms
ProcessBlock/steerable-nafx-libtorch-dynamic.onnx/bypass/8192/iteration:38/repetition:6			0.1138 ms
ProcessBlock/steerable-nafx-libtorch-dynamic.onnx/bypass/8192/iteration:39/repetition:6			0.1260 ms
ProcessBlock/steerable-nafx-libtorch-dynamic.onnx/bypass/8192/iteration:40/repetition:6			0.1092 ms
ProcessBlock/steerable-nafx-libtorch-dynamic.onnx/bypass/8192/iteration:41/repetition:6			0.1174 ms
ProcessBlock/steerable-nafx-libtorch-dynamic.onnx/bypass/8192/iteration:42/repetition:6			0.1150 ms
ProcessBlock/steerable-nafx-libtorch-dynamic.onnx/bypass/8192/iteration:43/repetition:6			0.1172 ms
ProcessBlock/steerable-nafx-libtorch-dynamic.onnx/bypass/8192/iteration:44/repetition:6			0.1135 ms
ProcessBlock/steerable-nafx-libtorch-dynamic.onnx/bypass/8192/iteration:45/repetition:6			0.1135 ms
ProcessBlock/steerable-nafx-libtorch-dynamic.onnx/bypass/8192/iteration:46/repetition:6			0.1139 ms
ProcessBlock/steerable-nafx-libtorch-dynamic.onnx/bypass/8192/iteration:47/repetition:6			0.1144 ms
ProcessBlock/steerable-nafx-libtorch-dynamic.onnx/bypass/8192/iteration:48/repetition:6			0.1129 ms
ProcessBlock/steerable-nafx-libtorch-dynamic.onnx/bypass/8192/iteration:49/repetition:6			0.1148 ms
  Repetition 6/10: mean=0.1154 ms

[INFO] Anira version: 0.0.0-unknown
[WARNING] Session 46 requested more parallel processors than threads are available in Context. Using number of threads as number of parallel processors.
ProcessBlock/steerable-nafx-libtorch-dynamic.onnx/bypass/8192/iteration:0/repetition:7			0.1470 ms
ProcessBlock/steerable-nafx-libtorch-dynamic.onnx/bypass/8192/iteration:1/repetition:7			0.1198 ms
ProcessBlock/steerable-nafx-libtorch-dynamic.onnx/bypass/8192/iteration:2/repetition:7			0.1174 ms
ProcessBlock/steerable-nafx-libtorch-dynamic.onnx/bypass/8192/iteration:3/repetition:7			0.1148 ms
ProcessBlock/steerable-nafx-libtorch-dynamic.onnx/bypass/8192/iteration:4/repetition:7			0.1153 ms
ProcessBlock/steerable-nafx-libtorch-dynamic.onnx/bypass/8192/iteration:5/repetition:7			0.1163 ms
ProcessBlock/steerable-nafx-libtorch-dynamic.onnx/bypass/8192/iteration:6/repetition:7			0.1118 ms
ProcessBlock/steerable-nafx-libtorch-dynamic.onnx/bypass/8192/iteration:7/repetition:7			0.1172 ms
ProcessBlock/steerable-nafx-libtorch-dynamic.onnx/bypass/8192/iteration:8/repetition:7			0.1143 ms
ProcessBlock/steerable-nafx-libtorch-dynamic.onnx/bypass/8192/iteration:9/repetition:7			0.1135 ms
ProcessBlock/steerable-nafx-libtorch-dynamic.onnx/bypass/8192/iteration:10/repetition:7			0.1137 ms
ProcessBlock/steerable-nafx-libtorch-dynamic.onnx/bypass/8192/iteration:11/repetition:7			0.1140 ms
ProcessBlock/steerable-nafx-libtorch-dynamic.onnx/bypass/8192/iteration:12/repetition:7			0.1147 ms
ProcessBlock/steerable-nafx-libtorch-dynamic.onnx/bypass/8192/iteration:13/repetition:7			0.1139 ms
ProcessBlock/steerable-nafx-libtorch-dynamic.onnx/bypass/8192/iteration:14/repetition:7			0.1133 ms
ProcessBlock/steerable-nafx-libtorch-dynamic.onnx/bypass/8192/iteration:15/repetition:7			0.1143 ms
ProcessBlock/steerable-nafx-libtorch-dynamic.onnx/bypass/8192/iteration:16/repetition:7			0.1185 ms
ProcessBlock/steerable-nafx-libtorch-dynamic.onnx/bypass/8192/iteration:17/repetition:7			0.1175 ms
ProcessBlock/steerable-nafx-libtorch-dynamic.onnx/bypass/8192/iteration:18/repetition:7			0.1148 ms
ProcessBlock/steerable-nafx-libtorch-dynamic.onnx/bypass/8192/iteration:19/repetition:7			0.1133 ms
ProcessBlock/steerable-nafx-libtorch-dynamic.onnx/bypass/8192/iteration:20/repetition:7			0.1137 ms
ProcessBlock/steerable-nafx-libtorch-dynamic.onnx/bypass/8192/iteration:21/repetition:7			0.1134 ms
ProcessBlock/steerable-nafx-libtorch-dynamic.onnx/bypass/8192/iteration:22/repetition:7			0.1134 ms
ProcessBlock/steerable-nafx-libtorch-dynamic.onnx/bypass/8192/iteration:23/repetition:7			0.1162 ms
ProcessBlock/steerable-nafx-libtorch-dynamic.onnx/bypass/8192/iteration:24/repetition:7			0.1133 ms
ProcessBlock/steerable-nafx-libtorch-dynamic.onnx/bypass/8192/iteration:25/repetition:7			0.1138 ms
ProcessBlock/steerable-nafx-libtorch-dynamic.onnx/bypass/8192/iteration:26/repetition:7			0.1132 ms
ProcessBlock/steerable-nafx-libtorch-dynamic.onnx/bypass/8192/iteration:27/repetition:7			0.1137 ms
ProcessBlock/steerable-nafx-libtorch-dynamic.onnx/bypass/8192/iteration:28/repetition:7			0.1136 ms
ProcessBlock/steerable-nafx-libtorch-dynamic.onnx/bypass/8192/iteration:29/repetition:7			0.1140 ms
ProcessBlock/steerable-nafx-libtorch-dynamic.onnx/bypass/8192/iteration:30/repetition:7			0.1176 ms
ProcessBlock/steerable-nafx-libtorch-dynamic.onnx/bypass/8192/iteration:31/repetition:7			0.1138 ms
ProcessBlock/steerable-nafx-libtorch-dynamic.onnx/bypass/8192/iteration:32/repetition:7			0.1164 ms
ProcessBlock/steerable-nafx-libtorch-dynamic.onnx/bypass/8192/iteration:33/repetition:7			0.1139 ms
ProcessBlock/steerable-nafx-libtorch-dynamic.onnx/bypass/8192/iteration:34/repetition:7			0.1135 ms
ProcessBlock/steerable-nafx-libtorch-dynamic.onnx/bypass/8192/iteration:35/repetition:7			0.1132 ms
ProcessBlock/steerable-nafx-libtorch-dynamic.onnx/bypass/8192/iteration:36/repetition:7			0.1135 ms
ProcessBlock/steerable-nafx-libtorch-dynamic.onnx/bypass/8192/iteration:37/repetition:7			0.1179 ms
ProcessBlock/steerable-nafx-libtorch-dynamic.onnx/bypass/8192/iteration:38/repetition:7			0.1136 ms
ProcessBlock/steerable-nafx-libtorch-dynamic.onnx/bypass/8192/iteration:39/repetition:7			0.1166 ms
ProcessBlock/steerable-nafx-libtorch-dynamic.onnx/bypass/8192/iteration:40/repetition:7			0.1145 ms
ProcessBlock/steerable-nafx-libtorch-dynamic.onnx/bypass/8192/iteration:41/repetition:7			0.1133 ms
ProcessBlock/steerable-nafx-libtorch-dynamic.onnx/bypass/8192/iteration:42/repetition:7			0.1184 ms
ProcessBlock/steerable-nafx-libtorch-dynamic.onnx/bypass/8192/iteration:43/repetition:7			0.1179 ms
ProcessBlock/steerable-nafx-libtorch-dynamic.onnx/bypass/8192/iteration:44/repetition:7			0.1140 ms
ProcessBlock/steerable-nafx-libtorch-dynamic.onnx/bypass/8192/iteration:45/repetition:7			0.1228 ms
ProcessBlock/steerable-nafx-libtorch-dynamic.onnx/bypass/8192/iteration:46/repetition:7			0.1177 ms
ProcessBlock/steerable-nafx-libtorch-dynamic.onnx/bypass/8192/iteration:47/repetition:7			0.1104 ms
ProcessBlock/steerable-nafx-libtorch-dynamic.onnx/bypass/8192/iteration:48/repetition:7			0.1096 ms
ProcessBlock/steerable-nafx-libtorch-dynamic.onnx/bypass/8192/iteration:49/repetition:7			0.1098 ms
  Repetition 7/10: mean=0.1154 ms

[INFO] Anira version: 0.0.0-unknown
[WARNING] Session 47 requested more parallel processors than threads are available in Context. Using number of threads as number of parallel processors.
ProcessBlock/steerable-nafx-libtorch-dynamic.onnx/bypass/8192/iteration:0/repetition:8			0.1464 ms
ProcessBlock/steerable-nafx-libtorch-dynamic.onnx/bypass/8192/iteration:1/repetition:8			0.1152 ms
ProcessBlock/steerable-nafx-libtorch-dynamic.onnx/bypass/8192/iteration:2/repetition:8			0.1153 ms
ProcessBlock/steerable-nafx-libtorch-dynamic.onnx/bypass/8192/iteration:3/repetition:8			0.1165 ms
ProcessBlock/steerable-nafx-libtorch-dynamic.onnx/bypass/8192/iteration:4/repetition:8			0.1227 ms
ProcessBlock/steerable-nafx-libtorch-dynamic.onnx/bypass/8192/iteration:5/repetition:8			0.1150 ms
ProcessBlock/steerable-nafx-libtorch-dynamic.onnx/bypass/8192/iteration:6/repetition:8			0.1148 ms
ProcessBlock/steerable-nafx-libtorch-dynamic.onnx/bypass/8192/iteration:7/repetition:8			0.1137 ms
ProcessBlock/steerable-nafx-libtorch-dynamic.onnx/bypass/8192/iteration:8/repetition:8			0.1130 ms
ProcessBlock/steerable-nafx-libtorch-dynamic.onnx/bypass/8192/iteration:9/repetition:8			0.1135 ms
ProcessBlock/steerable-nafx-libtorch-dynamic.onnx/bypass/8192/iteration:10/repetition:8			0.1137 ms
ProcessBlock/steerable-nafx-libtorch-dynamic.onnx/bypass/8192/iteration:11/repetition:8			0.1196 ms
ProcessBlock/steerable-nafx-libtorch-dynamic.onnx/bypass/8192/iteration:12/repetition:8			0.1216 ms
ProcessBlock/steerable-nafx-libtorch-dynamic.onnx/bypass/8192/iteration:13/repetition:8			0.1129 ms
ProcessBlock/steerable-nafx-libtorch-dynamic.onnx/bypass/8192/iteration:14/repetition:8			0.1088 ms
ProcessBlock/steerable-nafx-libtorch-dynamic.onnx/bypass/8192/iteration:15/repetition:8			0.1096 ms
ProcessBlock/steerable-nafx-libtorch-dynamic.onnx/bypass/8192/iteration:16/repetition:8			0.1125 ms
ProcessBlock/steerable-nafx-libtorch-dynamic.onnx/bypass/8192/iteration:17/repetition:8			0.1152 ms
ProcessBlock/steerable-nafx-libtorch-dynamic.onnx/bypass/8192/iteration:18/repetition:8			0.1191 ms
ProcessBlock/steerable-nafx-libtorch-dynamic.onnx/bypass/8192/iteration:19/repetition:8			0.1172 ms
ProcessBlock/steerable-nafx-libtorch-dynamic.onnx/bypass/8192/iteration:20/repetition:8			0.1148 ms
ProcessBlock/steerable-nafx-libtorch-dynamic.onnx/bypass/8192/iteration:21/repetition:8			0.1147 ms
ProcessBlock/steerable-nafx-libtorch-dynamic.onnx/bypass/8192/iteration:22/repetition:8			0.1134 ms
ProcessBlock/steerable-nafx-libtorch-dynamic.onnx/bypass/8192/iteration:23/repetition:8			0.1138 ms
ProcessBlock/steerable-nafx-libtorch-dynamic.onnx/bypass/8192/iteration:24/repetition:8			0.1133 ms
ProcessBlock/steerable-nafx-libtorch-dynamic.onnx/bypass/8192/iteration:25/repetition:8			0.1138 ms
ProcessBlock/steerable-nafx-libtorch-dynamic.onnx/bypass/8192/iteration:26/repetition:8			0.1132 ms
ProcessBlock/steerable-nafx-libtorch-dynamic.onnx/bypass/8192/iteration:27/repetition:8			0.1135 ms
ProcessBlock/steerable-nafx-libtorch-dynamic.onnx/bypass/8192/iteration:28/repetition:8			0.1134 ms
ProcessBlock/steerable-nafx-libtorch-dynamic.onnx/bypass/8192/iteration:29/repetition:8			0.1138 ms
ProcessBlock/steerable-nafx-libtorch-dynamic.onnx/bypass/8192/iteration:30/repetition:8			0.1129 ms
ProcessBlock/steerable-nafx-libtorch-dynamic.onnx/bypass/8192/iteration:31/repetition:8			0.1147 ms
ProcessBlock/steerable-nafx-libtorch-dynamic.onnx/bypass/8192/iteration:32/repetition:8			0.1144 ms
ProcessBlock/steerable-nafx-libtorch-dynamic.onnx/bypass/8192/iteration:33/repetition:8			0.1163 ms
ProcessBlock/steerable-nafx-libtorch-dynamic.onnx/bypass/8192/iteration:34/repetition:8			0.1147 ms
ProcessBlock/steerable-nafx-libtorch-dynamic.onnx/bypass/8192/iteration:35/repetition:8			0.1151 ms
ProcessBlock/steerable-nafx-libtorch-dynamic.onnx/bypass/8192/iteration:36/repetition:8			0.1168 ms
ProcessBlock/steerable-nafx-libtorch-dynamic.onnx/bypass/8192/iteration:37/repetition:8			0.1146 ms
ProcessBlock/steerable-nafx-libtorch-dynamic.onnx/bypass/8192/iteration:38/repetition:8			0.1149 ms
ProcessBlock/steerable-nafx-libtorch-dynamic.onnx/bypass/8192/iteration:39/repetition:8			0.1152 ms
ProcessBlock/steerable-nafx-libtorch-dynamic.onnx/bypass/8192/iteration:40/repetition:8			0.1149 ms
ProcessBlock/steerable-nafx-libtorch-dynamic.onnx/bypass/8192/iteration:41/repetition:8			0.1136 ms
ProcessBlock/steerable-nafx-libtorch-dynamic.onnx/bypass/8192/iteration:42/repetition:8			0.1185 ms
ProcessBlock/steerable-nafx-libtorch-dynamic.onnx/bypass/8192/iteration:43/repetition:8			0.1143 ms
ProcessBlock/steerable-nafx-libtorch-dynamic.onnx/bypass/8192/iteration:44/repetition:8			0.1173 ms
ProcessBlock/steerable-nafx-libtorch-dynamic.onnx/bypass/8192/iteration:45/repetition:8			0.1145 ms
ProcessBlock/steerable-nafx-libtorch-dynamic.onnx/bypass/8192/iteration:46/repetition:8			0.1136 ms
ProcessBlock/steerable-nafx-libtorch-dynamic.onnx/bypass/8192/iteration:47/repetition:8			0.1150 ms
ProcessBlock/steerable-nafx-libtorch-dynamic.onnx/bypass/8192/iteration:48/repetition:8			0.1150 ms
ProcessBlock/steerable-nafx-libtorch-dynamic.onnx/bypass/8192/iteration:49/repetition:8			0.1171 ms
  Repetition 8/10: mean=0.1155 ms

[INFO] Anira version: 0.0.0-unknown
[WARNING] Session 48 requested more parallel processors than threads are available in Context. Using number of threads as number of parallel processors.
ProcessBlock/steerable-nafx-libtorch-dynamic.onnx/bypass/8192/iteration:0/repetition:9			0.1404 ms
ProcessBlock/steerable-nafx-libtorch-dynamic.onnx/bypass/8192/iteration:1/repetition:9			0.1161 ms
ProcessBlock/steerable-nafx-libtorch-dynamic.onnx/bypass/8192/iteration:2/repetition:9			0.1170 ms
ProcessBlock/steerable-nafx-libtorch-dynamic.onnx/bypass/8192/iteration:3/repetition:9			0.1168 ms
ProcessBlock/steerable-nafx-libtorch-dynamic.onnx/bypass/8192/iteration:4/repetition:9			0.1159 ms
ProcessBlock/steerable-nafx-libtorch-dynamic.onnx/bypass/8192/iteration:5/repetition:9			0.1171 ms
ProcessBlock/steerable-nafx-libtorch-dynamic.onnx/bypass/8192/iteration:6/repetition:9			0.1146 ms
ProcessBlock/steerable-nafx-libtorch-dynamic.onnx/bypass/8192/iteration:7/repetition:9			0.1088 ms
ProcessBlock/steerable-nafx-libtorch-dynamic.onnx/bypass/8192/iteration:8/repetition:9			0.1126 ms
ProcessBlock/steerable-nafx-libtorch-dynamic.onnx/bypass/8192/iteration:9/repetition:9			0.1145 ms
ProcessBlock/steerable-nafx-libtorch-dynamic.onnx/bypass/8192/iteration:10/repetition:9			0.1144 ms
ProcessBlock/steerable-nafx-libtorch-dynamic.onnx/bypass/8192/iteration:11/repetition:9			0.1144 ms
ProcessBlock/steerable-nafx-libtorch-dynamic.onnx/bypass/8192/iteration:12/repetition:9			0.1143 ms
ProcessBlock/steerable-nafx-libtorch-dynamic.onnx/bypass/8192/iteration:13/repetition:9			0.1144 ms
ProcessBlock/steerable-nafx-libtorch-dynamic.onnx/bypass/8192/iteration:14/repetition:9			0.1159 ms
ProcessBlock/steerable-nafx-libtorch-dynamic.onnx/bypass/8192/iteration:15/repetition:9			0.1178 ms
ProcessBlock/steerable-nafx-libtorch-dynamic.onnx/bypass/8192/iteration:16/repetition:9			0.1175 ms
ProcessBlock/steerable-nafx-libtorch-dynamic.onnx/bypass/8192/iteration:17/repetition:9			0.1240 ms
ProcessBlock/steerable-nafx-libtorch-dynamic.onnx/bypass/8192/iteration:18/repetition:9			0.1102 ms
ProcessBlock/steerable-nafx-libtorch-dynamic.onnx/bypass/8192/iteration:19/repetition:9			0.1153 ms
ProcessBlock/steerable-nafx-libtorch-dynamic.onnx/bypass/8192/iteration:20/repetition:9			0.1139 ms
ProcessBlock/steerable-nafx-libtorch-dynamic.onnx/bypass/8192/iteration:21/repetition:9			0.1126 ms
ProcessBlock/steerable-nafx-libtorch-dynamic.onnx/bypass/8192/iteration:22/repetition:9			0.1140 ms
ProcessBlock/steerable-nafx-libtorch-dynamic.onnx/bypass/8192/iteration:23/repetition:9			0.1146 ms
ProcessBlock/steerable-nafx-libtorch-dynamic.onnx/bypass/8192/iteration:24/repetition:9			0.1150 ms
ProcessBlock/steerable-nafx-libtorch-dynamic.onnx/bypass/8192/iteration:25/repetition:9			0.1156 ms
ProcessBlock/steerable-nafx-libtorch-dynamic.onnx/bypass/8192/iteration:26/repetition:9			0.1141 ms
ProcessBlock/steerable-nafx-libtorch-dynamic.onnx/bypass/8192/iteration:27/repetition:9			0.1149 ms
ProcessBlock/steerable-nafx-libtorch-dynamic.onnx/bypass/8192/iteration:28/repetition:9			0.1146 ms
ProcessBlock/steerable-nafx-libtorch-dynamic.onnx/bypass/8192/iteration:29/repetition:9			0.1150 ms
ProcessBlock/steerable-nafx-libtorch-dynamic.onnx/bypass/8192/iteration:30/repetition:9			0.1154 ms
ProcessBlock/steerable-nafx-libtorch-dynamic.onnx/bypass/8192/iteration:31/repetition:9			0.1146 ms
ProcessBlock/steerable-nafx-libtorch-dynamic.onnx/bypass/8192/iteration:32/repetition:9			0.1143 ms
ProcessBlock/steerable-nafx-libtorch-dynamic.onnx/bypass/8192/iteration:33/repetition:9			0.1147 ms
ProcessBlock/steerable-nafx-libtorch-dynamic.onnx/bypass/8192/iteration:34/repetition:9			0.1161 ms
ProcessBlock/steerable-nafx-libtorch-dynamic.onnx/bypass/8192/iteration:35/repetition:9			0.1152 ms
ProcessBlock/steerable-nafx-libtorch-dynamic.onnx/bypass/8192/iteration:36/repetition:9			0.1149 ms
ProcessBlock/steerable-nafx-libtorch-dynamic.onnx/bypass/8192/iteration:37/repetition:9			0.1152 ms
ProcessBlock/steerable-nafx-libtorch-dynamic.onnx/bypass/8192/iteration:38/repetition:9			0.1149 ms
ProcessBlock/steerable-nafx-libtorch-dynamic.onnx/bypass/8192/iteration:39/repetition:9			0.1147 ms
ProcessBlock/steerable-nafx-libtorch-dynamic.onnx/bypass/8192/iteration:40/repetition:9			0.1151 ms
ProcessBlock/steerable-nafx-libtorch-dynamic.onnx/bypass/8192/iteration:41/repetition:9			0.1150 ms
ProcessBlock/steerable-nafx-libtorch-dynamic.onnx/bypass/8192/iteration:42/repetition:9			0.1188 ms
ProcessBlock/steerable-nafx-libtorch-dynamic.onnx/bypass/8192/iteration:43/repetition:9			0.1083 ms
ProcessBlock/steerable-nafx-libtorch-dynamic.onnx/bypass/8192/iteration:44/repetition:9			0.1117 ms
ProcessBlock/steerable-nafx-libtorch-dynamic.onnx/bypass/8192/iteration:45/repetition:9			0.1149 ms
ProcessBlock/steerable-nafx-libtorch-dynamic.onnx/bypass/8192/iteration:46/repetition:9			0.1150 ms
ProcessBlock/steerable-nafx-libtorch-dynamic.onnx/bypass/8192/iteration:47/repetition:9			0.1210 ms
ProcessBlock/steerable-nafx-libtorch-dynamic.onnx/bypass/8192/iteration:48/repetition:9			0.1088 ms
ProcessBlock/steerable-nafx-libtorch-dynamic.onnx/bypass/8192/iteration:49/repetition:9			0.1146 ms
  Repetition 9/10: mean=0.1154 ms

[INFO] Anira version: 0.0.0-unknown
[WARNING] Session 49 requested more parallel processors than threads are available in Context. Using number of threads as number of parallel processors.
ProcessBlock/steerable-nafx-libtorch-dynamic.onnx/bypass/8192/iteration:0/repetition:10			0.1475 ms
ProcessBlock/steerable-nafx-libtorch-dynamic.onnx/bypass/8192/iteration:1/repetition:10			0.1172 ms
ProcessBlock/steerable-nafx-libtorch-dynamic.onnx/bypass/8192/iteration:2/repetition:10			0.1210 ms
ProcessBlock/steerable-nafx-libtorch-dynamic.onnx/bypass/8192/iteration:3/repetition:10			0.1184 ms
ProcessBlock/steerable-nafx-libtorch-dynamic.onnx/bypass/8192/iteration:4/repetition:10			0.1137 ms
ProcessBlock/steerable-nafx-libtorch-dynamic.onnx/bypass/8192/iteration:5/repetition:10			0.1168 ms
ProcessBlock/steerable-nafx-libtorch-dynamic.onnx/bypass/8192/iteration:6/repetition:10			0.1119 ms
ProcessBlock/steerable-nafx-libtorch-dynamic.onnx/bypass/8192/iteration:7/repetition:10			0.1160 ms
ProcessBlock/steerable-nafx-libtorch-dynamic.onnx/bypass/8192/iteration:8/repetition:10			0.1179 ms
ProcessBlock/steerable-nafx-libtorch-dynamic.onnx/bypass/8192/iteration:9/repetition:10			0.1138 ms
ProcessBlock/steerable-nafx-libtorch-dynamic.onnx/bypass/8192/iteration:10/repetition:10			0.1143 ms
ProcessBlock/steerable-nafx-libtorch-dynamic.onnx/bypass/8192/iteration:11/repetition:10			0.1179 ms
ProcessBlock/steerable-nafx-libtorch-dynamic.onnx/bypass/8192/iteration:12/repetition:10			0.1190 ms
ProcessBlock/steerable-nafx-libtorch-dynamic.onnx/bypass/8192/iteration:13/repetition:10			0.1137 ms
ProcessBlock/steerable-nafx-libtorch-dynamic.onnx/bypass/8192/iteration:14/repetition:10			0.1090 ms
ProcessBlock/steerable-nafx-libtorch-dynamic.onnx/bypass/8192/iteration:15/repetition:10			0.1102 ms
ProcessBlock/steerable-nafx-libtorch-dynamic.onnx/bypass/8192/iteration:16/repetition:10			0.1146 ms
ProcessBlock/steerable-nafx-libtorch-dynamic.onnx/bypass/8192/iteration:17/repetition:10			0.1173 ms
ProcessBlock/steerable-nafx-libtorch-dynamic.onnx/bypass/8192/iteration:18/repetition:10			0.1149 ms
ProcessBlock/steerable-nafx-libtorch-dynamic.onnx/bypass/8192/iteration:19/repetition:10			0.1147 ms
ProcessBlock/steerable-nafx-libtorch-dynamic.onnx/bypass/8192/iteration:20/repetition:10			0.1150 ms
ProcessBlock/steerable-nafx-libtorch-dynamic.onnx/bypass/8192/iteration:21/repetition:10			0.1191 ms
ProcessBlock/steerable-nafx-libtorch-dynamic.onnx/bypass/8192/iteration:22/repetition:10			0.1118 ms
ProcessBlock/steerable-nafx-libtorch-dynamic.onnx/bypass/8192/iteration:23/repetition:10			0.1177 ms
ProcessBlock/steerable-nafx-libtorch-dynamic.onnx/bypass/8192/iteration:24/repetition:10			0.1180 ms
ProcessBlock/steerable-nafx-libtorch-dynamic.onnx/bypass/8192/iteration:25/repetition:10			0.1144 ms
ProcessBlock/steerable-nafx-libtorch-dynamic.onnx/bypass/8192/iteration:26/repetition:10			0.1152 ms
ProcessBlock/steerable-nafx-libtorch-dynamic.onnx/bypass/8192/iteration:27/repetition:10			0.1196 ms
ProcessBlock/steerable-nafx-libtorch-dynamic.onnx/bypass/8192/iteration:28/repetition:10			0.1177 ms
ProcessBlock/steerable-nafx-libtorch-dynamic.onnx/bypass/8192/iteration:29/repetition:10			0.1145 ms
ProcessBlock/steerable-nafx-libtorch-dynamic.onnx/bypass/8192/iteration:30/repetition:10			0.1178 ms
ProcessBlock/steerable-nafx-libtorch-dynamic.onnx/bypass/8192/iteration:31/repetition:10			0.1150 ms
ProcessBlock/steerable-nafx-libtorch-dynamic.onnx/bypass/8192/iteration:32/repetition:10			0.1133 ms
ProcessBlock/steerable-nafx-libtorch-dynamic.onnx/bypass/8192/iteration:33/repetition:10			0.1165 ms
ProcessBlock/steerable-nafx-libtorch-dynamic.onnx/bypass/8192/iteration:34/repetition:10			0.1139 ms
ProcessBlock/steerable-nafx-libtorch-dynamic.onnx/bypass/8192/iteration:35/repetition:10			0.1164 ms
ProcessBlock/steerable-nafx-libtorch-dynamic.onnx/bypass/8192/iteration:36/repetition:10			0.1160 ms
ProcessBlock/steerable-nafx-libtorch-dynamic.onnx/bypass/8192/iteration:37/repetition:10			0.1176 ms
ProcessBlock/steerable-nafx-libtorch-dynamic.onnx/bypass/8192/iteration:38/repetition:10			0.1167 ms
ProcessBlock/steerable-nafx-libtorch-dynamic.onnx/bypass/8192/iteration:39/repetition:10			0.1148 ms
ProcessBlock/steerable-nafx-libtorch-dynamic.onnx/bypass/8192/iteration:40/repetition:10			0.1148 ms
ProcessBlock/steerable-nafx-libtorch-dynamic.onnx/bypass/8192/iteration:41/repetition:10			0.1124 ms
ProcessBlock/steerable-nafx-libtorch-dynamic.onnx/bypass/8192/iteration:42/repetition:10			0.1149 ms
ProcessBlock/steerable-nafx-libtorch-dynamic.onnx/bypass/8192/iteration:43/repetition:10			0.1149 ms
ProcessBlock/steerable-nafx-libtorch-dynamic.onnx/bypass/8192/iteration:44/repetition:10			0.1135 ms
ProcessBlock/steerable-nafx-libtorch-dynamic.onnx/bypass/8192/iteration:45/repetition:10			0.1141 ms
ProcessBlock/steerable-nafx-libtorch-dynamic.onnx/bypass/8192/iteration:46/repetition:10			0.1130 ms
ProcessBlock/steerable-nafx-libtorch-dynamic.onnx/bypass/8192/iteration:47/repetition:10			0.1145 ms
ProcessBlock/steerable-nafx-libtorch-dynamic.onnx/bypass/8192/iteration:48/repetition:10			0.1141 ms
ProcessBlock/steerable-nafx-libtorch-dynamic.onnx/bypass/8192/iteration:49/repetition:10			0.1136 ms
  Repetition 10/10: mean=0.1160 ms


Aggregate (500 total iterations):
  ProcessBlock/steerable-nafx-libtorch-dynamic.onnx/bypass: mean=0.1170 ms, min=0.1083 ms, max=0.2470 ms, p99.9=0.2373 ms

----------------------------------------------------------------------------------------------------------------------------------------

----------------------------------------------------------------------------------------------------------------------------------------
Model: steerable-nafx-libtorch-dynamic.onnx | Run: onnx | Host Sample Rate: 44100 Hz | Host Buffer Size: 8192 = 185.7596 ms
----------------------------------------------------------------------------------------------------------------------------------------

Benchmark: 10 repetitions x 50 iterations

[INFO] Anira version: 0.0.0-unknown
[WARNING] Session 50 requested more parallel processors than threads are available in Context. Using number of threads as number of parallel processors.
ProcessBlock/steerable-nafx-libtorch-dynamic.onnx/onnx/8192/iteration:0/repetition:1			16.2389 ms
ProcessBlock/steerable-nafx-libtorch-dynamic.onnx/onnx/8192/iteration:1/repetition:1			16.3852 ms
ProcessBlock/steerable-nafx-libtorch-dynamic.onnx/onnx/8192/iteration:2/repetition:1			15.9869 ms
ProcessBlock/steerable-nafx-libtorch-dynamic.onnx/onnx/8192/iteration:3/repetition:1			16.0698 ms
ProcessBlock/steerable-nafx-libtorch-dynamic.onnx/onnx/8192/iteration:4/repetition:1			16.0456 ms
ProcessBlock/steerable-nafx-libtorch-dynamic.onnx/onnx/8192/iteration:5/repetition:1			15.9925 ms
ProcessBlock/steerable-nafx-libtorch-dynamic.onnx/onnx/8192/iteration:6/repetition:1			15.9694 ms
ProcessBlock/steerable-nafx-libtorch-dynamic.onnx/onnx/8192/iteration:7/repetition:1			15.9824 ms
ProcessBlock/steerable-nafx-libtorch-dynamic.onnx/onnx/8192/iteration:8/repetition:1			16.0282 ms
ProcessBlock/steerable-nafx-libtorch-dynamic.onnx/onnx/8192/iteration:9/repetition:1			15.9985 ms
ProcessBlock/steerable-nafx-libtorch-dynamic.onnx/onnx/8192/iteration:10/repetition:1			16.0151 ms
ProcessBlock/steerable-nafx-libtorch-dynamic.onnx/onnx/8192/iteration:11/repetition:1			16.0052 ms
ProcessBlock/steerable-nafx-libtorch-dynamic.onnx/onnx/8192/iteration:12/repetition:1			16.0000 ms
ProcessBlock/steerable-nafx-libtorch-dynamic.onnx/onnx/8192/iteration:13/repetition:1			16.0191 ms
ProcessBlock/steerable-nafx-libtorch-dynamic.onnx/onnx/8192/iteration:14/repetition:1			15.9944 ms
ProcessBlock/steerable-nafx-libtorch-dynamic.onnx/onnx/8192/iteration:15/repetition:1			15.9981 ms
ProcessBlock/steerable-nafx-libtorch-dynamic.onnx/onnx/8192/iteration:16/repetition:1			16.0140 ms
ProcessBlock/steerable-nafx-libtorch-dynamic.onnx/onnx/8192/iteration:17/repetition:1			15.9572 ms
ProcessBlock/steerable-nafx-libtorch-dynamic.onnx/onnx/8192/iteration:18/repetition:1			15.9917 ms
ProcessBlock/steerable-nafx-libtorch-dynamic.onnx/onnx/8192/iteration:19/repetition:1			16.0373 ms
ProcessBlock/steerable-nafx-libtorch-dynamic.onnx/onnx/8192/iteration:20/repetition:1			15.9757 ms
ProcessBlock/steerable-nafx-libtorch-dynamic.onnx/onnx/8192/iteration:21/repetition:1			15.9977 ms
ProcessBlock/steerable-nafx-libtorch-dynamic.onnx/onnx/8192/iteration:22/repetition:1			16.0130 ms
ProcessBlock/steerable-nafx-libtorch-dynamic.onnx/onnx/8192/iteration:23/repetition:1			16.0557 ms
ProcessBlock/steerable-nafx-libtorch-dynamic.onnx/onnx/8192/iteration:24/repetition:1			16.0138 ms
ProcessBlock/steerable-nafx-libtorch-dynamic.onnx/onnx/8192/iteration:25/repetition:1			16.0053 ms
ProcessBlock/steerable-nafx-libtorch-dynamic.onnx/onnx/8192/iteration:26/repetition:1			16.0385 ms
ProcessBlock/steerable-nafx-libtorch-dynamic.onnx/onnx/8192/iteration:27/repetition:1			16.0149 ms
ProcessBlock/steerable-nafx-libtorch-dynamic.onnx/onnx/8192/iteration:28/repetition:1			16.0221 ms
ProcessBlock/steerable-nafx-libtorch-dynamic.onnx/onnx/8192/iteration:29/repetition:1			16.0125 ms
ProcessBlock/steerable-nafx-libtorch-dynamic.onnx/onnx/8192/iteration:30/repetition:1			15.9948 ms
ProcessBlock/steerable-nafx-libtorch-dynamic.onnx/onnx/8192/iteration:31/repetition:1			16.0314 ms
ProcessBlock/steerable-nafx-libtorch-dynamic.onnx/onnx/8192/iteration:32/repetition:1			15.9848 ms
ProcessBlock/steerable-nafx-libtorch-dynamic.onnx/onnx/8192/iteration:33/repetition:1			15.9632 ms
ProcessBlock/steerable-nafx-libtorch-dynamic.onnx/onnx/8192/iteration:34/repetition:1			16.0478 ms
ProcessBlock/steerable-nafx-libtorch-dynamic.onnx/onnx/8192/iteration:35/repetition:1			16.0217 ms
ProcessBlock/steerable-nafx-libtorch-dynamic.onnx/onnx/8192/iteration:36/repetition:1			16.0206 ms
ProcessBlock/steerable-nafx-libtorch-dynamic.onnx/onnx/8192/iteration:37/repetition:1			15.9415 ms
ProcessBlock/steerable-nafx-libtorch-dynamic.onnx/onnx/8192/iteration:38/repetition:1			16.0355 ms
ProcessBlock/steerable-nafx-libtorch-dynamic.onnx/onnx/8192/iteration:39/repetition:1			16.0383 ms
ProcessBlock/steerable-nafx-libtorch-dynamic.onnx/onnx/8192/iteration:40/repetition:1			16.0086 ms
ProcessBlock/steerable-nafx-libtorch-dynamic.onnx/onnx/8192/iteration:41/repetition:1			16.0021 ms
ProcessBlock/steerable-nafx-libtorch-dynamic.onnx/onnx/8192/iteration:42/repetition:1			15.9623 ms
ProcessBlock/steerable-nafx-libtorch-dynamic.onnx/onnx/8192/iteration:43/repetition:1			15.9920 ms
ProcessBlock/steerable-nafx-libtorch-dynamic.onnx/onnx/8192/iteration:44/repetition:1			16.0178 ms
ProcessBlock/steerable-nafx-libtorch-dynamic.onnx/onnx/8192/iteration:45/repetition:1			16.0055 ms
ProcessBlock/steerable-nafx-libtorch-dynamic.onnx/onnx/8192/iteration:46/repetition:1			15.9812 ms
ProcessBlock/steerable-nafx-libtorch-dynamic.onnx/onnx/8192/iteration:47/repetition:1			16.0005 ms
ProcessBlock/steerable-nafx-libtorch-dynamic.onnx/onnx/8192/iteration:48/repetition:1			16.0412 ms
ProcessBlock/steerable-nafx-libtorch-dynamic.onnx/onnx/8192/iteration:49/repetition:1			16.0112 ms
  Repetition 1/10: mean=16.0196 ms

[INFO] Anira version: 0.0.0-unknown
[WARNING] Session 51 requested more parallel processors than threads are available in Context. Using number of threads as number of parallel processors.
ProcessBlock/steerable-nafx-libtorch-dynamic.onnx/onnx/8192/iteration:0/repetition:2			16.2564 ms
ProcessBlock/steerable-nafx-libtorch-dynamic.onnx/onnx/8192/iteration:1/repetition:2			16.1784 ms
ProcessBlock/steerable-nafx-libtorch-dynamic.onnx/onnx/8192/iteration:2/repetition:2			16.0528 ms
ProcessBlock/steerable-nafx-libtorch-dynamic.onnx/onnx/8192/iteration:3/repetition:2			16.0165 ms
ProcessBlock/steerable-nafx-libtorch-dynamic.onnx/onnx/8192/iteration:4/repetition:2			16.0263 ms
ProcessBlock/steerable-nafx-libtorch-dynamic.onnx/onnx/8192/iteration:5/repetition:2			15.9924 ms
ProcessBlock/steerable-nafx-libtorch-dynamic.onnx/onnx/8192/iteration:6/repetition:2			16.0055 ms
ProcessBlock/steerable-nafx-libtorch-dynamic.onnx/onnx/8192/iteration:7/repetition:2			15.9754 ms
ProcessBlock/steerable-nafx-libtorch-dynamic.onnx/onnx/8192/iteration:8/repetition:2			15.9888 ms
ProcessBlock/steerable-nafx-libtorch-dynamic.onnx/onnx/8192/iteration:9/repetition:2			16.0055 ms
ProcessBlock/steerable-nafx-libtorch-dynamic.onnx/onnx/8192/iteration:10/repetition:2			16.0051 ms
ProcessBlock/steerable-nafx-libtorch-dynamic.onnx/onnx/8192/iteration:11/repetition:2			16.0388 ms
ProcessBlock/steerable-nafx-libtorch-dynamic.onnx/onnx/8192/iteration:12/repetition:2			16.0727 ms
ProcessBlock/steerable-nafx-libtorch-dynamic.onnx/onnx/8192/iteration:13/repetition:2			15.9479 ms
ProcessBlock/steerable-nafx-libtorch-dynamic.onnx/onnx/8192/iteration:14/repetition:2			16.0245 ms
ProcessBlock/steerable-nafx-libtorch-dynamic.onnx/onnx/8192/iteration:15/repetition:2			16.0025 ms
ProcessBlock/steerable-nafx-libtorch-dynamic.onnx/onnx/8192/iteration:16/repetition:2			15.9742 ms
ProcessBlock/steerable-nafx-libtorch-dynamic.onnx/onnx/8192/iteration:17/repetition:2			16.0145 ms
ProcessBlock/steerable-nafx-libtorch-dynamic.onnx/onnx/8192/iteration:18/repetition:2			16.0285 ms
ProcessBlock/steerable-nafx-libtorch-dynamic.onnx/onnx/8192/iteration:19/repetition:2			16.0050 ms
ProcessBlock/steerable-nafx-libtorch-dynamic.onnx/onnx/8192/iteration:20/repetition:2			15.9805 ms
ProcessBlock/steerable-nafx-libtorch-dynamic.onnx/onnx/8192/iteration:21/repetition:2			15.9792 ms
ProcessBlock/steerable-nafx-libtorch-dynamic.onnx/onnx/8192/iteration:22/repetition:2			16.0339 ms
ProcessBlock/steerable-nafx-libtorch-dynamic.onnx/onnx/8192/iteration:23/repetition:2			16.0083 ms
ProcessBlock/steerable-nafx-libtorch-dynamic.onnx/onnx/8192/iteration:24/repetition:2			15.9970 ms
ProcessBlock/steerable-nafx-libtorch-dynamic.onnx/onnx/8192/iteration:25/repetition:2			16.0195 ms
ProcessBlock/steerable-nafx-libtorch-dynamic.onnx/onnx/8192/iteration:26/repetition:2			15.9854 ms
ProcessBlock/steerable-nafx-libtorch-dynamic.onnx/onnx/8192/iteration:27/repetition:2			16.0174 ms
ProcessBlock/steerable-nafx-libtorch-dynamic.onnx/onnx/8192/iteration:28/repetition:2			16.0440 ms
ProcessBlock/steerable-nafx-libtorch-dynamic.onnx/onnx/8192/iteration:29/repetition:2			15.9538 ms
ProcessBlock/steerable-nafx-libtorch-dynamic.onnx/onnx/8192/iteration:30/repetition:2			16.0035 ms
ProcessBlock/steerable-nafx-libtorch-dynamic.onnx/onnx/8192/iteration:31/repetition:2			16.0766 ms
ProcessBlock/steerable-nafx-libtorch-dynamic.onnx/onnx/8192/iteration:32/repetition:2			15.9816 ms
ProcessBlock/steerable-nafx-libtorch-dynamic.onnx/onnx/8192/iteration:33/repetition:2			16.0626 ms
ProcessBlock/steerable-nafx-libtorch-dynamic.onnx/onnx/8192/iteration:34/repetition:2			16.0055 ms
ProcessBlock/steerable-nafx-libtorch-dynamic.onnx/onnx/8192/iteration:35/repetition:2			16.0490 ms
ProcessBlock/steerable-nafx-libtorch-dynamic.onnx/onnx/8192/iteration:36/repetition:2			15.9740 ms
ProcessBlock/steerable-nafx-libtorch-dynamic.onnx/onnx/8192/iteration:37/repetition:2			16.0098 ms
ProcessBlock/steerable-nafx-libtorch-dynamic.onnx/onnx/8192/iteration:38/repetition:2			16.0347 ms
ProcessBlock/steerable-nafx-libtorch-dynamic.onnx/onnx/8192/iteration:39/repetition:2			15.9930 ms
ProcessBlock/steerable-nafx-libtorch-dynamic.onnx/onnx/8192/iteration:40/repetition:2			15.9780 ms
ProcessBlock/steerable-nafx-libtorch-dynamic.onnx/onnx/8192/iteration:41/repetition:2			16.0013 ms
ProcessBlock/steerable-nafx-libtorch-dynamic.onnx/onnx/8192/iteration:42/repetition:2			15.9840 ms
ProcessBlock/steerable-nafx-libtorch-dynamic.onnx/onnx/8192/iteration:43/repetition:2			16.0398 ms
ProcessBlock/steerable-nafx-libtorch-dynamic.onnx/onnx/8192/iteration:44/repetition:2			15.9768 ms
ProcessBlock/steerable-nafx-libtorch-dynamic.onnx/onnx/8192/iteration:45/repetition:2			15.9776 ms
ProcessBlock/steerable-nafx-libtorch-dynamic.onnx/onnx/8192/iteration:46/repetition:2			16.0176 ms
ProcessBlock/steerable-nafx-libtorch-dynamic.onnx/onnx/8192/iteration:47/repetition:2			15.9837 ms
ProcessBlock/steerable-nafx-libtorch-dynamic.onnx/onnx/8192/iteration:48/repetition:2			15.9919 ms
ProcessBlock/steerable-nafx-libtorch-dynamic.onnx/onnx/8192/iteration:49/repetition:2			15.9955 ms
  Repetition 2/10: mean=16.0153 ms

[INFO] Anira version: 0.0.0-unknown
[WARNING] Session 52 requested more parallel processors than threads are available in Context. Using number of threads as number of parallel processors.
ProcessBlock/steerable-nafx-libtorch-dynamic.onnx/onnx/8192/iteration:0/repetition:3			16.2388 ms
ProcessBlock/steerable-nafx-libtorch-dynamic.onnx/onnx/8192/iteration:1/repetition:3			16.0406 ms
ProcessBlock/steerable-nafx-libtorch-dynamic.onnx/onnx/8192/iteration:2/repetition:3			16.0749 ms
ProcessBlock/steerable-nafx-libtorch-dynamic.onnx/onnx/8192/iteration:3/repetition:3			16.0011 ms
ProcessBlock/steerable-nafx-libtorch-dynamic.onnx/onnx/8192/iteration:4/repetition:3			16.0293 ms
ProcessBlock/steerable-nafx-libtorch-dynamic.onnx/onnx/8192/iteration:5/repetition:3			16.0090 ms
ProcessBlock/steerable-nafx-libtorch-dynamic.onnx/onnx/8192/iteration:6/repetition:3			15.9724 ms
ProcessBlock/steerable-nafx-libtorch-dynamic.onnx/onnx/8192/iteration:7/repetition:3			15.9977 ms
ProcessBlock/steerable-nafx-libtorch-dynamic.onnx/onnx/8192/iteration:8/repetition:3			16.0101 ms
ProcessBlock/steerable-nafx-libtorch-dynamic.onnx/onnx/8192/iteration:9/repetition:3			16.0208 ms
ProcessBlock/steerable-nafx-libtorch-dynamic.onnx/onnx/8192/iteration:10/repetition:3			16.0487 ms
ProcessBlock/steerable-nafx-libtorch-dynamic.onnx/onnx/8192/iteration:11/repetition:3			15.9891 ms
ProcessBlock/steerable-nafx-libtorch-dynamic.onnx/onnx/8192/iteration:12/repetition:3			16.0044 ms
ProcessBlock/steerable-nafx-libtorch-dynamic.onnx/onnx/8192/iteration:13/repetition:3			15.9538 ms
ProcessBlock/steerable-nafx-libtorch-dynamic.onnx/onnx/8192/iteration:14/repetition:3			16.0022 ms
ProcessBlock/steerable-nafx-libtorch-dynamic.onnx/onnx/8192/iteration:15/repetition:3			16.0086 ms
ProcessBlock/steerable-nafx-libtorch-dynamic.onnx/onnx/8192/iteration:16/repetition:3			15.9939 ms
ProcessBlock/steerable-nafx-libtorch-dynamic.onnx/onnx/8192/iteration:17/repetition:3			16.0128 ms
ProcessBlock/steerable-nafx-libtorch-dynamic.onnx/onnx/8192/iteration:18/repetition:3			15.9968 ms
ProcessBlock/steerable-nafx-libtorch-dynamic.onnx/onnx/8192/iteration:19/repetition:3			16.0285 ms
ProcessBlock/steerable-nafx-libtorch-dynamic.onnx/onnx/8192/iteration:20/repetition:3			16.0362 ms
ProcessBlock/steerable-nafx-libtorch-dynamic.onnx/onnx/8192/iteration:21/repetition:3			16.0511 ms
ProcessBlock/steerable-nafx-libtorch-dynamic.onnx/onnx/8192/iteration:22/repetition:3			16.0095 ms
ProcessBlock/steerable-nafx-libtorch-dynamic.onnx/onnx/8192/iteration:23/repetition:3			15.9997 ms
ProcessBlock/steerable-nafx-libtorch-dynamic.onnx/onnx/8192/iteration:24/repetition:3			15.9804 ms
ProcessBlock/steerable-nafx-libtorch-dynamic.onnx/onnx/8192/iteration:25/repetition:3			16.0425 ms
ProcessBlock/steerable-nafx-libtorch-dynamic.onnx/onnx/8192/iteration:26/repetition:3			15.9464 ms
ProcessBlock/steerable-nafx-libtorch-dynamic.onnx/onnx/8192/iteration:27/repetition:3			15.9821 ms
ProcessBlock/steerable-nafx-libtorch-dynamic.onnx/onnx/8192/iteration:28/repetition:3			16.0230 ms
ProcessBlock/steerable-nafx-libtorch-dynamic.onnx/onnx/8192/iteration:29/repetition:3			16.0286 ms
ProcessBlock/steerable-nafx-libtorch-dynamic.onnx/onnx/8192/iteration:30/repetition:3			16.0081 ms
ProcessBlock/steerable-nafx-libtorch-dynamic.onnx/onnx/8192/iteration:31/repetition:3			16.0185 ms
ProcessBlock/steerable-nafx-libtorch-dynamic.onnx/onnx/8192/iteration:32/repetition:3			15.9894 ms
ProcessBlock/steerable-nafx-libtorch-dynamic.onnx/onnx/8192/iteration:33/repetition:3			16.0286 ms
ProcessBlock/steerable-nafx-libtorch-dynamic.onnx/onnx/8192/iteration:34/repetition:3			16.0219 ms
ProcessBlock/steerable-nafx-libtorch-dynamic.onnx/onnx/8192/iteration:35/repetition:3			16.0040 ms
ProcessBlock/steerable-nafx-libtorch-dynamic.onnx/onnx/8192/iteration:36/repetition:3			16.0001 ms
ProcessBlock/steerable-nafx-libtorch-dynamic.onnx/onnx/8192/iteration:37/repetition:3			16.0474 ms
ProcessBlock/steerable-nafx-libtorch-dynamic.onnx/onnx/8192/iteration:38/repetition:3			15.9472 ms
ProcessBlock/steerable-nafx-libtorch-dynamic.onnx/onnx/8192/iteration:39/repetition:3			16.0002 ms
ProcessBlock/steerable-nafx-libtorch-dynamic.onnx/onnx/8192/iteration:40/repetition:3			16.0379 ms
ProcessBlock/steerable-nafx-libtorch-dynamic.onnx/onnx/8192/iteration:41/repetition:3			15.9653 ms
ProcessBlock/steerable-nafx-libtorch-dynamic.onnx/onnx/8192/iteration:42/repetition:3			16.0236 ms
ProcessBlock/steerable-nafx-libtorch-dynamic.onnx/onnx/8192/iteration:43/repetition:3			15.9413 ms
ProcessBlock/steerable-nafx-libtorch-dynamic.onnx/onnx/8192/iteration:44/repetition:3			15.9803 ms
ProcessBlock/steerable-nafx-libtorch-dynamic.onnx/onnx/8192/iteration:45/repetition:3			16.0167 ms
ProcessBlock/steerable-nafx-libtorch-dynamic.onnx/onnx/8192/iteration:46/repetition:3			15.9991 ms
ProcessBlock/steerable-nafx-libtorch-dynamic.onnx/onnx/8192/iteration:47/repetition:3			15.9870 ms
ProcessBlock/steerable-nafx-libtorch-dynamic.onnx/onnx/8192/iteration:48/repetition:3			16.0341 ms
ProcessBlock/steerable-nafx-libtorch-dynamic.onnx/onnx/8192/iteration:49/repetition:3			15.9868 ms
  Repetition 3/10: mean=16.0114 ms

[INFO] Anira version: 0.0.0-unknown
[WARNING] Session 53 requested more parallel processors than threads are available in Context. Using number of threads as number of parallel processors.
ProcessBlock/steerable-nafx-libtorch-dynamic.onnx/onnx/8192/iteration:0/repetition:4			16.3793 ms
ProcessBlock/steerable-nafx-libtorch-dynamic.onnx/onnx/8192/iteration:1/repetition:4			16.0340 ms
ProcessBlock/steerable-nafx-libtorch-dynamic.onnx/onnx/8192/iteration:2/repetition:4			16.0114 ms
ProcessBlock/steerable-nafx-libtorch-dynamic.onnx/onnx/8192/iteration:3/repetition:4			15.9864 ms
ProcessBlock/steerable-nafx-libtorch-dynamic.onnx/onnx/8192/iteration:4/repetition:4			16.0033 ms
ProcessBlock/steerable-nafx-libtorch-dynamic.onnx/onnx/8192/iteration:5/repetition:4			16.0003 ms
ProcessBlock/steerable-nafx-libtorch-dynamic.onnx/onnx/8192/iteration:6/repetition:4			16.0257 ms
ProcessBlock/steerable-nafx-libtorch-dynamic.onnx/onnx/8192/iteration:7/repetition:4			16.0051 ms
ProcessBlock/steerable-nafx-libtorch-dynamic.onnx/onnx/8192/iteration:8/repetition:4			16.0102 ms
ProcessBlock/steerable-nafx-libtorch-dynamic.onnx/onnx/8192/iteration:9/repetition:4			15.9531 ms
ProcessBlock/steerable-nafx-libtorch-dynamic.onnx/onnx/8192/iteration:10/repetition:4			16.0138 ms
ProcessBlock/steerable-nafx-libtorch-dynamic.onnx/onnx/8192/iteration:11/repetition:4			16.0092 ms
ProcessBlock/steerable-nafx-libtorch-dynamic.onnx/onnx/8192/iteration:12/repetition:4			15.9938 ms
ProcessBlock/steerable-nafx-libtorch-dynamic.onnx/onnx/8192/iteration:13/repetition:4			16.0056 ms
ProcessBlock/steerable-nafx-libtorch-dynamic.onnx/onnx/8192/iteration:14/repetition:4			16.0222 ms
ProcessBlock/steerable-nafx-libtorch-dynamic.onnx/onnx/8192/iteration:15/repetition:4			16.0262 ms
ProcessBlock/steerable-nafx-libtorch-dynamic.onnx/onnx/8192/iteration:16/repetition:4			16.0057 ms
ProcessBlock/steerable-nafx-libtorch-dynamic.onnx/onnx/8192/iteration:17/repetition:4			16.0300 ms
ProcessBlock/steerable-nafx-libtorch-dynamic.onnx/onnx/8192/iteration:18/repetition:4			16.0068 ms
ProcessBlock/steerable-nafx-libtorch-dynamic.onnx/onnx/8192/iteration:19/repetition:4			16.0011 ms
ProcessBlock/steerable-nafx-libtorch-dynamic.onnx/onnx/8192/iteration:20/repetition:4			16.0774 ms
ProcessBlock/steerable-nafx-libtorch-dynamic.onnx/onnx/8192/iteration:21/repetition:4			16.0085 ms
ProcessBlock/steerable-nafx-libtorch-dynamic.onnx/onnx/8192/iteration:22/repetition:4			16.0384 ms
ProcessBlock/steerable-nafx-libtorch-dynamic.onnx/onnx/8192/iteration:23/repetition:4			16.0450 ms
ProcessBlock/steerable-nafx-libtorch-dynamic.onnx/onnx/8192/iteration:24/repetition:4			16.0602 ms
ProcessBlock/steerable-nafx-libtorch-dynamic.onnx/onnx/8192/iteration:25/repetition:4			16.0152 ms
ProcessBlock/steerable-nafx-libtorch-dynamic.onnx/onnx/8192/iteration:26/repetition:4			15.9998 ms
ProcessBlock/steerable-nafx-libtorch-dynamic.onnx/onnx/8192/iteration:27/repetition:4			15.9980 ms
ProcessBlock/steerable-nafx-libtorch-dynamic.onnx/onnx/8192/iteration:28/repetition:4			16.0550 ms
ProcessBlock/steerable-nafx-libtorch-dynamic.onnx/onnx/8192/iteration:29/repetition:4			16.0320 ms
ProcessBlock/steerable-nafx-libtorch-dynamic.onnx/onnx/8192/iteration:30/repetition:4			16.0138 ms
ProcessBlock/steerable-nafx-libtorch-dynamic.onnx/onnx/8192/iteration:31/repetition:4			16.0607 ms
ProcessBlock/steerable-nafx-libtorch-dynamic.onnx/onnx/8192/iteration:32/repetition:4			16.0370 ms
ProcessBlock/steerable-nafx-libtorch-dynamic.onnx/onnx/8192/iteration:33/repetition:4			16.0319 ms
ProcessBlock/steerable-nafx-libtorch-dynamic.onnx/onnx/8192/iteration:34/repetition:4			15.9804 ms
ProcessBlock/steerable-nafx-libtorch-dynamic.onnx/onnx/8192/iteration:35/repetition:4			15.9929 ms
ProcessBlock/steerable-nafx-libtorch-dynamic.onnx/onnx/8192/iteration:36/repetition:4			16.0302 ms
ProcessBlock/steerable-nafx-libtorch-dynamic.onnx/onnx/8192/iteration:37/repetition:4			15.9987 ms
ProcessBlock/steerable-nafx-libtorch-dynamic.onnx/onnx/8192/iteration:38/repetition:4			16.0223 ms
ProcessBlock/steerable-nafx-libtorch-dynamic.onnx/onnx/8192/iteration:39/repetition:4			16.0205 ms
ProcessBlock/steerable-nafx-libtorch-dynamic.onnx/onnx/8192/iteration:40/repetition:4			16.0256 ms
ProcessBlock/steerable-nafx-libtorch-dynamic.onnx/onnx/8192/iteration:41/repetition:4			16.0373 ms
ProcessBlock/steerable-nafx-libtorch-dynamic.onnx/onnx/8192/iteration:42/repetition:4			16.0250 ms
ProcessBlock/steerable-nafx-libtorch-dynamic.onnx/onnx/8192/iteration:43/repetition:4			16.0741 ms
ProcessBlock/steerable-nafx-libtorch-dynamic.onnx/onnx/8192/iteration:44/repetition:4			16.0177 ms
ProcessBlock/steerable-nafx-libtorch-dynamic.onnx/onnx/8192/iteration:45/repetition:4			16.0157 ms
ProcessBlock/steerable-nafx-libtorch-dynamic.onnx/onnx/8192/iteration:46/repetition:4			15.9985 ms
ProcessBlock/steerable-nafx-libtorch-dynamic.onnx/onnx/8192/iteration:47/repetition:4			16.0267 ms
ProcessBlock/steerable-nafx-libtorch-dynamic.onnx/onnx/8192/iteration:48/repetition:4			15.9674 ms
ProcessBlock/steerable-nafx-libtorch-dynamic.onnx/onnx/8192/iteration:49/repetition:4			16.0252 ms
  Repetition 4/10: mean=16.0251 ms

[INFO] Anira version: 0.0.0-unknown
[WARNING] Session 54 requested more parallel processors than threads are available in Context. Using number of threads as number of parallel processors.
ProcessBlock/steerable-nafx-libtorch-dynamic.onnx/onnx/8192/iteration:0/repetition:5			16.2998 ms
ProcessBlock/steerable-nafx-libtorch-dynamic.onnx/onnx/8192/iteration:1/repetition:5			16.0025 ms
ProcessBlock/steerable-nafx-libtorch-dynamic.onnx/onnx/8192/iteration:2/repetition:5			16.0941 ms
ProcessBlock/steerable-nafx-libtorch-dynamic.onnx/onnx/8192/iteration:3/repetition:5			16.0510 ms
ProcessBlock/steerable-nafx-libtorch-dynamic.onnx/onnx/8192/iteration:4/repetition:5			15.9915 ms
ProcessBlock/steerable-nafx-libtorch-dynamic.onnx/onnx/8192/iteration:5/repetition:5			15.9944 ms
ProcessBlock/steerable-nafx-libtorch-dynamic.onnx/onnx/8192/iteration:6/repetition:5			15.9827 ms
ProcessBlock/steerable-nafx-libtorch-dynamic.onnx/onnx/8192/iteration:7/repetition:5			16.0550 ms
ProcessBlock/steerable-nafx-libtorch-dynamic.onnx/onnx/8192/iteration:8/repetition:5			16.0115 ms
ProcessBlock/steerable-nafx-libtorch-dynamic.onnx/onnx/8192/iteration:9/repetition:5			16.0008 ms
ProcessBlock/steerable-nafx-libtorch-dynamic.onnx/onnx/8192/iteration:10/repetition:5			16.0123 ms
ProcessBlock/steerable-nafx-libtorch-dynamic.onnx/onnx/8192/iteration:11/repetition:5			16.0188 ms
ProcessBlock/steerable-nafx-libtorch-dynamic.onnx/onnx/8192/iteration:12/repetition:5			16.0254 ms
ProcessBlock/steerable-nafx-libtorch-dynamic.onnx/onnx/8192/iteration:13/repetition:5			15.9935 ms
ProcessBlock/steerable-nafx-libtorch-dynamic.onnx/onnx/8192/iteration:14/repetition:5			16.0019 ms
ProcessBlock/steerable-nafx-libtorch-dynamic.onnx/onnx/8192/iteration:15/repetition:5			15.9712 ms
ProcessBlock/steerable-nafx-libtorch-dynamic.onnx/onnx/8192/iteration:16/repetition:5			15.9695 ms
ProcessBlock/steerable-nafx-libtorch-dynamic.onnx/onnx/8192/iteration:17/repetition:5			15.9927 ms
ProcessBlock/steerable-nafx-libtorch-dynamic.onnx/onnx/8192/iteration:18/repetition:5			15.9987 ms
ProcessBlock/steerable-nafx-libtorch-dynamic.onnx/onnx/8192/iteration:19/repetition:5			16.0440 ms
ProcessBlock/steerable-nafx-libtorch-dynamic.onnx/onnx/8192/iteration:20/repetition:5			16.0506 ms
ProcessBlock/steerable-nafx-libtorch-dynamic.onnx/onnx/8192/iteration:21/repetition:5			15.9790 ms
ProcessBlock/steerable-nafx-libtorch-dynamic.onnx/onnx/8192/iteration:22/repetition:5			15.9870 ms
ProcessBlock/steerable-nafx-libtorch-dynamic.onnx/onnx/8192/iteration:23/repetition:5			16.0502 ms
ProcessBlock/steerable-nafx-libtorch-dynamic.onnx/onnx/8192/iteration:24/repetition:5			15.9985 ms
ProcessBlock/steerable-nafx-libtorch-dynamic.onnx/onnx/8192/iteration:25/repetition:5			15.9792 ms
ProcessBlock/steerable-nafx-libtorch-dynamic.onnx/onnx/8192/iteration:26/repetition:5			15.9952 ms
ProcessBlock/steerable-nafx-libtorch-dynamic.onnx/onnx/8192/iteration:27/repetition:5			15.9738 ms
ProcessBlock/steerable-nafx-libtorch-dynamic.onnx/onnx/8192/iteration:28/repetition:5			16.0265 ms
ProcessBlock/steerable-nafx-libtorch-dynamic.onnx/onnx/8192/iteration:29/repetition:5			16.0051 ms
ProcessBlock/steerable-nafx-libtorch-dynamic.onnx/onnx/8192/iteration:30/repetition:5			16.0045 ms
ProcessBlock/steerable-nafx-libtorch-dynamic.onnx/onnx/8192/iteration:31/repetition:5			16.0657 ms
ProcessBlock/steerable-nafx-libtorch-dynamic.onnx/onnx/8192/iteration:32/repetition:5			16.0355 ms
ProcessBlock/steerable-nafx-libtorch-dynamic.onnx/onnx/8192/iteration:33/repetition:5			15.9790 ms
ProcessBlock/steerable-nafx-libtorch-dynamic.onnx/onnx/8192/iteration:34/repetition:5			15.9990 ms
ProcessBlock/steerable-nafx-libtorch-dynamic.onnx/onnx/8192/iteration:35/repetition:5			15.9935 ms
ProcessBlock/steerable-nafx-libtorch-dynamic.onnx/onnx/8192/iteration:36/repetition:5			16.0204 ms
ProcessBlock/steerable-nafx-libtorch-dynamic.onnx/onnx/8192/iteration:37/repetition:5			16.0768 ms
ProcessBlock/steerable-nafx-libtorch-dynamic.onnx/onnx/8192/iteration:38/repetition:5			16.0149 ms
ProcessBlock/steerable-nafx-libtorch-dynamic.onnx/onnx/8192/iteration:39/repetition:5			16.0125 ms
ProcessBlock/steerable-nafx-libtorch-dynamic.onnx/onnx/8192/iteration:40/repetition:5			16.0284 ms
ProcessBlock/steerable-nafx-libtorch-dynamic.onnx/onnx/8192/iteration:41/repetition:5			15.9798 ms
ProcessBlock/steerable-nafx-libtorch-dynamic.onnx/onnx/8192/iteration:42/repetition:5			16.0457 ms
ProcessBlock/steerable-nafx-libtorch-dynamic.onnx/onnx/8192/iteration:43/repetition:5			16.0362 ms
ProcessBlock/steerable-nafx-libtorch-dynamic.onnx/onnx/8192/iteration:44/repetition:5			15.9914 ms
ProcessBlock/steerable-nafx-libtorch-dynamic.onnx/onnx/8192/iteration:45/repetition:5			16.0340 ms
ProcessBlock/steerable-nafx-libtorch-dynamic.onnx/onnx/8192/iteration:46/repetition:5			15.9947 ms
ProcessBlock/steerable-nafx-libtorch-dynamic.onnx/onnx/8192/iteration:47/repetition:5			16.0037 ms
ProcessBlock/steerable-nafx-libtorch-dynamic.onnx/onnx/8192/iteration:48/repetition:5			16.0687 ms
ProcessBlock/steerable-nafx-libtorch-dynamic.onnx/onnx/8192/iteration:49/repetition:5			16.0148 ms
  Repetition 5/10: mean=16.0191 ms

[INFO] Anira version: 0.0.0-unknown
[WARNING] Session 55 requested more parallel processors than threads are available in Context. Using number of threads as number of parallel processors.
ProcessBlock/steerable-nafx-libtorch-dynamic.onnx/onnx/8192/iteration:0/repetition:6			16.3880 ms
ProcessBlock/steerable-nafx-libtorch-dynamic.onnx/onnx/8192/iteration:1/repetition:6			16.0775 ms
ProcessBlock/steerable-nafx-libtorch-dynamic.onnx/onnx/8192/iteration:2/repetition:6			16.0982 ms
ProcessBlock/steerable-nafx-libtorch-dynamic.onnx/onnx/8192/iteration:3/repetition:6			16.0347 ms
ProcessBlock/steerable-nafx-libtorch-dynamic.onnx/onnx/8192/iteration:4/repetition:6			16.0478 ms
ProcessBlock/steerable-nafx-libtorch-dynamic.onnx/onnx/8192/iteration:5/repetition:6			16.0196 ms
ProcessBlock/steerable-nafx-libtorch-dynamic.onnx/onnx/8192/iteration:6/repetition:6			16.0371 ms
ProcessBlock/steerable-nafx-libtorch-dynamic.onnx/onnx/8192/iteration:7/repetition:6			16.0682 ms
ProcessBlock/steerable-nafx-libtorch-dynamic.onnx/onnx/8192/iteration:8/repetition:6			16.0352 ms
ProcessBlock/steerable-nafx-libtorch-dynamic.onnx/onnx/8192/iteration:9/repetition:6			16.0176 ms
ProcessBlock/steerable-nafx-libtorch-dynamic.onnx/onnx/8192/iteration:10/repetition:6			16.1361 ms
ProcessBlock/steerable-nafx-libtorch-dynamic.onnx/onnx/8192/iteration:11/repetition:6			16.0083 ms
ProcessBlock/steerable-nafx-libtorch-dynamic.onnx/onnx/8192/iteration:12/repetition:6			16.0271 ms
ProcessBlock/steerable-nafx-libtorch-dynamic.onnx/onnx/8192/iteration:13/repetition:6			16.0648 ms
ProcessBlock/steerable-nafx-libtorch-dynamic.onnx/onnx/8192/iteration:14/repetition:6			16.0522 ms
ProcessBlock/steerable-nafx-libtorch-dynamic.onnx/onnx/8192/iteration:15/repetition:6			16.0346 ms
ProcessBlock/steerable-nafx-libtorch-dynamic.onnx/onnx/8192/iteration:16/repetition:6			16.0129 ms
ProcessBlock/steerable-nafx-libtorch-dynamic.onnx/onnx/8192/iteration:17/repetition:6			16.0603 ms
ProcessBlock/steerable-nafx-libtorch-dynamic.onnx/onnx/8192/iteration:18/repetition:6			16.0195 ms
ProcessBlock/steerable-nafx-libtorch-dynamic.onnx/onnx/8192/iteration:19/repetition:6			16.0480 ms
ProcessBlock/steerable-nafx-libtorch-dynamic.onnx/onnx/8192/iteration:20/repetition:6			15.9927 ms
ProcessBlock/steerable-nafx-libtorch-dynamic.onnx/onnx/8192/iteration:21/repetition:6			16.0352 ms
ProcessBlock/steerable-nafx-libtorch-dynamic.onnx/onnx/8192/iteration:22/repetition:6			16.0172 ms
ProcessBlock/steerable-nafx-libtorch-dynamic.onnx/onnx/8192/iteration:23/repetition:6			16.0495 ms
ProcessBlock/steerable-nafx-libtorch-dynamic.onnx/onnx/8192/iteration:24/repetition:6			15.9992 ms
ProcessBlock/steerable-nafx-libtorch-dynamic.onnx/onnx/8192/iteration:25/repetition:6			16.0185 ms
ProcessBlock/steerable-nafx-libtorch-dynamic.onnx/onnx/8192/iteration:26/repetition:6			16.0070 ms
ProcessBlock/steerable-nafx-libtorch-dynamic.onnx/onnx/8192/iteration:27/repetition:6			16.0512 ms
ProcessBlock/steerable-nafx-libtorch-dynamic.onnx/onnx/8192/iteration:28/repetition:6			15.9650 ms
ProcessBlock/steerable-nafx-libtorch-dynamic.onnx/onnx/8192/iteration:29/repetition:6			15.9948 ms
ProcessBlock/steerable-nafx-libtorch-dynamic.onnx/onnx/8192/iteration:30/repetition:6			16.0105 ms
ProcessBlock/steerable-nafx-libtorch-dynamic.onnx/onnx/8192/iteration:31/repetition:6			16.0873 ms
ProcessBlock/steerable-nafx-libtorch-dynamic.onnx/onnx/8192/iteration:32/repetition:6			16.0242 ms
ProcessBlock/steerable-nafx-libtorch-dynamic.onnx/onnx/8192/iteration:33/repetition:6			16.0701 ms
ProcessBlock/steerable-nafx-libtorch-dynamic.onnx/onnx/8192/iteration:34/repetition:6			16.0249 ms
ProcessBlock/steerable-nafx-libtorch-dynamic.onnx/onnx/8192/iteration:35/repetition:6			16.0176 ms
ProcessBlock/steerable-nafx-libtorch-dynamic.onnx/onnx/8192/iteration:36/repetition:6			16.0740 ms
ProcessBlock/steerable-nafx-libtorch-dynamic.onnx/onnx/8192/iteration:37/repetition:6			16.0770 ms
ProcessBlock/steerable-nafx-libtorch-dynamic.onnx/onnx/8192/iteration:38/repetition:6			16.0244 ms
ProcessBlock/steerable-nafx-libtorch-dynamic.onnx/onnx/8192/iteration:39/repetition:6			16.0762 ms
ProcessBlock/steerable-nafx-libtorch-dynamic.onnx/onnx/8192/iteration:40/repetition:6			16.0527 ms
ProcessBlock/steerable-nafx-libtorch-dynamic.onnx/onnx/8192/iteration:41/repetition:6			16.0548 ms
ProcessBlock/steerable-nafx-libtorch-dynamic.onnx/onnx/8192/iteration:42/repetition:6			16.0076 ms
ProcessBlock/steerable-nafx-libtorch-dynamic.onnx/onnx/8192/iteration:43/repetition:6			16.0942 ms
ProcessBlock/steerable-nafx-libtorch-dynamic.onnx/onnx/8192/iteration:44/repetition:6			16.0138 ms
ProcessBlock/steerable-nafx-libtorch-dynamic.onnx/onnx/8192/iteration:45/repetition:6			16.0240 ms
ProcessBlock/steerable-nafx-libtorch-dynamic.onnx/onnx/8192/iteration:46/repetition:6			16.0134 ms
ProcessBlock/steerable-nafx-libtorch-dynamic.onnx/onnx/8192/iteration:47/repetition:6			16.0669 ms
ProcessBlock/steerable-nafx-libtorch-dynamic.onnx/onnx/8192/iteration:48/repetition:6			16.0158 ms
ProcessBlock/steerable-nafx-libtorch-dynamic.onnx/onnx/8192/iteration:49/repetition:6			16.0322 ms
  Repetition 6/10: mean=16.0456 ms

[INFO] Anira version: 0.0.0-unknown
[WARNING] Session 56 requested more parallel processors than threads are available in Context. Using number of threads as number of parallel processors.
ProcessBlock/steerable-nafx-libtorch-dynamic.onnx/onnx/8192/iteration:0/repetition:7			16.3896 ms
ProcessBlock/steerable-nafx-libtorch-dynamic.onnx/onnx/8192/iteration:1/repetition:7			16.1838 ms
ProcessBlock/steerable-nafx-libtorch-dynamic.onnx/onnx/8192/iteration:2/repetition:7			16.0427 ms
ProcessBlock/steerable-nafx-libtorch-dynamic.onnx/onnx/8192/iteration:3/repetition:7			16.0274 ms
ProcessBlock/steerable-nafx-libtorch-dynamic.onnx/onnx/8192/iteration:4/repetition:7			16.0627 ms
ProcessBlock/steerable-nafx-libtorch-dynamic.onnx/onnx/8192/iteration:5/repetition:7			16.0202 ms
ProcessBlock/steerable-nafx-libtorch-dynamic.onnx/onnx/8192/iteration:6/repetition:7			16.0234 ms
ProcessBlock/steerable-nafx-libtorch-dynamic.onnx/onnx/8192/iteration:7/repetition:7			16.0254 ms
ProcessBlock/steerable-nafx-libtorch-dynamic.onnx/onnx/8192/iteration:8/repetition:7			16.0237 ms
ProcessBlock/steerable-nafx-libtorch-dynamic.onnx/onnx/8192/iteration:9/repetition:7			16.0637 ms
ProcessBlock/steerable-nafx-libtorch-dynamic.onnx/onnx/8192/iteration:10/repetition:7			16.0249 ms
ProcessBlock/steerable-nafx-libtorch-dynamic.onnx/onnx/8192/iteration:11/repetition:7			16.0111 ms
ProcessBlock/steerable-nafx-libtorch-dynamic.onnx/onnx/8192/iteration:12/repetition:7			16.0328 ms
ProcessBlock/steerable-nafx-libtorch-dynamic.onnx/onnx/8192/iteration:13/repetition:7			16.0057 ms
ProcessBlock/steerable-nafx-libtorch-dynamic.onnx/onnx/8192/iteration:14/repetition:7			16.0071 ms
ProcessBlock/steerable-nafx-libtorch-dynamic.onnx/onnx/8192/iteration:15/repetition:7			16.0231 ms
ProcessBlock/steerable-nafx-libtorch-dynamic.onnx/onnx/8192/iteration:16/repetition:7			16.0026 ms
ProcessBlock/steerable-nafx-libtorch-dynamic.onnx/onnx/8192/iteration:17/repetition:7			16.1009 ms
ProcessBlock/steerable-nafx-libtorch-dynamic.onnx/onnx/8192/iteration:18/repetition:7			16.0384 ms
ProcessBlock/steerable-nafx-libtorch-dynamic.onnx/onnx/8192/iteration:19/repetition:7			16.0230 ms
ProcessBlock/steerable-nafx-libtorch-dynamic.onnx/onnx/8192/iteration:20/repetition:7			16.0187 ms
ProcessBlock/steerable-nafx-libtorch-dynamic.onnx/onnx/8192/iteration:21/repetition:7			16.0216 ms
ProcessBlock/steerable-nafx-libtorch-dynamic.onnx/onnx/8192/iteration:22/repetition:7			16.0314 ms
ProcessBlock/steerable-nafx-libtorch-dynamic.onnx/onnx/8192/iteration:23/repetition:7			16.0595 ms
ProcessBlock/steerable-nafx-libtorch-dynamic.onnx/onnx/8192/iteration:24/repetition:7			16.0504 ms
ProcessBlock/steerable-nafx-libtorch-dynamic.onnx/onnx/8192/iteration:25/repetition:7			16.0200 ms
ProcessBlock/steerable-nafx-libtorch-dynamic.onnx/onnx/8192/iteration:26/repetition:7			16.0872 ms
ProcessBlock/steerable-nafx-libtorch-dynamic.onnx/onnx/8192/iteration:27/repetition:7			15.9969 ms
ProcessBlock/steerable-nafx-libtorch-dynamic.onnx/onnx/8192/iteration:28/repetition:7			16.0263 ms
ProcessBlock/steerable-nafx-libtorch-dynamic.onnx/onnx/8192/iteration:29/repetition:7			16.0230 ms
ProcessBlock/steerable-nafx-libtorch-dynamic.onnx/onnx/8192/iteration:30/repetition:7			16.1016 ms
ProcessBlock/steerable-nafx-libtorch-dynamic.onnx/onnx/8192/iteration:31/repetition:7			16.0502 ms
ProcessBlock/steerable-nafx-libtorch-dynamic.onnx/onnx/8192/iteration:32/repetition:7			16.0078 ms
ProcessBlock/steerable-nafx-libtorch-dynamic.onnx/onnx/8192/iteration:33/repetition:7			16.0153 ms
ProcessBlock/steerable-nafx-libtorch-dynamic.onnx/onnx/8192/iteration:34/repetition:7			16.0267 ms
ProcessBlock/steerable-nafx-libtorch-dynamic.onnx/onnx/8192/iteration:35/repetition:7			16.0452 ms
ProcessBlock/steerable-nafx-libtorch-dynamic.onnx/onnx/8192/iteration:36/repetition:7			15.9921 ms
ProcessBlock/steerable-nafx-libtorch-dynamic.onnx/onnx/8192/iteration:37/repetition:7			16.0143 ms
ProcessBlock/steerable-nafx-libtorch-dynamic.onnx/onnx/8192/iteration:38/repetition:7			16.0495 ms
ProcessBlock/steerable-nafx-libtorch-dynamic.onnx/onnx/8192/iteration:39/repetition:7			16.0395 ms
ProcessBlock/steerable-nafx-libtorch-dynamic.onnx/onnx/8192/iteration:40/repetition:7			16.0149 ms
ProcessBlock/steerable-nafx-libtorch-dynamic.onnx/onnx/8192/iteration:41/repetition:7			16.0065 ms
ProcessBlock/steerable-nafx-libtorch-dynamic.onnx/onnx/8192/iteration:42/repetition:7			16.0466 ms
ProcessBlock/steerable-nafx-libtorch-dynamic.onnx/onnx/8192/iteration:43/repetition:7			16.0436 ms
ProcessBlock/steerable-nafx-libtorch-dynamic.onnx/onnx/8192/iteration:44/repetition:7			16.0329 ms
ProcessBlock/steerable-nafx-libtorch-dynamic.onnx/onnx/8192/iteration:45/repetition:7			16.0531 ms
ProcessBlock/steerable-nafx-libtorch-dynamic.onnx/onnx/8192/iteration:46/repetition:7			16.0654 ms
ProcessBlock/steerable-nafx-libtorch-dynamic.onnx/onnx/8192/iteration:47/repetition:7			16.0435 ms
ProcessBlock/steerable-nafx-libtorch-dynamic.onnx/onnx/8192/iteration:48/repetition:7			16.0350 ms
ProcessBlock/steerable-nafx-libtorch-dynamic.onnx/onnx/8192/iteration:49/repetition:7			16.0169 ms
  Repetition 7/10: mean=16.0434 ms

[INFO] Anira version: 0.0.0-unknown
[WARNING] Session 57 requested more parallel processors than threads are available in Context. Using number of threads as number of parallel processors.
ProcessBlock/steerable-nafx-libtorch-dynamic.onnx/onnx/8192/iteration:0/repetition:8			16.2387 ms
ProcessBlock/steerable-nafx-libtorch-dynamic.onnx/onnx/8192/iteration:1/repetition:8			16.0765 ms
ProcessBlock/steerable-nafx-libtorch-dynamic.onnx/onnx/8192/iteration:2/repetition:8			16.0093 ms
ProcessBlock/steerable-nafx-libtorch-dynamic.onnx/onnx/8192/iteration:3/repetition:8			16.0627 ms
ProcessBlock/steerable-nafx-libtorch-dynamic.onnx/onnx/8192/iteration:4/repetition:8			15.9687 ms
ProcessBlock/steerable-nafx-libtorch-dynamic.onnx/onnx/8192/iteration:5/repetition:8			16.0249 ms
ProcessBlock/steerable-nafx-libtorch-dynamic.onnx/onnx/8192/iteration:6/repetition:8			16.0510 ms
ProcessBlock/steerable-nafx-libtorch-dynamic.onnx/onnx/8192/iteration:7/repetition:8			16.0104 ms
ProcessBlock/steerable-nafx-libtorch-dynamic.onnx/onnx/8192/iteration:8/repetition:8			16.0368 ms
ProcessBlock/steerable-nafx-libtorch-dynamic.onnx/onnx/8192/iteration:9/repetition:8			15.9880 ms
ProcessBlock/steerable-nafx-libtorch-dynamic.onnx/onnx/8192/iteration:10/repetition:8			16.0507 ms
ProcessBlock/steerable-nafx-libtorch-dynamic.onnx/onnx/8192/iteration:11/repetition:8			16.0427 ms
ProcessBlock/steerable-nafx-libtorch-dynamic.onnx/onnx/8192/iteration:12/repetition:8			15.9900 ms
ProcessBlock/steerable-nafx-libtorch-dynamic.onnx/onnx/8192/iteration:13/repetition:8			15.9635 ms
ProcessBlock/steerable-nafx-libtorch-dynamic.onnx/onnx/8192/iteration:14/repetition:8			16.0667 ms
ProcessBlock/steerable-nafx-libtorch-dynamic.onnx/onnx/8192/iteration:15/repetition:8			16.0655 ms
ProcessBlock/steerable-nafx-libtorch-dynamic.onnx/onnx/8192/iteration:16/repetition:8			15.9830 ms
ProcessBlock/steerable-nafx-libtorch-dynamic.onnx/onnx/8192/iteration:17/repetition:8			15.9826 ms
ProcessBlock/steerable-nafx-libtorch-dynamic.onnx/onnx/8192/iteration:18/repetition:8			16.0259 ms
ProcessBlock/steerable-nafx-libtorch-dynamic.onnx/onnx/8192/iteration:19/repetition:8			16.0951 ms
ProcessBlock/steerable-nafx-libtorch-dynamic.onnx/onnx/8192/iteration:20/repetition:8			15.9769 ms
ProcessBlock/steerable-nafx-libtorch-dynamic.onnx/onnx/8192/iteration:21/repetition:8			16.0358 ms
ProcessBlock/steerable-nafx-libtorch-dynamic.onnx/onnx/8192/iteration:22/repetition:8			16.0249 ms
ProcessBlock/steerable-nafx-libtorch-dynamic.onnx/onnx/8192/iteration:23/repetition:8			15.9616 ms
ProcessBlock/steerable-nafx-libtorch-dynamic.onnx/onnx/8192/iteration:24/repetition:8			16.0198 ms
ProcessBlock/steerable-nafx-libtorch-dynamic.onnx/onnx/8192/iteration:25/repetition:8			16.0262 ms
ProcessBlock/steerable-nafx-libtorch-dynamic.onnx/onnx/8192/iteration:26/repetition:8			16.0243 ms
ProcessBlock/steerable-nafx-libtorch-dynamic.onnx/onnx/8192/iteration:27/repetition:8			16.0395 ms
ProcessBlock/steerable-nafx-libtorch-dynamic.onnx/onnx/8192/iteration:28/repetition:8			16.0203 ms
ProcessBlock/steerable-nafx-libtorch-dynamic.onnx/onnx/8192/iteration:29/repetition:8			16.0328 ms
ProcessBlock/steerable-nafx-libtorch-dynamic.onnx/onnx/8192/iteration:30/repetition:8			16.0106 ms
ProcessBlock/steerable-nafx-libtorch-dynamic.onnx/onnx/8192/iteration:31/repetition:8			16.0542 ms
ProcessBlock/steerable-nafx-libtorch-dynamic.onnx/onnx/8192/iteration:32/repetition:8			16.0063 ms
ProcessBlock/steerable-nafx-libtorch-dynamic.onnx/onnx/8192/iteration:33/repetition:8			16.0252 ms
ProcessBlock/steerable-nafx-libtorch-dynamic.onnx/onnx/8192/iteration:34/repetition:8			16.0016 ms
ProcessBlock/steerable-nafx-libtorch-dynamic.onnx/onnx/8192/iteration:35/repetition:8			16.0200 ms
ProcessBlock/steerable-nafx-libtorch-dynamic.onnx/onnx/8192/iteration:36/repetition:8			16.0429 ms
ProcessBlock/steerable-nafx-libtorch-dynamic.onnx/onnx/8192/iteration:37/repetition:8			16.0371 ms
ProcessBlock/steerable-nafx-libtorch-dynamic.onnx/onnx/8192/iteration:38/repetition:8			16.0782 ms
ProcessBlock/steerable-nafx-libtorch-dynamic.onnx/onnx/8192/iteration:39/repetition:8			16.0449 ms
ProcessBlock/steerable-nafx-libtorch-dynamic.onnx/onnx/8192/iteration:40/repetition:8			16.0060 ms
ProcessBlock/steerable-nafx-libtorch-dynamic.onnx/onnx/8192/iteration:41/repetition:8			16.0354 ms
ProcessBlock/steerable-nafx-libtorch-dynamic.onnx/onnx/8192/iteration:42/repetition:8			16.0123 ms
ProcessBlock/steerable-nafx-libtorch-dynamic.onnx/onnx/8192/iteration:43/repetition:8			16.0080 ms
ProcessBlock/steerable-nafx-libtorch-dynamic.onnx/onnx/8192/iteration:44/repetition:8			16.0269 ms
ProcessBlock/steerable-nafx-libtorch-dynamic.onnx/onnx/8192/iteration:45/repetition:8			16.0346 ms
ProcessBlock/steerable-nafx-libtorch-dynamic.onnx/onnx/8192/iteration:46/repetition:8			16.0012 ms
ProcessBlock/steerable-nafx-libtorch-dynamic.onnx/onnx/8192/iteration:47/repetition:8			16.0260 ms
ProcessBlock/steerable-nafx-libtorch-dynamic.onnx/onnx/8192/iteration:48/repetition:8			16.0168 ms
ProcessBlock/steerable-nafx-libtorch-dynamic.onnx/onnx/8192/iteration:49/repetition:8			16.0444 ms
  Repetition 8/10: mean=16.0286 ms

[INFO] Anira version: 0.0.0-unknown
[WARNING] Session 58 requested more parallel processors than threads are available in Context. Using number of threads as number of parallel processors.
ProcessBlock/steerable-nafx-libtorch-dynamic.onnx/onnx/8192/iteration:0/repetition:9			16.2734 ms
ProcessBlock/steerable-nafx-libtorch-dynamic.onnx/onnx/8192/iteration:1/repetition:9			16.0117 ms
ProcessBlock/steerable-nafx-libtorch-dynamic.onnx/onnx/8192/iteration:2/repetition:9			16.0387 ms
ProcessBlock/steerable-nafx-libtorch-dynamic.onnx/onnx/8192/iteration:3/repetition:9			15.9610 ms
ProcessBlock/steerable-nafx-libtorch-dynamic.onnx/onnx/8192/iteration:4/repetition:9			16.0377 ms
ProcessBlock/steerable-nafx-libtorch-dynamic.onnx/onnx/8192/iteration:5/repetition:9			16.0055 ms
ProcessBlock/steerable-nafx-libtorch-dynamic.onnx/onnx/8192/iteration:6/repetition:9			16.0045 ms
ProcessBlock/steerable-nafx-libtorch-dynamic.onnx/onnx/8192/iteration:7/repetition:9			15.9410 ms
ProcessBlock/steerable-nafx-libtorch-dynamic.onnx/onnx/8192/iteration:8/repetition:9			15.9885 ms
ProcessBlock/steerable-nafx-libtorch-dynamic.onnx/onnx/8192/iteration:9/repetition:9			16.0131 ms
ProcessBlock/steerable-nafx-libtorch-dynamic.onnx/onnx/8192/iteration:10/repetition:9			16.0425 ms
ProcessBlock/steerable-nafx-libtorch-dynamic.onnx/onnx/8192/iteration:11/repetition:9			15.9893 ms
ProcessBlock/steerable-nafx-libtorch-dynamic.onnx/onnx/8192/iteration:12/repetition:9			15.9926 ms
ProcessBlock/steerable-nafx-libtorch-dynamic.onnx/onnx/8192/iteration:13/repetition:9			16.0068 ms
ProcessBlock/steerable-nafx-libtorch-dynamic.onnx/onnx/8192/iteration:14/repetition:9			15.9618 ms
ProcessBlock/steerable-nafx-libtorch-dynamic.onnx/onnx/8192/iteration:15/repetition:9			16.0182 ms
ProcessBlock/steerable-nafx-libtorch-dynamic.onnx/onnx/8192/iteration:16/repetition:9			16.0273 ms
ProcessBlock/steerable-nafx-libtorch-dynamic.onnx/onnx/8192/iteration:17/repetition:9			15.9788 ms
ProcessBlock/steerable-nafx-libtorch-dynamic.onnx/onnx/8192/iteration:18/repetition:9			15.9797 ms
ProcessBlock/steerable-nafx-libtorch-dynamic.onnx/onnx/8192/iteration:19/repetition:9			16.0088 ms
ProcessBlock/steerable-nafx-libtorch-dynamic.onnx/onnx/8192/iteration:20/repetition:9			16.0323 ms
ProcessBlock/steerable-nafx-libtorch-dynamic.onnx/onnx/8192/iteration:21/repetition:9			16.0055 ms
ProcessBlock/steerable-nafx-libtorch-dynamic.onnx/onnx/8192/iteration:22/repetition:9			16.0106 ms
ProcessBlock/steerable-nafx-libtorch-dynamic.onnx/onnx/8192/iteration:23/repetition:9			15.9674 ms
ProcessBlock/steerable-nafx-libtorch-dynamic.onnx/onnx/8192/iteration:24/repetition:9			16.0403 ms
ProcessBlock/steerable-nafx-libtorch-dynamic.onnx/onnx/8192/iteration:25/repetition:9			15.9937 ms
ProcessBlock/steerable-nafx-libtorch-dynamic.onnx/onnx/8192/iteration:26/repetition:9			16.0027 ms
ProcessBlock/steerable-nafx-libtorch-dynamic.onnx/onnx/8192/iteration:27/repetition:9			15.9837 ms
ProcessBlock/steerable-nafx-libtorch-dynamic.onnx/onnx/8192/iteration:28/repetition:9			15.9961 ms
ProcessBlock/steerable-nafx-libtorch-dynamic.onnx/onnx/8192/iteration:29/repetition:9			15.9568 ms
ProcessBlock/steerable-nafx-libtorch-dynamic.onnx/onnx/8192/iteration:30/repetition:9			16.0282 ms
ProcessBlock/steerable-nafx-libtorch-dynamic.onnx/onnx/8192/iteration:31/repetition:9			16.0026 ms
ProcessBlock/steerable-nafx-libtorch-dynamic.onnx/onnx/8192/iteration:32/repetition:9			16.0665 ms
ProcessBlock/steerable-nafx-libtorch-dynamic.onnx/onnx/8192/iteration:33/repetition:9			16.0160 ms
ProcessBlock/steerable-nafx-libtorch-dynamic.onnx/onnx/8192/iteration:34/repetition:9			16.0260 ms
ProcessBlock/steerable-nafx-libtorch-dynamic.onnx/onnx/8192/iteration:35/repetition:9			16.0283 ms
ProcessBlock/steerable-nafx-libtorch-dynamic.onnx/onnx/8192/iteration:36/repetition:9			16.0143 ms
ProcessBlock/steerable-nafx-libtorch-dynamic.onnx/onnx/8192/iteration:37/repetition:9			15.9648 ms
ProcessBlock/steerable-nafx-libtorch-dynamic.onnx/onnx/8192/iteration:38/repetition:9			16.0045 ms
ProcessBlock/steerable-nafx-libtorch-dynamic.onnx/onnx/8192/iteration:39/repetition:9			16.0173 ms
ProcessBlock/steerable-nafx-libtorch-dynamic.onnx/onnx/8192/iteration:40/repetition:9			16.0195 ms
ProcessBlock/steerable-nafx-libtorch-dynamic.onnx/onnx/8192/iteration:41/repetition:9			16.0123 ms
ProcessBlock/steerable-nafx-libtorch-dynamic.onnx/onnx/8192/iteration:42/repetition:9			16.0070 ms
ProcessBlock/steerable-nafx-libtorch-dynamic.onnx/onnx/8192/iteration:43/repetition:9			15.9577 ms
ProcessBlock/steerable-nafx-libtorch-dynamic.onnx/onnx/8192/iteration:44/repetition:9			16.0703 ms
ProcessBlock/steerable-nafx-libtorch-dynamic.onnx/onnx/8192/iteration:45/repetition:9			15.9999 ms
ProcessBlock/steerable-nafx-libtorch-dynamic.onnx/onnx/8192/iteration:46/repetition:9			16.0116 ms
ProcessBlock/steerable-nafx-libtorch-dynamic.onnx/onnx/8192/iteration:47/repetition:9			15.9852 ms
ProcessBlock/steerable-nafx-libtorch-dynamic.onnx/onnx/8192/iteration:48/repetition:9			16.0052 ms
ProcessBlock/steerable-nafx-libtorch-dynamic.onnx/onnx/8192/iteration:49/repetition:9			16.0015 ms
  Repetition 9/10: mean=16.0102 ms

[INFO] Anira version: 0.0.0-unknown
[WARNING] Session 59 requested more parallel processors than threads are available in Context. Using number of threads as number of parallel processors.
ProcessBlock/steerable-nafx-libtorch-dynamic.onnx/onnx/8192/iteration:0/repetition:10			16.4082 ms
ProcessBlock/steerable-nafx-libtorch-dynamic.onnx/onnx/8192/iteration:1/repetition:10			16.1318 ms
ProcessBlock/steerable-nafx-libtorch-dynamic.onnx/onnx/8192/iteration:2/repetition:10			16.1663 ms
ProcessBlock/steerable-nafx-libtorch-dynamic.onnx/onnx/8192/iteration:3/repetition:10			16.0545 ms
ProcessBlock/steerable-nafx-libtorch-dynamic.onnx/onnx/8192/iteration:4/repetition:10			16.1563 ms
ProcessBlock/steerable-nafx-libtorch-dynamic.onnx/onnx/8192/iteration:5/repetition:10			16.1381 ms
ProcessBlock/steerable-nafx-libtorch-dynamic.onnx/onnx/8192/iteration:6/repetition:10			16.0663 ms
ProcessBlock/steerable-nafx-libtorch-dynamic.onnx/onnx/8192/iteration:7/repetition:10			16.0951 ms
ProcessBlock/steerable-nafx-libtorch-dynamic.onnx/onnx/8192/iteration:8/repetition:10			16.2118 ms
ProcessBlock/steerable-nafx-libtorch-dynamic.onnx/onnx/8192/iteration:9/repetition:10			16.1231 ms
ProcessBlock/steerable-nafx-libtorch-dynamic.onnx/onnx/8192/iteration:10/repetition:10			16.1013 ms
ProcessBlock/steerable-nafx-libtorch-dynamic.onnx/onnx/8192/iteration:11/repetition:10			16.1545 ms
ProcessBlock/steerable-nafx-libtorch-dynamic.onnx/onnx/8192/iteration:12/repetition:10			16.1588 ms
ProcessBlock/steerable-nafx-libtorch-dynamic.onnx/onnx/8192/iteration:13/repetition:10			16.1046 ms
ProcessBlock/steerable-nafx-libtorch-dynamic.onnx/onnx/8192/iteration:14/repetition:10			16.1091 ms
ProcessBlock/steerable-nafx-libtorch-dynamic.onnx/onnx/8192/iteration:15/repetition:10			16.1095 ms
ProcessBlock/steerable-nafx-libtorch-dynamic.onnx/onnx/8192/iteration:16/repetition:10			16.0686 ms
ProcessBlock/steerable-nafx-libtorch-dynamic.onnx/onnx/8192/iteration:17/repetition:10			16.0660 ms
ProcessBlock/steerable-nafx-libtorch-dynamic.onnx/onnx/8192/iteration:18/repetition:10			16.0818 ms
ProcessBlock/steerable-nafx-libtorch-dynamic.onnx/onnx/8192/iteration:19/repetition:10			16.1367 ms
ProcessBlock/steerable-nafx-libtorch-dynamic.onnx/onnx/8192/iteration:20/repetition:10			16.0825 ms
ProcessBlock/steerable-nafx-libtorch-dynamic.onnx/onnx/8192/iteration:21/repetition:10			16.0841 ms
ProcessBlock/steerable-nafx-libtorch-dynamic.onnx/onnx/8192/iteration:22/repetition:10			16.1768 ms
ProcessBlock/steerable-nafx-libtorch-dynamic.onnx/onnx/8192/iteration:23/repetition:10			16.1001 ms
ProcessBlock/steerable-nafx-libtorch-dynamic.onnx/onnx/8192/iteration:24/repetition:10			16.0759 ms
ProcessBlock/steerable-nafx-libtorch-dynamic.onnx/onnx/8192/iteration:25/repetition:10			16.2772 ms
ProcessBlock/steerable-nafx-libtorch-dynamic.onnx/onnx/8192/iteration:26/repetition:10			16.0955 ms
ProcessBlock/steerable-nafx-libtorch-dynamic.onnx/onnx/8192/iteration:27/repetition:10			16.1428 ms
ProcessBlock/steerable-nafx-libtorch-dynamic.onnx/onnx/8192/iteration:28/repetition:10			16.0932 ms
ProcessBlock/steerable-nafx-libtorch-dynamic.onnx/onnx/8192/iteration:29/repetition:10			16.1587 ms
ProcessBlock/steerable-nafx-libtorch-dynamic.onnx/onnx/8192/iteration:30/repetition:10			16.0925 ms
ProcessBlock/steerable-nafx-libtorch-dynamic.onnx/onnx/8192/iteration:31/repetition:10			16.2011 ms
ProcessBlock/steerable-nafx-libtorch-dynamic.onnx/onnx/8192/iteration:32/repetition:10			16.1157 ms
ProcessBlock/steerable-nafx-libtorch-dynamic.onnx/onnx/8192/iteration:33/repetition:10			16.0761 ms
ProcessBlock/steerable-nafx-libtorch-dynamic.onnx/onnx/8192/iteration:34/repetition:10			16.0612 ms
ProcessBlock/steerable-nafx-libtorch-dynamic.onnx/onnx/8192/iteration:35/repetition:10			16.1047 ms
ProcessBlock/steerable-nafx-libtorch-dynamic.onnx/onnx/8192/iteration:36/repetition:10			16.0881 ms
ProcessBlock/steerable-nafx-libtorch-dynamic.onnx/onnx/8192/iteration:37/repetition:10			16.0945 ms
ProcessBlock/steerable-nafx-libtorch-dynamic.onnx/onnx/8192/iteration:38/repetition:10			16.0933 ms
ProcessBlock/steerable-nafx-libtorch-dynamic.onnx/onnx/8192/iteration:39/repetition:10			16.1161 ms
ProcessBlock/steerable-nafx-libtorch-dynamic.onnx/onnx/8192/iteration:40/repetition:10			16.0836 ms
ProcessBlock/steerable-nafx-libtorch-dynamic.onnx/onnx/8192/iteration:41/repetition:10			16.0798 ms
ProcessBlock/steerable-nafx-libtorch-dynamic.onnx/onnx/8192/iteration:42/repetition:10			16.1365 ms
ProcessBlock/steerable-nafx-libtorch-dynamic.onnx/onnx/8192/iteration:43/repetition:10			16.1722 ms
ProcessBlock/steerable-nafx-libtorch-dynamic.onnx/onnx/8192/iteration:44/repetition:10			16.0860 ms
ProcessBlock/steerable-nafx-libtorch-dynamic.onnx/onnx/8192/iteration:45/repetition:10			16.1095 ms
ProcessBlock/steerable-nafx-libtorch-dynamic.onnx/onnx/8192/iteration:46/repetition:10			16.0708 ms
ProcessBlock/steerable-nafx-libtorch-dynamic.onnx/onnx/8192/iteration:47/repetition:10			16.0925 ms
ProcessBlock/steerable-nafx-libtorch-dynamic.onnx/onnx/8192/iteration:48/repetition:10			16.0872 ms
ProcessBlock/steerable-nafx-libtorch-dynamic.onnx/onnx/8192/iteration:49/repetition:10			16.0793 ms
  Repetition 10/10: mean=16.1194 ms


Aggregate (500 total iterations):
  ProcessBlock/steerable-nafx-libtorch-dynamic.onnx/onnx: mean=16.0338 ms, min=15.9410 ms, max=16.4082 ms, p99.9=16.3896 ms

----------------------------------------------------------------------------------------------------------------------------------------

----------------------------------------------------------------------------------------------------------------------------------------
Model: GuitarLSTM-libtorch-dynamic.onnx | Run: bypass | Host Sample Rate: 44100 Hz | Host Buffer Size: 128 = 2.9025 ms
----------------------------------------------------------------------------------------------------------------------------------------

Benchmark: 10 repetitions x 50 iterations

[INFO] Anira version: 0.0.0-unknown
[WARNING] Session 60 requested more parallel processors than threads are available in Context. Using number of threads as number of parallel processors.
ProcessBlock/GuitarLSTM-libtorch-dynamic.onnx/bypass/128/iteration:0/repetition:1			0.1477 ms
ProcessBlock/GuitarLSTM-libtorch-dynamic.onnx/bypass/128/iteration:1/repetition:1			0.1413 ms
ProcessBlock/GuitarLSTM-libtorch-dynamic.onnx/bypass/128/iteration:2/repetition:1			0.1409 ms
ProcessBlock/GuitarLSTM-libtorch-dynamic.onnx/bypass/128/iteration:3/repetition:1			0.1384 ms
ProcessBlock/GuitarLSTM-libtorch-dynamic.onnx/bypass/128/iteration:4/repetition:1			0.1378 ms
ProcessBlock/GuitarLSTM-libtorch-dynamic.onnx/bypass/128/iteration:5/repetition:1			0.1369 ms
ProcessBlock/GuitarLSTM-libtorch-dynamic.onnx/bypass/128/iteration:6/repetition:1			0.1423 ms
ProcessBlock/GuitarLSTM-libtorch-dynamic.onnx/bypass/128/iteration:7/repetition:1			0.1360 ms
ProcessBlock/GuitarLSTM-libtorch-dynamic.onnx/bypass/128/iteration:8/repetition:1			0.1395 ms
ProcessBlock/GuitarLSTM-libtorch-dynamic.onnx/bypass/128/iteration:9/repetition:1			0.1367 ms
ProcessBlock/GuitarLSTM-libtorch-dynamic.onnx/bypass/128/iteration:10/repetition:1			0.1373 ms
ProcessBlock/GuitarLSTM-libtorch-dynamic.onnx/bypass/128/iteration:11/repetition:1			0.1370 ms
ProcessBlock/GuitarLSTM-libtorch-dynamic.onnx/bypass/128/iteration:12/repetition:1			0.1365 ms
ProcessBlock/GuitarLSTM-libtorch-dynamic.onnx/bypass/128/iteration:13/repetition:1			0.1357 ms
ProcessBlock/GuitarLSTM-libtorch-dynamic.onnx/bypass/128/iteration:14/repetition:1			0.1359 ms
ProcessBlock/GuitarLSTM-libtorch-dynamic.onnx/bypass/128/iteration:15/repetition:1			0.1356 ms
ProcessBlock/GuitarLSTM-libtorch-dynamic.onnx/bypass/128/iteration:16/repetition:1			0.1361 ms
ProcessBlock/GuitarLSTM-libtorch-dynamic.onnx/bypass/128/iteration:17/repetition:1			0.1370 ms
ProcessBlock/GuitarLSTM-libtorch-dynamic.onnx/bypass/128/iteration:18/repetition:1			0.1375 ms
ProcessBlock/GuitarLSTM-libtorch-dynamic.onnx/bypass/128/iteration:19/repetition:1			0.1405 ms
ProcessBlock/GuitarLSTM-libtorch-dynamic.onnx/bypass/128/iteration:20/repetition:1			0.1349 ms
ProcessBlock/GuitarLSTM-libtorch-dynamic.onnx/bypass/128/iteration:21/repetition:1			0.1340 ms
ProcessBlock/GuitarLSTM-libtorch-dynamic.onnx/bypass/128/iteration:22/repetition:1			0.1342 ms
ProcessBlock/GuitarLSTM-libtorch-dynamic.onnx/bypass/128/iteration:23/repetition:1			0.1340 ms
ProcessBlock/GuitarLSTM-libtorch-dynamic.onnx/bypass/128/iteration:24/repetition:1			0.1339 ms
ProcessBlock/GuitarLSTM-libtorch-dynamic.onnx/bypass/128/iteration:25/repetition:1			0.1341 ms
ProcessBlock/GuitarLSTM-libtorch-dynamic.onnx/bypass/128/iteration:26/repetition:1			0.1339 ms
ProcessBlock/GuitarLSTM-libtorch-dynamic.onnx/bypass/128/iteration:27/repetition:1			0.1340 ms
ProcessBlock/GuitarLSTM-libtorch-dynamic.onnx/bypass/128/iteration:28/repetition:1			0.1337 ms
ProcessBlock/GuitarLSTM-libtorch-dynamic.onnx/bypass/128/iteration:29/repetition:1			0.1338 ms
ProcessBlock/GuitarLSTM-libtorch-dynamic.onnx/bypass/128/iteration:30/repetition:1			0.1338 ms
ProcessBlock/GuitarLSTM-libtorch-dynamic.onnx/bypass/128/iteration:31/repetition:1			0.1344 ms
ProcessBlock/GuitarLSTM-libtorch-dynamic.onnx/bypass/128/iteration:32/repetition:1			0.1339 ms
ProcessBlock/GuitarLSTM-libtorch-dynamic.onnx/bypass/128/iteration:33/repetition:1			0.1342 ms
ProcessBlock/GuitarLSTM-libtorch-dynamic.onnx/bypass/128/iteration:34/repetition:1			0.1384 ms
ProcessBlock/GuitarLSTM-libtorch-dynamic.onnx/bypass/128/iteration:35/repetition:1			0.1345 ms
ProcessBlock/GuitarLSTM-libtorch-dynamic.onnx/bypass/128/iteration:36/repetition:1			0.1339 ms
ProcessBlock/GuitarLSTM-libtorch-dynamic.onnx/bypass/128/iteration:37/repetition:1			0.1340 ms
ProcessBlock/GuitarLSTM-libtorch-dynamic.onnx/bypass/128/iteration:38/repetition:1			0.1343 ms
ProcessBlock/GuitarLSTM-libtorch-dynamic.onnx/bypass/128/iteration:39/repetition:1			0.1349 ms
ProcessBlock/GuitarLSTM-libtorch-dynamic.onnx/bypass/128/iteration:40/repetition:1			0.1346 ms
ProcessBlock/GuitarLSTM-libtorch-dynamic.onnx/bypass/128/iteration:41/repetition:1			0.1341 ms
ProcessBlock/GuitarLSTM-libtorch-dynamic.onnx/bypass/128/iteration:42/repetition:1			0.1340 ms
ProcessBlock/GuitarLSTM-libtorch-dynamic.onnx/bypass/128/iteration:43/repetition:1			0.1353 ms
ProcessBlock/GuitarLSTM-libtorch-dynamic.onnx/bypass/128/iteration:44/repetition:1			0.1347 ms
ProcessBlock/GuitarLSTM-libtorch-dynamic.onnx/bypass/128/iteration:45/repetition:1			0.1342 ms
ProcessBlock/GuitarLSTM-libtorch-dynamic.onnx/bypass/128/iteration:46/repetition:1			0.1342 ms
ProcessBlock/GuitarLSTM-libtorch-dynamic.onnx/bypass/128/iteration:47/repetition:1			0.1339 ms
ProcessBlock/GuitarLSTM-libtorch-dynamic.onnx/bypass/128/iteration:48/repetition:1			0.1349 ms
ProcessBlock/GuitarLSTM-libtorch-dynamic.onnx/bypass/128/iteration:49/repetition:1			0.1352 ms
  Repetition 1/10: mean=0.1360 ms

[INFO] Anira version: 0.0.0-unknown
[WARNING] Session 61 requested more parallel processors than threads are available in Context. Using number of threads as number of parallel processors.
ProcessBlock/GuitarLSTM-libtorch-dynamic.onnx/bypass/128/iteration:0/repetition:2			0.1439 ms
ProcessBlock/GuitarLSTM-libtorch-dynamic.onnx/bypass/128/iteration:1/repetition:2			0.1340 ms
ProcessBlock/GuitarLSTM-libtorch-dynamic.onnx/bypass/128/iteration:2/repetition:2			0.1341 ms
ProcessBlock/GuitarLSTM-libtorch-dynamic.onnx/bypass/128/iteration:3/repetition:2			0.1348 ms
ProcessBlock/GuitarLSTM-libtorch-dynamic.onnx/bypass/128/iteration:4/repetition:2			0.1353 ms
ProcessBlock/GuitarLSTM-libtorch-dynamic.onnx/bypass/128/iteration:5/repetition:2			0.1357 ms
ProcessBlock/GuitarLSTM-libtorch-dynamic.onnx/bypass/128/iteration:6/repetition:2			0.1357 ms
ProcessBlock/GuitarLSTM-libtorch-dynamic.onnx/bypass/128/iteration:7/repetition:2			0.1401 ms
ProcessBlock/GuitarLSTM-libtorch-dynamic.onnx/bypass/128/iteration:8/repetition:2			0.1353 ms
ProcessBlock/GuitarLSTM-libtorch-dynamic.onnx/bypass/128/iteration:9/repetition:2			0.1352 ms
ProcessBlock/GuitarLSTM-libtorch-dynamic.onnx/bypass/128/iteration:10/repetition:2			0.1358 ms
ProcessBlock/GuitarLSTM-libtorch-dynamic.onnx/bypass/128/iteration:11/repetition:2			0.1383 ms
ProcessBlock/GuitarLSTM-libtorch-dynamic.onnx/bypass/128/iteration:12/repetition:2			0.1340 ms
ProcessBlock/GuitarLSTM-libtorch-dynamic.onnx/bypass/128/iteration:13/repetition:2			0.1339 ms
ProcessBlock/GuitarLSTM-libtorch-dynamic.onnx/bypass/128/iteration:14/repetition:2			0.1340 ms
ProcessBlock/GuitarLSTM-libtorch-dynamic.onnx/bypass/128/iteration:15/repetition:2			0.1340 ms
ProcessBlock/GuitarLSTM-libtorch-dynamic.onnx/bypass/128/iteration:16/repetition:2			0.1339 ms
ProcessBlock/GuitarLSTM-libtorch-dynamic.onnx/bypass/128/iteration:17/repetition:2			0.1340 ms
ProcessBlock/GuitarLSTM-libtorch-dynamic.onnx/bypass/128/iteration:18/repetition:2			0.1339 ms
ProcessBlock/GuitarLSTM-libtorch-dynamic.onnx/bypass/128/iteration:19/repetition:2			0.1356 ms
ProcessBlock/GuitarLSTM-libtorch-dynamic.onnx/bypass/128/iteration:20/repetition:2			0.1393 ms
ProcessBlock/GuitarLSTM-libtorch-dynamic.onnx/bypass/128/iteration:21/repetition:2			0.1358 ms
ProcessBlock/GuitarLSTM-libtorch-dynamic.onnx/bypass/128/iteration:22/repetition:2			0.1357 ms
ProcessBlock/GuitarLSTM-libtorch-dynamic.onnx/bypass/128/iteration:23/repetition:2			0.1355 ms
ProcessBlock/GuitarLSTM-libtorch-dynamic.onnx/bypass/128/iteration:24/repetition:2			0.1387 ms
ProcessBlock/GuitarLSTM-libtorch-dynamic.onnx/bypass/128/iteration:25/repetition:2			0.1367 ms
ProcessBlock/GuitarLSTM-libtorch-dynamic.onnx/bypass/128/iteration:26/repetition:2			0.1355 ms
ProcessBlock/GuitarLSTM-libtorch-dynamic.onnx/bypass/128/iteration:27/repetition:2			0.1358 ms
ProcessBlock/GuitarLSTM-libtorch-dynamic.onnx/bypass/128/iteration:28/repetition:2			0.1384 ms
ProcessBlock/GuitarLSTM-libtorch-dynamic.onnx/bypass/128/iteration:29/repetition:2			0.1354 ms
ProcessBlock/GuitarLSTM-libtorch-dynamic.onnx/bypass/128/iteration:30/repetition:2			0.1358 ms
ProcessBlock/GuitarLSTM-libtorch-dynamic.onnx/bypass/128/iteration:31/repetition:2			0.1356 ms
ProcessBlock/GuitarLSTM-libtorch-dynamic.onnx/bypass/128/iteration:32/repetition:2			0.1362 ms
ProcessBlock/GuitarLSTM-libtorch-dynamic.onnx/bypass/128/iteration:33/repetition:2			0.1368 ms
ProcessBlock/GuitarLSTM-libtorch-dynamic.onnx/bypass/128/iteration:34/repetition:2			0.1395 ms
ProcessBlock/GuitarLSTM-libtorch-dynamic.onnx/bypass/128/iteration:35/repetition:2			0.1354 ms
ProcessBlock/GuitarLSTM-libtorch-dynamic.onnx/bypass/128/iteration:36/repetition:2			0.1357 ms
ProcessBlock/GuitarLSTM-libtorch-dynamic.onnx/bypass/128/iteration:37/repetition:2			0.1356 ms
ProcessBlock/GuitarLSTM-libtorch-dynamic.onnx/bypass/128/iteration:38/repetition:2			0.1358 ms
ProcessBlock/GuitarLSTM-libtorch-dynamic.onnx/bypass/128/iteration:39/repetition:2			0.1383 ms
ProcessBlock/GuitarLSTM-libtorch-dynamic.onnx/bypass/128/iteration:40/repetition:2			0.1355 ms
ProcessBlock/GuitarLSTM-libtorch-dynamic.onnx/bypass/128/iteration:41/repetition:2			0.1359 ms
ProcessBlock/GuitarLSTM-libtorch-dynamic.onnx/bypass/128/iteration:42/repetition:2			0.1407 ms
ProcessBlock/GuitarLSTM-libtorch-dynamic.onnx/bypass/128/iteration:43/repetition:2			0.1358 ms
ProcessBlock/GuitarLSTM-libtorch-dynamic.onnx/bypass/128/iteration:44/repetition:2			0.1357 ms
ProcessBlock/GuitarLSTM-libtorch-dynamic.onnx/bypass/128/iteration:45/repetition:2			0.1356 ms
ProcessBlock/GuitarLSTM-libtorch-dynamic.onnx/bypass/128/iteration:46/repetition:2			0.1357 ms
ProcessBlock/GuitarLSTM-libtorch-dynamic.onnx/bypass/128/iteration:47/repetition:2			0.1355 ms
ProcessBlock/GuitarLSTM-libtorch-dynamic.onnx/bypass/128/iteration:48/repetition:2			0.1375 ms
ProcessBlock/GuitarLSTM-libtorch-dynamic.onnx/bypass/128/iteration:49/repetition:2			0.1366 ms
  Repetition 2/10: mean=0.1361 ms

[INFO] Anira version: 0.0.0-unknown
[WARNING] Session 62 requested more parallel processors than threads are available in Context. Using number of threads as number of parallel processors.
ProcessBlock/GuitarLSTM-libtorch-dynamic.onnx/bypass/128/iteration:0/repetition:3			0.1452 ms
ProcessBlock/GuitarLSTM-libtorch-dynamic.onnx/bypass/128/iteration:1/repetition:3			0.1369 ms
ProcessBlock/GuitarLSTM-libtorch-dynamic.onnx/bypass/128/iteration:2/repetition:3			0.1399 ms
ProcessBlock/GuitarLSTM-libtorch-dynamic.onnx/bypass/128/iteration:3/repetition:3			0.1373 ms
ProcessBlock/GuitarLSTM-libtorch-dynamic.onnx/bypass/128/iteration:4/repetition:3			0.1405 ms
ProcessBlock/GuitarLSTM-libtorch-dynamic.onnx/bypass/128/iteration:5/repetition:3			0.1367 ms
ProcessBlock/GuitarLSTM-libtorch-dynamic.onnx/bypass/128/iteration:6/repetition:3			0.1355 ms
ProcessBlock/GuitarLSTM-libtorch-dynamic.onnx/bypass/128/iteration:7/repetition:3			0.1359 ms
ProcessBlock/GuitarLSTM-libtorch-dynamic.onnx/bypass/128/iteration:8/repetition:3			0.1369 ms
ProcessBlock/GuitarLSTM-libtorch-dynamic.onnx/bypass/128/iteration:9/repetition:3			0.1358 ms
ProcessBlock/GuitarLSTM-libtorch-dynamic.onnx/bypass/128/iteration:10/repetition:3			0.1355 ms
ProcessBlock/GuitarLSTM-libtorch-dynamic.onnx/bypass/128/iteration:11/repetition:3			0.1357 ms
ProcessBlock/GuitarLSTM-libtorch-dynamic.onnx/bypass/128/iteration:12/repetition:3			0.1358 ms
ProcessBlock/GuitarLSTM-libtorch-dynamic.onnx/bypass/128/iteration:13/repetition:3			0.1371 ms
ProcessBlock/GuitarLSTM-libtorch-dynamic.onnx/bypass/128/iteration:14/repetition:3			0.1375 ms
ProcessBlock/GuitarLSTM-libtorch-dynamic.onnx/bypass/128/iteration:15/repetition:3			0.1390 ms
ProcessBlock/GuitarLSTM-libtorch-dynamic.onnx/bypass/128/iteration:16/repetition:3			0.1357 ms
ProcessBlock/GuitarLSTM-libtorch-dynamic.onnx/bypass/128/iteration:17/repetition:3			0.1357 ms
ProcessBlock/GuitarLSTM-libtorch-dynamic.onnx/bypass/128/iteration:18/repetition:3			0.1400 ms
ProcessBlock/GuitarLSTM-libtorch-dynamic.onnx/bypass/128/iteration:19/repetition:3			0.1365 ms
ProcessBlock/GuitarLSTM-libtorch-dynamic.onnx/bypass/128/iteration:20/repetition:3			0.1358 ms
ProcessBlock/GuitarLSTM-libtorch-dynamic.onnx/bypass/128/iteration:21/repetition:3			0.1384 ms
ProcessBlock/GuitarLSTM-libtorch-dynamic.onnx/bypass/128/iteration:22/repetition:3			0.1355 ms
ProcessBlock/GuitarLSTM-libtorch-dynamic.onnx/bypass/128/iteration:23/repetition:3			0.1357 ms
ProcessBlock/GuitarLSTM-libtorch-dynamic.onnx/bypass/128/iteration:24/repetition:3			0.1356 ms
ProcessBlock/GuitarLSTM-libtorch-dynamic.onnx/bypass/128/iteration:25/repetition:3			0.1355 ms
ProcessBlock/GuitarLSTM-libtorch-dynamic.onnx/bypass/128/iteration:26/repetition:3			0.1358 ms
ProcessBlock/GuitarLSTM-libtorch-dynamic.onnx/bypass/128/iteration:27/repetition:3			0.1356 ms
ProcessBlock/GuitarLSTM-libtorch-dynamic.onnx/bypass/128/iteration:28/repetition:3			0.1356 ms
ProcessBlock/GuitarLSTM-libtorch-dynamic.onnx/bypass/128/iteration:29/repetition:3			0.1357 ms
ProcessBlock/GuitarLSTM-libtorch-dynamic.onnx/bypass/128/iteration:30/repetition:3			0.1355 ms
ProcessBlock/GuitarLSTM-libtorch-dynamic.onnx/bypass/128/iteration:31/repetition:3			0.1356 ms
ProcessBlock/GuitarLSTM-libtorch-dynamic.onnx/bypass/128/iteration:32/repetition:3			0.1384 ms
ProcessBlock/GuitarLSTM-libtorch-dynamic.onnx/bypass/128/iteration:33/repetition:3			0.1396 ms
ProcessBlock/GuitarLSTM-libtorch-dynamic.onnx/bypass/128/iteration:34/repetition:3			0.1357 ms
ProcessBlock/GuitarLSTM-libtorch-dynamic.onnx/bypass/128/iteration:35/repetition:3			0.1356 ms
ProcessBlock/GuitarLSTM-libtorch-dynamic.onnx/bypass/128/iteration:36/repetition:3			0.1385 ms
ProcessBlock/GuitarLSTM-libtorch-dynamic.onnx/bypass/128/iteration:37/repetition:3			0.1354 ms
ProcessBlock/GuitarLSTM-libtorch-dynamic.onnx/bypass/128/iteration:38/repetition:3			0.1356 ms
ProcessBlock/GuitarLSTM-libtorch-dynamic.onnx/bypass/128/iteration:39/repetition:3			0.1383 ms
ProcessBlock/GuitarLSTM-libtorch-dynamic.onnx/bypass/128/iteration:40/repetition:3			0.1414 ms
ProcessBlock/GuitarLSTM-libtorch-dynamic.onnx/bypass/128/iteration:41/repetition:3			0.1383 ms
ProcessBlock/GuitarLSTM-libtorch-dynamic.onnx/bypass/128/iteration:42/repetition:3			0.1368 ms
ProcessBlock/GuitarLSTM-libtorch-dynamic.onnx/bypass/128/iteration:43/repetition:3			0.1378 ms
ProcessBlock/GuitarLSTM-libtorch-dynamic.onnx/bypass/128/iteration:44/repetition:3			0.1412 ms
ProcessBlock/GuitarLSTM-libtorch-dynamic.onnx/bypass/128/iteration:45/repetition:3			0.1379 ms
ProcessBlock/GuitarLSTM-libtorch-dynamic.onnx/bypass/128/iteration:46/repetition:3			0.1422 ms
ProcessBlock/GuitarLSTM-libtorch-dynamic.onnx/bypass/128/iteration:47/repetition:3			0.1384 ms
ProcessBlock/GuitarLSTM-libtorch-dynamic.onnx/bypass/128/iteration:48/repetition:3			0.1388 ms
ProcessBlock/GuitarLSTM-libtorch-dynamic.onnx/bypass/128/iteration:49/repetition:3			0.1368 ms
  Repetition 3/10: mean=0.1373 ms

[INFO] Anira version: 0.0.0-unknown
[WARNING] Session 63 requested more parallel processors than threads are available in Context. Using number of threads as number of parallel processors.
ProcessBlock/GuitarLSTM-libtorch-dynamic.onnx/bypass/128/iteration:0/repetition:4			0.1458 ms
ProcessBlock/GuitarLSTM-libtorch-dynamic.onnx/bypass/128/iteration:1/repetition:4			0.1386 ms
ProcessBlock/GuitarLSTM-libtorch-dynamic.onnx/bypass/128/iteration:2/repetition:4			0.1369 ms
ProcessBlock/GuitarLSTM-libtorch-dynamic.onnx/bypass/128/iteration:3/repetition:4			0.1415 ms
ProcessBlock/GuitarLSTM-libtorch-dynamic.onnx/bypass/128/iteration:4/repetition:4			0.1411 ms
ProcessBlock/GuitarLSTM-libtorch-dynamic.onnx/bypass/128/iteration:5/repetition:4			0.1361 ms
ProcessBlock/GuitarLSTM-libtorch-dynamic.onnx/bypass/128/iteration:6/repetition:4			0.1401 ms
ProcessBlock/GuitarLSTM-libtorch-dynamic.onnx/bypass/128/iteration:7/repetition:4			0.1364 ms
ProcessBlock/GuitarLSTM-libtorch-dynamic.onnx/bypass/128/iteration:8/repetition:4			0.1414 ms
ProcessBlock/GuitarLSTM-libtorch-dynamic.onnx/bypass/128/iteration:9/repetition:4			0.1375 ms
ProcessBlock/GuitarLSTM-libtorch-dynamic.onnx/bypass/128/iteration:10/repetition:4			0.1380 ms
ProcessBlock/GuitarLSTM-libtorch-dynamic.onnx/bypass/128/iteration:11/repetition:4			0.1371 ms
ProcessBlock/GuitarLSTM-libtorch-dynamic.onnx/bypass/128/iteration:12/repetition:4			0.1396 ms
ProcessBlock/GuitarLSTM-libtorch-dynamic.onnx/bypass/128/iteration:13/repetition:4			0.1360 ms
ProcessBlock/GuitarLSTM-libtorch-dynamic.onnx/bypass/128/iteration:14/repetition:4			0.1368 ms
ProcessBlock/GuitarLSTM-libtorch-dynamic.onnx/bypass/128/iteration:15/repetition:4			0.1361 ms
ProcessBlock/GuitarLSTM-libtorch-dynamic.onnx/bypass/128/iteration:16/repetition:4			0.1382 ms
ProcessBlock/GuitarLSTM-libtorch-dynamic.onnx/bypass/128/iteration:17/repetition:4			0.1410 ms
ProcessBlock/GuitarLSTM-libtorch-dynamic.onnx/bypass/128/iteration:18/repetition:4			0.1367 ms
ProcessBlock/GuitarLSTM-libtorch-dynamic.onnx/bypass/128/iteration:19/repetition:4			0.1358 ms
ProcessBlock/GuitarLSTM-libtorch-dynamic.onnx/bypass/128/iteration:20/repetition:4			0.1355 ms
ProcessBlock/GuitarLSTM-libtorch-dynamic.onnx/bypass/128/iteration:21/repetition:4			0.1358 ms
ProcessBlock/GuitarLSTM-libtorch-dynamic.onnx/bypass/128/iteration:22/repetition:4			0.1384 ms
ProcessBlock/GuitarLSTM-libtorch-dynamic.onnx/bypass/128/iteration:23/repetition:4			0.1356 ms
ProcessBlock/GuitarLSTM-libtorch-dynamic.onnx/bypass/128/iteration:24/repetition:4			0.1355 ms
ProcessBlock/GuitarLSTM-libtorch-dynamic.onnx/bypass/128/iteration:25/repetition:4			0.1357 ms
ProcessBlock/GuitarLSTM-libtorch-dynamic.onnx/bypass/128/iteration:26/repetition:4			0.1360 ms
ProcessBlock/GuitarLSTM-libtorch-dynamic.onnx/bypass/128/iteration:27/repetition:4			0.1367 ms
ProcessBlock/GuitarLSTM-libtorch-dynamic.onnx/bypass/128/iteration:28/repetition:4			0.1381 ms
ProcessBlock/GuitarLSTM-libtorch-dynamic.onnx/bypass/128/iteration:29/repetition:4			0.1358 ms
ProcessBlock/GuitarLSTM-libtorch-dynamic.onnx/bypass/128/iteration:30/repetition:4			0.1357 ms
ProcessBlock/GuitarLSTM-libtorch-dynamic.onnx/bypass/128/iteration:31/repetition:4			0.1403 ms
ProcessBlock/GuitarLSTM-libtorch-dynamic.onnx/bypass/128/iteration:32/repetition:4			0.1391 ms
ProcessBlock/GuitarLSTM-libtorch-dynamic.onnx/bypass/128/iteration:33/repetition:4			0.1355 ms
ProcessBlock/GuitarLSTM-libtorch-dynamic.onnx/bypass/128/iteration:34/repetition:4			0.1357 ms
ProcessBlock/GuitarLSTM-libtorch-dynamic.onnx/bypass/128/iteration:35/repetition:4			0.1383 ms
ProcessBlock/GuitarLSTM-libtorch-dynamic.onnx/bypass/128/iteration:36/repetition:4			0.1357 ms
ProcessBlock/GuitarLSTM-libtorch-dynamic.onnx/bypass/128/iteration:37/repetition:4			0.1356 ms
ProcessBlock/GuitarLSTM-libtorch-dynamic.onnx/bypass/128/iteration:38/repetition:4			0.1356 ms
ProcessBlock/GuitarLSTM-libtorch-dynamic.onnx/bypass/128/iteration:39/repetition:4			0.1362 ms
ProcessBlock/GuitarLSTM-libtorch-dynamic.onnx/bypass/128/iteration:40/repetition:4			0.1366 ms
ProcessBlock/GuitarLSTM-libtorch-dynamic.onnx/bypass/128/iteration:41/repetition:4			0.1358 ms
ProcessBlock/GuitarLSTM-libtorch-dynamic.onnx/bypass/128/iteration:42/repetition:4			0.1355 ms
ProcessBlock/GuitarLSTM-libtorch-dynamic.onnx/bypass/128/iteration:43/repetition:4			0.1359 ms
ProcessBlock/GuitarLSTM-libtorch-dynamic.onnx/bypass/128/iteration:44/repetition:4			0.1369 ms
ProcessBlock/GuitarLSTM-libtorch-dynamic.onnx/bypass/128/iteration:45/repetition:4			0.1385 ms
ProcessBlock/GuitarLSTM-libtorch-dynamic.onnx/bypass/128/iteration:46/repetition:4			0.1405 ms
ProcessBlock/GuitarLSTM-libtorch-dynamic.onnx/bypass/128/iteration:47/repetition:4			0.1358 ms
ProcessBlock/GuitarLSTM-libtorch-dynamic.onnx/bypass/128/iteration:48/repetition:4			0.1369 ms
ProcessBlock/GuitarLSTM-libtorch-dynamic.onnx/bypass/128/iteration:49/repetition:4			0.1456 ms
  Repetition 4/10: mean=0.1376 ms

[INFO] Anira version: 0.0.0-unknown
[WARNING] Session 64 requested more parallel processors than threads are available in Context. Using number of threads as number of parallel processors.
ProcessBlock/GuitarLSTM-libtorch-dynamic.onnx/bypass/128/iteration:0/repetition:5			0.1470 ms
ProcessBlock/GuitarLSTM-libtorch-dynamic.onnx/bypass/128/iteration:1/repetition:5			0.1380 ms
ProcessBlock/GuitarLSTM-libtorch-dynamic.onnx/bypass/128/iteration:2/repetition:5			0.1362 ms
ProcessBlock/GuitarLSTM-libtorch-dynamic.onnx/bypass/128/iteration:3/repetition:5			0.1375 ms
ProcessBlock/GuitarLSTM-libtorch-dynamic.onnx/bypass/128/iteration:4/repetition:5			0.1373 ms
ProcessBlock/GuitarLSTM-libtorch-dynamic.onnx/bypass/128/iteration:5/repetition:5			0.1414 ms
ProcessBlock/GuitarLSTM-libtorch-dynamic.onnx/bypass/128/iteration:6/repetition:5			0.1389 ms
ProcessBlock/GuitarLSTM-libtorch-dynamic.onnx/bypass/128/iteration:7/repetition:5			0.1364 ms
ProcessBlock/GuitarLSTM-libtorch-dynamic.onnx/bypass/128/iteration:8/repetition:5			0.1373 ms
ProcessBlock/GuitarLSTM-libtorch-dynamic.onnx/bypass/128/iteration:9/repetition:5			0.1366 ms
ProcessBlock/GuitarLSTM-libtorch-dynamic.onnx/bypass/128/iteration:10/repetition:5			0.1373 ms
ProcessBlock/GuitarLSTM-libtorch-dynamic.onnx/bypass/128/iteration:11/repetition:5			0.1371 ms
ProcessBlock/GuitarLSTM-libtorch-dynamic.onnx/bypass/128/iteration:12/repetition:5			0.1374 ms
ProcessBlock/GuitarLSTM-libtorch-dynamic.onnx/bypass/128/iteration:13/repetition:5			0.1361 ms
ProcessBlock/GuitarLSTM-libtorch-dynamic.onnx/bypass/128/iteration:14/repetition:5			0.1360 ms
ProcessBlock/GuitarLSTM-libtorch-dynamic.onnx/bypass/128/iteration:15/repetition:5			0.1385 ms
ProcessBlock/GuitarLSTM-libtorch-dynamic.onnx/bypass/128/iteration:16/repetition:5			0.1368 ms
ProcessBlock/GuitarLSTM-libtorch-dynamic.onnx/bypass/128/iteration:17/repetition:5			0.1367 ms
ProcessBlock/GuitarLSTM-libtorch-dynamic.onnx/bypass/128/iteration:18/repetition:5			0.1368 ms
ProcessBlock/GuitarLSTM-libtorch-dynamic.onnx/bypass/128/iteration:19/repetition:5			0.1360 ms
ProcessBlock/GuitarLSTM-libtorch-dynamic.onnx/bypass/128/iteration:20/repetition:5			0.1371 ms
ProcessBlock/GuitarLSTM-libtorch-dynamic.onnx/bypass/128/iteration:21/repetition:5			0.1378 ms
ProcessBlock/GuitarLSTM-libtorch-dynamic.onnx/bypass/128/iteration:22/repetition:5			0.1370 ms
ProcessBlock/GuitarLSTM-libtorch-dynamic.onnx/bypass/128/iteration:23/repetition:5			0.1374 ms
ProcessBlock/GuitarLSTM-libtorch-dynamic.onnx/bypass/128/iteration:24/repetition:5			0.1375 ms
ProcessBlock/GuitarLSTM-libtorch-dynamic.onnx/bypass/128/iteration:25/repetition:5			0.1363 ms
ProcessBlock/GuitarLSTM-libtorch-dynamic.onnx/bypass/128/iteration:26/repetition:5			0.1375 ms
ProcessBlock/GuitarLSTM-libtorch-dynamic.onnx/bypass/128/iteration:27/repetition:5			0.1370 ms
ProcessBlock/GuitarLSTM-libtorch-dynamic.onnx/bypass/128/iteration:28/repetition:5			0.1390 ms
ProcessBlock/GuitarLSTM-libtorch-dynamic.onnx/bypass/128/iteration:29/repetition:5			0.1390 ms
ProcessBlock/GuitarLSTM-libtorch-dynamic.onnx/bypass/128/iteration:30/repetition:5			0.1402 ms
ProcessBlock/GuitarLSTM-libtorch-dynamic.onnx/bypass/128/iteration:31/repetition:5			0.1355 ms
ProcessBlock/GuitarLSTM-libtorch-dynamic.onnx/bypass/128/iteration:32/repetition:5			0.1387 ms
ProcessBlock/GuitarLSTM-libtorch-dynamic.onnx/bypass/128/iteration:33/repetition:5			0.1395 ms
ProcessBlock/GuitarLSTM-libtorch-dynamic.onnx/bypass/128/iteration:34/repetition:5			0.1368 ms
ProcessBlock/GuitarLSTM-libtorch-dynamic.onnx/bypass/128/iteration:35/repetition:5			0.1376 ms
ProcessBlock/GuitarLSTM-libtorch-dynamic.onnx/bypass/128/iteration:36/repetition:5			0.1407 ms
ProcessBlock/GuitarLSTM-libtorch-dynamic.onnx/bypass/128/iteration:37/repetition:5			0.1395 ms
ProcessBlock/GuitarLSTM-libtorch-dynamic.onnx/bypass/128/iteration:38/repetition:5			0.1367 ms
ProcessBlock/GuitarLSTM-libtorch-dynamic.onnx/bypass/128/iteration:39/repetition:5			0.1363 ms
ProcessBlock/GuitarLSTM-libtorch-dynamic.onnx/bypass/128/iteration:40/repetition:5			0.1370 ms
ProcessBlock/GuitarLSTM-libtorch-dynamic.onnx/bypass/128/iteration:41/repetition:5			0.1379 ms
ProcessBlock/GuitarLSTM-libtorch-dynamic.onnx/bypass/128/iteration:42/repetition:5			0.1369 ms
ProcessBlock/GuitarLSTM-libtorch-dynamic.onnx/bypass/128/iteration:43/repetition:5			0.1358 ms
ProcessBlock/GuitarLSTM-libtorch-dynamic.onnx/bypass/128/iteration:44/repetition:5			0.1399 ms
ProcessBlock/GuitarLSTM-libtorch-dynamic.onnx/bypass/128/iteration:45/repetition:5			0.1368 ms
ProcessBlock/GuitarLSTM-libtorch-dynamic.onnx/bypass/128/iteration:46/repetition:5			0.1399 ms
ProcessBlock/GuitarLSTM-libtorch-dynamic.onnx/bypass/128/iteration:47/repetition:5			0.1398 ms
ProcessBlock/GuitarLSTM-libtorch-dynamic.onnx/bypass/128/iteration:48/repetition:5			0.1367 ms
ProcessBlock/GuitarLSTM-libtorch-dynamic.onnx/bypass/128/iteration:49/repetition:5			0.1375 ms
  Repetition 5/10: mean=0.1378 ms

[INFO] Anira version: 0.0.0-unknown
[WARNING] Session 65 requested more parallel processors than threads are available in Context. Using number of threads as number of parallel processors.
ProcessBlock/GuitarLSTM-libtorch-dynamic.onnx/bypass/128/iteration:0/repetition:6			0.1458 ms
ProcessBlock/GuitarLSTM-libtorch-dynamic.onnx/bypass/128/iteration:1/repetition:6			0.1369 ms
ProcessBlock/GuitarLSTM-libtorch-dynamic.onnx/bypass/128/iteration:2/repetition:6			0.1375 ms
ProcessBlock/GuitarLSTM-libtorch-dynamic.onnx/bypass/128/iteration:3/repetition:6			0.1371 ms
ProcessBlock/GuitarLSTM-libtorch-dynamic.onnx/bypass/128/iteration:4/repetition:6			0.1373 ms
ProcessBlock/GuitarLSTM-libtorch-dynamic.onnx/bypass/128/iteration:5/repetition:6			0.1390 ms
ProcessBlock/GuitarLSTM-libtorch-dynamic.onnx/bypass/128/iteration:6/repetition:6			0.1371 ms
ProcessBlock/GuitarLSTM-libtorch-dynamic.onnx/bypass/128/iteration:7/repetition:6			0.1400 ms
ProcessBlock/GuitarLSTM-libtorch-dynamic.onnx/bypass/128/iteration:8/repetition:6			0.1372 ms
ProcessBlock/GuitarLSTM-libtorch-dynamic.onnx/bypass/128/iteration:9/repetition:6			0.1398 ms
ProcessBlock/GuitarLSTM-libtorch-dynamic.onnx/bypass/128/iteration:10/repetition:6			0.1400 ms
ProcessBlock/GuitarLSTM-libtorch-dynamic.onnx/bypass/128/iteration:11/repetition:6			0.1365 ms
ProcessBlock/GuitarLSTM-libtorch-dynamic.onnx/bypass/128/iteration:12/repetition:6			0.1355 ms
ProcessBlock/GuitarLSTM-libtorch-dynamic.onnx/bypass/128/iteration:13/repetition:6			0.1359 ms
ProcessBlock/GuitarLSTM-libtorch-dynamic.onnx/bypass/128/iteration:14/repetition:6			0.1381 ms
ProcessBlock/GuitarLSTM-libtorch-dynamic.onnx/bypass/128/iteration:15/repetition:6			0.1393 ms
ProcessBlock/GuitarLSTM-libtorch-dynamic.onnx/bypass/128/iteration:16/repetition:6			0.1358 ms
ProcessBlock/GuitarLSTM-libtorch-dynamic.onnx/bypass/128/iteration:17/repetition:6			0.1377 ms
ProcessBlock/GuitarLSTM-libtorch-dynamic.onnx/bypass/128/iteration:18/repetition:6			0.1363 ms
ProcessBlock/GuitarLSTM-libtorch-dynamic.onnx/bypass/128/iteration:19/repetition:6			0.1357 ms
ProcessBlock/GuitarLSTM-libtorch-dynamic.onnx/bypass/128/iteration:20/repetition:6			0.1358 ms
ProcessBlock/GuitarLSTM-libtorch-dynamic.onnx/bypass/128/iteration:21/repetition:6			0.1357 ms
ProcessBlock/GuitarLSTM-libtorch-dynamic.onnx/bypass/128/iteration:22/repetition:6			0.1382 ms
ProcessBlock/GuitarLSTM-libtorch-dynamic.onnx/bypass/128/iteration:23/repetition:6			0.1357 ms
ProcessBlock/GuitarLSTM-libtorch-dynamic.onnx/bypass/128/iteration:24/repetition:6			0.1355 ms
ProcessBlock/GuitarLSTM-libtorch-dynamic.onnx/bypass/128/iteration:25/repetition:6			0.1356 ms
ProcessBlock/GuitarLSTM-libtorch-dynamic.onnx/bypass/128/iteration:26/repetition:6			0.1359 ms
ProcessBlock/GuitarLSTM-libtorch-dynamic.onnx/bypass/128/iteration:27/repetition:6			0.1354 ms
ProcessBlock/GuitarLSTM-libtorch-dynamic.onnx/bypass/128/iteration:28/repetition:6			0.1375 ms
ProcessBlock/GuitarLSTM-libtorch-dynamic.onnx/bypass/128/iteration:29/repetition:6			0.1405 ms
ProcessBlock/GuitarLSTM-libtorch-dynamic.onnx/bypass/128/iteration:30/repetition:6			0.1385 ms
ProcessBlock/GuitarLSTM-libtorch-dynamic.onnx/bypass/128/iteration:31/repetition:6			0.1369 ms
ProcessBlock/GuitarLSTM-libtorch-dynamic.onnx/bypass/128/iteration:32/repetition:6			0.1408 ms
ProcessBlock/GuitarLSTM-libtorch-dynamic.onnx/bypass/128/iteration:33/repetition:6			0.1415 ms
ProcessBlock/GuitarLSTM-libtorch-dynamic.onnx/bypass/128/iteration:34/repetition:6			0.1396 ms
ProcessBlock/GuitarLSTM-libtorch-dynamic.onnx/bypass/128/iteration:35/repetition:6			0.1368 ms
ProcessBlock/GuitarLSTM-libtorch-dynamic.onnx/bypass/128/iteration:36/repetition:6			0.1373 ms
ProcessBlock/GuitarLSTM-libtorch-dynamic.onnx/bypass/128/iteration:37/repetition:6			0.1368 ms
ProcessBlock/GuitarLSTM-libtorch-dynamic.onnx/bypass/128/iteration:38/repetition:6			0.1368 ms
ProcessBlock/GuitarLSTM-libtorch-dynamic.onnx/bypass/128/iteration:39/repetition:6			0.1370 ms
ProcessBlock/GuitarLSTM-libtorch-dynamic.onnx/bypass/128/iteration:40/repetition:6			0.1369 ms
ProcessBlock/GuitarLSTM-libtorch-dynamic.onnx/bypass/128/iteration:41/repetition:6			0.1371 ms
ProcessBlock/GuitarLSTM-libtorch-dynamic.onnx/bypass/128/iteration:42/repetition:6			0.1380 ms
ProcessBlock/GuitarLSTM-libtorch-dynamic.onnx/bypass/128/iteration:43/repetition:6			0.1403 ms
ProcessBlock/GuitarLSTM-libtorch-dynamic.onnx/bypass/128/iteration:44/repetition:6			0.1393 ms
ProcessBlock/GuitarLSTM-libtorch-dynamic.onnx/bypass/128/iteration:45/repetition:6			0.1369 ms
ProcessBlock/GuitarLSTM-libtorch-dynamic.onnx/bypass/128/iteration:46/repetition:6			0.1370 ms
ProcessBlock/GuitarLSTM-libtorch-dynamic.onnx/bypass/128/iteration:47/repetition:6			0.1384 ms
ProcessBlock/GuitarLSTM-libtorch-dynamic.onnx/bypass/128/iteration:48/repetition:6			0.1374 ms
ProcessBlock/GuitarLSTM-libtorch-dynamic.onnx/bypass/128/iteration:49/repetition:6			0.1373 ms
  Repetition 6/10: mean=0.1377 ms

[INFO] Anira version: 0.0.0-unknown
[WARNING] Session 66 requested more parallel processors than threads are available in Context. Using number of threads as number of parallel processors.
ProcessBlock/GuitarLSTM-libtorch-dynamic.onnx/bypass/128/iteration:0/repetition:7			0.1565 ms
ProcessBlock/GuitarLSTM-libtorch-dynamic.onnx/bypass/128/iteration:1/repetition:7			0.1370 ms
ProcessBlock/GuitarLSTM-libtorch-dynamic.onnx/bypass/128/iteration:2/repetition:7			0.1370 ms
ProcessBlock/GuitarLSTM-libtorch-dynamic.onnx/bypass/128/iteration:3/repetition:7			0.1371 ms
ProcessBlock/GuitarLSTM-libtorch-dynamic.onnx/bypass/128/iteration:4/repetition:7			0.1377 ms
ProcessBlock/GuitarLSTM-libtorch-dynamic.onnx/bypass/128/iteration:5/repetition:7			0.1374 ms
ProcessBlock/GuitarLSTM-libtorch-dynamic.onnx/bypass/128/iteration:6/repetition:7			0.1370 ms
ProcessBlock/GuitarLSTM-libtorch-dynamic.onnx/bypass/128/iteration:7/repetition:7			0.1370 ms
ProcessBlock/GuitarLSTM-libtorch-dynamic.onnx/bypass/128/iteration:8/repetition:7			0.1371 ms
ProcessBlock/GuitarLSTM-libtorch-dynamic.onnx/bypass/128/iteration:9/repetition:7			0.1369 ms
ProcessBlock/GuitarLSTM-libtorch-dynamic.onnx/bypass/128/iteration:10/repetition:7			0.1369 ms
ProcessBlock/GuitarLSTM-libtorch-dynamic.onnx/bypass/128/iteration:11/repetition:7			0.1370 ms
ProcessBlock/GuitarLSTM-libtorch-dynamic.onnx/bypass/128/iteration:12/repetition:7			0.1371 ms
ProcessBlock/GuitarLSTM-libtorch-dynamic.onnx/bypass/128/iteration:13/repetition:7			0.1418 ms
ProcessBlock/GuitarLSTM-libtorch-dynamic.onnx/bypass/128/iteration:14/repetition:7			0.1400 ms
ProcessBlock/GuitarLSTM-libtorch-dynamic.onnx/bypass/128/iteration:15/repetition:7			0.1356 ms
ProcessBlock/GuitarLSTM-libtorch-dynamic.onnx/bypass/128/iteration:16/repetition:7			0.1357 ms
ProcessBlock/GuitarLSTM-libtorch-dynamic.onnx/bypass/128/iteration:17/repetition:7			0.1356 ms
ProcessBlock/GuitarLSTM-libtorch-dynamic.onnx/bypass/128/iteration:18/repetition:7			0.1398 ms
ProcessBlock/GuitarLSTM-libtorch-dynamic.onnx/bypass/128/iteration:19/repetition:7			0.1388 ms
ProcessBlock/GuitarLSTM-libtorch-dynamic.onnx/bypass/128/iteration:20/repetition:7			0.1400 ms
ProcessBlock/GuitarLSTM-libtorch-dynamic.onnx/bypass/128/iteration:21/repetition:7			0.1359 ms
ProcessBlock/GuitarLSTM-libtorch-dynamic.onnx/bypass/128/iteration:22/repetition:7			0.1387 ms
ProcessBlock/GuitarLSTM-libtorch-dynamic.onnx/bypass/128/iteration:23/repetition:7			0.1368 ms
ProcessBlock/GuitarLSTM-libtorch-dynamic.onnx/bypass/128/iteration:24/repetition:7			0.1369 ms
ProcessBlock/GuitarLSTM-libtorch-dynamic.onnx/bypass/128/iteration:25/repetition:7			0.1393 ms
ProcessBlock/GuitarLSTM-libtorch-dynamic.onnx/bypass/128/iteration:26/repetition:7			0.1359 ms
ProcessBlock/GuitarLSTM-libtorch-dynamic.onnx/bypass/128/iteration:27/repetition:7			0.1399 ms
ProcessBlock/GuitarLSTM-libtorch-dynamic.onnx/bypass/128/iteration:28/repetition:7			0.1368 ms
ProcessBlock/GuitarLSTM-libtorch-dynamic.onnx/bypass/128/iteration:29/repetition:7			0.1397 ms
ProcessBlock/GuitarLSTM-libtorch-dynamic.onnx/bypass/128/iteration:30/repetition:7			0.1368 ms
ProcessBlock/GuitarLSTM-libtorch-dynamic.onnx/bypass/128/iteration:31/repetition:7			0.1357 ms
ProcessBlock/GuitarLSTM-libtorch-dynamic.onnx/bypass/128/iteration:32/repetition:7			0.1357 ms
ProcessBlock/GuitarLSTM-libtorch-dynamic.onnx/bypass/128/iteration:33/repetition:7			0.1370 ms
ProcessBlock/GuitarLSTM-libtorch-dynamic.onnx/bypass/128/iteration:34/repetition:7			0.1370 ms
ProcessBlock/GuitarLSTM-libtorch-dynamic.onnx/bypass/128/iteration:35/repetition:7			0.1357 ms
ProcessBlock/GuitarLSTM-libtorch-dynamic.onnx/bypass/128/iteration:36/repetition:7			0.1369 ms
ProcessBlock/GuitarLSTM-libtorch-dynamic.onnx/bypass/128/iteration:37/repetition:7			0.1358 ms
ProcessBlock/GuitarLSTM-libtorch-dynamic.onnx/bypass/128/iteration:38/repetition:7			0.1370 ms
ProcessBlock/GuitarLSTM-libtorch-dynamic.onnx/bypass/128/iteration:39/repetition:7			0.1369 ms
ProcessBlock/GuitarLSTM-libtorch-dynamic.onnx/bypass/128/iteration:40/repetition:7			0.1358 ms
ProcessBlock/GuitarLSTM-libtorch-dynamic.onnx/bypass/128/iteration:41/repetition:7			0.1371 ms
ProcessBlock/GuitarLSTM-libtorch-dynamic.onnx/bypass/128/iteration:42/repetition:7			0.1365 ms
ProcessBlock/GuitarLSTM-libtorch-dynamic.onnx/bypass/128/iteration:43/repetition:7			0.1359 ms
ProcessBlock/GuitarLSTM-libtorch-dynamic.onnx/bypass/128/iteration:44/repetition:7			0.1356 ms
ProcessBlock/GuitarLSTM-libtorch-dynamic.onnx/bypass/128/iteration:45/repetition:7			0.1371 ms
ProcessBlock/GuitarLSTM-libtorch-dynamic.onnx/bypass/128/iteration:46/repetition:7			0.1369 ms
ProcessBlock/GuitarLSTM-libtorch-dynamic.onnx/bypass/128/iteration:47/repetition:7			0.1357 ms
ProcessBlock/GuitarLSTM-libtorch-dynamic.onnx/bypass/128/iteration:48/repetition:7			0.1358 ms
ProcessBlock/GuitarLSTM-libtorch-dynamic.onnx/bypass/128/iteration:49/repetition:7			0.1371 ms
  Repetition 7/10: mean=0.1375 ms

[INFO] Anira version: 0.0.0-unknown
[WARNING] Session 67 requested more parallel processors than threads are available in Context. Using number of threads as number of parallel processors.
ProcessBlock/GuitarLSTM-libtorch-dynamic.onnx/bypass/128/iteration:0/repetition:8			0.1505 ms
ProcessBlock/GuitarLSTM-libtorch-dynamic.onnx/bypass/128/iteration:1/repetition:8			0.1372 ms
ProcessBlock/GuitarLSTM-libtorch-dynamic.onnx/bypass/128/iteration:2/repetition:8			0.1370 ms
ProcessBlock/GuitarLSTM-libtorch-dynamic.onnx/bypass/128/iteration:3/repetition:8			0.1400 ms
ProcessBlock/GuitarLSTM-libtorch-dynamic.onnx/bypass/128/iteration:4/repetition:8			0.1368 ms
ProcessBlock/GuitarLSTM-libtorch-dynamic.onnx/bypass/128/iteration:5/repetition:8			0.1369 ms
ProcessBlock/GuitarLSTM-libtorch-dynamic.onnx/bypass/128/iteration:6/repetition:8			0.1370 ms
ProcessBlock/GuitarLSTM-libtorch-dynamic.onnx/bypass/128/iteration:7/repetition:8			0.1369 ms
ProcessBlock/GuitarLSTM-libtorch-dynamic.onnx/bypass/128/iteration:8/repetition:8			0.1370 ms
ProcessBlock/GuitarLSTM-libtorch-dynamic.onnx/bypass/128/iteration:9/repetition:8			0.1370 ms
ProcessBlock/GuitarLSTM-libtorch-dynamic.onnx/bypass/128/iteration:10/repetition:8			0.1369 ms
ProcessBlock/GuitarLSTM-libtorch-dynamic.onnx/bypass/128/iteration:11/repetition:8			0.1371 ms
ProcessBlock/GuitarLSTM-libtorch-dynamic.onnx/bypass/128/iteration:12/repetition:8			0.1382 ms
ProcessBlock/GuitarLSTM-libtorch-dynamic.onnx/bypass/128/iteration:13/repetition:8			0.1424 ms
ProcessBlock/GuitarLSTM-libtorch-dynamic.onnx/bypass/128/iteration:14/repetition:8			0.1369 ms
ProcessBlock/GuitarLSTM-libtorch-dynamic.onnx/bypass/128/iteration:15/repetition:8			0.1357 ms
ProcessBlock/GuitarLSTM-libtorch-dynamic.onnx/bypass/128/iteration:16/repetition:8			0.1370 ms
ProcessBlock/GuitarLSTM-libtorch-dynamic.onnx/bypass/128/iteration:17/repetition:8			0.1370 ms
ProcessBlock/GuitarLSTM-libtorch-dynamic.onnx/bypass/128/iteration:18/repetition:8			0.1368 ms
ProcessBlock/GuitarLSTM-libtorch-dynamic.onnx/bypass/128/iteration:19/repetition:8			0.1358 ms
ProcessBlock/GuitarLSTM-libtorch-dynamic.onnx/bypass/128/iteration:20/repetition:8			0.1370 ms
ProcessBlock/GuitarLSTM-libtorch-dynamic.onnx/bypass/128/iteration:21/repetition:8			0.1373 ms
ProcessBlock/GuitarLSTM-libtorch-dynamic.onnx/bypass/128/iteration:22/repetition:8			0.1404 ms
ProcessBlock/GuitarLSTM-libtorch-dynamic.onnx/bypass/128/iteration:23/repetition:8			0.1358 ms
ProcessBlock/GuitarLSTM-libtorch-dynamic.onnx/bypass/128/iteration:24/repetition:8			0.1400 ms
ProcessBlock/GuitarLSTM-libtorch-dynamic.onnx/bypass/128/iteration:25/repetition:8			0.1368 ms
ProcessBlock/GuitarLSTM-libtorch-dynamic.onnx/bypass/128/iteration:26/repetition:8			0.1372 ms
ProcessBlock/GuitarLSTM-libtorch-dynamic.onnx/bypass/128/iteration:27/repetition:8			0.1412 ms
ProcessBlock/GuitarLSTM-libtorch-dynamic.onnx/bypass/128/iteration:28/repetition:8			0.1404 ms
ProcessBlock/GuitarLSTM-libtorch-dynamic.onnx/bypass/128/iteration:29/repetition:8			0.1372 ms
ProcessBlock/GuitarLSTM-libtorch-dynamic.onnx/bypass/128/iteration:30/repetition:8			0.1370 ms
ProcessBlock/GuitarLSTM-libtorch-dynamic.onnx/bypass/128/iteration:31/repetition:8			0.1370 ms
ProcessBlock/GuitarLSTM-libtorch-dynamic.onnx/bypass/128/iteration:32/repetition:8			0.1370 ms
ProcessBlock/GuitarLSTM-libtorch-dynamic.onnx/bypass/128/iteration:33/repetition:8			0.1368 ms
ProcessBlock/GuitarLSTM-libtorch-dynamic.onnx/bypass/128/iteration:34/repetition:8			0.1358 ms
ProcessBlock/GuitarLSTM-libtorch-dynamic.onnx/bypass/128/iteration:35/repetition:8			0.1372 ms
ProcessBlock/GuitarLSTM-libtorch-dynamic.onnx/bypass/128/iteration:36/repetition:8			0.1368 ms
ProcessBlock/GuitarLSTM-libtorch-dynamic.onnx/bypass/128/iteration:37/repetition:8			0.1398 ms
ProcessBlock/GuitarLSTM-libtorch-dynamic.onnx/bypass/128/iteration:38/repetition:8			0.1367 ms
ProcessBlock/GuitarLSTM-libtorch-dynamic.onnx/bypass/128/iteration:39/repetition:8			0.1358 ms
ProcessBlock/GuitarLSTM-libtorch-dynamic.onnx/bypass/128/iteration:40/repetition:8			0.1386 ms
ProcessBlock/GuitarLSTM-libtorch-dynamic.onnx/bypass/128/iteration:41/repetition:8			0.1414 ms
ProcessBlock/GuitarLSTM-libtorch-dynamic.onnx/bypass/128/iteration:42/repetition:8			0.1401 ms
ProcessBlock/GuitarLSTM-libtorch-dynamic.onnx/bypass/128/iteration:43/repetition:8			0.1385 ms
ProcessBlock/GuitarLSTM-libtorch-dynamic.onnx/bypass/128/iteration:44/repetition:8			0.1370 ms
ProcessBlock/GuitarLSTM-libtorch-dynamic.onnx/bypass/128/iteration:45/repetition:8			0.1370 ms
ProcessBlock/GuitarLSTM-libtorch-dynamic.onnx/bypass/128/iteration:46/repetition:8			0.1395 ms
ProcessBlock/GuitarLSTM-libtorch-dynamic.onnx/bypass/128/iteration:47/repetition:8			0.1370 ms
ProcessBlock/GuitarLSTM-libtorch-dynamic.onnx/bypass/128/iteration:48/repetition:8			0.1370 ms
ProcessBlock/GuitarLSTM-libtorch-dynamic.onnx/bypass/128/iteration:49/repetition:8			0.1369 ms
  Repetition 8/10: mean=0.1379 ms

[INFO] Anira version: 0.0.0-unknown
[WARNING] Session 68 requested more parallel processors than threads are available in Context. Using number of threads as number of parallel processors.
ProcessBlock/GuitarLSTM-libtorch-dynamic.onnx/bypass/128/iteration:0/repetition:9			0.1546 ms
ProcessBlock/GuitarLSTM-libtorch-dynamic.onnx/bypass/128/iteration:1/repetition:9			0.1371 ms
ProcessBlock/GuitarLSTM-libtorch-dynamic.onnx/bypass/128/iteration:2/repetition:9			0.1370 ms
ProcessBlock/GuitarLSTM-libtorch-dynamic.onnx/bypass/128/iteration:3/repetition:9			0.1370 ms
ProcessBlock/GuitarLSTM-libtorch-dynamic.onnx/bypass/128/iteration:4/repetition:9			0.1370 ms
ProcessBlock/GuitarLSTM-libtorch-dynamic.onnx/bypass/128/iteration:5/repetition:9			0.1369 ms
ProcessBlock/GuitarLSTM-libtorch-dynamic.onnx/bypass/128/iteration:6/repetition:9			0.1369 ms
ProcessBlock/GuitarLSTM-libtorch-dynamic.onnx/bypass/128/iteration:7/repetition:9			0.1357 ms
ProcessBlock/GuitarLSTM-libtorch-dynamic.onnx/bypass/128/iteration:8/repetition:9			0.1356 ms
ProcessBlock/GuitarLSTM-libtorch-dynamic.onnx/bypass/128/iteration:9/repetition:9			0.1370 ms
ProcessBlock/GuitarLSTM-libtorch-dynamic.onnx/bypass/128/iteration:10/repetition:9			0.1450 ms
ProcessBlock/GuitarLSTM-libtorch-dynamic.onnx/bypass/128/iteration:11/repetition:9			0.1433 ms
ProcessBlock/GuitarLSTM-libtorch-dynamic.onnx/bypass/128/iteration:12/repetition:9			0.1428 ms
ProcessBlock/GuitarLSTM-libtorch-dynamic.onnx/bypass/128/iteration:13/repetition:9			0.1369 ms
ProcessBlock/GuitarLSTM-libtorch-dynamic.onnx/bypass/128/iteration:14/repetition:9			0.1369 ms
ProcessBlock/GuitarLSTM-libtorch-dynamic.onnx/bypass/128/iteration:15/repetition:9			0.1369 ms
ProcessBlock/GuitarLSTM-libtorch-dynamic.onnx/bypass/128/iteration:16/repetition:9			0.1370 ms
ProcessBlock/GuitarLSTM-libtorch-dynamic.onnx/bypass/128/iteration:17/repetition:9			0.1370 ms
ProcessBlock/GuitarLSTM-libtorch-dynamic.onnx/bypass/128/iteration:18/repetition:9			0.1399 ms
ProcessBlock/GuitarLSTM-libtorch-dynamic.onnx/bypass/128/iteration:19/repetition:9			0.1368 ms
ProcessBlock/GuitarLSTM-libtorch-dynamic.onnx/bypass/128/iteration:20/repetition:9			0.1368 ms
ProcessBlock/GuitarLSTM-libtorch-dynamic.onnx/bypass/128/iteration:21/repetition:9			0.1370 ms
ProcessBlock/GuitarLSTM-libtorch-dynamic.onnx/bypass/128/iteration:22/repetition:9			0.1370 ms
ProcessBlock/GuitarLSTM-libtorch-dynamic.onnx/bypass/128/iteration:23/repetition:9			0.1384 ms
ProcessBlock/GuitarLSTM-libtorch-dynamic.onnx/bypass/128/iteration:24/repetition:9			0.1416 ms
ProcessBlock/GuitarLSTM-libtorch-dynamic.onnx/bypass/128/iteration:25/repetition:9			0.1441 ms
ProcessBlock/GuitarLSTM-libtorch-dynamic.onnx/bypass/128/iteration:26/repetition:9			0.1403 ms
ProcessBlock/GuitarLSTM-libtorch-dynamic.onnx/bypass/128/iteration:27/repetition:9			0.1369 ms
ProcessBlock/GuitarLSTM-libtorch-dynamic.onnx/bypass/128/iteration:28/repetition:9			0.1368 ms
ProcessBlock/GuitarLSTM-libtorch-dynamic.onnx/bypass/128/iteration:29/repetition:9			0.1370 ms
ProcessBlock/GuitarLSTM-libtorch-dynamic.onnx/bypass/128/iteration:30/repetition:9			0.1371 ms
ProcessBlock/GuitarLSTM-libtorch-dynamic.onnx/bypass/128/iteration:31/repetition:9			0.1378 ms
ProcessBlock/GuitarLSTM-libtorch-dynamic.onnx/bypass/128/iteration:32/repetition:9			0.1371 ms
ProcessBlock/GuitarLSTM-libtorch-dynamic.onnx/bypass/128/iteration:33/repetition:9			0.1367 ms
ProcessBlock/GuitarLSTM-libtorch-dynamic.onnx/bypass/128/iteration:34/repetition:9			0.1383 ms
ProcessBlock/GuitarLSTM-libtorch-dynamic.onnx/bypass/128/iteration:35/repetition:9			0.1389 ms
ProcessBlock/GuitarLSTM-libtorch-dynamic.onnx/bypass/128/iteration:36/repetition:9			0.1365 ms
ProcessBlock/GuitarLSTM-libtorch-dynamic.onnx/bypass/128/iteration:37/repetition:9			0.1369 ms
ProcessBlock/GuitarLSTM-libtorch-dynamic.onnx/bypass/128/iteration:38/repetition:9			0.1380 ms
ProcessBlock/GuitarLSTM-libtorch-dynamic.onnx/bypass/128/iteration:39/repetition:9			0.1363 ms
ProcessBlock/GuitarLSTM-libtorch-dynamic.onnx/bypass/128/iteration:40/repetition:9			0.1378 ms
ProcessBlock/GuitarLSTM-libtorch-dynamic.onnx/bypass/128/iteration:41/repetition:9			0.1358 ms
ProcessBlock/GuitarLSTM-libtorch-dynamic.onnx/bypass/128/iteration:42/repetition:9			0.1380 ms
ProcessBlock/GuitarLSTM-libtorch-dynamic.onnx/bypass/128/iteration:43/repetition:9			0.1373 ms
ProcessBlock/GuitarLSTM-libtorch-dynamic.onnx/bypass/128/iteration:44/repetition:9			0.1378 ms
ProcessBlock/GuitarLSTM-libtorch-dynamic.onnx/bypass/128/iteration:45/repetition:9			0.1362 ms
ProcessBlock/GuitarLSTM-libtorch-dynamic.onnx/bypass/128/iteration:46/repetition:9			0.1377 ms
ProcessBlock/GuitarLSTM-libtorch-dynamic.onnx/bypass/128/iteration:47/repetition:9			0.1363 ms
ProcessBlock/GuitarLSTM-libtorch-dynamic.onnx/bypass/128/iteration:48/repetition:9			0.1370 ms
ProcessBlock/GuitarLSTM-libtorch-dynamic.onnx/bypass/128/iteration:49/repetition:9			0.1369 ms
  Repetition 9/10: mean=0.1381 ms

[INFO] Anira version: 0.0.0-unknown
[WARNING] Session 69 requested more parallel processors than threads are available in Context. Using number of threads as number of parallel processors.
ProcessBlock/GuitarLSTM-libtorch-dynamic.onnx/bypass/128/iteration:0/repetition:10			0.1466 ms
ProcessBlock/GuitarLSTM-libtorch-dynamic.onnx/bypass/128/iteration:1/repetition:10			0.1369 ms
ProcessBlock/GuitarLSTM-libtorch-dynamic.onnx/bypass/128/iteration:2/repetition:10			0.1368 ms
ProcessBlock/GuitarLSTM-libtorch-dynamic.onnx/bypass/128/iteration:3/repetition:10			0.1368 ms
ProcessBlock/GuitarLSTM-libtorch-dynamic.onnx/bypass/128/iteration:4/repetition:10			0.1371 ms
ProcessBlock/GuitarLSTM-libtorch-dynamic.onnx/bypass/128/iteration:5/repetition:10			0.1370 ms
ProcessBlock/GuitarLSTM-libtorch-dynamic.onnx/bypass/128/iteration:6/repetition:10			0.1382 ms
ProcessBlock/GuitarLSTM-libtorch-dynamic.onnx/bypass/128/iteration:7/repetition:10			0.1379 ms
ProcessBlock/GuitarLSTM-libtorch-dynamic.onnx/bypass/128/iteration:8/repetition:10			0.1359 ms
ProcessBlock/GuitarLSTM-libtorch-dynamic.onnx/bypass/128/iteration:9/repetition:10			0.1373 ms
ProcessBlock/GuitarLSTM-libtorch-dynamic.onnx/bypass/128/iteration:10/repetition:10			0.1388 ms
ProcessBlock/GuitarLSTM-libtorch-dynamic.onnx/bypass/128/iteration:11/repetition:10			0.1365 ms
ProcessBlock/GuitarLSTM-libtorch-dynamic.onnx/bypass/128/iteration:12/repetition:10			0.1368 ms
ProcessBlock/GuitarLSTM-libtorch-dynamic.onnx/bypass/128/iteration:13/repetition:10			0.1369 ms
ProcessBlock/GuitarLSTM-libtorch-dynamic.onnx/bypass/128/iteration:14/repetition:10			0.1371 ms
ProcessBlock/GuitarLSTM-libtorch-dynamic.onnx/bypass/128/iteration:15/repetition:10			0.1385 ms
ProcessBlock/GuitarLSTM-libtorch-dynamic.onnx/bypass/128/iteration:16/repetition:10			0.1378 ms
ProcessBlock/GuitarLSTM-libtorch-dynamic.onnx/bypass/128/iteration:17/repetition:10			0.1370 ms
ProcessBlock/GuitarLSTM-libtorch-dynamic.onnx/bypass/128/iteration:18/repetition:10			0.1399 ms
ProcessBlock/GuitarLSTM-libtorch-dynamic.onnx/bypass/128/iteration:19/repetition:10			0.1382 ms
ProcessBlock/GuitarLSTM-libtorch-dynamic.onnx/bypass/128/iteration:20/repetition:10			0.1368 ms
ProcessBlock/GuitarLSTM-libtorch-dynamic.onnx/bypass/128/iteration:21/repetition:10			0.1379 ms
ProcessBlock/GuitarLSTM-libtorch-dynamic.onnx/bypass/128/iteration:22/repetition:10			0.1383 ms
ProcessBlock/GuitarLSTM-libtorch-dynamic.onnx/bypass/128/iteration:23/repetition:10			0.1411 ms
ProcessBlock/GuitarLSTM-libtorch-dynamic.onnx/bypass/128/iteration:24/repetition:10			0.1368 ms
ProcessBlock/GuitarLSTM-libtorch-dynamic.onnx/bypass/128/iteration:25/repetition:10			0.1390 ms
ProcessBlock/GuitarLSTM-libtorch-dynamic.onnx/bypass/128/iteration:26/repetition:10			0.1406 ms
ProcessBlock/GuitarLSTM-libtorch-dynamic.onnx/bypass/128/iteration:27/repetition:10			0.1366 ms
ProcessBlock/GuitarLSTM-libtorch-dynamic.onnx/bypass/128/iteration:28/repetition:10			0.1368 ms
ProcessBlock/GuitarLSTM-libtorch-dynamic.onnx/bypass/128/iteration:29/repetition:10			0.1372 ms
ProcessBlock/GuitarLSTM-libtorch-dynamic.onnx/bypass/128/iteration:30/repetition:10			0.1410 ms
ProcessBlock/GuitarLSTM-libtorch-dynamic.onnx/bypass/128/iteration:31/repetition:10			0.1368 ms
ProcessBlock/GuitarLSTM-libtorch-dynamic.onnx/bypass/128/iteration:32/repetition:10			0.1398 ms
ProcessBlock/GuitarLSTM-libtorch-dynamic.onnx/bypass/128/iteration:33/repetition:10			0.1368 ms
ProcessBlock/GuitarLSTM-libtorch-dynamic.onnx/bypass/128/iteration:34/repetition:10			0.1370 ms
ProcessBlock/GuitarLSTM-libtorch-dynamic.onnx/bypass/128/iteration:35/repetition:10			0.1380 ms
ProcessBlock/GuitarLSTM-libtorch-dynamic.onnx/bypass/128/iteration:36/repetition:10			0.1373 ms
ProcessBlock/GuitarLSTM-libtorch-dynamic.onnx/bypass/128/iteration:37/repetition:10			0.1370 ms
ProcessBlock/GuitarLSTM-libtorch-dynamic.onnx/bypass/128/iteration:38/repetition:10			0.1370 ms
ProcessBlock/GuitarLSTM-libtorch-dynamic.onnx/bypass/128/iteration:39/repetition:10			0.1417 ms
ProcessBlock/GuitarLSTM-libtorch-dynamic.onnx/bypass/128/iteration:40/repetition:10			0.1403 ms
ProcessBlock/GuitarLSTM-libtorch-dynamic.onnx/bypass/128/iteration:41/repetition:10			0.1371 ms
ProcessBlock/GuitarLSTM-libtorch-dynamic.onnx/bypass/128/iteration:42/repetition:10			0.1370 ms
ProcessBlock/GuitarLSTM-libtorch-dynamic.onnx/bypass/128/iteration:43/repetition:10			0.1370 ms
ProcessBlock/GuitarLSTM-libtorch-dynamic.onnx/bypass/128/iteration:44/repetition:10			0.1370 ms
ProcessBlock/GuitarLSTM-libtorch-dynamic.onnx/bypass/128/iteration:45/repetition:10			0.1369 ms
ProcessBlock/GuitarLSTM-libtorch-dynamic.onnx/bypass/128/iteration:46/repetition:10			0.1370 ms
ProcessBlock/GuitarLSTM-libtorch-dynamic.onnx/bypass/128/iteration:47/repetition:10			0.1370 ms
ProcessBlock/GuitarLSTM-libtorch-dynamic.onnx/bypass/128/iteration:48/repetition:10			0.1369 ms
ProcessBlock/GuitarLSTM-libtorch-dynamic.onnx/bypass/128/iteration:49/repetition:10			0.1371 ms
  Repetition 10/10: mean=0.1379 ms


Aggregate (500 total iterations):
  ProcessBlock/GuitarLSTM-libtorch-dynamic.onnx/bypass: mean=0.1374 ms, min=0.1337 ms, max=0.1565 ms, p99.9=0.1546 ms

----------------------------------------------------------------------------------------------------------------------------------------

----------------------------------------------------------------------------------------------------------------------------------------
Model: GuitarLSTM-libtorch-dynamic.onnx | Run: onnx | Host Sample Rate: 44100 Hz | Host Buffer Size: 128 = 2.9025 ms
----------------------------------------------------------------------------------------------------------------------------------------

Benchmark: 10 repetitions x 50 iterations

[INFO] Anira version: 0.0.0-unknown
[WARNING] Session 70 requested more parallel processors than threads are available in Context. Using number of threads as number of parallel processors.
ProcessBlock/GuitarLSTM-libtorch-dynamic.onnx/onnx/128/iteration:0/repetition:1			1.3503 ms
ProcessBlock/GuitarLSTM-libtorch-dynamic.onnx/onnx/128/iteration:1/repetition:1			0.5286 ms
ProcessBlock/GuitarLSTM-libtorch-dynamic.onnx/onnx/128/iteration:2/repetition:1			0.5227 ms
ProcessBlock/GuitarLSTM-libtorch-dynamic.onnx/onnx/128/iteration:3/repetition:1			0.5175 ms
ProcessBlock/GuitarLSTM-libtorch-dynamic.onnx/onnx/128/iteration:4/repetition:1			0.5195 ms
ProcessBlock/GuitarLSTM-libtorch-dynamic.onnx/onnx/128/iteration:5/repetition:1			0.5232 ms
ProcessBlock/GuitarLSTM-libtorch-dynamic.onnx/onnx/128/iteration:6/repetition:1			0.5201 ms
ProcessBlock/GuitarLSTM-libtorch-dynamic.onnx/onnx/128/iteration:7/repetition:1			0.5170 ms
ProcessBlock/GuitarLSTM-libtorch-dynamic.onnx/onnx/128/iteration:8/repetition:1			0.5206 ms
ProcessBlock/GuitarLSTM-libtorch-dynamic.onnx/onnx/128/iteration:9/repetition:1			0.5195 ms
ProcessBlock/GuitarLSTM-libtorch-dynamic.onnx/onnx/128/iteration:10/repetition:1			0.5175 ms
ProcessBlock/GuitarLSTM-libtorch-dynamic.onnx/onnx/128/iteration:11/repetition:1			0.5368 ms
ProcessBlock/GuitarLSTM-libtorch-dynamic.onnx/onnx/128/iteration:12/repetition:1			0.5226 ms
ProcessBlock/GuitarLSTM-libtorch-dynamic.onnx/onnx/128/iteration:13/repetition:1			0.5240 ms
ProcessBlock/GuitarLSTM-libtorch-dynamic.onnx/onnx/128/iteration:14/repetition:1			0.5215 ms
ProcessBlock/GuitarLSTM-libtorch-dynamic.onnx/onnx/128/iteration:15/repetition:1			0.5242 ms
ProcessBlock/GuitarLSTM-libtorch-dynamic.onnx/onnx/128/iteration:16/repetition:1			0.5246 ms
ProcessBlock/GuitarLSTM-libtorch-dynamic.onnx/onnx/128/iteration:17/repetition:1			0.5317 ms
ProcessBlock/GuitarLSTM-libtorch-dynamic.onnx/onnx/128/iteration:18/repetition:1			0.5335 ms
ProcessBlock/GuitarLSTM-libtorch-dynamic.onnx/onnx/128/iteration:19/repetition:1			0.5239 ms
ProcessBlock/GuitarLSTM-libtorch-dynamic.onnx/onnx/128/iteration:20/repetition:1			0.5271 ms
ProcessBlock/GuitarLSTM-libtorch-dynamic.onnx/onnx/128/iteration:21/repetition:1			0.5265 ms
ProcessBlock/GuitarLSTM-libtorch-dynamic.onnx/onnx/128/iteration:22/repetition:1			0.5199 ms
ProcessBlock/GuitarLSTM-libtorch-dynamic.onnx/onnx/128/iteration:23/repetition:1			0.5185 ms
ProcessBlock/GuitarLSTM-libtorch-dynamic.onnx/onnx/128/iteration:24/repetition:1			0.5188 ms
ProcessBlock/GuitarLSTM-libtorch-dynamic.onnx/onnx/128/iteration:25/repetition:1			0.5172 ms
ProcessBlock/GuitarLSTM-libtorch-dynamic.onnx/onnx/128/iteration:26/repetition:1			0.5152 ms
ProcessBlock/GuitarLSTM-libtorch-dynamic.onnx/onnx/128/iteration:27/repetition:1			0.5190 ms
ProcessBlock/GuitarLSTM-libtorch-dynamic.onnx/onnx/128/iteration:28/repetition:1			0.5196 ms
ProcessBlock/GuitarLSTM-libtorch-dynamic.onnx/onnx/128/iteration:29/repetition:1			0.5222 ms
ProcessBlock/GuitarLSTM-libtorch-dynamic.onnx/onnx/128/iteration:30/repetition:1			0.5229 ms
ProcessBlock/GuitarLSTM-libtorch-dynamic.onnx/onnx/128/iteration:31/repetition:1			0.5159 ms
ProcessBlock/GuitarLSTM-libtorch-dynamic.onnx/onnx/128/iteration:32/repetition:1			0.5160 ms
ProcessBlock/GuitarLSTM-libtorch-dynamic.onnx/onnx/128/iteration:33/repetition:1			0.5154 ms
ProcessBlock/GuitarLSTM-libtorch-dynamic.onnx/onnx/128/iteration:34/repetition:1			0.5159 ms
ProcessBlock/GuitarLSTM-libtorch-dynamic.onnx/onnx/128/iteration:35/repetition:1			0.5181 ms
ProcessBlock/GuitarLSTM-libtorch-dynamic.onnx/onnx/128/iteration:36/repetition:1			0.5219 ms
ProcessBlock/GuitarLSTM-libtorch-dynamic.onnx/onnx/128/iteration:37/repetition:1			0.5365 ms
ProcessBlock/GuitarLSTM-libtorch-dynamic.onnx/onnx/128/iteration:38/repetition:1			0.5174 ms
ProcessBlock/GuitarLSTM-libtorch-dynamic.onnx/onnx/128/iteration:39/repetition:1			0.5168 ms
ProcessBlock/GuitarLSTM-libtorch-dynamic.onnx/onnx/128/iteration:40/repetition:1			0.5195 ms
ProcessBlock/GuitarLSTM-libtorch-dynamic.onnx/onnx/128/iteration:41/repetition:1			0.5165 ms
ProcessBlock/GuitarLSTM-libtorch-dynamic.onnx/onnx/128/iteration:42/repetition:1			0.5192 ms
ProcessBlock/GuitarLSTM-libtorch-dynamic.onnx/onnx/128/iteration:43/repetition:1			0.5201 ms
ProcessBlock/GuitarLSTM-libtorch-dynamic.onnx/onnx/128/iteration:44/repetition:1			0.5148 ms
ProcessBlock/GuitarLSTM-libtorch-dynamic.onnx/onnx/128/iteration:45/repetition:1			0.5260 ms
ProcessBlock/GuitarLSTM-libtorch-dynamic.onnx/onnx/128/iteration:46/repetition:1			0.5207 ms
ProcessBlock/GuitarLSTM-libtorch-dynamic.onnx/onnx/128/iteration:47/repetition:1			0.5230 ms
ProcessBlock/GuitarLSTM-libtorch-dynamic.onnx/onnx/128/iteration:48/repetition:1			0.5187 ms
ProcessBlock/GuitarLSTM-libtorch-dynamic.onnx/onnx/128/iteration:49/repetition:1			0.5151 ms
  Repetition 1/10: mean=0.5379 ms

[INFO] Anira version: 0.0.0-unknown
[WARNING] Session 71 requested more parallel processors than threads are available in Context. Using number of threads as number of parallel processors.
ProcessBlock/GuitarLSTM-libtorch-dynamic.onnx/onnx/128/iteration:0/repetition:2			0.5411 ms
ProcessBlock/GuitarLSTM-libtorch-dynamic.onnx/onnx/128/iteration:1/repetition:2			0.5228 ms
ProcessBlock/GuitarLSTM-libtorch-dynamic.onnx/onnx/128/iteration:2/repetition:2			0.5207 ms
ProcessBlock/GuitarLSTM-libtorch-dynamic.onnx/onnx/128/iteration:3/repetition:2			0.5198 ms
ProcessBlock/GuitarLSTM-libtorch-dynamic.onnx/onnx/128/iteration:4/repetition:2			0.5195 ms
ProcessBlock/GuitarLSTM-libtorch-dynamic.onnx/onnx/128/iteration:5/repetition:2			0.5195 ms
ProcessBlock/GuitarLSTM-libtorch-dynamic.onnx/onnx/128/iteration:6/repetition:2			0.5200 ms
ProcessBlock/GuitarLSTM-libtorch-dynamic.onnx/onnx/128/iteration:7/repetition:2			0.5191 ms
ProcessBlock/GuitarLSTM-libtorch-dynamic.onnx/onnx/128/iteration:8/repetition:2			0.5165 ms
ProcessBlock/GuitarLSTM-libtorch-dynamic.onnx/onnx/128/iteration:9/repetition:2			0.5180 ms
ProcessBlock/GuitarLSTM-libtorch-dynamic.onnx/onnx/128/iteration:10/repetition:2			0.5208 ms
ProcessBlock/GuitarLSTM-libtorch-dynamic.onnx/onnx/128/iteration:11/repetition:2			0.5193 ms
ProcessBlock/GuitarLSTM-libtorch-dynamic.onnx/onnx/128/iteration:12/repetition:2			0.5173 ms
ProcessBlock/GuitarLSTM-libtorch-dynamic.onnx/onnx/128/iteration:13/repetition:2			0.5252 ms
ProcessBlock/GuitarLSTM-libtorch-dynamic.onnx/onnx/128/iteration:14/repetition:2			0.5194 ms
ProcessBlock/GuitarLSTM-libtorch-dynamic.onnx/onnx/128/iteration:15/repetition:2			0.5253 ms
ProcessBlock/GuitarLSTM-libtorch-dynamic.onnx/onnx/128/iteration:16/repetition:2			0.5155 ms
ProcessBlock/GuitarLSTM-libtorch-dynamic.onnx/onnx/128/iteration:17/repetition:2			0.5239 ms
ProcessBlock/GuitarLSTM-libtorch-dynamic.onnx/onnx/128/iteration:18/repetition:2			0.5188 ms
ProcessBlock/GuitarLSTM-libtorch-dynamic.onnx/onnx/128/iteration:19/repetition:2			0.5168 ms
ProcessBlock/GuitarLSTM-libtorch-dynamic.onnx/onnx/128/iteration:20/repetition:2			0.5205 ms
ProcessBlock/GuitarLSTM-libtorch-dynamic.onnx/onnx/128/iteration:21/repetition:2			0.5208 ms
ProcessBlock/GuitarLSTM-libtorch-dynamic.onnx/onnx/128/iteration:22/repetition:2			0.5190 ms
ProcessBlock/GuitarLSTM-libtorch-dynamic.onnx/onnx/128/iteration:23/repetition:2			0.5177 ms
ProcessBlock/GuitarLSTM-libtorch-dynamic.onnx/onnx/128/iteration:24/repetition:2			0.5168 ms
ProcessBlock/GuitarLSTM-libtorch-dynamic.onnx/onnx/128/iteration:25/repetition:2			0.5274 ms
ProcessBlock/GuitarLSTM-libtorch-dynamic.onnx/onnx/128/iteration:26/repetition:2			0.5197 ms
ProcessBlock/GuitarLSTM-libtorch-dynamic.onnx/onnx/128/iteration:27/repetition:2			0.5168 ms
ProcessBlock/GuitarLSTM-libtorch-dynamic.onnx/onnx/128/iteration:28/repetition:2			0.5228 ms
ProcessBlock/GuitarLSTM-libtorch-dynamic.onnx/onnx/128/iteration:29/repetition:2			0.5200 ms
ProcessBlock/GuitarLSTM-libtorch-dynamic.onnx/onnx/128/iteration:30/repetition:2			0.5165 ms
ProcessBlock/GuitarLSTM-libtorch-dynamic.onnx/onnx/128/iteration:31/repetition:2			0.5255 ms
ProcessBlock/GuitarLSTM-libtorch-dynamic.onnx/onnx/128/iteration:32/repetition:2			0.5192 ms
ProcessBlock/GuitarLSTM-libtorch-dynamic.onnx/onnx/128/iteration:33/repetition:2			0.5270 ms
ProcessBlock/GuitarLSTM-libtorch-dynamic.onnx/onnx/128/iteration:34/repetition:2			0.5186 ms
ProcessBlock/GuitarLSTM-libtorch-dynamic.onnx/onnx/128/iteration:35/repetition:2			0.5166 ms
ProcessBlock/GuitarLSTM-libtorch-dynamic.onnx/onnx/128/iteration:36/repetition:2			0.5182 ms
ProcessBlock/GuitarLSTM-libtorch-dynamic.onnx/onnx/128/iteration:37/repetition:2			0.5190 ms
ProcessBlock/GuitarLSTM-libtorch-dynamic.onnx/onnx/128/iteration:38/repetition:2			0.5165 ms
ProcessBlock/GuitarLSTM-libtorch-dynamic.onnx/onnx/128/iteration:39/repetition:2			0.5183 ms
ProcessBlock/GuitarLSTM-libtorch-dynamic.onnx/onnx/128/iteration:40/repetition:2			0.5198 ms
ProcessBlock/GuitarLSTM-libtorch-dynamic.onnx/onnx/128/iteration:41/repetition:2			0.5286 ms
ProcessBlock/GuitarLSTM-libtorch-dynamic.onnx/onnx/128/iteration:42/repetition:2			0.5182 ms
ProcessBlock/GuitarLSTM-libtorch-dynamic.onnx/onnx/128/iteration:43/repetition:2			0.5170 ms
ProcessBlock/GuitarLSTM-libtorch-dynamic.onnx/onnx/128/iteration:44/repetition:2			0.5191 ms
ProcessBlock/GuitarLSTM-libtorch-dynamic.onnx/onnx/128/iteration:45/repetition:2			0.5172 ms
ProcessBlock/GuitarLSTM-libtorch-dynamic.onnx/onnx/128/iteration:46/repetition:2			0.5188 ms
ProcessBlock/GuitarLSTM-libtorch-dynamic.onnx/onnx/128/iteration:47/repetition:2			0.5190 ms
ProcessBlock/GuitarLSTM-libtorch-dynamic.onnx/onnx/128/iteration:48/repetition:2			0.5195 ms
ProcessBlock/GuitarLSTM-libtorch-dynamic.onnx/onnx/128/iteration:49/repetition:2			0.5366 ms
  Repetition 2/10: mean=0.5206 ms

[INFO] Anira version: 0.0.0-unknown
[WARNING] Session 72 requested more parallel processors than threads are available in Context. Using number of threads as number of parallel processors.
ProcessBlock/GuitarLSTM-libtorch-dynamic.onnx/onnx/128/iteration:0/repetition:3			0.5691 ms
ProcessBlock/GuitarLSTM-libtorch-dynamic.onnx/onnx/128/iteration:1/repetition:3			0.5463 ms
ProcessBlock/GuitarLSTM-libtorch-dynamic.onnx/onnx/128/iteration:2/repetition:3			0.5241 ms
ProcessBlock/GuitarLSTM-libtorch-dynamic.onnx/onnx/128/iteration:3/repetition:3			0.5228 ms
ProcessBlock/GuitarLSTM-libtorch-dynamic.onnx/onnx/128/iteration:4/repetition:3			0.5228 ms
ProcessBlock/GuitarLSTM-libtorch-dynamic.onnx/onnx/128/iteration:5/repetition:3			0.5219 ms
ProcessBlock/GuitarLSTM-libtorch-dynamic.onnx/onnx/128/iteration:6/repetition:3			0.5190 ms
ProcessBlock/GuitarLSTM-libtorch-dynamic.onnx/onnx/128/iteration:7/repetition:3			0.5177 ms
ProcessBlock/GuitarLSTM-libtorch-dynamic.onnx/onnx/128/iteration:8/repetition:3			0.5163 ms
ProcessBlock/GuitarLSTM-libtorch-dynamic.onnx/onnx/128/iteration:9/repetition:3			0.5422 ms
ProcessBlock/GuitarLSTM-libtorch-dynamic.onnx/onnx/128/iteration:10/repetition:3			0.5208 ms
ProcessBlock/GuitarLSTM-libtorch-dynamic.onnx/onnx/128/iteration:11/repetition:3			0.5186 ms
ProcessBlock/GuitarLSTM-libtorch-dynamic.onnx/onnx/128/iteration:12/repetition:3			0.5184 ms
ProcessBlock/GuitarLSTM-libtorch-dynamic.onnx/onnx/128/iteration:13/repetition:3			0.5255 ms
ProcessBlock/GuitarLSTM-libtorch-dynamic.onnx/onnx/128/iteration:14/repetition:3			0.5232 ms
ProcessBlock/GuitarLSTM-libtorch-dynamic.onnx/onnx/128/iteration:15/repetition:3			0.5198 ms
ProcessBlock/GuitarLSTM-libtorch-dynamic.onnx/onnx/128/iteration:16/repetition:3			0.5214 ms
ProcessBlock/GuitarLSTM-libtorch-dynamic.onnx/onnx/128/iteration:17/repetition:3			0.5177 ms
ProcessBlock/GuitarLSTM-libtorch-dynamic.onnx/onnx/128/iteration:18/repetition:3			0.5202 ms
ProcessBlock/GuitarLSTM-libtorch-dynamic.onnx/onnx/128/iteration:19/repetition:3			0.5216 ms
ProcessBlock/GuitarLSTM-libtorch-dynamic.onnx/onnx/128/iteration:20/repetition:3			0.5202 ms
ProcessBlock/GuitarLSTM-libtorch-dynamic.onnx/onnx/128/iteration:21/repetition:3			0.5169 ms
ProcessBlock/GuitarLSTM-libtorch-dynamic.onnx/onnx/128/iteration:22/repetition:3			0.5203 ms
ProcessBlock/GuitarLSTM-libtorch-dynamic.onnx/onnx/128/iteration:23/repetition:3			0.5208 ms
ProcessBlock/GuitarLSTM-libtorch-dynamic.onnx/onnx/128/iteration:24/repetition:3			0.5200 ms
ProcessBlock/GuitarLSTM-libtorch-dynamic.onnx/onnx/128/iteration:25/repetition:3			0.5205 ms
ProcessBlock/GuitarLSTM-libtorch-dynamic.onnx/onnx/128/iteration:26/repetition:3			0.5182 ms
ProcessBlock/GuitarLSTM-libtorch-dynamic.onnx/onnx/128/iteration:27/repetition:3			0.5189 ms
ProcessBlock/GuitarLSTM-libtorch-dynamic.onnx/onnx/128/iteration:28/repetition:3			0.5175 ms
ProcessBlock/GuitarLSTM-libtorch-dynamic.onnx/onnx/128/iteration:29/repetition:3			0.5193 ms
ProcessBlock/GuitarLSTM-libtorch-dynamic.onnx/onnx/128/iteration:30/repetition:3			0.5200 ms
ProcessBlock/GuitarLSTM-libtorch-dynamic.onnx/onnx/128/iteration:31/repetition:3			0.5180 ms
ProcessBlock/GuitarLSTM-libtorch-dynamic.onnx/onnx/128/iteration:32/repetition:3			0.5378 ms
ProcessBlock/GuitarLSTM-libtorch-dynamic.onnx/onnx/128/iteration:33/repetition:3			0.5260 ms
ProcessBlock/GuitarLSTM-libtorch-dynamic.onnx/onnx/128/iteration:34/repetition:3			0.5315 ms
ProcessBlock/GuitarLSTM-libtorch-dynamic.onnx/onnx/128/iteration:35/repetition:3			0.5335 ms
ProcessBlock/GuitarLSTM-libtorch-dynamic.onnx/onnx/128/iteration:36/repetition:3			0.5327 ms
ProcessBlock/GuitarLSTM-libtorch-dynamic.onnx/onnx/128/iteration:37/repetition:3			0.5347 ms
ProcessBlock/GuitarLSTM-libtorch-dynamic.onnx/onnx/128/iteration:38/repetition:3			0.5179 ms
ProcessBlock/GuitarLSTM-libtorch-dynamic.onnx/onnx/128/iteration:39/repetition:3			0.5248 ms
ProcessBlock/GuitarLSTM-libtorch-dynamic.onnx/onnx/128/iteration:40/repetition:3			0.5264 ms
ProcessBlock/GuitarLSTM-libtorch-dynamic.onnx/onnx/128/iteration:41/repetition:3			0.5302 ms
ProcessBlock/GuitarLSTM-libtorch-dynamic.onnx/onnx/128/iteration:42/repetition:3			0.5208 ms
ProcessBlock/GuitarLSTM-libtorch-dynamic.onnx/onnx/128/iteration:43/repetition:3			0.5258 ms
ProcessBlock/GuitarLSTM-libtorch-dynamic.onnx/onnx/128/iteration:44/repetition:3			0.5212 ms
ProcessBlock/GuitarLSTM-libtorch-dynamic.onnx/onnx/128/iteration:45/repetition:3			0.5218 ms
ProcessBlock/GuitarLSTM-libtorch-dynamic.onnx/onnx/128/iteration:46/repetition:3			0.5199 ms
ProcessBlock/GuitarLSTM-libtorch-dynamic.onnx/onnx/128/iteration:47/repetition:3			0.5183 ms
ProcessBlock/GuitarLSTM-libtorch-dynamic.onnx/onnx/128/iteration:48/repetition:3			0.5235 ms
ProcessBlock/GuitarLSTM-libtorch-dynamic.onnx/onnx/128/iteration:49/repetition:3			0.5184 ms
  Repetition 3/10: mean=0.5241 ms

[INFO] Anira version: 0.0.0-unknown
[WARNING] Session 73 requested more parallel processors than threads are available in Context. Using number of threads as number of parallel processors.
ProcessBlock/GuitarLSTM-libtorch-dynamic.onnx/onnx/128/iteration:0/repetition:4			0.5389 ms
ProcessBlock/GuitarLSTM-libtorch-dynamic.onnx/onnx/128/iteration:1/repetition:4			0.5275 ms
ProcessBlock/GuitarLSTM-libtorch-dynamic.onnx/onnx/128/iteration:2/repetition:4			0.5194 ms
ProcessBlock/GuitarLSTM-libtorch-dynamic.onnx/onnx/128/iteration:3/repetition:4			0.5184 ms
ProcessBlock/GuitarLSTM-libtorch-dynamic.onnx/onnx/128/iteration:4/repetition:4			0.5210 ms
ProcessBlock/GuitarLSTM-libtorch-dynamic.onnx/onnx/128/iteration:5/repetition:4			0.5169 ms
ProcessBlock/GuitarLSTM-libtorch-dynamic.onnx/onnx/128/iteration:6/repetition:4			0.5169 ms
ProcessBlock/GuitarLSTM-libtorch-dynamic.onnx/onnx/128/iteration:7/repetition:4			0.5193 ms
ProcessBlock/GuitarLSTM-libtorch-dynamic.onnx/onnx/128/iteration:8/repetition:4			0.5199 ms
ProcessBlock/GuitarLSTM-libtorch-dynamic.onnx/onnx/128/iteration:9/repetition:4			0.5426 ms
ProcessBlock/GuitarLSTM-libtorch-dynamic.onnx/onnx/128/iteration:10/repetition:4			0.5253 ms
ProcessBlock/GuitarLSTM-libtorch-dynamic.onnx/onnx/128/iteration:11/repetition:4			0.5267 ms
ProcessBlock/GuitarLSTM-libtorch-dynamic.onnx/onnx/128/iteration:12/repetition:4			0.5339 ms
ProcessBlock/GuitarLSTM-libtorch-dynamic.onnx/onnx/128/iteration:13/repetition:4			0.5285 ms
ProcessBlock/GuitarLSTM-libtorch-dynamic.onnx/onnx/128/iteration:14/repetition:4			0.5182 ms
ProcessBlock/GuitarLSTM-libtorch-dynamic.onnx/onnx/128/iteration:15/repetition:4			0.5224 ms
ProcessBlock/GuitarLSTM-libtorch-dynamic.onnx/onnx/128/iteration:16/repetition:4			0.5357 ms
ProcessBlock/GuitarLSTM-libtorch-dynamic.onnx/onnx/128/iteration:17/repetition:4			0.5271 ms
ProcessBlock/GuitarLSTM-libtorch-dynamic.onnx/onnx/128/iteration:18/repetition:4			0.5178 ms
ProcessBlock/GuitarLSTM-libtorch-dynamic.onnx/onnx/128/iteration:19/repetition:4			0.5158 ms
ProcessBlock/GuitarLSTM-libtorch-dynamic.onnx/onnx/128/iteration:20/repetition:4			0.5170 ms
ProcessBlock/GuitarLSTM-libtorch-dynamic.onnx/onnx/128/iteration:21/repetition:4			0.5213 ms
ProcessBlock/GuitarLSTM-libtorch-dynamic.onnx/onnx/128/iteration:22/repetition:4			0.5206 ms
ProcessBlock/GuitarLSTM-libtorch-dynamic.onnx/onnx/128/iteration:23/repetition:4			0.5234 ms
ProcessBlock/GuitarLSTM-libtorch-dynamic.onnx/onnx/128/iteration:24/repetition:4			0.5244 ms
ProcessBlock/GuitarLSTM-libtorch-dynamic.onnx/onnx/128/iteration:25/repetition:4			0.5202 ms
ProcessBlock/GuitarLSTM-libtorch-dynamic.onnx/onnx/128/iteration:26/repetition:4			0.5216 ms
ProcessBlock/GuitarLSTM-libtorch-dynamic.onnx/onnx/128/iteration:27/repetition:4			0.5193 ms
ProcessBlock/GuitarLSTM-libtorch-dynamic.onnx/onnx/128/iteration:28/repetition:4			0.5171 ms
ProcessBlock/GuitarLSTM-libtorch-dynamic.onnx/onnx/128/iteration:29/repetition:4			0.5167 ms
ProcessBlock/GuitarLSTM-libtorch-dynamic.onnx/onnx/128/iteration:30/repetition:4			0.5208 ms
ProcessBlock/GuitarLSTM-libtorch-dynamic.onnx/onnx/128/iteration:31/repetition:4			0.5184 ms
ProcessBlock/GuitarLSTM-libtorch-dynamic.onnx/onnx/128/iteration:32/repetition:4			0.5310 ms
ProcessBlock/GuitarLSTM-libtorch-dynamic.onnx/onnx/128/iteration:33/repetition:4			0.5201 ms
ProcessBlock/GuitarLSTM-libtorch-dynamic.onnx/onnx/128/iteration:34/repetition:4			0.5186 ms
ProcessBlock/GuitarLSTM-libtorch-dynamic.onnx/onnx/128/iteration:35/repetition:4			0.5203 ms
ProcessBlock/GuitarLSTM-libtorch-dynamic.onnx/onnx/128/iteration:36/repetition:4			0.5157 ms
ProcessBlock/GuitarLSTM-libtorch-dynamic.onnx/onnx/128/iteration:37/repetition:4			0.5160 ms
ProcessBlock/GuitarLSTM-libtorch-dynamic.onnx/onnx/128/iteration:38/repetition:4			0.5200 ms
ProcessBlock/GuitarLSTM-libtorch-dynamic.onnx/onnx/128/iteration:39/repetition:4			0.5198 ms
ProcessBlock/GuitarLSTM-libtorch-dynamic.onnx/onnx/128/iteration:40/repetition:4			0.5231 ms
ProcessBlock/GuitarLSTM-libtorch-dynamic.onnx/onnx/128/iteration:41/repetition:4			0.5190 ms
ProcessBlock/GuitarLSTM-libtorch-dynamic.onnx/onnx/128/iteration:42/repetition:4			0.5206 ms
ProcessBlock/GuitarLSTM-libtorch-dynamic.onnx/onnx/128/iteration:43/repetition:4			0.5200 ms
ProcessBlock/GuitarLSTM-libtorch-dynamic.onnx/onnx/128/iteration:44/repetition:4			0.5226 ms
ProcessBlock/GuitarLSTM-libtorch-dynamic.onnx/onnx/128/iteration:45/repetition:4			0.5202 ms
ProcessBlock/GuitarLSTM-libtorch-dynamic.onnx/onnx/128/iteration:46/repetition:4			0.5197 ms
ProcessBlock/GuitarLSTM-libtorch-dynamic.onnx/onnx/128/iteration:47/repetition:4			0.5186 ms
ProcessBlock/GuitarLSTM-libtorch-dynamic.onnx/onnx/128/iteration:48/repetition:4			0.5224 ms
ProcessBlock/GuitarLSTM-libtorch-dynamic.onnx/onnx/128/iteration:49/repetition:4			0.5218 ms
  Repetition 4/10: mean=0.5221 ms

[INFO] Anira version: 0.0.0-unknown
[WARNING] Session 74 requested more parallel processors than threads are available in Context. Using number of threads as number of parallel processors.
ProcessBlock/GuitarLSTM-libtorch-dynamic.onnx/onnx/128/iteration:0/repetition:5			0.5472 ms
ProcessBlock/GuitarLSTM-libtorch-dynamic.onnx/onnx/128/iteration:1/repetition:5			0.5241 ms
ProcessBlock/GuitarLSTM-libtorch-dynamic.onnx/onnx/128/iteration:2/repetition:5			0.5224 ms
ProcessBlock/GuitarLSTM-libtorch-dynamic.onnx/onnx/128/iteration:3/repetition:5			0.5190 ms
ProcessBlock/GuitarLSTM-libtorch-dynamic.onnx/onnx/128/iteration:4/repetition:5			0.5265 ms
ProcessBlock/GuitarLSTM-libtorch-dynamic.onnx/onnx/128/iteration:5/repetition:5			0.5192 ms
ProcessBlock/GuitarLSTM-libtorch-dynamic.onnx/onnx/128/iteration:6/repetition:5			0.5168 ms
ProcessBlock/GuitarLSTM-libtorch-dynamic.onnx/onnx/128/iteration:7/repetition:5			0.5230 ms
ProcessBlock/GuitarLSTM-libtorch-dynamic.onnx/onnx/128/iteration:8/repetition:5			0.5247 ms
ProcessBlock/GuitarLSTM-libtorch-dynamic.onnx/onnx/128/iteration:9/repetition:5			0.5183 ms
ProcessBlock/GuitarLSTM-libtorch-dynamic.onnx/onnx/128/iteration:10/repetition:5			0.5212 ms
ProcessBlock/GuitarLSTM-libtorch-dynamic.onnx/onnx/128/iteration:11/repetition:5			0.5173 ms
ProcessBlock/GuitarLSTM-libtorch-dynamic.onnx/onnx/128/iteration:12/repetition:5			0.5258 ms
ProcessBlock/GuitarLSTM-libtorch-dynamic.onnx/onnx/128/iteration:13/repetition:5			0.5192 ms
ProcessBlock/GuitarLSTM-libtorch-dynamic.onnx/onnx/128/iteration:14/repetition:5			0.5177 ms
ProcessBlock/GuitarLSTM-libtorch-dynamic.onnx/onnx/128/iteration:15/repetition:5			0.5305 ms
ProcessBlock/GuitarLSTM-libtorch-dynamic.onnx/onnx/128/iteration:16/repetition:5			0.5202 ms
ProcessBlock/GuitarLSTM-libtorch-dynamic.onnx/onnx/128/iteration:17/repetition:5			0.5199 ms
ProcessBlock/GuitarLSTM-libtorch-dynamic.onnx/onnx/128/iteration:18/repetition:5			0.5165 ms
ProcessBlock/GuitarLSTM-libtorch-dynamic.onnx/onnx/128/iteration:19/repetition:5			0.5174 ms
ProcessBlock/GuitarLSTM-libtorch-dynamic.onnx/onnx/128/iteration:20/repetition:5			0.5247 ms
ProcessBlock/GuitarLSTM-libtorch-dynamic.onnx/onnx/128/iteration:21/repetition:5			0.5431 ms
ProcessBlock/GuitarLSTM-libtorch-dynamic.onnx/onnx/128/iteration:22/repetition:5			0.5315 ms
ProcessBlock/GuitarLSTM-libtorch-dynamic.onnx/onnx/128/iteration:23/repetition:5			0.5301 ms
ProcessBlock/GuitarLSTM-libtorch-dynamic.onnx/onnx/128/iteration:24/repetition:5			0.5467 ms
ProcessBlock/GuitarLSTM-libtorch-dynamic.onnx/onnx/128/iteration:25/repetition:5			0.5430 ms
ProcessBlock/GuitarLSTM-libtorch-dynamic.onnx/onnx/128/iteration:26/repetition:5			0.5172 ms
ProcessBlock/GuitarLSTM-libtorch-dynamic.onnx/onnx/128/iteration:27/repetition:5			0.5263 ms
ProcessBlock/GuitarLSTM-libtorch-dynamic.onnx/onnx/128/iteration:28/repetition:5			0.5269 ms
ProcessBlock/GuitarLSTM-libtorch-dynamic.onnx/onnx/128/iteration:29/repetition:5			0.5265 ms
ProcessBlock/GuitarLSTM-libtorch-dynamic.onnx/onnx/128/iteration:30/repetition:5			0.5174 ms
ProcessBlock/GuitarLSTM-libtorch-dynamic.onnx/onnx/128/iteration:31/repetition:5			0.5301 ms
ProcessBlock/GuitarLSTM-libtorch-dynamic.onnx/onnx/128/iteration:32/repetition:5			0.5399 ms
ProcessBlock/GuitarLSTM-libtorch-dynamic.onnx/onnx/128/iteration:33/repetition:5			0.5198 ms
ProcessBlock/GuitarLSTM-libtorch-dynamic.onnx/onnx/128/iteration:34/repetition:5			0.5192 ms
ProcessBlock/GuitarLSTM-libtorch-dynamic.onnx/onnx/128/iteration:35/repetition:5			0.5218 ms
ProcessBlock/GuitarLSTM-libtorch-dynamic.onnx/onnx/128/iteration:36/repetition:5			0.5332 ms
ProcessBlock/GuitarLSTM-libtorch-dynamic.onnx/onnx/128/iteration:37/repetition:5			0.5211 ms
ProcessBlock/GuitarLSTM-libtorch-dynamic.onnx/onnx/128/iteration:38/repetition:5			0.5219 ms
ProcessBlock/GuitarLSTM-libtorch-dynamic.onnx/onnx/128/iteration:39/repetition:5			0.5205 ms
ProcessBlock/GuitarLSTM-libtorch-dynamic.onnx/onnx/128/iteration:40/repetition:5			0.5193 ms
ProcessBlock/GuitarLSTM-libtorch-dynamic.onnx/onnx/128/iteration:41/repetition:5			0.5168 ms
ProcessBlock/GuitarLSTM-libtorch-dynamic.onnx/onnx/128/iteration:42/repetition:5			0.5204 ms
ProcessBlock/GuitarLSTM-libtorch-dynamic.onnx/onnx/128/iteration:43/repetition:5			0.5186 ms
ProcessBlock/GuitarLSTM-libtorch-dynamic.onnx/onnx/128/iteration:44/repetition:5			0.5260 ms
ProcessBlock/GuitarLSTM-libtorch-dynamic.onnx/onnx/128/iteration:45/repetition:5			0.5189 ms
ProcessBlock/GuitarLSTM-libtorch-dynamic.onnx/onnx/128/iteration:46/repetition:5			0.5215 ms
ProcessBlock/GuitarLSTM-libtorch-dynamic.onnx/onnx/128/iteration:47/repetition:5			0.5199 ms
ProcessBlock/GuitarLSTM-libtorch-dynamic.onnx/onnx/128/iteration:48/repetition:5			0.5155 ms
ProcessBlock/GuitarLSTM-libtorch-dynamic.onnx/onnx/128/iteration:49/repetition:5			0.5175 ms
  Repetition 5/10: mean=0.5240 ms

[INFO] Anira version: 0.0.0-unknown
[WARNING] Session 75 requested more parallel processors than threads are available in Context. Using number of threads as number of parallel processors.
ProcessBlock/GuitarLSTM-libtorch-dynamic.onnx/onnx/128/iteration:0/repetition:6			0.5555 ms
ProcessBlock/GuitarLSTM-libtorch-dynamic.onnx/onnx/128/iteration:1/repetition:6			0.5331 ms
ProcessBlock/GuitarLSTM-libtorch-dynamic.onnx/onnx/128/iteration:2/repetition:6			0.5304 ms
ProcessBlock/GuitarLSTM-libtorch-dynamic.onnx/onnx/128/iteration:3/repetition:6			0.5386 ms
ProcessBlock/GuitarLSTM-libtorch-dynamic.onnx/onnx/128/iteration:4/repetition:6			0.5284 ms
ProcessBlock/GuitarLSTM-libtorch-dynamic.onnx/onnx/128/iteration:5/repetition:6			0.5225 ms
ProcessBlock/GuitarLSTM-libtorch-dynamic.onnx/onnx/128/iteration:6/repetition:6			0.5214 ms
ProcessBlock/GuitarLSTM-libtorch-dynamic.onnx/onnx/128/iteration:7/repetition:6			0.5199 ms
ProcessBlock/GuitarLSTM-libtorch-dynamic.onnx/onnx/128/iteration:8/repetition:6			0.5084 ms
ProcessBlock/GuitarLSTM-libtorch-dynamic.onnx/onnx/128/iteration:9/repetition:6			0.5241 ms
ProcessBlock/GuitarLSTM-libtorch-dynamic.onnx/onnx/128/iteration:10/repetition:6			0.5178 ms
ProcessBlock/GuitarLSTM-libtorch-dynamic.onnx/onnx/128/iteration:11/repetition:6			0.5172 ms
ProcessBlock/GuitarLSTM-libtorch-dynamic.onnx/onnx/128/iteration:12/repetition:6			0.5207 ms
ProcessBlock/GuitarLSTM-libtorch-dynamic.onnx/onnx/128/iteration:13/repetition:6			0.5230 ms
ProcessBlock/GuitarLSTM-libtorch-dynamic.onnx/onnx/128/iteration:14/repetition:6			0.5229 ms
ProcessBlock/GuitarLSTM-libtorch-dynamic.onnx/onnx/128/iteration:15/repetition:6			0.5210 ms
ProcessBlock/GuitarLSTM-libtorch-dynamic.onnx/onnx/128/iteration:16/repetition:6			0.5211 ms
ProcessBlock/GuitarLSTM-libtorch-dynamic.onnx/onnx/128/iteration:17/repetition:6			0.5169 ms
ProcessBlock/GuitarLSTM-libtorch-dynamic.onnx/onnx/128/iteration:18/repetition:6			0.5206 ms
ProcessBlock/GuitarLSTM-libtorch-dynamic.onnx/onnx/128/iteration:19/repetition:6			0.5192 ms
ProcessBlock/GuitarLSTM-libtorch-dynamic.onnx/onnx/128/iteration:20/repetition:6			0.5191 ms
ProcessBlock/GuitarLSTM-libtorch-dynamic.onnx/onnx/128/iteration:21/repetition:6			0.5205 ms
ProcessBlock/GuitarLSTM-libtorch-dynamic.onnx/onnx/128/iteration:22/repetition:6			0.5170 ms
ProcessBlock/GuitarLSTM-libtorch-dynamic.onnx/onnx/128/iteration:23/repetition:6			0.5198 ms
ProcessBlock/GuitarLSTM-libtorch-dynamic.onnx/onnx/128/iteration:24/repetition:6			0.5255 ms
ProcessBlock/GuitarLSTM-libtorch-dynamic.onnx/onnx/128/iteration:25/repetition:6			0.5187 ms
ProcessBlock/GuitarLSTM-libtorch-dynamic.onnx/onnx/128/iteration:26/repetition:6			0.5170 ms
ProcessBlock/GuitarLSTM-libtorch-dynamic.onnx/onnx/128/iteration:27/repetition:6			0.5221 ms
ProcessBlock/GuitarLSTM-libtorch-dynamic.onnx/onnx/128/iteration:28/repetition:6			0.5219 ms
ProcessBlock/GuitarLSTM-libtorch-dynamic.onnx/onnx/128/iteration:29/repetition:6			0.5199 ms
ProcessBlock/GuitarLSTM-libtorch-dynamic.onnx/onnx/128/iteration:30/repetition:6			0.5165 ms
ProcessBlock/GuitarLSTM-libtorch-dynamic.onnx/onnx/128/iteration:31/repetition:6			0.5172 ms
ProcessBlock/GuitarLSTM-libtorch-dynamic.onnx/onnx/128/iteration:32/repetition:6			0.5315 ms
ProcessBlock/GuitarLSTM-libtorch-dynamic.onnx/onnx/128/iteration:33/repetition:6			0.5203 ms
ProcessBlock/GuitarLSTM-libtorch-dynamic.onnx/onnx/128/iteration:34/repetition:6			0.5173 ms
ProcessBlock/GuitarLSTM-libtorch-dynamic.onnx/onnx/128/iteration:35/repetition:6			0.5237 ms
ProcessBlock/GuitarLSTM-libtorch-dynamic.onnx/onnx/128/iteration:36/repetition:6			0.5201 ms
ProcessBlock/GuitarLSTM-libtorch-dynamic.onnx/onnx/128/iteration:37/repetition:6			0.5208 ms
ProcessBlock/GuitarLSTM-libtorch-dynamic.onnx/onnx/128/iteration:38/repetition:6			0.5184 ms
ProcessBlock/GuitarLSTM-libtorch-dynamic.onnx/onnx/128/iteration:39/repetition:6			0.5188 ms
ProcessBlock/GuitarLSTM-libtorch-dynamic.onnx/onnx/128/iteration:40/repetition:6			0.5249 ms
ProcessBlock/GuitarLSTM-libtorch-dynamic.onnx/onnx/128/iteration:41/repetition:6			0.5185 ms
ProcessBlock/GuitarLSTM-libtorch-dynamic.onnx/onnx/128/iteration:42/repetition:6			0.5173 ms
ProcessBlock/GuitarLSTM-libtorch-dynamic.onnx/onnx/128/iteration:43/repetition:6			0.5253 ms
ProcessBlock/GuitarLSTM-libtorch-dynamic.onnx/onnx/128/iteration:44/repetition:6			0.5215 ms
ProcessBlock/GuitarLSTM-libtorch-dynamic.onnx/onnx/128/iteration:45/repetition:6			0.5148 ms
ProcessBlock/GuitarLSTM-libtorch-dynamic.onnx/onnx/128/iteration:46/repetition:6			0.5212 ms
ProcessBlock/GuitarLSTM-libtorch-dynamic.onnx/onnx/128/iteration:47/repetition:6			0.5197 ms
ProcessBlock/GuitarLSTM-libtorch-dynamic.onnx/onnx/128/iteration:48/repetition:6			0.5233 ms
ProcessBlock/GuitarLSTM-libtorch-dynamic.onnx/onnx/128/iteration:49/repetition:6			0.5205 ms
  Repetition 6/10: mean=0.5219 ms

[INFO] Anira version: 0.0.0-unknown
[WARNING] Session 76 requested more parallel processors than threads are available in Context. Using number of threads as number of parallel processors.
ProcessBlock/GuitarLSTM-libtorch-dynamic.onnx/onnx/128/iteration:0/repetition:7			0.5490 ms
ProcessBlock/GuitarLSTM-libtorch-dynamic.onnx/onnx/128/iteration:1/repetition:7			0.5165 ms
ProcessBlock/GuitarLSTM-libtorch-dynamic.onnx/onnx/128/iteration:2/repetition:7			0.5174 ms
ProcessBlock/GuitarLSTM-libtorch-dynamic.onnx/onnx/128/iteration:3/repetition:7			0.5246 ms
ProcessBlock/GuitarLSTM-libtorch-dynamic.onnx/onnx/128/iteration:4/repetition:7			0.5204 ms
ProcessBlock/GuitarLSTM-libtorch-dynamic.onnx/onnx/128/iteration:5/repetition:7			0.5200 ms
ProcessBlock/GuitarLSTM-libtorch-dynamic.onnx/onnx/128/iteration:6/repetition:7			0.5205 ms
ProcessBlock/GuitarLSTM-libtorch-dynamic.onnx/onnx/128/iteration:7/repetition:7			0.5205 ms
ProcessBlock/GuitarLSTM-libtorch-dynamic.onnx/onnx/128/iteration:8/repetition:7			0.5173 ms
ProcessBlock/GuitarLSTM-libtorch-dynamic.onnx/onnx/128/iteration:9/repetition:7			0.5165 ms
ProcessBlock/GuitarLSTM-libtorch-dynamic.onnx/onnx/128/iteration:10/repetition:7			0.5197 ms
ProcessBlock/GuitarLSTM-libtorch-dynamic.onnx/onnx/128/iteration:11/repetition:7			0.5236 ms
ProcessBlock/GuitarLSTM-libtorch-dynamic.onnx/onnx/128/iteration:12/repetition:7			0.5201 ms
ProcessBlock/GuitarLSTM-libtorch-dynamic.onnx/onnx/128/iteration:13/repetition:7			0.5234 ms
ProcessBlock/GuitarLSTM-libtorch-dynamic.onnx/onnx/128/iteration:14/repetition:7			0.5225 ms
ProcessBlock/GuitarLSTM-libtorch-dynamic.onnx/onnx/128/iteration:15/repetition:7			0.5180 ms
ProcessBlock/GuitarLSTM-libtorch-dynamic.onnx/onnx/128/iteration:16/repetition:7			0.5268 ms
ProcessBlock/GuitarLSTM-libtorch-dynamic.onnx/onnx/128/iteration:17/repetition:7			0.5158 ms
ProcessBlock/GuitarLSTM-libtorch-dynamic.onnx/onnx/128/iteration:18/repetition:7			0.5198 ms
ProcessBlock/GuitarLSTM-libtorch-dynamic.onnx/onnx/128/iteration:19/repetition:7			0.5250 ms
ProcessBlock/GuitarLSTM-libtorch-dynamic.onnx/onnx/128/iteration:20/repetition:7			0.5221 ms
ProcessBlock/GuitarLSTM-libtorch-dynamic.onnx/onnx/128/iteration:21/repetition:7			0.5204 ms
ProcessBlock/GuitarLSTM-libtorch-dynamic.onnx/onnx/128/iteration:22/repetition:7			0.5205 ms
ProcessBlock/GuitarLSTM-libtorch-dynamic.onnx/onnx/128/iteration:23/repetition:7			0.5177 ms
ProcessBlock/GuitarLSTM-libtorch-dynamic.onnx/onnx/128/iteration:24/repetition:7			0.5188 ms
ProcessBlock/GuitarLSTM-libtorch-dynamic.onnx/onnx/128/iteration:25/repetition:7			0.5204 ms
ProcessBlock/GuitarLSTM-libtorch-dynamic.onnx/onnx/128/iteration:26/repetition:7			0.5194 ms
ProcessBlock/GuitarLSTM-libtorch-dynamic.onnx/onnx/128/iteration:27/repetition:7			0.5226 ms
ProcessBlock/GuitarLSTM-libtorch-dynamic.onnx/onnx/128/iteration:28/repetition:7			0.5206 ms
ProcessBlock/GuitarLSTM-libtorch-dynamic.onnx/onnx/128/iteration:29/repetition:7			0.5210 ms
ProcessBlock/GuitarLSTM-libtorch-dynamic.onnx/onnx/128/iteration:30/repetition:7			0.5200 ms
ProcessBlock/GuitarLSTM-libtorch-dynamic.onnx/onnx/128/iteration:31/repetition:7			0.5193 ms
ProcessBlock/GuitarLSTM-libtorch-dynamic.onnx/onnx/128/iteration:32/repetition:7			0.5313 ms
ProcessBlock/GuitarLSTM-libtorch-dynamic.onnx/onnx/128/iteration:33/repetition:7			0.5208 ms
ProcessBlock/GuitarLSTM-libtorch-dynamic.onnx/onnx/128/iteration:34/repetition:7			0.5208 ms
ProcessBlock/GuitarLSTM-libtorch-dynamic.onnx/onnx/128/iteration:35/repetition:7			0.5195 ms
ProcessBlock/GuitarLSTM-libtorch-dynamic.onnx/onnx/128/iteration:36/repetition:7			0.5221 ms
ProcessBlock/GuitarLSTM-libtorch-dynamic.onnx/onnx/128/iteration:37/repetition:7			0.5205 ms
ProcessBlock/GuitarLSTM-libtorch-dynamic.onnx/onnx/128/iteration:38/repetition:7			0.5203 ms
ProcessBlock/GuitarLSTM-libtorch-dynamic.onnx/onnx/128/iteration:39/repetition:7			0.5159 ms
ProcessBlock/GuitarLSTM-libtorch-dynamic.onnx/onnx/128/iteration:40/repetition:7			0.5231 ms
ProcessBlock/GuitarLSTM-libtorch-dynamic.onnx/onnx/128/iteration:41/repetition:7			0.5214 ms
ProcessBlock/GuitarLSTM-libtorch-dynamic.onnx/onnx/128/iteration:42/repetition:7			0.5188 ms
ProcessBlock/GuitarLSTM-libtorch-dynamic.onnx/onnx/128/iteration:43/repetition:7			0.5221 ms
ProcessBlock/GuitarLSTM-libtorch-dynamic.onnx/onnx/128/iteration:44/repetition:7			0.5249 ms
ProcessBlock/GuitarLSTM-libtorch-dynamic.onnx/onnx/128/iteration:45/repetition:7			0.5204 ms
ProcessBlock/GuitarLSTM-libtorch-dynamic.onnx/onnx/128/iteration:46/repetition:7			0.5180 ms
ProcessBlock/GuitarLSTM-libtorch-dynamic.onnx/onnx/128/iteration:47/repetition:7			0.5226 ms
ProcessBlock/GuitarLSTM-libtorch-dynamic.onnx/onnx/128/iteration:48/repetition:7			0.5250 ms
ProcessBlock/GuitarLSTM-libtorch-dynamic.onnx/onnx/128/iteration:49/repetition:7			0.5247 ms
  Repetition 7/10: mean=0.5214 ms

[INFO] Anira version: 0.0.0-unknown
[WARNING] Session 77 requested more parallel processors than threads are available in Context. Using number of threads as number of parallel processors.
ProcessBlock/GuitarLSTM-libtorch-dynamic.onnx/onnx/128/iteration:0/repetition:8			0.5572 ms
ProcessBlock/GuitarLSTM-libtorch-dynamic.onnx/onnx/128/iteration:1/repetition:8			0.5188 ms
ProcessBlock/GuitarLSTM-libtorch-dynamic.onnx/onnx/128/iteration:2/repetition:8			0.5181 ms
ProcessBlock/GuitarLSTM-libtorch-dynamic.onnx/onnx/128/iteration:3/repetition:8			0.5208 ms
ProcessBlock/GuitarLSTM-libtorch-dynamic.onnx/onnx/128/iteration:4/repetition:8			0.5188 ms
ProcessBlock/GuitarLSTM-libtorch-dynamic.onnx/onnx/128/iteration:5/repetition:8			0.5169 ms
ProcessBlock/GuitarLSTM-libtorch-dynamic.onnx/onnx/128/iteration:6/repetition:8			0.5148 ms
ProcessBlock/GuitarLSTM-libtorch-dynamic.onnx/onnx/128/iteration:7/repetition:8			0.5195 ms
ProcessBlock/GuitarLSTM-libtorch-dynamic.onnx/onnx/128/iteration:8/repetition:8			0.5207 ms
ProcessBlock/GuitarLSTM-libtorch-dynamic.onnx/onnx/128/iteration:9/repetition:8			0.5222 ms
ProcessBlock/GuitarLSTM-libtorch-dynamic.onnx/onnx/128/iteration:10/repetition:8			0.5180 ms
ProcessBlock/GuitarLSTM-libtorch-dynamic.onnx/onnx/128/iteration:11/repetition:8			0.5191 ms
ProcessBlock/GuitarLSTM-libtorch-dynamic.onnx/onnx/128/iteration:12/repetition:8			0.5202 ms
ProcessBlock/GuitarLSTM-libtorch-dynamic.onnx/onnx/128/iteration:13/repetition:8			0.5188 ms
ProcessBlock/GuitarLSTM-libtorch-dynamic.onnx/onnx/128/iteration:14/repetition:8			0.5178 ms
ProcessBlock/GuitarLSTM-libtorch-dynamic.onnx/onnx/128/iteration:15/repetition:8			0.5397 ms
ProcessBlock/GuitarLSTM-libtorch-dynamic.onnx/onnx/128/iteration:16/repetition:8			0.5476 ms
ProcessBlock/GuitarLSTM-libtorch-dynamic.onnx/onnx/128/iteration:17/repetition:8			0.5189 ms
ProcessBlock/GuitarLSTM-libtorch-dynamic.onnx/onnx/128/iteration:18/repetition:8			0.5151 ms
ProcessBlock/GuitarLSTM-libtorch-dynamic.onnx/onnx/128/iteration:19/repetition:8			0.5267 ms
ProcessBlock/GuitarLSTM-libtorch-dynamic.onnx/onnx/128/iteration:20/repetition:8			0.5280 ms
ProcessBlock/GuitarLSTM-libtorch-dynamic.onnx/onnx/128/iteration:21/repetition:8			0.5200 ms
ProcessBlock/GuitarLSTM-libtorch-dynamic.onnx/onnx/128/iteration:22/repetition:8			0.5357 ms
ProcessBlock/GuitarLSTM-libtorch-dynamic.onnx/onnx/128/iteration:23/repetition:8			0.5298 ms
ProcessBlock/GuitarLSTM-libtorch-dynamic.onnx/onnx/128/iteration:24/repetition:8			0.5307 ms
ProcessBlock/GuitarLSTM-libtorch-dynamic.onnx/onnx/128/iteration:25/repetition:8			0.5298 ms
ProcessBlock/GuitarLSTM-libtorch-dynamic.onnx/onnx/128/iteration:26/repetition:8			0.5287 ms
ProcessBlock/GuitarLSTM-libtorch-dynamic.onnx/onnx/128/iteration:27/repetition:8			0.5195 ms
ProcessBlock/GuitarLSTM-libtorch-dynamic.onnx/onnx/128/iteration:28/repetition:8			0.5331 ms
ProcessBlock/GuitarLSTM-libtorch-dynamic.onnx/onnx/128/iteration:29/repetition:8			0.5191 ms
ProcessBlock/GuitarLSTM-libtorch-dynamic.onnx/onnx/128/iteration:30/repetition:8			0.5215 ms
ProcessBlock/GuitarLSTM-libtorch-dynamic.onnx/onnx/128/iteration:31/repetition:8			0.5292 ms
ProcessBlock/GuitarLSTM-libtorch-dynamic.onnx/onnx/128/iteration:32/repetition:8			0.5208 ms
ProcessBlock/GuitarLSTM-libtorch-dynamic.onnx/onnx/128/iteration:33/repetition:8			0.5216 ms
ProcessBlock/GuitarLSTM-libtorch-dynamic.onnx/onnx/128/iteration:34/repetition:8			0.5200 ms
ProcessBlock/GuitarLSTM-libtorch-dynamic.onnx/onnx/128/iteration:35/repetition:8			0.5184 ms
ProcessBlock/GuitarLSTM-libtorch-dynamic.onnx/onnx/128/iteration:36/repetition:8			0.5164 ms
ProcessBlock/GuitarLSTM-libtorch-dynamic.onnx/onnx/128/iteration:37/repetition:8			0.5272 ms
ProcessBlock/GuitarLSTM-libtorch-dynamic.onnx/onnx/128/iteration:38/repetition:8			0.5208 ms
ProcessBlock/GuitarLSTM-libtorch-dynamic.onnx/onnx/128/iteration:39/repetition:8			0.5198 ms
ProcessBlock/GuitarLSTM-libtorch-dynamic.onnx/onnx/128/iteration:40/repetition:8			0.5229 ms
ProcessBlock/GuitarLSTM-libtorch-dynamic.onnx/onnx/128/iteration:41/repetition:8			0.5232 ms
ProcessBlock/GuitarLSTM-libtorch-dynamic.onnx/onnx/128/iteration:42/repetition:8			0.5164 ms
ProcessBlock/GuitarLSTM-libtorch-dynamic.onnx/onnx/128/iteration:43/repetition:8			0.5195 ms
ProcessBlock/GuitarLSTM-libtorch-dynamic.onnx/onnx/128/iteration:44/repetition:8			0.5169 ms
ProcessBlock/GuitarLSTM-libtorch-dynamic.onnx/onnx/128/iteration:45/repetition:8			0.5200 ms
ProcessBlock/GuitarLSTM-libtorch-dynamic.onnx/onnx/128/iteration:46/repetition:8			0.5187 ms
ProcessBlock/GuitarLSTM-libtorch-dynamic.onnx/onnx/128/iteration:47/repetition:8			0.5235 ms
ProcessBlock/GuitarLSTM-libtorch-dynamic.onnx/onnx/128/iteration:48/repetition:8			0.5300 ms
ProcessBlock/GuitarLSTM-libtorch-dynamic.onnx/onnx/128/iteration:49/repetition:8			0.5170 ms
  Repetition 8/10: mean=0.5234 ms

[INFO] Anira version: 0.0.0-unknown
[WARNING] Session 78 requested more parallel processors than threads are available in Context. Using number of threads as number of parallel processors.
ProcessBlock/GuitarLSTM-libtorch-dynamic.onnx/onnx/128/iteration:0/repetition:9			0.5441 ms
ProcessBlock/GuitarLSTM-libtorch-dynamic.onnx/onnx/128/iteration:1/repetition:9			0.5230 ms
ProcessBlock/GuitarLSTM-libtorch-dynamic.onnx/onnx/128/iteration:2/repetition:9			0.5206 ms
ProcessBlock/GuitarLSTM-libtorch-dynamic.onnx/onnx/128/iteration:3/repetition:9			0.5224 ms
ProcessBlock/GuitarLSTM-libtorch-dynamic.onnx/onnx/128/iteration:4/repetition:9			0.5236 ms
ProcessBlock/GuitarLSTM-libtorch-dynamic.onnx/onnx/128/iteration:5/repetition:9			0.5303 ms
ProcessBlock/GuitarLSTM-libtorch-dynamic.onnx/onnx/128/iteration:6/repetition:9			0.5220 ms
ProcessBlock/GuitarLSTM-libtorch-dynamic.onnx/onnx/128/iteration:7/repetition:9			0.5209 ms
ProcessBlock/GuitarLSTM-libtorch-dynamic.onnx/onnx/128/iteration:8/repetition:9			0.5218 ms
ProcessBlock/GuitarLSTM-libtorch-dynamic.onnx/onnx/128/iteration:9/repetition:9			0.5193 ms
ProcessBlock/GuitarLSTM-libtorch-dynamic.onnx/onnx/128/iteration:10/repetition:9			0.5170 ms
ProcessBlock/GuitarLSTM-libtorch-dynamic.onnx/onnx/128/iteration:11/repetition:9			0.5271 ms
ProcessBlock/GuitarLSTM-libtorch-dynamic.onnx/onnx/128/iteration:12/repetition:9			0.5361 ms
ProcessBlock/GuitarLSTM-libtorch-dynamic.onnx/onnx/128/iteration:13/repetition:9			0.5295 ms
ProcessBlock/GuitarLSTM-libtorch-dynamic.onnx/onnx/128/iteration:14/repetition:9			0.5320 ms
ProcessBlock/GuitarLSTM-libtorch-dynamic.onnx/onnx/128/iteration:15/repetition:9			0.5210 ms
ProcessBlock/GuitarLSTM-libtorch-dynamic.onnx/onnx/128/iteration:16/repetition:9			0.5422 ms
ProcessBlock/GuitarLSTM-libtorch-dynamic.onnx/onnx/128/iteration:17/repetition:9			0.5272 ms
ProcessBlock/GuitarLSTM-libtorch-dynamic.onnx/onnx/128/iteration:18/repetition:9			0.5184 ms
ProcessBlock/GuitarLSTM-libtorch-dynamic.onnx/onnx/128/iteration:19/repetition:9			0.5244 ms
ProcessBlock/GuitarLSTM-libtorch-dynamic.onnx/onnx/128/iteration:20/repetition:9			0.5205 ms
ProcessBlock/GuitarLSTM-libtorch-dynamic.onnx/onnx/128/iteration:21/repetition:9			0.5191 ms
ProcessBlock/GuitarLSTM-libtorch-dynamic.onnx/onnx/128/iteration:22/repetition:9			0.5183 ms
ProcessBlock/GuitarLSTM-libtorch-dynamic.onnx/onnx/128/iteration:23/repetition:9			0.5200 ms
ProcessBlock/GuitarLSTM-libtorch-dynamic.onnx/onnx/128/iteration:24/repetition:9			0.5187 ms
ProcessBlock/GuitarLSTM-libtorch-dynamic.onnx/onnx/128/iteration:25/repetition:9			0.5175 ms
ProcessBlock/GuitarLSTM-libtorch-dynamic.onnx/onnx/128/iteration:26/repetition:9			0.5195 ms
ProcessBlock/GuitarLSTM-libtorch-dynamic.onnx/onnx/128/iteration:27/repetition:9			0.5208 ms
ProcessBlock/GuitarLSTM-libtorch-dynamic.onnx/onnx/128/iteration:28/repetition:9			0.4979 ms
ProcessBlock/GuitarLSTM-libtorch-dynamic.onnx/onnx/128/iteration:29/repetition:9			0.5176 ms
ProcessBlock/GuitarLSTM-libtorch-dynamic.onnx/onnx/128/iteration:30/repetition:9			0.5230 ms
ProcessBlock/GuitarLSTM-libtorch-dynamic.onnx/onnx/128/iteration:31/repetition:9			0.5185 ms
ProcessBlock/GuitarLSTM-libtorch-dynamic.onnx/onnx/128/iteration:32/repetition:9			0.5169 ms
ProcessBlock/GuitarLSTM-libtorch-dynamic.onnx/onnx/128/iteration:33/repetition:9			0.5171 ms
ProcessBlock/GuitarLSTM-libtorch-dynamic.onnx/onnx/128/iteration:34/repetition:9			0.5171 ms
ProcessBlock/GuitarLSTM-libtorch-dynamic.onnx/onnx/128/iteration:35/repetition:9			0.5203 ms
ProcessBlock/GuitarLSTM-libtorch-dynamic.onnx/onnx/128/iteration:36/repetition:9			0.5191 ms
ProcessBlock/GuitarLSTM-libtorch-dynamic.onnx/onnx/128/iteration:37/repetition:9			0.5206 ms
ProcessBlock/GuitarLSTM-libtorch-dynamic.onnx/onnx/128/iteration:38/repetition:9			0.5230 ms
ProcessBlock/GuitarLSTM-libtorch-dynamic.onnx/onnx/128/iteration:39/repetition:9			0.5170 ms
ProcessBlock/GuitarLSTM-libtorch-dynamic.onnx/onnx/128/iteration:40/repetition:9			0.5176 ms
ProcessBlock/GuitarLSTM-libtorch-dynamic.onnx/onnx/128/iteration:41/repetition:9			0.5168 ms
ProcessBlock/GuitarLSTM-libtorch-dynamic.onnx/onnx/128/iteration:42/repetition:9			0.5198 ms
ProcessBlock/GuitarLSTM-libtorch-dynamic.onnx/onnx/128/iteration:43/repetition:9			0.5246 ms
ProcessBlock/GuitarLSTM-libtorch-dynamic.onnx/onnx/128/iteration:44/repetition:9			0.5178 ms
ProcessBlock/GuitarLSTM-libtorch-dynamic.onnx/onnx/128/iteration:45/repetition:9			0.5170 ms
ProcessBlock/GuitarLSTM-libtorch-dynamic.onnx/onnx/128/iteration:46/repetition:9			0.5224 ms
ProcessBlock/GuitarLSTM-libtorch-dynamic.onnx/onnx/128/iteration:47/repetition:9			0.5195 ms
ProcessBlock/GuitarLSTM-libtorch-dynamic.onnx/onnx/128/iteration:48/repetition:9			0.5165 ms
ProcessBlock/GuitarLSTM-libtorch-dynamic.onnx/onnx/128/iteration:49/repetition:9			0.5163 ms
  Repetition 9/10: mean=0.5215 ms

[INFO] Anira version: 0.0.0-unknown
[WARNING] Session 79 requested more parallel processors than threads are available in Context. Using number of threads as number of parallel processors.
ProcessBlock/GuitarLSTM-libtorch-dynamic.onnx/onnx/128/iteration:0/repetition:10			0.5433 ms
ProcessBlock/GuitarLSTM-libtorch-dynamic.onnx/onnx/128/iteration:1/repetition:10			0.5213 ms
ProcessBlock/GuitarLSTM-libtorch-dynamic.onnx/onnx/128/iteration:2/repetition:10			0.5203 ms
ProcessBlock/GuitarLSTM-libtorch-dynamic.onnx/onnx/128/iteration:3/repetition:10			0.5158 ms
ProcessBlock/GuitarLSTM-libtorch-dynamic.onnx/onnx/128/iteration:4/repetition:10			0.5199 ms
ProcessBlock/GuitarLSTM-libtorch-dynamic.onnx/onnx/128/iteration:5/repetition:10			0.5206 ms
ProcessBlock/GuitarLSTM-libtorch-dynamic.onnx/onnx/128/iteration:6/repetition:10			0.5189 ms
ProcessBlock/GuitarLSTM-libtorch-dynamic.onnx/onnx/128/iteration:7/repetition:10			0.5238 ms
ProcessBlock/GuitarLSTM-libtorch-dynamic.onnx/onnx/128/iteration:8/repetition:10			0.5213 ms
ProcessBlock/GuitarLSTM-libtorch-dynamic.onnx/onnx/128/iteration:9/repetition:10			0.5195 ms
ProcessBlock/GuitarLSTM-libtorch-dynamic.onnx/onnx/128/iteration:10/repetition:10			0.5207 ms
ProcessBlock/GuitarLSTM-libtorch-dynamic.onnx/onnx/128/iteration:11/repetition:10			0.5177 ms
ProcessBlock/GuitarLSTM-libtorch-dynamic.onnx/onnx/128/iteration:12/repetition:10			0.5170 ms
ProcessBlock/GuitarLSTM-libtorch-dynamic.onnx/onnx/128/iteration:13/repetition:10			0.5213 ms
ProcessBlock/GuitarLSTM-libtorch-dynamic.onnx/onnx/128/iteration:14/repetition:10			0.5230 ms
ProcessBlock/GuitarLSTM-libtorch-dynamic.onnx/onnx/128/iteration:15/repetition:10			0.5230 ms
ProcessBlock/GuitarLSTM-libtorch-dynamic.onnx/onnx/128/iteration:16/repetition:10			0.5214 ms
ProcessBlock/GuitarLSTM-libtorch-dynamic.onnx/onnx/128/iteration:17/repetition:10			0.5203 ms
ProcessBlock/GuitarLSTM-libtorch-dynamic.onnx/onnx/128/iteration:18/repetition:10			0.5212 ms
ProcessBlock/GuitarLSTM-libtorch-dynamic.onnx/onnx/128/iteration:19/repetition:10			0.5203 ms
ProcessBlock/GuitarLSTM-libtorch-dynamic.onnx/onnx/128/iteration:20/repetition:10			0.5198 ms
ProcessBlock/GuitarLSTM-libtorch-dynamic.onnx/onnx/128/iteration:21/repetition:10			0.5203 ms
ProcessBlock/GuitarLSTM-libtorch-dynamic.onnx/onnx/128/iteration:22/repetition:10			0.5213 ms
ProcessBlock/GuitarLSTM-libtorch-dynamic.onnx/onnx/128/iteration:23/repetition:10			0.5372 ms
ProcessBlock/GuitarLSTM-libtorch-dynamic.onnx/onnx/128/iteration:24/repetition:10			0.5302 ms
ProcessBlock/GuitarLSTM-libtorch-dynamic.onnx/onnx/128/iteration:25/repetition:10			0.5330 ms
ProcessBlock/GuitarLSTM-libtorch-dynamic.onnx/onnx/128/iteration:26/repetition:10			0.5305 ms
ProcessBlock/GuitarLSTM-libtorch-dynamic.onnx/onnx/128/iteration:27/repetition:10			0.5250 ms
ProcessBlock/GuitarLSTM-libtorch-dynamic.onnx/onnx/128/iteration:28/repetition:10			0.5367 ms
ProcessBlock/GuitarLSTM-libtorch-dynamic.onnx/onnx/128/iteration:29/repetition:10			0.5187 ms
ProcessBlock/GuitarLSTM-libtorch-dynamic.onnx/onnx/128/iteration:30/repetition:10			0.5237 ms
ProcessBlock/GuitarLSTM-libtorch-dynamic.onnx/onnx/128/iteration:31/repetition:10			0.5219 ms
ProcessBlock/GuitarLSTM-libtorch-dynamic.onnx/onnx/128/iteration:32/repetition:10			0.5198 ms
ProcessBlock/GuitarLSTM-libtorch-dynamic.onnx/onnx/128/iteration:33/repetition:10			0.5179 ms
ProcessBlock/GuitarLSTM-libtorch-dynamic.onnx/onnx/128/iteration:34/repetition:10			0.5225 ms
ProcessBlock/GuitarLSTM-libtorch-dynamic.onnx/onnx/128/iteration:35/repetition:10			0.5199 ms
ProcessBlock/GuitarLSTM-libtorch-dynamic.onnx/onnx/128/iteration:36/repetition:10			0.5213 ms
ProcessBlock/GuitarLSTM-libtorch-dynamic.onnx/onnx/128/iteration:37/repetition:10			0.5155 ms
ProcessBlock/GuitarLSTM-libtorch-dynamic.onnx/onnx/128/iteration:38/repetition:10			0.5167 ms
ProcessBlock/GuitarLSTM-libtorch-dynamic.onnx/onnx/128/iteration:39/repetition:10			0.5228 ms
ProcessBlock/GuitarLSTM-libtorch-dynamic.onnx/onnx/128/iteration:40/repetition:10			0.5168 ms
ProcessBlock/GuitarLSTM-libtorch-dynamic.onnx/onnx/128/iteration:41/repetition:10			0.5170 ms
ProcessBlock/GuitarLSTM-libtorch-dynamic.onnx/onnx/128/iteration:42/repetition:10			0.5289 ms
ProcessBlock/GuitarLSTM-libtorch-dynamic.onnx/onnx/128/iteration:43/repetition:10			0.5342 ms
ProcessBlock/GuitarLSTM-libtorch-dynamic.onnx/onnx/128/iteration:44/repetition:10			0.5211 ms
ProcessBlock/GuitarLSTM-libtorch-dynamic.onnx/onnx/128/iteration:45/repetition:10			0.5196 ms
ProcessBlock/GuitarLSTM-libtorch-dynamic.onnx/onnx/128/iteration:46/repetition:10			0.5212 ms
ProcessBlock/GuitarLSTM-libtorch-dynamic.onnx/onnx/128/iteration:47/repetition:10			0.5208 ms
ProcessBlock/GuitarLSTM-libtorch-dynamic.onnx/onnx/128/iteration:48/repetition:10			0.5184 ms
ProcessBlock/GuitarLSTM-libtorch-dynamic.onnx/onnx/128/iteration:49/repetition:10			0.5180 ms
  Repetition 10/10: mean=0.5224 ms


Aggregate (500 total iterations):
  ProcessBlock/GuitarLSTM-libtorch-dynamic.onnx/onnx: mean=0.5239 ms, min=0.4979 ms, max=1.3503 ms, p99.9=0.5691 ms

----------------------------------------------------------------------------------------------------------------------------------------

----------------------------------------------------------------------------------------------------------------------------------------
Model: GuitarLSTM-libtorch-dynamic.onnx | Run: bypass | Host Sample Rate: 44100 Hz | Host Buffer Size: 1024 = 23.2200 ms
----------------------------------------------------------------------------------------------------------------------------------------

Benchmark: 10 repetitions x 50 iterations

[INFO] Anira version: 0.0.0-unknown
[WARNING] Session 80 requested more parallel processors than threads are available in Context. Using number of threads as number of parallel processors.
ProcessBlock/GuitarLSTM-libtorch-dynamic.onnx/bypass/1024/iteration:0/repetition:1			0.4078 ms
ProcessBlock/GuitarLSTM-libtorch-dynamic.onnx/bypass/1024/iteration:1/repetition:1			0.3945 ms
ProcessBlock/GuitarLSTM-libtorch-dynamic.onnx/bypass/1024/iteration:2/repetition:1			0.3923 ms
ProcessBlock/GuitarLSTM-libtorch-dynamic.onnx/bypass/1024/iteration:3/repetition:1			0.4009 ms
ProcessBlock/GuitarLSTM-libtorch-dynamic.onnx/bypass/1024/iteration:4/repetition:1			0.3947 ms
ProcessBlock/GuitarLSTM-libtorch-dynamic.onnx/bypass/1024/iteration:5/repetition:1			0.3933 ms
ProcessBlock/GuitarLSTM-libtorch-dynamic.onnx/bypass/1024/iteration:6/repetition:1			0.3907 ms
ProcessBlock/GuitarLSTM-libtorch-dynamic.onnx/bypass/1024/iteration:7/repetition:1			0.3927 ms
ProcessBlock/GuitarLSTM-libtorch-dynamic.onnx/bypass/1024/iteration:8/repetition:1			0.3952 ms
ProcessBlock/GuitarLSTM-libtorch-dynamic.onnx/bypass/1024/iteration:9/repetition:1			0.3907 ms
ProcessBlock/GuitarLSTM-libtorch-dynamic.onnx/bypass/1024/iteration:10/repetition:1			0.3906 ms
ProcessBlock/GuitarLSTM-libtorch-dynamic.onnx/bypass/1024/iteration:11/repetition:1			0.3906 ms
ProcessBlock/GuitarLSTM-libtorch-dynamic.onnx/bypass/1024/iteration:12/repetition:1			0.3919 ms
ProcessBlock/GuitarLSTM-libtorch-dynamic.onnx/bypass/1024/iteration:13/repetition:1			0.3950 ms
ProcessBlock/GuitarLSTM-libtorch-dynamic.onnx/bypass/1024/iteration:14/repetition:1			0.4000 ms
ProcessBlock/GuitarLSTM-libtorch-dynamic.onnx/bypass/1024/iteration:15/repetition:1			0.3940 ms
ProcessBlock/GuitarLSTM-libtorch-dynamic.onnx/bypass/1024/iteration:16/repetition:1			0.3965 ms
ProcessBlock/GuitarLSTM-libtorch-dynamic.onnx/bypass/1024/iteration:17/repetition:1			0.3939 ms
ProcessBlock/GuitarLSTM-libtorch-dynamic.onnx/bypass/1024/iteration:18/repetition:1			0.3952 ms
ProcessBlock/GuitarLSTM-libtorch-dynamic.onnx/bypass/1024/iteration:19/repetition:1			0.3906 ms
ProcessBlock/GuitarLSTM-libtorch-dynamic.onnx/bypass/1024/iteration:20/repetition:1			0.3934 ms
ProcessBlock/GuitarLSTM-libtorch-dynamic.onnx/bypass/1024/iteration:21/repetition:1			0.3905 ms
ProcessBlock/GuitarLSTM-libtorch-dynamic.onnx/bypass/1024/iteration:22/repetition:1			0.3954 ms
ProcessBlock/GuitarLSTM-libtorch-dynamic.onnx/bypass/1024/iteration:23/repetition:1			0.3954 ms
ProcessBlock/GuitarLSTM-libtorch-dynamic.onnx/bypass/1024/iteration:24/repetition:1			0.3932 ms
ProcessBlock/GuitarLSTM-libtorch-dynamic.onnx/bypass/1024/iteration:25/repetition:1			0.3959 ms
ProcessBlock/GuitarLSTM-libtorch-dynamic.onnx/bypass/1024/iteration:26/repetition:1			0.3952 ms
ProcessBlock/GuitarLSTM-libtorch-dynamic.onnx/bypass/1024/iteration:27/repetition:1			0.4053 ms
ProcessBlock/GuitarLSTM-libtorch-dynamic.onnx/bypass/1024/iteration:28/repetition:1			0.3940 ms
ProcessBlock/GuitarLSTM-libtorch-dynamic.onnx/bypass/1024/iteration:29/repetition:1			0.3919 ms
ProcessBlock/GuitarLSTM-libtorch-dynamic.onnx/bypass/1024/iteration:30/repetition:1			0.3920 ms
ProcessBlock/GuitarLSTM-libtorch-dynamic.onnx/bypass/1024/iteration:31/repetition:1			0.3920 ms
ProcessBlock/GuitarLSTM-libtorch-dynamic.onnx/bypass/1024/iteration:32/repetition:1			0.3928 ms
ProcessBlock/GuitarLSTM-libtorch-dynamic.onnx/bypass/1024/iteration:33/repetition:1			0.3940 ms
ProcessBlock/GuitarLSTM-libtorch-dynamic.onnx/bypass/1024/iteration:34/repetition:1			0.3920 ms
ProcessBlock/GuitarLSTM-libtorch-dynamic.onnx/bypass/1024/iteration:35/repetition:1			0.3969 ms
ProcessBlock/GuitarLSTM-libtorch-dynamic.onnx/bypass/1024/iteration:36/repetition:1			0.3915 ms
ProcessBlock/GuitarLSTM-libtorch-dynamic.onnx/bypass/1024/iteration:37/repetition:1			0.4010 ms
ProcessBlock/GuitarLSTM-libtorch-dynamic.onnx/bypass/1024/iteration:38/repetition:1			0.3941 ms
ProcessBlock/GuitarLSTM-libtorch-dynamic.onnx/bypass/1024/iteration:39/repetition:1			0.3905 ms
ProcessBlock/GuitarLSTM-libtorch-dynamic.onnx/bypass/1024/iteration:40/repetition:1			0.3907 ms
ProcessBlock/GuitarLSTM-libtorch-dynamic.onnx/bypass/1024/iteration:41/repetition:1			0.3905 ms
ProcessBlock/GuitarLSTM-libtorch-dynamic.onnx/bypass/1024/iteration:42/repetition:1			0.3961 ms
ProcessBlock/GuitarLSTM-libtorch-dynamic.onnx/bypass/1024/iteration:43/repetition:1			0.3905 ms
ProcessBlock/GuitarLSTM-libtorch-dynamic.onnx/bypass/1024/iteration:44/repetition:1			0.3907 ms
ProcessBlock/GuitarLSTM-libtorch-dynamic.onnx/bypass/1024/iteration:45/repetition:1			0.3920 ms
ProcessBlock/GuitarLSTM-libtorch-dynamic.onnx/bypass/1024/iteration:46/repetition:1			0.3905 ms
ProcessBlock/GuitarLSTM-libtorch-dynamic.onnx/bypass/1024/iteration:47/repetition:1			0.4002 ms
ProcessBlock/GuitarLSTM-libtorch-dynamic.onnx/bypass/1024/iteration:48/repetition:1			0.3947 ms
ProcessBlock/GuitarLSTM-libtorch-dynamic.onnx/bypass/1024/iteration:49/repetition:1			0.3946 ms
  Repetition 1/10: mean=0.3942 ms

[INFO] Anira version: 0.0.0-unknown
[WARNING] Session 81 requested more parallel processors than threads are available in Context. Using number of threads as number of parallel processors.
ProcessBlock/GuitarLSTM-libtorch-dynamic.onnx/bypass/1024/iteration:0/repetition:2			0.4228 ms
ProcessBlock/GuitarLSTM-libtorch-dynamic.onnx/bypass/1024/iteration:1/repetition:2			0.3968 ms
ProcessBlock/GuitarLSTM-libtorch-dynamic.onnx/bypass/1024/iteration:2/repetition:2			0.4021 ms
ProcessBlock/GuitarLSTM-libtorch-dynamic.onnx/bypass/1024/iteration:3/repetition:2			0.3960 ms
ProcessBlock/GuitarLSTM-libtorch-dynamic.onnx/bypass/1024/iteration:4/repetition:2			0.3999 ms
ProcessBlock/GuitarLSTM-libtorch-dynamic.onnx/bypass/1024/iteration:5/repetition:2			0.3907 ms
ProcessBlock/GuitarLSTM-libtorch-dynamic.onnx/bypass/1024/iteration:6/repetition:2			0.3904 ms
ProcessBlock/GuitarLSTM-libtorch-dynamic.onnx/bypass/1024/iteration:7/repetition:2			0.3947 ms
ProcessBlock/GuitarLSTM-libtorch-dynamic.onnx/bypass/1024/iteration:8/repetition:2			0.3933 ms
ProcessBlock/GuitarLSTM-libtorch-dynamic.onnx/bypass/1024/iteration:9/repetition:2			0.3960 ms
ProcessBlock/GuitarLSTM-libtorch-dynamic.onnx/bypass/1024/iteration:10/repetition:2			0.3947 ms
ProcessBlock/GuitarLSTM-libtorch-dynamic.onnx/bypass/1024/iteration:11/repetition:2			0.3907 ms
ProcessBlock/GuitarLSTM-libtorch-dynamic.onnx/bypass/1024/iteration:12/repetition:2			0.3905 ms
ProcessBlock/GuitarLSTM-libtorch-dynamic.onnx/bypass/1024/iteration:13/repetition:2			0.3972 ms
ProcessBlock/GuitarLSTM-libtorch-dynamic.onnx/bypass/1024/iteration:14/repetition:2			0.4022 ms
ProcessBlock/GuitarLSTM-libtorch-dynamic.onnx/bypass/1024/iteration:15/repetition:2			0.3921 ms
ProcessBlock/GuitarLSTM-libtorch-dynamic.onnx/bypass/1024/iteration:16/repetition:2			0.3945 ms
ProcessBlock/GuitarLSTM-libtorch-dynamic.onnx/bypass/1024/iteration:17/repetition:2			0.3919 ms
ProcessBlock/GuitarLSTM-libtorch-dynamic.onnx/bypass/1024/iteration:18/repetition:2			0.4008 ms
ProcessBlock/GuitarLSTM-libtorch-dynamic.onnx/bypass/1024/iteration:19/repetition:2			0.3951 ms
ProcessBlock/GuitarLSTM-libtorch-dynamic.onnx/bypass/1024/iteration:20/repetition:2			0.3988 ms
ProcessBlock/GuitarLSTM-libtorch-dynamic.onnx/bypass/1024/iteration:21/repetition:2			0.3935 ms
ProcessBlock/GuitarLSTM-libtorch-dynamic.onnx/bypass/1024/iteration:22/repetition:2			0.3981 ms
ProcessBlock/GuitarLSTM-libtorch-dynamic.onnx/bypass/1024/iteration:23/repetition:2			0.3922 ms
ProcessBlock/GuitarLSTM-libtorch-dynamic.onnx/bypass/1024/iteration:24/repetition:2			0.4012 ms
ProcessBlock/GuitarLSTM-libtorch-dynamic.onnx/bypass/1024/iteration:25/repetition:2			0.3917 ms
ProcessBlock/GuitarLSTM-libtorch-dynamic.onnx/bypass/1024/iteration:26/repetition:2			0.3907 ms
ProcessBlock/GuitarLSTM-libtorch-dynamic.onnx/bypass/1024/iteration:27/repetition:2			0.3919 ms
ProcessBlock/GuitarLSTM-libtorch-dynamic.onnx/bypass/1024/iteration:28/repetition:2			0.3907 ms
ProcessBlock/GuitarLSTM-libtorch-dynamic.onnx/bypass/1024/iteration:29/repetition:2			0.3972 ms
ProcessBlock/GuitarLSTM-libtorch-dynamic.onnx/bypass/1024/iteration:30/repetition:2			0.3946 ms
ProcessBlock/GuitarLSTM-libtorch-dynamic.onnx/bypass/1024/iteration:31/repetition:2			0.3906 ms
ProcessBlock/GuitarLSTM-libtorch-dynamic.onnx/bypass/1024/iteration:32/repetition:2			0.3920 ms
ProcessBlock/GuitarLSTM-libtorch-dynamic.onnx/bypass/1024/iteration:33/repetition:2			0.3906 ms
ProcessBlock/GuitarLSTM-libtorch-dynamic.onnx/bypass/1024/iteration:34/repetition:2			0.3990 ms
ProcessBlock/GuitarLSTM-libtorch-dynamic.onnx/bypass/1024/iteration:35/repetition:2			0.3982 ms
ProcessBlock/GuitarLSTM-libtorch-dynamic.onnx/bypass/1024/iteration:36/repetition:2			0.3947 ms
ProcessBlock/GuitarLSTM-libtorch-dynamic.onnx/bypass/1024/iteration:37/repetition:2			0.3919 ms
ProcessBlock/GuitarLSTM-libtorch-dynamic.onnx/bypass/1024/iteration:38/repetition:2			0.3906 ms
ProcessBlock/GuitarLSTM-libtorch-dynamic.onnx/bypass/1024/iteration:39/repetition:2			0.3976 ms
ProcessBlock/GuitarLSTM-libtorch-dynamic.onnx/bypass/1024/iteration:40/repetition:2			0.3917 ms
ProcessBlock/GuitarLSTM-libtorch-dynamic.onnx/bypass/1024/iteration:41/repetition:2			0.3933 ms
ProcessBlock/GuitarLSTM-libtorch-dynamic.onnx/bypass/1024/iteration:42/repetition:2			0.3947 ms
ProcessBlock/GuitarLSTM-libtorch-dynamic.onnx/bypass/1024/iteration:43/repetition:2			0.3906 ms
ProcessBlock/GuitarLSTM-libtorch-dynamic.onnx/bypass/1024/iteration:44/repetition:2			0.3975 ms
ProcessBlock/GuitarLSTM-libtorch-dynamic.onnx/bypass/1024/iteration:45/repetition:2			0.3980 ms
ProcessBlock/GuitarLSTM-libtorch-dynamic.onnx/bypass/1024/iteration:46/repetition:2			0.3956 ms
ProcessBlock/GuitarLSTM-libtorch-dynamic.onnx/bypass/1024/iteration:47/repetition:2			0.3980 ms
ProcessBlock/GuitarLSTM-libtorch-dynamic.onnx/bypass/1024/iteration:48/repetition:2			0.3906 ms
ProcessBlock/GuitarLSTM-libtorch-dynamic.onnx/bypass/1024/iteration:49/repetition:2			0.3973 ms
  Repetition 2/10: mean=0.3953 ms

[INFO] Anira version: 0.0.0-unknown
[WARNING] Session 82 requested more parallel processors than threads are available in Context. Using number of threads as number of parallel processors.
ProcessBlock/GuitarLSTM-libtorch-dynamic.onnx/bypass/1024/iteration:0/repetition:3			0.4158 ms
ProcessBlock/GuitarLSTM-libtorch-dynamic.onnx/bypass/1024/iteration:1/repetition:3			0.3982 ms
ProcessBlock/GuitarLSTM-libtorch-dynamic.onnx/bypass/1024/iteration:2/repetition:3			0.3973 ms
ProcessBlock/GuitarLSTM-libtorch-dynamic.onnx/bypass/1024/iteration:3/repetition:3			0.3965 ms
ProcessBlock/GuitarLSTM-libtorch-dynamic.onnx/bypass/1024/iteration:4/repetition:3			0.3961 ms
ProcessBlock/GuitarLSTM-libtorch-dynamic.onnx/bypass/1024/iteration:5/repetition:3			0.3997 ms
ProcessBlock/GuitarLSTM-libtorch-dynamic.onnx/bypass/1024/iteration:6/repetition:3			0.3974 ms
ProcessBlock/GuitarLSTM-libtorch-dynamic.onnx/bypass/1024/iteration:7/repetition:3			0.3919 ms
ProcessBlock/GuitarLSTM-libtorch-dynamic.onnx/bypass/1024/iteration:8/repetition:3			0.3946 ms
ProcessBlock/GuitarLSTM-libtorch-dynamic.onnx/bypass/1024/iteration:9/repetition:3			0.3921 ms
ProcessBlock/GuitarLSTM-libtorch-dynamic.onnx/bypass/1024/iteration:10/repetition:3			0.3917 ms
ProcessBlock/GuitarLSTM-libtorch-dynamic.onnx/bypass/1024/iteration:11/repetition:3			0.4000 ms
ProcessBlock/GuitarLSTM-libtorch-dynamic.onnx/bypass/1024/iteration:12/repetition:3			0.3934 ms
ProcessBlock/GuitarLSTM-libtorch-dynamic.onnx/bypass/1024/iteration:13/repetition:3			0.3971 ms
ProcessBlock/GuitarLSTM-libtorch-dynamic.onnx/bypass/1024/iteration:14/repetition:3			0.3965 ms
ProcessBlock/GuitarLSTM-libtorch-dynamic.onnx/bypass/1024/iteration:15/repetition:3			0.3980 ms
ProcessBlock/GuitarLSTM-libtorch-dynamic.onnx/bypass/1024/iteration:16/repetition:3			0.4027 ms
ProcessBlock/GuitarLSTM-libtorch-dynamic.onnx/bypass/1024/iteration:17/repetition:3			0.3918 ms
ProcessBlock/GuitarLSTM-libtorch-dynamic.onnx/bypass/1024/iteration:18/repetition:3			0.3918 ms
ProcessBlock/GuitarLSTM-libtorch-dynamic.onnx/bypass/1024/iteration:19/repetition:3			0.3965 ms
ProcessBlock/GuitarLSTM-libtorch-dynamic.onnx/bypass/1024/iteration:20/repetition:3			0.3914 ms
ProcessBlock/GuitarLSTM-libtorch-dynamic.onnx/bypass/1024/iteration:21/repetition:3			0.3972 ms
ProcessBlock/GuitarLSTM-libtorch-dynamic.onnx/bypass/1024/iteration:22/repetition:3			0.3946 ms
ProcessBlock/GuitarLSTM-libtorch-dynamic.onnx/bypass/1024/iteration:23/repetition:3			0.3933 ms
ProcessBlock/GuitarLSTM-libtorch-dynamic.onnx/bypass/1024/iteration:24/repetition:3			0.3906 ms
ProcessBlock/GuitarLSTM-libtorch-dynamic.onnx/bypass/1024/iteration:25/repetition:3			0.3979 ms
ProcessBlock/GuitarLSTM-libtorch-dynamic.onnx/bypass/1024/iteration:26/repetition:3			0.3982 ms
ProcessBlock/GuitarLSTM-libtorch-dynamic.onnx/bypass/1024/iteration:27/repetition:3			0.3973 ms
ProcessBlock/GuitarLSTM-libtorch-dynamic.onnx/bypass/1024/iteration:28/repetition:3			0.3930 ms
ProcessBlock/GuitarLSTM-libtorch-dynamic.onnx/bypass/1024/iteration:29/repetition:3			0.3946 ms
ProcessBlock/GuitarLSTM-libtorch-dynamic.onnx/bypass/1024/iteration:30/repetition:3			0.4096 ms
ProcessBlock/GuitarLSTM-libtorch-dynamic.onnx/bypass/1024/iteration:31/repetition:3			0.4058 ms
ProcessBlock/GuitarLSTM-libtorch-dynamic.onnx/bypass/1024/iteration:32/repetition:3			0.3960 ms
ProcessBlock/GuitarLSTM-libtorch-dynamic.onnx/bypass/1024/iteration:33/repetition:3			0.3966 ms
ProcessBlock/GuitarLSTM-libtorch-dynamic.onnx/bypass/1024/iteration:34/repetition:3			0.3966 ms
ProcessBlock/GuitarLSTM-libtorch-dynamic.onnx/bypass/1024/iteration:35/repetition:3			0.3997 ms
ProcessBlock/GuitarLSTM-libtorch-dynamic.onnx/bypass/1024/iteration:36/repetition:3			0.3999 ms
ProcessBlock/GuitarLSTM-libtorch-dynamic.onnx/bypass/1024/iteration:37/repetition:3			0.3906 ms
ProcessBlock/GuitarLSTM-libtorch-dynamic.onnx/bypass/1024/iteration:38/repetition:3			0.3918 ms
ProcessBlock/GuitarLSTM-libtorch-dynamic.onnx/bypass/1024/iteration:39/repetition:3			0.3906 ms
ProcessBlock/GuitarLSTM-libtorch-dynamic.onnx/bypass/1024/iteration:40/repetition:3			0.3920 ms
ProcessBlock/GuitarLSTM-libtorch-dynamic.onnx/bypass/1024/iteration:41/repetition:3			0.3999 ms
ProcessBlock/GuitarLSTM-libtorch-dynamic.onnx/bypass/1024/iteration:42/repetition:3			0.3922 ms
ProcessBlock/GuitarLSTM-libtorch-dynamic.onnx/bypass/1024/iteration:43/repetition:3			0.3915 ms
ProcessBlock/GuitarLSTM-libtorch-dynamic.onnx/bypass/1024/iteration:44/repetition:3			0.3977 ms
ProcessBlock/GuitarLSTM-libtorch-dynamic.onnx/bypass/1024/iteration:45/repetition:3			0.3937 ms
ProcessBlock/GuitarLSTM-libtorch-dynamic.onnx/bypass/1024/iteration:46/repetition:3			0.3925 ms
ProcessBlock/GuitarLSTM-libtorch-dynamic.onnx/bypass/1024/iteration:47/repetition:3			0.3946 ms
ProcessBlock/GuitarLSTM-libtorch-dynamic.onnx/bypass/1024/iteration:48/repetition:3			0.3943 ms
ProcessBlock/GuitarLSTM-libtorch-dynamic.onnx/bypass/1024/iteration:49/repetition:3			0.3950 ms
  Repetition 3/10: mean=0.3962 ms

[INFO] Anira version: 0.0.0-unknown
[WARNING] Session 83 requested more parallel processors than threads are available in Context. Using number of threads as number of parallel processors.
ProcessBlock/GuitarLSTM-libtorch-dynamic.onnx/bypass/1024/iteration:0/repetition:4			0.4118 ms
ProcessBlock/GuitarLSTM-libtorch-dynamic.onnx/bypass/1024/iteration:1/repetition:4			0.3921 ms
ProcessBlock/GuitarLSTM-libtorch-dynamic.onnx/bypass/1024/iteration:2/repetition:4			0.3970 ms
ProcessBlock/GuitarLSTM-libtorch-dynamic.onnx/bypass/1024/iteration:3/repetition:4			0.4022 ms
ProcessBlock/GuitarLSTM-libtorch-dynamic.onnx/bypass/1024/iteration:4/repetition:4			0.3950 ms
ProcessBlock/GuitarLSTM-libtorch-dynamic.onnx/bypass/1024/iteration:5/repetition:4			0.3920 ms
ProcessBlock/GuitarLSTM-libtorch-dynamic.onnx/bypass/1024/iteration:6/repetition:4			0.3918 ms
ProcessBlock/GuitarLSTM-libtorch-dynamic.onnx/bypass/1024/iteration:7/repetition:4			0.3961 ms
ProcessBlock/GuitarLSTM-libtorch-dynamic.onnx/bypass/1024/iteration:8/repetition:4			0.3985 ms
ProcessBlock/GuitarLSTM-libtorch-dynamic.onnx/bypass/1024/iteration:9/repetition:4			0.3960 ms
ProcessBlock/GuitarLSTM-libtorch-dynamic.onnx/bypass/1024/iteration:10/repetition:4			0.3919 ms
ProcessBlock/GuitarLSTM-libtorch-dynamic.onnx/bypass/1024/iteration:11/repetition:4			0.3934 ms
ProcessBlock/GuitarLSTM-libtorch-dynamic.onnx/bypass/1024/iteration:12/repetition:4			0.3930 ms
ProcessBlock/GuitarLSTM-libtorch-dynamic.onnx/bypass/1024/iteration:13/repetition:4			0.3934 ms
ProcessBlock/GuitarLSTM-libtorch-dynamic.onnx/bypass/1024/iteration:14/repetition:4			0.3999 ms
ProcessBlock/GuitarLSTM-libtorch-dynamic.onnx/bypass/1024/iteration:15/repetition:4			0.3920 ms
ProcessBlock/GuitarLSTM-libtorch-dynamic.onnx/bypass/1024/iteration:16/repetition:4			0.3957 ms
ProcessBlock/GuitarLSTM-libtorch-dynamic.onnx/bypass/1024/iteration:17/repetition:4			0.3910 ms
ProcessBlock/GuitarLSTM-libtorch-dynamic.onnx/bypass/1024/iteration:18/repetition:4			0.3973 ms
ProcessBlock/GuitarLSTM-libtorch-dynamic.onnx/bypass/1024/iteration:19/repetition:4			0.3920 ms
ProcessBlock/GuitarLSTM-libtorch-dynamic.onnx/bypass/1024/iteration:20/repetition:4			0.3999 ms
ProcessBlock/GuitarLSTM-libtorch-dynamic.onnx/bypass/1024/iteration:21/repetition:4			0.3920 ms
ProcessBlock/GuitarLSTM-libtorch-dynamic.onnx/bypass/1024/iteration:22/repetition:4			0.3923 ms
ProcessBlock/GuitarLSTM-libtorch-dynamic.onnx/bypass/1024/iteration:23/repetition:4			0.3969 ms
ProcessBlock/GuitarLSTM-libtorch-dynamic.onnx/bypass/1024/iteration:24/repetition:4			0.3966 ms
ProcessBlock/GuitarLSTM-libtorch-dynamic.onnx/bypass/1024/iteration:25/repetition:4			0.3967 ms
ProcessBlock/GuitarLSTM-libtorch-dynamic.onnx/bypass/1024/iteration:26/repetition:4			0.3959 ms
ProcessBlock/GuitarLSTM-libtorch-dynamic.onnx/bypass/1024/iteration:27/repetition:4			0.3920 ms
ProcessBlock/GuitarLSTM-libtorch-dynamic.onnx/bypass/1024/iteration:28/repetition:4			0.4001 ms
ProcessBlock/GuitarLSTM-libtorch-dynamic.onnx/bypass/1024/iteration:29/repetition:4			0.3933 ms
ProcessBlock/GuitarLSTM-libtorch-dynamic.onnx/bypass/1024/iteration:30/repetition:4			0.3920 ms
ProcessBlock/GuitarLSTM-libtorch-dynamic.onnx/bypass/1024/iteration:31/repetition:4			0.3945 ms
ProcessBlock/GuitarLSTM-libtorch-dynamic.onnx/bypass/1024/iteration:32/repetition:4			0.3907 ms
ProcessBlock/GuitarLSTM-libtorch-dynamic.onnx/bypass/1024/iteration:33/repetition:4			0.4036 ms
ProcessBlock/GuitarLSTM-libtorch-dynamic.onnx/bypass/1024/iteration:34/repetition:4			0.3975 ms
ProcessBlock/GuitarLSTM-libtorch-dynamic.onnx/bypass/1024/iteration:35/repetition:4			0.4008 ms
ProcessBlock/GuitarLSTM-libtorch-dynamic.onnx/bypass/1024/iteration:36/repetition:4			0.3937 ms
ProcessBlock/GuitarLSTM-libtorch-dynamic.onnx/bypass/1024/iteration:37/repetition:4			0.3948 ms
ProcessBlock/GuitarLSTM-libtorch-dynamic.onnx/bypass/1024/iteration:38/repetition:4			0.3971 ms
ProcessBlock/GuitarLSTM-libtorch-dynamic.onnx/bypass/1024/iteration:39/repetition:4			0.3960 ms
ProcessBlock/GuitarLSTM-libtorch-dynamic.onnx/bypass/1024/iteration:40/repetition:4			0.3919 ms
ProcessBlock/GuitarLSTM-libtorch-dynamic.onnx/bypass/1024/iteration:41/repetition:4			0.3919 ms
ProcessBlock/GuitarLSTM-libtorch-dynamic.onnx/bypass/1024/iteration:42/repetition:4			0.3963 ms
ProcessBlock/GuitarLSTM-libtorch-dynamic.onnx/bypass/1024/iteration:43/repetition:4			0.3990 ms
ProcessBlock/GuitarLSTM-libtorch-dynamic.onnx/bypass/1024/iteration:44/repetition:4			0.3991 ms
ProcessBlock/GuitarLSTM-libtorch-dynamic.onnx/bypass/1024/iteration:45/repetition:4			0.3930 ms
ProcessBlock/GuitarLSTM-libtorch-dynamic.onnx/bypass/1024/iteration:46/repetition:4			0.3949 ms
ProcessBlock/GuitarLSTM-libtorch-dynamic.onnx/bypass/1024/iteration:47/repetition:4			0.3925 ms
ProcessBlock/GuitarLSTM-libtorch-dynamic.onnx/bypass/1024/iteration:48/repetition:4			0.3996 ms
ProcessBlock/GuitarLSTM-libtorch-dynamic.onnx/bypass/1024/iteration:49/repetition:4			0.3919 ms
  Repetition 4/10: mean=0.3956 ms

[INFO] Anira version: 0.0.0-unknown
[WARNING] Session 84 requested more parallel processors than threads are available in Context. Using number of threads as number of parallel processors.
ProcessBlock/GuitarLSTM-libtorch-dynamic.onnx/bypass/1024/iteration:0/repetition:5			0.4170 ms
ProcessBlock/GuitarLSTM-libtorch-dynamic.onnx/bypass/1024/iteration:1/repetition:5			0.4000 ms
ProcessBlock/GuitarLSTM-libtorch-dynamic.onnx/bypass/1024/iteration:2/repetition:5			0.3958 ms
ProcessBlock/GuitarLSTM-libtorch-dynamic.onnx/bypass/1024/iteration:3/repetition:5			0.3957 ms
ProcessBlock/GuitarLSTM-libtorch-dynamic.onnx/bypass/1024/iteration:4/repetition:5			0.3978 ms
ProcessBlock/GuitarLSTM-libtorch-dynamic.onnx/bypass/1024/iteration:5/repetition:5			0.4000 ms
ProcessBlock/GuitarLSTM-libtorch-dynamic.onnx/bypass/1024/iteration:6/repetition:5			0.3919 ms
ProcessBlock/GuitarLSTM-libtorch-dynamic.onnx/bypass/1024/iteration:7/repetition:5			0.3962 ms
ProcessBlock/GuitarLSTM-libtorch-dynamic.onnx/bypass/1024/iteration:8/repetition:5			0.3971 ms
ProcessBlock/GuitarLSTM-libtorch-dynamic.onnx/bypass/1024/iteration:9/repetition:5			0.3945 ms
ProcessBlock/GuitarLSTM-libtorch-dynamic.onnx/bypass/1024/iteration:10/repetition:5			0.3972 ms
ProcessBlock/GuitarLSTM-libtorch-dynamic.onnx/bypass/1024/iteration:11/repetition:5			0.3950 ms
ProcessBlock/GuitarLSTM-libtorch-dynamic.onnx/bypass/1024/iteration:12/repetition:5			0.4040 ms
ProcessBlock/GuitarLSTM-libtorch-dynamic.onnx/bypass/1024/iteration:13/repetition:5			0.4034 ms
ProcessBlock/GuitarLSTM-libtorch-dynamic.onnx/bypass/1024/iteration:14/repetition:5			0.4058 ms
ProcessBlock/GuitarLSTM-libtorch-dynamic.onnx/bypass/1024/iteration:15/repetition:5			0.3968 ms
ProcessBlock/GuitarLSTM-libtorch-dynamic.onnx/bypass/1024/iteration:16/repetition:5			0.3943 ms
ProcessBlock/GuitarLSTM-libtorch-dynamic.onnx/bypass/1024/iteration:17/repetition:5			0.3909 ms
ProcessBlock/GuitarLSTM-libtorch-dynamic.onnx/bypass/1024/iteration:18/repetition:5			0.3984 ms
ProcessBlock/GuitarLSTM-libtorch-dynamic.onnx/bypass/1024/iteration:19/repetition:5			0.3962 ms
ProcessBlock/GuitarLSTM-libtorch-dynamic.onnx/bypass/1024/iteration:20/repetition:5			0.3969 ms
ProcessBlock/GuitarLSTM-libtorch-dynamic.onnx/bypass/1024/iteration:21/repetition:5			0.3920 ms
ProcessBlock/GuitarLSTM-libtorch-dynamic.onnx/bypass/1024/iteration:22/repetition:5			0.3972 ms
ProcessBlock/GuitarLSTM-libtorch-dynamic.onnx/bypass/1024/iteration:23/repetition:5			0.3955 ms
ProcessBlock/GuitarLSTM-libtorch-dynamic.onnx/bypass/1024/iteration:24/repetition:5			0.3912 ms
ProcessBlock/GuitarLSTM-libtorch-dynamic.onnx/bypass/1024/iteration:25/repetition:5			0.3957 ms
ProcessBlock/GuitarLSTM-libtorch-dynamic.onnx/bypass/1024/iteration:26/repetition:5			0.3967 ms
ProcessBlock/GuitarLSTM-libtorch-dynamic.onnx/bypass/1024/iteration:27/repetition:5			0.3974 ms
ProcessBlock/GuitarLSTM-libtorch-dynamic.onnx/bypass/1024/iteration:28/repetition:5			0.3976 ms
ProcessBlock/GuitarLSTM-libtorch-dynamic.onnx/bypass/1024/iteration:29/repetition:5			0.3922 ms
ProcessBlock/GuitarLSTM-libtorch-dynamic.onnx/bypass/1024/iteration:30/repetition:5			0.4028 ms
ProcessBlock/GuitarLSTM-libtorch-dynamic.onnx/bypass/1024/iteration:31/repetition:5			0.3971 ms
ProcessBlock/GuitarLSTM-libtorch-dynamic.onnx/bypass/1024/iteration:32/repetition:5			0.3995 ms
ProcessBlock/GuitarLSTM-libtorch-dynamic.onnx/bypass/1024/iteration:33/repetition:5			0.3973 ms
ProcessBlock/GuitarLSTM-libtorch-dynamic.onnx/bypass/1024/iteration:34/repetition:5			0.3920 ms
ProcessBlock/GuitarLSTM-libtorch-dynamic.onnx/bypass/1024/iteration:35/repetition:5			0.4000 ms
ProcessBlock/GuitarLSTM-libtorch-dynamic.onnx/bypass/1024/iteration:36/repetition:5			0.3930 ms
ProcessBlock/GuitarLSTM-libtorch-dynamic.onnx/bypass/1024/iteration:37/repetition:5			0.3920 ms
ProcessBlock/GuitarLSTM-libtorch-dynamic.onnx/bypass/1024/iteration:38/repetition:5			0.3920 ms
ProcessBlock/GuitarLSTM-libtorch-dynamic.onnx/bypass/1024/iteration:39/repetition:5			0.3923 ms
ProcessBlock/GuitarLSTM-libtorch-dynamic.onnx/bypass/1024/iteration:40/repetition:5			0.4009 ms
ProcessBlock/GuitarLSTM-libtorch-dynamic.onnx/bypass/1024/iteration:41/repetition:5			0.3919 ms
ProcessBlock/GuitarLSTM-libtorch-dynamic.onnx/bypass/1024/iteration:42/repetition:5			0.3918 ms
ProcessBlock/GuitarLSTM-libtorch-dynamic.onnx/bypass/1024/iteration:43/repetition:5			0.3986 ms
ProcessBlock/GuitarLSTM-libtorch-dynamic.onnx/bypass/1024/iteration:44/repetition:5			0.3946 ms
ProcessBlock/GuitarLSTM-libtorch-dynamic.onnx/bypass/1024/iteration:45/repetition:5			0.3961 ms
ProcessBlock/GuitarLSTM-libtorch-dynamic.onnx/bypass/1024/iteration:46/repetition:5			0.3922 ms
ProcessBlock/GuitarLSTM-libtorch-dynamic.onnx/bypass/1024/iteration:47/repetition:5			0.3957 ms
ProcessBlock/GuitarLSTM-libtorch-dynamic.onnx/bypass/1024/iteration:48/repetition:5			0.3923 ms
ProcessBlock/GuitarLSTM-libtorch-dynamic.onnx/bypass/1024/iteration:49/repetition:5			0.3922 ms
  Repetition 5/10: mean=0.3965 ms

[INFO] Anira version: 0.0.0-unknown
[WARNING] Session 85 requested more parallel processors than threads are available in Context. Using number of threads as number of parallel processors.
ProcessBlock/GuitarLSTM-libtorch-dynamic.onnx/bypass/1024/iteration:0/repetition:6			0.4063 ms
ProcessBlock/GuitarLSTM-libtorch-dynamic.onnx/bypass/1024/iteration:1/repetition:6			0.4014 ms
ProcessBlock/GuitarLSTM-libtorch-dynamic.onnx/bypass/1024/iteration:2/repetition:6			0.4020 ms
ProcessBlock/GuitarLSTM-libtorch-dynamic.onnx/bypass/1024/iteration:3/repetition:6			0.3993 ms
ProcessBlock/GuitarLSTM-libtorch-dynamic.onnx/bypass/1024/iteration:4/repetition:6			0.3917 ms
ProcessBlock/GuitarLSTM-libtorch-dynamic.onnx/bypass/1024/iteration:5/repetition:6			0.3920 ms
ProcessBlock/GuitarLSTM-libtorch-dynamic.onnx/bypass/1024/iteration:6/repetition:6			0.3932 ms
ProcessBlock/GuitarLSTM-libtorch-dynamic.onnx/bypass/1024/iteration:7/repetition:6			0.4013 ms
ProcessBlock/GuitarLSTM-libtorch-dynamic.onnx/bypass/1024/iteration:8/repetition:6			0.3918 ms
ProcessBlock/GuitarLSTM-libtorch-dynamic.onnx/bypass/1024/iteration:9/repetition:6			0.3920 ms
ProcessBlock/GuitarLSTM-libtorch-dynamic.onnx/bypass/1024/iteration:10/repetition:6			0.3946 ms
ProcessBlock/GuitarLSTM-libtorch-dynamic.onnx/bypass/1024/iteration:11/repetition:6			0.3982 ms
ProcessBlock/GuitarLSTM-libtorch-dynamic.onnx/bypass/1024/iteration:12/repetition:6			0.3975 ms
ProcessBlock/GuitarLSTM-libtorch-dynamic.onnx/bypass/1024/iteration:13/repetition:6			0.3975 ms
ProcessBlock/GuitarLSTM-libtorch-dynamic.onnx/bypass/1024/iteration:14/repetition:6			0.3958 ms
ProcessBlock/GuitarLSTM-libtorch-dynamic.onnx/bypass/1024/iteration:15/repetition:6			0.3918 ms
ProcessBlock/GuitarLSTM-libtorch-dynamic.onnx/bypass/1024/iteration:16/repetition:6			0.3922 ms
ProcessBlock/GuitarLSTM-libtorch-dynamic.onnx/bypass/1024/iteration:17/repetition:6			0.3998 ms
ProcessBlock/GuitarLSTM-libtorch-dynamic.onnx/bypass/1024/iteration:18/repetition:6			0.3931 ms
ProcessBlock/GuitarLSTM-libtorch-dynamic.onnx/bypass/1024/iteration:19/repetition:6			0.3920 ms
ProcessBlock/GuitarLSTM-libtorch-dynamic.onnx/bypass/1024/iteration:20/repetition:6			0.3958 ms
ProcessBlock/GuitarLSTM-libtorch-dynamic.onnx/bypass/1024/iteration:21/repetition:6			0.3935 ms
ProcessBlock/GuitarLSTM-libtorch-dynamic.onnx/bypass/1024/iteration:22/repetition:6			0.3971 ms
ProcessBlock/GuitarLSTM-libtorch-dynamic.onnx/bypass/1024/iteration:23/repetition:6			0.4022 ms
ProcessBlock/GuitarLSTM-libtorch-dynamic.onnx/bypass/1024/iteration:24/repetition:6			0.3975 ms
ProcessBlock/GuitarLSTM-libtorch-dynamic.onnx/bypass/1024/iteration:25/repetition:6			0.3920 ms
ProcessBlock/GuitarLSTM-libtorch-dynamic.onnx/bypass/1024/iteration:26/repetition:6			0.3961 ms
ProcessBlock/GuitarLSTM-libtorch-dynamic.onnx/bypass/1024/iteration:27/repetition:6			0.3970 ms
ProcessBlock/GuitarLSTM-libtorch-dynamic.onnx/bypass/1024/iteration:28/repetition:6			0.3973 ms
ProcessBlock/GuitarLSTM-libtorch-dynamic.onnx/bypass/1024/iteration:29/repetition:6			0.3920 ms
ProcessBlock/GuitarLSTM-libtorch-dynamic.onnx/bypass/1024/iteration:30/repetition:6			0.3919 ms
ProcessBlock/GuitarLSTM-libtorch-dynamic.onnx/bypass/1024/iteration:31/repetition:6			0.3988 ms
ProcessBlock/GuitarLSTM-libtorch-dynamic.onnx/bypass/1024/iteration:32/repetition:6			0.4010 ms
ProcessBlock/GuitarLSTM-libtorch-dynamic.onnx/bypass/1024/iteration:33/repetition:6			0.3960 ms
ProcessBlock/GuitarLSTM-libtorch-dynamic.onnx/bypass/1024/iteration:34/repetition:6			0.4011 ms
ProcessBlock/GuitarLSTM-libtorch-dynamic.onnx/bypass/1024/iteration:35/repetition:6			0.3959 ms
ProcessBlock/GuitarLSTM-libtorch-dynamic.onnx/bypass/1024/iteration:36/repetition:6			0.3972 ms
ProcessBlock/GuitarLSTM-libtorch-dynamic.onnx/bypass/1024/iteration:37/repetition:6			0.3919 ms
ProcessBlock/GuitarLSTM-libtorch-dynamic.onnx/bypass/1024/iteration:38/repetition:6			0.3960 ms
ProcessBlock/GuitarLSTM-libtorch-dynamic.onnx/bypass/1024/iteration:39/repetition:6			0.3919 ms
ProcessBlock/GuitarLSTM-libtorch-dynamic.onnx/bypass/1024/iteration:40/repetition:6			0.3924 ms
ProcessBlock/GuitarLSTM-libtorch-dynamic.onnx/bypass/1024/iteration:41/repetition:6			0.3970 ms
ProcessBlock/GuitarLSTM-libtorch-dynamic.onnx/bypass/1024/iteration:42/repetition:6			0.4011 ms
ProcessBlock/GuitarLSTM-libtorch-dynamic.onnx/bypass/1024/iteration:43/repetition:6			0.3975 ms
ProcessBlock/GuitarLSTM-libtorch-dynamic.onnx/bypass/1024/iteration:44/repetition:6			0.3954 ms
ProcessBlock/GuitarLSTM-libtorch-dynamic.onnx/bypass/1024/iteration:45/repetition:6			0.3990 ms
ProcessBlock/GuitarLSTM-libtorch-dynamic.onnx/bypass/1024/iteration:46/repetition:6			0.4002 ms
ProcessBlock/GuitarLSTM-libtorch-dynamic.onnx/bypass/1024/iteration:47/repetition:6			0.4048 ms
ProcessBlock/GuitarLSTM-libtorch-dynamic.onnx/bypass/1024/iteration:48/repetition:6			0.3975 ms
ProcessBlock/GuitarLSTM-libtorch-dynamic.onnx/bypass/1024/iteration:49/repetition:6			0.4009 ms
  Repetition 6/10: mean=0.3966 ms

[INFO] Anira version: 0.0.0-unknown
[WARNING] Session 86 requested more parallel processors than threads are available in Context. Using number of threads as number of parallel processors.
ProcessBlock/GuitarLSTM-libtorch-dynamic.onnx/bypass/1024/iteration:0/repetition:7			0.4109 ms
ProcessBlock/GuitarLSTM-libtorch-dynamic.onnx/bypass/1024/iteration:1/repetition:7			0.3970 ms
ProcessBlock/GuitarLSTM-libtorch-dynamic.onnx/bypass/1024/iteration:2/repetition:7			0.3951 ms
ProcessBlock/GuitarLSTM-libtorch-dynamic.onnx/bypass/1024/iteration:3/repetition:7			0.3962 ms
ProcessBlock/GuitarLSTM-libtorch-dynamic.onnx/bypass/1024/iteration:4/repetition:7			0.3962 ms
ProcessBlock/GuitarLSTM-libtorch-dynamic.onnx/bypass/1024/iteration:5/repetition:7			0.3951 ms
ProcessBlock/GuitarLSTM-libtorch-dynamic.onnx/bypass/1024/iteration:6/repetition:7			0.4055 ms
ProcessBlock/GuitarLSTM-libtorch-dynamic.onnx/bypass/1024/iteration:7/repetition:7			0.4051 ms
ProcessBlock/GuitarLSTM-libtorch-dynamic.onnx/bypass/1024/iteration:8/repetition:7			0.3971 ms
ProcessBlock/GuitarLSTM-libtorch-dynamic.onnx/bypass/1024/iteration:9/repetition:7			0.3971 ms
ProcessBlock/GuitarLSTM-libtorch-dynamic.onnx/bypass/1024/iteration:10/repetition:7			0.3972 ms
ProcessBlock/GuitarLSTM-libtorch-dynamic.onnx/bypass/1024/iteration:11/repetition:7			0.3959 ms
ProcessBlock/GuitarLSTM-libtorch-dynamic.onnx/bypass/1024/iteration:12/repetition:7			0.3957 ms
ProcessBlock/GuitarLSTM-libtorch-dynamic.onnx/bypass/1024/iteration:13/repetition:7			0.4016 ms
ProcessBlock/GuitarLSTM-libtorch-dynamic.onnx/bypass/1024/iteration:14/repetition:7			0.3918 ms
ProcessBlock/GuitarLSTM-libtorch-dynamic.onnx/bypass/1024/iteration:15/repetition:7			0.3918 ms
ProcessBlock/GuitarLSTM-libtorch-dynamic.onnx/bypass/1024/iteration:16/repetition:7			0.3960 ms
ProcessBlock/GuitarLSTM-libtorch-dynamic.onnx/bypass/1024/iteration:17/repetition:7			0.3934 ms
ProcessBlock/GuitarLSTM-libtorch-dynamic.onnx/bypass/1024/iteration:18/repetition:7			0.3985 ms
ProcessBlock/GuitarLSTM-libtorch-dynamic.onnx/bypass/1024/iteration:19/repetition:7			0.3932 ms
ProcessBlock/GuitarLSTM-libtorch-dynamic.onnx/bypass/1024/iteration:20/repetition:7			0.4001 ms
ProcessBlock/GuitarLSTM-libtorch-dynamic.onnx/bypass/1024/iteration:21/repetition:7			0.3999 ms
ProcessBlock/GuitarLSTM-libtorch-dynamic.onnx/bypass/1024/iteration:22/repetition:7			0.3942 ms
ProcessBlock/GuitarLSTM-libtorch-dynamic.onnx/bypass/1024/iteration:23/repetition:7			0.3950 ms
ProcessBlock/GuitarLSTM-libtorch-dynamic.onnx/bypass/1024/iteration:24/repetition:7			0.3946 ms
ProcessBlock/GuitarLSTM-libtorch-dynamic.onnx/bypass/1024/iteration:25/repetition:7			0.3950 ms
ProcessBlock/GuitarLSTM-libtorch-dynamic.onnx/bypass/1024/iteration:26/repetition:7			0.3992 ms
ProcessBlock/GuitarLSTM-libtorch-dynamic.onnx/bypass/1024/iteration:27/repetition:7			0.4026 ms
ProcessBlock/GuitarLSTM-libtorch-dynamic.onnx/bypass/1024/iteration:28/repetition:7			0.4045 ms
ProcessBlock/GuitarLSTM-libtorch-dynamic.onnx/bypass/1024/iteration:29/repetition:7			0.3994 ms
ProcessBlock/GuitarLSTM-libtorch-dynamic.onnx/bypass/1024/iteration:30/repetition:7			0.3973 ms
ProcessBlock/GuitarLSTM-libtorch-dynamic.onnx/bypass/1024/iteration:31/repetition:7			0.3977 ms
ProcessBlock/GuitarLSTM-libtorch-dynamic.onnx/bypass/1024/iteration:32/repetition:7			0.3982 ms
ProcessBlock/GuitarLSTM-libtorch-dynamic.onnx/bypass/1024/iteration:33/repetition:7			0.3985 ms
ProcessBlock/GuitarLSTM-libtorch-dynamic.onnx/bypass/1024/iteration:34/repetition:7			0.3922 ms
ProcessBlock/GuitarLSTM-libtorch-dynamic.onnx/bypass/1024/iteration:35/repetition:7			0.3957 ms
ProcessBlock/GuitarLSTM-libtorch-dynamic.onnx/bypass/1024/iteration:36/repetition:7			0.3919 ms
ProcessBlock/GuitarLSTM-libtorch-dynamic.onnx/bypass/1024/iteration:37/repetition:7			0.3918 ms
ProcessBlock/GuitarLSTM-libtorch-dynamic.onnx/bypass/1024/iteration:38/repetition:7			0.3946 ms
ProcessBlock/GuitarLSTM-libtorch-dynamic.onnx/bypass/1024/iteration:39/repetition:7			0.3962 ms
ProcessBlock/GuitarLSTM-libtorch-dynamic.onnx/bypass/1024/iteration:40/repetition:7			0.3923 ms
ProcessBlock/GuitarLSTM-libtorch-dynamic.onnx/bypass/1024/iteration:41/repetition:7			0.3912 ms
ProcessBlock/GuitarLSTM-libtorch-dynamic.onnx/bypass/1024/iteration:42/repetition:7			0.3962 ms
ProcessBlock/GuitarLSTM-libtorch-dynamic.onnx/bypass/1024/iteration:43/repetition:7			0.3967 ms
ProcessBlock/GuitarLSTM-libtorch-dynamic.onnx/bypass/1024/iteration:44/repetition:7			0.3965 ms
ProcessBlock/GuitarLSTM-libtorch-dynamic.onnx/bypass/1024/iteration:45/repetition:7			0.4024 ms
ProcessBlock/GuitarLSTM-libtorch-dynamic.onnx/bypass/1024/iteration:46/repetition:7			0.3947 ms
ProcessBlock/GuitarLSTM-libtorch-dynamic.onnx/bypass/1024/iteration:47/repetition:7			0.3970 ms
ProcessBlock/GuitarLSTM-libtorch-dynamic.onnx/bypass/1024/iteration:48/repetition:7			0.4003 ms
ProcessBlock/GuitarLSTM-libtorch-dynamic.onnx/bypass/1024/iteration:49/repetition:7			0.4037 ms
  Repetition 7/10: mean=0.3972 ms

[INFO] Anira version: 0.0.0-unknown
[WARNING] Session 87 requested more parallel processors than threads are available in Context. Using number of threads as number of parallel processors.
ProcessBlock/GuitarLSTM-libtorch-dynamic.onnx/bypass/1024/iteration:0/repetition:8			0.4114 ms
ProcessBlock/GuitarLSTM-libtorch-dynamic.onnx/bypass/1024/iteration:1/repetition:8			0.3922 ms
ProcessBlock/GuitarLSTM-libtorch-dynamic.onnx/bypass/1024/iteration:2/repetition:8			0.3919 ms
ProcessBlock/GuitarLSTM-libtorch-dynamic.onnx/bypass/1024/iteration:3/repetition:8			0.3919 ms
ProcessBlock/GuitarLSTM-libtorch-dynamic.onnx/bypass/1024/iteration:4/repetition:8			0.3951 ms
ProcessBlock/GuitarLSTM-libtorch-dynamic.onnx/bypass/1024/iteration:5/repetition:8			0.3940 ms
ProcessBlock/GuitarLSTM-libtorch-dynamic.onnx/bypass/1024/iteration:6/repetition:8			0.3981 ms
ProcessBlock/GuitarLSTM-libtorch-dynamic.onnx/bypass/1024/iteration:7/repetition:8			0.3951 ms
ProcessBlock/GuitarLSTM-libtorch-dynamic.onnx/bypass/1024/iteration:8/repetition:8			0.4013 ms
ProcessBlock/GuitarLSTM-libtorch-dynamic.onnx/bypass/1024/iteration:9/repetition:8			0.3930 ms
ProcessBlock/GuitarLSTM-libtorch-dynamic.onnx/bypass/1024/iteration:10/repetition:8			0.4002 ms
ProcessBlock/GuitarLSTM-libtorch-dynamic.onnx/bypass/1024/iteration:11/repetition:8			0.3960 ms
ProcessBlock/GuitarLSTM-libtorch-dynamic.onnx/bypass/1024/iteration:12/repetition:8			0.3947 ms
ProcessBlock/GuitarLSTM-libtorch-dynamic.onnx/bypass/1024/iteration:13/repetition:8			0.3918 ms
ProcessBlock/GuitarLSTM-libtorch-dynamic.onnx/bypass/1024/iteration:14/repetition:8			0.3939 ms
ProcessBlock/GuitarLSTM-libtorch-dynamic.onnx/bypass/1024/iteration:15/repetition:8			0.3952 ms
ProcessBlock/GuitarLSTM-libtorch-dynamic.onnx/bypass/1024/iteration:16/repetition:8			0.3946 ms
ProcessBlock/GuitarLSTM-libtorch-dynamic.onnx/bypass/1024/iteration:17/repetition:8			0.3919 ms
ProcessBlock/GuitarLSTM-libtorch-dynamic.onnx/bypass/1024/iteration:18/repetition:8			0.3919 ms
ProcessBlock/GuitarLSTM-libtorch-dynamic.onnx/bypass/1024/iteration:19/repetition:8			0.3933 ms
ProcessBlock/GuitarLSTM-libtorch-dynamic.onnx/bypass/1024/iteration:20/repetition:8			0.4029 ms
ProcessBlock/GuitarLSTM-libtorch-dynamic.onnx/bypass/1024/iteration:21/repetition:8			0.3964 ms
ProcessBlock/GuitarLSTM-libtorch-dynamic.onnx/bypass/1024/iteration:22/repetition:8			0.3932 ms
ProcessBlock/GuitarLSTM-libtorch-dynamic.onnx/bypass/1024/iteration:23/repetition:8			0.3945 ms
ProcessBlock/GuitarLSTM-libtorch-dynamic.onnx/bypass/1024/iteration:24/repetition:8			0.3957 ms
ProcessBlock/GuitarLSTM-libtorch-dynamic.onnx/bypass/1024/iteration:25/repetition:8			0.4042 ms
ProcessBlock/GuitarLSTM-libtorch-dynamic.onnx/bypass/1024/iteration:26/repetition:8			0.4030 ms
ProcessBlock/GuitarLSTM-libtorch-dynamic.onnx/bypass/1024/iteration:27/repetition:8			0.4115 ms
ProcessBlock/GuitarLSTM-libtorch-dynamic.onnx/bypass/1024/iteration:28/repetition:8			0.3930 ms
ProcessBlock/GuitarLSTM-libtorch-dynamic.onnx/bypass/1024/iteration:29/repetition:8			0.3981 ms
ProcessBlock/GuitarLSTM-libtorch-dynamic.onnx/bypass/1024/iteration:30/repetition:8			0.3965 ms
ProcessBlock/GuitarLSTM-libtorch-dynamic.onnx/bypass/1024/iteration:31/repetition:8			0.3985 ms
ProcessBlock/GuitarLSTM-libtorch-dynamic.onnx/bypass/1024/iteration:32/repetition:8			0.3962 ms
ProcessBlock/GuitarLSTM-libtorch-dynamic.onnx/bypass/1024/iteration:33/repetition:8			0.3917 ms
ProcessBlock/GuitarLSTM-libtorch-dynamic.onnx/bypass/1024/iteration:34/repetition:8			0.3958 ms
ProcessBlock/GuitarLSTM-libtorch-dynamic.onnx/bypass/1024/iteration:35/repetition:8			0.3933 ms
ProcessBlock/GuitarLSTM-libtorch-dynamic.onnx/bypass/1024/iteration:36/repetition:8			0.3960 ms
ProcessBlock/GuitarLSTM-libtorch-dynamic.onnx/bypass/1024/iteration:37/repetition:8			0.3960 ms
ProcessBlock/GuitarLSTM-libtorch-dynamic.onnx/bypass/1024/iteration:38/repetition:8			0.4018 ms
ProcessBlock/GuitarLSTM-libtorch-dynamic.onnx/bypass/1024/iteration:39/repetition:8			0.3967 ms
ProcessBlock/GuitarLSTM-libtorch-dynamic.onnx/bypass/1024/iteration:40/repetition:8			0.3950 ms
ProcessBlock/GuitarLSTM-libtorch-dynamic.onnx/bypass/1024/iteration:41/repetition:8			0.3965 ms
ProcessBlock/GuitarLSTM-libtorch-dynamic.onnx/bypass/1024/iteration:42/repetition:8			0.3953 ms
ProcessBlock/GuitarLSTM-libtorch-dynamic.onnx/bypass/1024/iteration:43/repetition:8			0.3919 ms
ProcessBlock/GuitarLSTM-libtorch-dynamic.onnx/bypass/1024/iteration:44/repetition:8			0.3975 ms
ProcessBlock/GuitarLSTM-libtorch-dynamic.onnx/bypass/1024/iteration:45/repetition:8			0.3970 ms
ProcessBlock/GuitarLSTM-libtorch-dynamic.onnx/bypass/1024/iteration:46/repetition:8			0.3920 ms
ProcessBlock/GuitarLSTM-libtorch-dynamic.onnx/bypass/1024/iteration:47/repetition:8			0.3920 ms
ProcessBlock/GuitarLSTM-libtorch-dynamic.onnx/bypass/1024/iteration:48/repetition:8			0.3917 ms
ProcessBlock/GuitarLSTM-libtorch-dynamic.onnx/bypass/1024/iteration:49/repetition:8			0.3993 ms
  Repetition 8/10: mean=0.3962 ms

[INFO] Anira version: 0.0.0-unknown
[WARNING] Session 88 requested more parallel processors than threads are available in Context. Using number of threads as number of parallel processors.
ProcessBlock/GuitarLSTM-libtorch-dynamic.onnx/bypass/1024/iteration:0/repetition:9			0.4116 ms
ProcessBlock/GuitarLSTM-libtorch-dynamic.onnx/bypass/1024/iteration:1/repetition:9			0.4010 ms
ProcessBlock/GuitarLSTM-libtorch-dynamic.onnx/bypass/1024/iteration:2/repetition:9			0.3976 ms
ProcessBlock/GuitarLSTM-libtorch-dynamic.onnx/bypass/1024/iteration:3/repetition:9			0.3946 ms
ProcessBlock/GuitarLSTM-libtorch-dynamic.onnx/bypass/1024/iteration:4/repetition:9			0.3933 ms
ProcessBlock/GuitarLSTM-libtorch-dynamic.onnx/bypass/1024/iteration:5/repetition:9			0.3973 ms
ProcessBlock/GuitarLSTM-libtorch-dynamic.onnx/bypass/1024/iteration:6/repetition:9			0.4020 ms
ProcessBlock/GuitarLSTM-libtorch-dynamic.onnx/bypass/1024/iteration:7/repetition:9			0.3991 ms
ProcessBlock/GuitarLSTM-libtorch-dynamic.onnx/bypass/1024/iteration:8/repetition:9			0.3997 ms
ProcessBlock/GuitarLSTM-libtorch-dynamic.onnx/bypass/1024/iteration:9/repetition:9			0.3977 ms
ProcessBlock/GuitarLSTM-libtorch-dynamic.onnx/bypass/1024/iteration:10/repetition:9			0.3984 ms
ProcessBlock/GuitarLSTM-libtorch-dynamic.onnx/bypass/1024/iteration:11/repetition:9			0.3989 ms
ProcessBlock/GuitarLSTM-libtorch-dynamic.onnx/bypass/1024/iteration:12/repetition:9			0.3981 ms
ProcessBlock/GuitarLSTM-libtorch-dynamic.onnx/bypass/1024/iteration:13/repetition:9			0.3934 ms
ProcessBlock/GuitarLSTM-libtorch-dynamic.onnx/bypass/1024/iteration:14/repetition:9			0.3932 ms
ProcessBlock/GuitarLSTM-libtorch-dynamic.onnx/bypass/1024/iteration:15/repetition:9			0.3920 ms
ProcessBlock/GuitarLSTM-libtorch-dynamic.onnx/bypass/1024/iteration:16/repetition:9			0.3981 ms
ProcessBlock/GuitarLSTM-libtorch-dynamic.onnx/bypass/1024/iteration:17/repetition:9			0.3980 ms
ProcessBlock/GuitarLSTM-libtorch-dynamic.onnx/bypass/1024/iteration:18/repetition:9			0.3943 ms
ProcessBlock/GuitarLSTM-libtorch-dynamic.onnx/bypass/1024/iteration:19/repetition:9			0.3946 ms
ProcessBlock/GuitarLSTM-libtorch-dynamic.onnx/bypass/1024/iteration:20/repetition:9			0.3968 ms
ProcessBlock/GuitarLSTM-libtorch-dynamic.onnx/bypass/1024/iteration:21/repetition:9			0.4033 ms
ProcessBlock/GuitarLSTM-libtorch-dynamic.onnx/bypass/1024/iteration:22/repetition:9			0.4037 ms
ProcessBlock/GuitarLSTM-libtorch-dynamic.onnx/bypass/1024/iteration:23/repetition:9			0.3946 ms
ProcessBlock/GuitarLSTM-libtorch-dynamic.onnx/bypass/1024/iteration:24/repetition:9			0.3932 ms
ProcessBlock/GuitarLSTM-libtorch-dynamic.onnx/bypass/1024/iteration:25/repetition:9			0.3932 ms
ProcessBlock/GuitarLSTM-libtorch-dynamic.onnx/bypass/1024/iteration:26/repetition:9			0.4003 ms
ProcessBlock/GuitarLSTM-libtorch-dynamic.onnx/bypass/1024/iteration:27/repetition:9			0.3968 ms
ProcessBlock/GuitarLSTM-libtorch-dynamic.onnx/bypass/1024/iteration:28/repetition:9			0.3933 ms
ProcessBlock/GuitarLSTM-libtorch-dynamic.onnx/bypass/1024/iteration:29/repetition:9			0.3946 ms
ProcessBlock/GuitarLSTM-libtorch-dynamic.onnx/bypass/1024/iteration:30/repetition:9			0.3970 ms
ProcessBlock/GuitarLSTM-libtorch-dynamic.onnx/bypass/1024/iteration:31/repetition:9			0.4042 ms
ProcessBlock/GuitarLSTM-libtorch-dynamic.onnx/bypass/1024/iteration:32/repetition:9			0.3931 ms
ProcessBlock/GuitarLSTM-libtorch-dynamic.onnx/bypass/1024/iteration:33/repetition:9			0.3932 ms
ProcessBlock/GuitarLSTM-libtorch-dynamic.onnx/bypass/1024/iteration:34/repetition:9			0.3933 ms
ProcessBlock/GuitarLSTM-libtorch-dynamic.onnx/bypass/1024/iteration:35/repetition:9			0.3959 ms
ProcessBlock/GuitarLSTM-libtorch-dynamic.onnx/bypass/1024/iteration:36/repetition:9			0.3975 ms
ProcessBlock/GuitarLSTM-libtorch-dynamic.onnx/bypass/1024/iteration:37/repetition:9			0.3930 ms
ProcessBlock/GuitarLSTM-libtorch-dynamic.onnx/bypass/1024/iteration:38/repetition:9			0.4016 ms
ProcessBlock/GuitarLSTM-libtorch-dynamic.onnx/bypass/1024/iteration:39/repetition:9			0.3956 ms
ProcessBlock/GuitarLSTM-libtorch-dynamic.onnx/bypass/1024/iteration:40/repetition:9			0.3922 ms
ProcessBlock/GuitarLSTM-libtorch-dynamic.onnx/bypass/1024/iteration:41/repetition:9			0.4010 ms
ProcessBlock/GuitarLSTM-libtorch-dynamic.onnx/bypass/1024/iteration:42/repetition:9			0.3960 ms
ProcessBlock/GuitarLSTM-libtorch-dynamic.onnx/bypass/1024/iteration:43/repetition:9			0.3917 ms
ProcessBlock/GuitarLSTM-libtorch-dynamic.onnx/bypass/1024/iteration:44/repetition:9			0.3920 ms
ProcessBlock/GuitarLSTM-libtorch-dynamic.onnx/bypass/1024/iteration:45/repetition:9			0.3946 ms
ProcessBlock/GuitarLSTM-libtorch-dynamic.onnx/bypass/1024/iteration:46/repetition:9			0.3983 ms
ProcessBlock/GuitarLSTM-libtorch-dynamic.onnx/bypass/1024/iteration:47/repetition:9			0.3935 ms
ProcessBlock/GuitarLSTM-libtorch-dynamic.onnx/bypass/1024/iteration:48/repetition:9			0.3959 ms
ProcessBlock/GuitarLSTM-libtorch-dynamic.onnx/bypass/1024/iteration:49/repetition:9			0.3933 ms
  Repetition 9/10: mean=0.3967 ms

[INFO] Anira version: 0.0.0-unknown
[WARNING] Session 89 requested more parallel processors than threads are available in Context. Using number of threads as number of parallel processors.
ProcessBlock/GuitarLSTM-libtorch-dynamic.onnx/bypass/1024/iteration:0/repetition:10			0.4045 ms
ProcessBlock/GuitarLSTM-libtorch-dynamic.onnx/bypass/1024/iteration:1/repetition:10			0.3934 ms
ProcessBlock/GuitarLSTM-libtorch-dynamic.onnx/bypass/1024/iteration:2/repetition:10			0.3948 ms
ProcessBlock/GuitarLSTM-libtorch-dynamic.onnx/bypass/1024/iteration:3/repetition:10			0.4000 ms
ProcessBlock/GuitarLSTM-libtorch-dynamic.onnx/bypass/1024/iteration:4/repetition:10			0.4037 ms
ProcessBlock/GuitarLSTM-libtorch-dynamic.onnx/bypass/1024/iteration:5/repetition:10			0.4035 ms
ProcessBlock/GuitarLSTM-libtorch-dynamic.onnx/bypass/1024/iteration:6/repetition:10			0.4001 ms
ProcessBlock/GuitarLSTM-libtorch-dynamic.onnx/bypass/1024/iteration:7/repetition:10			0.3957 ms
ProcessBlock/GuitarLSTM-libtorch-dynamic.onnx/bypass/1024/iteration:8/repetition:10			0.3955 ms
ProcessBlock/GuitarLSTM-libtorch-dynamic.onnx/bypass/1024/iteration:9/repetition:10			0.3937 ms
ProcessBlock/GuitarLSTM-libtorch-dynamic.onnx/bypass/1024/iteration:10/repetition:10			0.3940 ms
ProcessBlock/GuitarLSTM-libtorch-dynamic.onnx/bypass/1024/iteration:11/repetition:10			0.3925 ms
ProcessBlock/GuitarLSTM-libtorch-dynamic.onnx/bypass/1024/iteration:12/repetition:10			0.4010 ms
ProcessBlock/GuitarLSTM-libtorch-dynamic.onnx/bypass/1024/iteration:13/repetition:10			0.4016 ms
ProcessBlock/GuitarLSTM-libtorch-dynamic.onnx/bypass/1024/iteration:14/repetition:10			0.3974 ms
ProcessBlock/GuitarLSTM-libtorch-dynamic.onnx/bypass/1024/iteration:15/repetition:10			0.4011 ms
ProcessBlock/GuitarLSTM-libtorch-dynamic.onnx/bypass/1024/iteration:16/repetition:10			0.4054 ms
ProcessBlock/GuitarLSTM-libtorch-dynamic.onnx/bypass/1024/iteration:17/repetition:10			0.3922 ms
ProcessBlock/GuitarLSTM-libtorch-dynamic.onnx/bypass/1024/iteration:18/repetition:10			0.4050 ms
ProcessBlock/GuitarLSTM-libtorch-dynamic.onnx/bypass/1024/iteration:19/repetition:10			0.3960 ms
ProcessBlock/GuitarLSTM-libtorch-dynamic.onnx/bypass/1024/iteration:20/repetition:10			0.3942 ms
ProcessBlock/GuitarLSTM-libtorch-dynamic.onnx/bypass/1024/iteration:21/repetition:10			0.3933 ms
ProcessBlock/GuitarLSTM-libtorch-dynamic.onnx/bypass/1024/iteration:22/repetition:10			0.3972 ms
ProcessBlock/GuitarLSTM-libtorch-dynamic.onnx/bypass/1024/iteration:23/repetition:10			0.3986 ms
ProcessBlock/GuitarLSTM-libtorch-dynamic.onnx/bypass/1024/iteration:24/repetition:10			0.3920 ms
ProcessBlock/GuitarLSTM-libtorch-dynamic.onnx/bypass/1024/iteration:25/repetition:10			0.3920 ms
ProcessBlock/GuitarLSTM-libtorch-dynamic.onnx/bypass/1024/iteration:26/repetition:10			0.3919 ms
ProcessBlock/GuitarLSTM-libtorch-dynamic.onnx/bypass/1024/iteration:27/repetition:10			0.3945 ms
ProcessBlock/GuitarLSTM-libtorch-dynamic.onnx/bypass/1024/iteration:28/repetition:10			0.3973 ms
ProcessBlock/GuitarLSTM-libtorch-dynamic.onnx/bypass/1024/iteration:29/repetition:10			0.3922 ms
ProcessBlock/GuitarLSTM-libtorch-dynamic.onnx/bypass/1024/iteration:30/repetition:10			0.3973 ms
ProcessBlock/GuitarLSTM-libtorch-dynamic.onnx/bypass/1024/iteration:31/repetition:10			0.4033 ms
ProcessBlock/GuitarLSTM-libtorch-dynamic.onnx/bypass/1024/iteration:32/repetition:10			0.3991 ms
ProcessBlock/GuitarLSTM-libtorch-dynamic.onnx/bypass/1024/iteration:33/repetition:10			0.3984 ms
ProcessBlock/GuitarLSTM-libtorch-dynamic.onnx/bypass/1024/iteration:34/repetition:10			0.3963 ms
ProcessBlock/GuitarLSTM-libtorch-dynamic.onnx/bypass/1024/iteration:35/repetition:10			0.3969 ms
ProcessBlock/GuitarLSTM-libtorch-dynamic.onnx/bypass/1024/iteration:36/repetition:10			0.3946 ms
ProcessBlock/GuitarLSTM-libtorch-dynamic.onnx/bypass/1024/iteration:37/repetition:10			0.3926 ms
ProcessBlock/GuitarLSTM-libtorch-dynamic.onnx/bypass/1024/iteration:38/repetition:10			0.3995 ms
ProcessBlock/GuitarLSTM-libtorch-dynamic.onnx/bypass/1024/iteration:39/repetition:10			0.3985 ms
ProcessBlock/GuitarLSTM-libtorch-dynamic.onnx/bypass/1024/iteration:40/repetition:10			0.3983 ms
ProcessBlock/GuitarLSTM-libtorch-dynamic.onnx/bypass/1024/iteration:41/repetition:10			0.3965 ms
ProcessBlock/GuitarLSTM-libtorch-dynamic.onnx/bypass/1024/iteration:42/repetition:10			0.4051 ms
ProcessBlock/GuitarLSTM-libtorch-dynamic.onnx/bypass/1024/iteration:43/repetition:10			0.3985 ms
ProcessBlock/GuitarLSTM-libtorch-dynamic.onnx/bypass/1024/iteration:44/repetition:10			0.3961 ms
ProcessBlock/GuitarLSTM-libtorch-dynamic.onnx/bypass/1024/iteration:45/repetition:10			0.3914 ms
ProcessBlock/GuitarLSTM-libtorch-dynamic.onnx/bypass/1024/iteration:46/repetition:10			0.3920 ms
ProcessBlock/GuitarLSTM-libtorch-dynamic.onnx/bypass/1024/iteration:47/repetition:10			0.3973 ms
ProcessBlock/GuitarLSTM-libtorch-dynamic.onnx/bypass/1024/iteration:48/repetition:10			0.3985 ms
ProcessBlock/GuitarLSTM-libtorch-dynamic.onnx/bypass/1024/iteration:49/repetition:10			0.3947 ms
  Repetition 10/10: mean=0.3972 ms


Aggregate (500 total iterations):
  ProcessBlock/GuitarLSTM-libtorch-dynamic.onnx/bypass: mean=0.3962 ms, min=0.3904 ms, max=0.4228 ms, p99.9=0.4170 ms

----------------------------------------------------------------------------------------------------------------------------------------

----------------------------------------------------------------------------------------------------------------------------------------
Model: GuitarLSTM-libtorch-dynamic.onnx | Run: onnx | Host Sample Rate: 44100 Hz | Host Buffer Size: 1024 = 23.2200 ms
----------------------------------------------------------------------------------------------------------------------------------------

Benchmark: 10 repetitions x 50 iterations

[INFO] Anira version: 0.0.0-unknown
[WARNING] Session 90 requested more parallel processors than threads are available in Context. Using number of threads as number of parallel processors.
ProcessBlock/GuitarLSTM-libtorch-dynamic.onnx/onnx/1024/iteration:0/repetition:1			3.3503 ms
ProcessBlock/GuitarLSTM-libtorch-dynamic.onnx/onnx/1024/iteration:1/repetition:1			3.3800 ms
ProcessBlock/GuitarLSTM-libtorch-dynamic.onnx/onnx/1024/iteration:2/repetition:1			3.3595 ms
ProcessBlock/GuitarLSTM-libtorch-dynamic.onnx/onnx/1024/iteration:3/repetition:1			3.3368 ms
ProcessBlock/GuitarLSTM-libtorch-dynamic.onnx/onnx/1024/iteration:4/repetition:1			3.4289 ms
ProcessBlock/GuitarLSTM-libtorch-dynamic.onnx/onnx/1024/iteration:5/repetition:1			3.3482 ms
ProcessBlock/GuitarLSTM-libtorch-dynamic.onnx/onnx/1024/iteration:6/repetition:1			3.3378 ms
ProcessBlock/GuitarLSTM-libtorch-dynamic.onnx/onnx/1024/iteration:7/repetition:1			3.3420 ms
ProcessBlock/GuitarLSTM-libtorch-dynamic.onnx/onnx/1024/iteration:8/repetition:1			3.3490 ms
ProcessBlock/GuitarLSTM-libtorch-dynamic.onnx/onnx/1024/iteration:9/repetition:1			3.3527 ms
ProcessBlock/GuitarLSTM-libtorch-dynamic.onnx/onnx/1024/iteration:10/repetition:1			3.3455 ms
ProcessBlock/GuitarLSTM-libtorch-dynamic.onnx/onnx/1024/iteration:11/repetition:1			3.3407 ms
ProcessBlock/GuitarLSTM-libtorch-dynamic.onnx/onnx/1024/iteration:12/repetition:1			3.3338 ms
ProcessBlock/GuitarLSTM-libtorch-dynamic.onnx/onnx/1024/iteration:13/repetition:1			3.3480 ms
ProcessBlock/GuitarLSTM-libtorch-dynamic.onnx/onnx/1024/iteration:14/repetition:1			3.3404 ms
ProcessBlock/GuitarLSTM-libtorch-dynamic.onnx/onnx/1024/iteration:15/repetition:1			3.3424 ms
ProcessBlock/GuitarLSTM-libtorch-dynamic.onnx/onnx/1024/iteration:16/repetition:1			3.3448 ms
ProcessBlock/GuitarLSTM-libtorch-dynamic.onnx/onnx/1024/iteration:17/repetition:1			3.3375 ms
ProcessBlock/GuitarLSTM-libtorch-dynamic.onnx/onnx/1024/iteration:18/repetition:1			3.3632 ms
ProcessBlock/GuitarLSTM-libtorch-dynamic.onnx/onnx/1024/iteration:19/repetition:1			3.3391 ms
ProcessBlock/GuitarLSTM-libtorch-dynamic.onnx/onnx/1024/iteration:20/repetition:1			3.3584 ms
ProcessBlock/GuitarLSTM-libtorch-dynamic.onnx/onnx/1024/iteration:21/repetition:1			3.3350 ms
ProcessBlock/GuitarLSTM-libtorch-dynamic.onnx/onnx/1024/iteration:22/repetition:1			3.3428 ms
ProcessBlock/GuitarLSTM-libtorch-dynamic.onnx/onnx/1024/iteration:23/repetition:1			3.3554 ms
ProcessBlock/GuitarLSTM-libtorch-dynamic.onnx/onnx/1024/iteration:24/repetition:1			3.3265 ms
ProcessBlock/GuitarLSTM-libtorch-dynamic.onnx/onnx/1024/iteration:25/repetition:1			3.3380 ms
ProcessBlock/GuitarLSTM-libtorch-dynamic.onnx/onnx/1024/iteration:26/repetition:1			3.3410 ms
ProcessBlock/GuitarLSTM-libtorch-dynamic.onnx/onnx/1024/iteration:27/repetition:1			3.3277 ms
ProcessBlock/GuitarLSTM-libtorch-dynamic.onnx/onnx/1024/iteration:28/repetition:1			3.3388 ms
ProcessBlock/GuitarLSTM-libtorch-dynamic.onnx/onnx/1024/iteration:29/repetition:1			3.3397 ms
ProcessBlock/GuitarLSTM-libtorch-dynamic.onnx/onnx/1024/iteration:30/repetition:1			3.3387 ms
ProcessBlock/GuitarLSTM-libtorch-dynamic.onnx/onnx/1024/iteration:31/repetition:1			3.3366 ms
ProcessBlock/GuitarLSTM-libtorch-dynamic.onnx/onnx/1024/iteration:32/repetition:1			3.3327 ms
ProcessBlock/GuitarLSTM-libtorch-dynamic.onnx/onnx/1024/iteration:33/repetition:1			3.3312 ms
ProcessBlock/GuitarLSTM-libtorch-dynamic.onnx/onnx/1024/iteration:34/repetition:1			3.3422 ms
ProcessBlock/GuitarLSTM-libtorch-dynamic.onnx/onnx/1024/iteration:35/repetition:1			3.3440 ms
ProcessBlock/GuitarLSTM-libtorch-dynamic.onnx/onnx/1024/iteration:36/repetition:1			3.3353 ms
ProcessBlock/GuitarLSTM-libtorch-dynamic.onnx/onnx/1024/iteration:37/repetition:1			3.3400 ms
ProcessBlock/GuitarLSTM-libtorch-dynamic.onnx/onnx/1024/iteration:38/repetition:1			3.3344 ms
ProcessBlock/GuitarLSTM-libtorch-dynamic.onnx/onnx/1024/iteration:39/repetition:1			3.3413 ms
ProcessBlock/GuitarLSTM-libtorch-dynamic.onnx/onnx/1024/iteration:40/repetition:1			3.3362 ms
ProcessBlock/GuitarLSTM-libtorch-dynamic.onnx/onnx/1024/iteration:41/repetition:1			3.3389 ms
ProcessBlock/GuitarLSTM-libtorch-dynamic.onnx/onnx/1024/iteration:42/repetition:1			3.3361 ms
ProcessBlock/GuitarLSTM-libtorch-dynamic.onnx/onnx/1024/iteration:43/repetition:1			3.3398 ms
ProcessBlock/GuitarLSTM-libtorch-dynamic.onnx/onnx/1024/iteration:44/repetition:1			3.3320 ms
ProcessBlock/GuitarLSTM-libtorch-dynamic.onnx/onnx/1024/iteration:45/repetition:1			3.3530 ms
ProcessBlock/GuitarLSTM-libtorch-dynamic.onnx/onnx/1024/iteration:46/repetition:1			3.3490 ms
ProcessBlock/GuitarLSTM-libtorch-dynamic.onnx/onnx/1024/iteration:47/repetition:1			3.3388 ms
ProcessBlock/GuitarLSTM-libtorch-dynamic.onnx/onnx/1024/iteration:48/repetition:1			3.3450 ms
ProcessBlock/GuitarLSTM-libtorch-dynamic.onnx/onnx/1024/iteration:49/repetition:1			3.3532 ms
  Repetition 1/10: mean=3.3445 ms

[INFO] Anira version: 0.0.0-unknown
[WARNING] Session 91 requested more parallel processors than threads are available in Context. Using number of threads as number of parallel processors.
ProcessBlock/GuitarLSTM-libtorch-dynamic.onnx/onnx/1024/iteration:0/repetition:2			3.4329 ms
ProcessBlock/GuitarLSTM-libtorch-dynamic.onnx/onnx/1024/iteration:1/repetition:2			3.3590 ms
ProcessBlock/GuitarLSTM-libtorch-dynamic.onnx/onnx/1024/iteration:2/repetition:2			3.3555 ms
ProcessBlock/GuitarLSTM-libtorch-dynamic.onnx/onnx/1024/iteration:3/repetition:2			3.3458 ms
ProcessBlock/GuitarLSTM-libtorch-dynamic.onnx/onnx/1024/iteration:4/repetition:2			3.3473 ms
ProcessBlock/GuitarLSTM-libtorch-dynamic.onnx/onnx/1024/iteration:5/repetition:2			3.3471 ms
ProcessBlock/GuitarLSTM-libtorch-dynamic.onnx/onnx/1024/iteration:6/repetition:2			3.3573 ms
ProcessBlock/GuitarLSTM-libtorch-dynamic.onnx/onnx/1024/iteration:7/repetition:2			3.3505 ms
ProcessBlock/GuitarLSTM-libtorch-dynamic.onnx/onnx/1024/iteration:8/repetition:2			3.3470 ms
ProcessBlock/GuitarLSTM-libtorch-dynamic.onnx/onnx/1024/iteration:9/repetition:2			3.3495 ms
ProcessBlock/GuitarLSTM-libtorch-dynamic.onnx/onnx/1024/iteration:10/repetition:2			3.3508 ms
ProcessBlock/GuitarLSTM-libtorch-dynamic.onnx/onnx/1024/iteration:11/repetition:2			3.3486 ms
ProcessBlock/GuitarLSTM-libtorch-dynamic.onnx/onnx/1024/iteration:12/repetition:2			3.3462 ms
ProcessBlock/GuitarLSTM-libtorch-dynamic.onnx/onnx/1024/iteration:13/repetition:2			3.3590 ms
ProcessBlock/GuitarLSTM-libtorch-dynamic.onnx/onnx/1024/iteration:14/repetition:2			3.3560 ms
ProcessBlock/GuitarLSTM-libtorch-dynamic.onnx/onnx/1024/iteration:15/repetition:2			3.3502 ms
ProcessBlock/GuitarLSTM-libtorch-dynamic.onnx/onnx/1024/iteration:16/repetition:2			3.3463 ms
ProcessBlock/GuitarLSTM-libtorch-dynamic.onnx/onnx/1024/iteration:17/repetition:2			3.3439 ms
ProcessBlock/GuitarLSTM-libtorch-dynamic.onnx/onnx/1024/iteration:18/repetition:2			3.3565 ms
ProcessBlock/GuitarLSTM-libtorch-dynamic.onnx/onnx/1024/iteration:19/repetition:2			3.3454 ms
ProcessBlock/GuitarLSTM-libtorch-dynamic.onnx/onnx/1024/iteration:20/repetition:2			3.3547 ms
ProcessBlock/GuitarLSTM-libtorch-dynamic.onnx/onnx/1024/iteration:21/repetition:2			3.3458 ms
ProcessBlock/GuitarLSTM-libtorch-dynamic.onnx/onnx/1024/iteration:22/repetition:2			3.3592 ms
ProcessBlock/GuitarLSTM-libtorch-dynamic.onnx/onnx/1024/iteration:23/repetition:2			3.3520 ms
ProcessBlock/GuitarLSTM-libtorch-dynamic.onnx/onnx/1024/iteration:24/repetition:2			3.3522 ms
ProcessBlock/GuitarLSTM-libtorch-dynamic.onnx/onnx/1024/iteration:25/repetition:2			3.3522 ms
ProcessBlock/GuitarLSTM-libtorch-dynamic.onnx/onnx/1024/iteration:26/repetition:2			3.3541 ms
ProcessBlock/GuitarLSTM-libtorch-dynamic.onnx/onnx/1024/iteration:27/repetition:2			3.3511 ms
ProcessBlock/GuitarLSTM-libtorch-dynamic.onnx/onnx/1024/iteration:28/repetition:2			3.3423 ms
ProcessBlock/GuitarLSTM-libtorch-dynamic.onnx/onnx/1024/iteration:29/repetition:2			3.3515 ms
ProcessBlock/GuitarLSTM-libtorch-dynamic.onnx/onnx/1024/iteration:30/repetition:2			3.3416 ms
ProcessBlock/GuitarLSTM-libtorch-dynamic.onnx/onnx/1024/iteration:31/repetition:2			3.3492 ms
ProcessBlock/GuitarLSTM-libtorch-dynamic.onnx/onnx/1024/iteration:32/repetition:2			3.3436 ms
ProcessBlock/GuitarLSTM-libtorch-dynamic.onnx/onnx/1024/iteration:33/repetition:2			3.3501 ms
ProcessBlock/GuitarLSTM-libtorch-dynamic.onnx/onnx/1024/iteration:34/repetition:2			3.3457 ms
ProcessBlock/GuitarLSTM-libtorch-dynamic.onnx/onnx/1024/iteration:35/repetition:2			3.3480 ms
ProcessBlock/GuitarLSTM-libtorch-dynamic.onnx/onnx/1024/iteration:36/repetition:2			3.3436 ms
ProcessBlock/GuitarLSTM-libtorch-dynamic.onnx/onnx/1024/iteration:37/repetition:2			3.3497 ms
ProcessBlock/GuitarLSTM-libtorch-dynamic.onnx/onnx/1024/iteration:38/repetition:2			3.3461 ms
ProcessBlock/GuitarLSTM-libtorch-dynamic.onnx/onnx/1024/iteration:39/repetition:2			3.3510 ms
ProcessBlock/GuitarLSTM-libtorch-dynamic.onnx/onnx/1024/iteration:40/repetition:2			3.3382 ms
ProcessBlock/GuitarLSTM-libtorch-dynamic.onnx/onnx/1024/iteration:41/repetition:2			3.3502 ms
ProcessBlock/GuitarLSTM-libtorch-dynamic.onnx/onnx/1024/iteration:42/repetition:2			3.3584 ms
ProcessBlock/GuitarLSTM-libtorch-dynamic.onnx/onnx/1024/iteration:43/repetition:2			3.3524 ms
ProcessBlock/GuitarLSTM-libtorch-dynamic.onnx/onnx/1024/iteration:44/repetition:2			3.3444 ms
ProcessBlock/GuitarLSTM-libtorch-dynamic.onnx/onnx/1024/iteration:45/repetition:2			3.3554 ms
ProcessBlock/GuitarLSTM-libtorch-dynamic.onnx/onnx/1024/iteration:46/repetition:2			3.3445 ms
ProcessBlock/GuitarLSTM-libtorch-dynamic.onnx/onnx/1024/iteration:47/repetition:2			3.3520 ms
ProcessBlock/GuitarLSTM-libtorch-dynamic.onnx/onnx/1024/iteration:48/repetition:2			3.3471 ms
ProcessBlock/GuitarLSTM-libtorch-dynamic.onnx/onnx/1024/iteration:49/repetition:2			3.3676 ms
  Repetition 2/10: mean=3.3518 ms

[INFO] Anira version: 0.0.0-unknown
[WARNING] Session 92 requested more parallel processors than threads are available in Context. Using number of threads as number of parallel processors.
ProcessBlock/GuitarLSTM-libtorch-dynamic.onnx/onnx/1024/iteration:0/repetition:3			3.4566 ms
ProcessBlock/GuitarLSTM-libtorch-dynamic.onnx/onnx/1024/iteration:1/repetition:3			3.3585 ms
ProcessBlock/GuitarLSTM-libtorch-dynamic.onnx/onnx/1024/iteration:2/repetition:3			3.3402 ms
ProcessBlock/GuitarLSTM-libtorch-dynamic.onnx/onnx/1024/iteration:3/repetition:3			3.3322 ms
ProcessBlock/GuitarLSTM-libtorch-dynamic.onnx/onnx/1024/iteration:4/repetition:3			3.3388 ms
ProcessBlock/GuitarLSTM-libtorch-dynamic.onnx/onnx/1024/iteration:5/repetition:3			3.3455 ms
ProcessBlock/GuitarLSTM-libtorch-dynamic.onnx/onnx/1024/iteration:6/repetition:3			3.3426 ms
ProcessBlock/GuitarLSTM-libtorch-dynamic.onnx/onnx/1024/iteration:7/repetition:3			3.3733 ms
ProcessBlock/GuitarLSTM-libtorch-dynamic.onnx/onnx/1024/iteration:8/repetition:3			3.3379 ms
ProcessBlock/GuitarLSTM-libtorch-dynamic.onnx/onnx/1024/iteration:9/repetition:3			3.3895 ms
ProcessBlock/GuitarLSTM-libtorch-dynamic.onnx/onnx/1024/iteration:10/repetition:3			3.3351 ms
ProcessBlock/GuitarLSTM-libtorch-dynamic.onnx/onnx/1024/iteration:11/repetition:3			3.3474 ms
ProcessBlock/GuitarLSTM-libtorch-dynamic.onnx/onnx/1024/iteration:12/repetition:3			3.3372 ms
ProcessBlock/GuitarLSTM-libtorch-dynamic.onnx/onnx/1024/iteration:13/repetition:3			3.3360 ms
ProcessBlock/GuitarLSTM-libtorch-dynamic.onnx/onnx/1024/iteration:14/repetition:3			3.3341 ms
ProcessBlock/GuitarLSTM-libtorch-dynamic.onnx/onnx/1024/iteration:15/repetition:3			3.3503 ms
ProcessBlock/GuitarLSTM-libtorch-dynamic.onnx/onnx/1024/iteration:16/repetition:3			3.3483 ms
ProcessBlock/GuitarLSTM-libtorch-dynamic.onnx/onnx/1024/iteration:17/repetition:3			3.3407 ms
ProcessBlock/GuitarLSTM-libtorch-dynamic.onnx/onnx/1024/iteration:18/repetition:3			3.3451 ms
ProcessBlock/GuitarLSTM-libtorch-dynamic.onnx/onnx/1024/iteration:19/repetition:3			3.3500 ms
ProcessBlock/GuitarLSTM-libtorch-dynamic.onnx/onnx/1024/iteration:20/repetition:3			3.3486 ms
ProcessBlock/GuitarLSTM-libtorch-dynamic.onnx/onnx/1024/iteration:21/repetition:3			3.3419 ms
ProcessBlock/GuitarLSTM-libtorch-dynamic.onnx/onnx/1024/iteration:22/repetition:3			3.3420 ms
ProcessBlock/GuitarLSTM-libtorch-dynamic.onnx/onnx/1024/iteration:23/repetition:3			3.3365 ms
ProcessBlock/GuitarLSTM-libtorch-dynamic.onnx/onnx/1024/iteration:24/repetition:3			3.3380 ms
ProcessBlock/GuitarLSTM-libtorch-dynamic.onnx/onnx/1024/iteration:25/repetition:3			3.3404 ms
ProcessBlock/GuitarLSTM-libtorch-dynamic.onnx/onnx/1024/iteration:26/repetition:3			3.3320 ms
ProcessBlock/GuitarLSTM-libtorch-dynamic.onnx/onnx/1024/iteration:27/repetition:3			3.3370 ms
ProcessBlock/GuitarLSTM-libtorch-dynamic.onnx/onnx/1024/iteration:28/repetition:3			3.3450 ms
ProcessBlock/GuitarLSTM-libtorch-dynamic.onnx/onnx/1024/iteration:29/repetition:3			3.3807 ms
ProcessBlock/GuitarLSTM-libtorch-dynamic.onnx/onnx/1024/iteration:30/repetition:3			3.3454 ms
ProcessBlock/GuitarLSTM-libtorch-dynamic.onnx/onnx/1024/iteration:31/repetition:3			3.3655 ms
ProcessBlock/GuitarLSTM-libtorch-dynamic.onnx/onnx/1024/iteration:32/repetition:3			3.3447 ms
ProcessBlock/GuitarLSTM-libtorch-dynamic.onnx/onnx/1024/iteration:33/repetition:3			3.3439 ms
ProcessBlock/GuitarLSTM-libtorch-dynamic.onnx/onnx/1024/iteration:34/repetition:3			3.3370 ms
ProcessBlock/GuitarLSTM-libtorch-dynamic.onnx/onnx/1024/iteration:35/repetition:3			3.3445 ms
ProcessBlock/GuitarLSTM-libtorch-dynamic.onnx/onnx/1024/iteration:36/repetition:3			3.3488 ms
ProcessBlock/GuitarLSTM-libtorch-dynamic.onnx/onnx/1024/iteration:37/repetition:3			3.3412 ms
ProcessBlock/GuitarLSTM-libtorch-dynamic.onnx/onnx/1024/iteration:38/repetition:3			3.3369 ms
ProcessBlock/GuitarLSTM-libtorch-dynamic.onnx/onnx/1024/iteration:39/repetition:3			3.3389 ms
ProcessBlock/GuitarLSTM-libtorch-dynamic.onnx/onnx/1024/iteration:40/repetition:3			3.3638 ms
ProcessBlock/GuitarLSTM-libtorch-dynamic.onnx/onnx/1024/iteration:41/repetition:3			3.3427 ms
ProcessBlock/GuitarLSTM-libtorch-dynamic.onnx/onnx/1024/iteration:42/repetition:3			3.3441 ms
ProcessBlock/GuitarLSTM-libtorch-dynamic.onnx/onnx/1024/iteration:43/repetition:3			3.3506 ms
ProcessBlock/GuitarLSTM-libtorch-dynamic.onnx/onnx/1024/iteration:44/repetition:3			3.3314 ms
ProcessBlock/GuitarLSTM-libtorch-dynamic.onnx/onnx/1024/iteration:45/repetition:3			3.3567 ms
ProcessBlock/GuitarLSTM-libtorch-dynamic.onnx/onnx/1024/iteration:46/repetition:3			3.3342 ms
ProcessBlock/GuitarLSTM-libtorch-dynamic.onnx/onnx/1024/iteration:47/repetition:3			3.3428 ms
ProcessBlock/GuitarLSTM-libtorch-dynamic.onnx/onnx/1024/iteration:48/repetition:3			3.3343 ms
ProcessBlock/GuitarLSTM-libtorch-dynamic.onnx/onnx/1024/iteration:49/repetition:3			3.3430 ms
  Repetition 3/10: mean=3.3474 ms

[INFO] Anira version: 0.0.0-unknown
[WARNING] Session 93 requested more parallel processors than threads are available in Context. Using number of threads as number of parallel processors.
ProcessBlock/GuitarLSTM-libtorch-dynamic.onnx/onnx/1024/iteration:0/repetition:4			3.4205 ms
ProcessBlock/GuitarLSTM-libtorch-dynamic.onnx/onnx/1024/iteration:1/repetition:4			3.3530 ms
ProcessBlock/GuitarLSTM-libtorch-dynamic.onnx/onnx/1024/iteration:2/repetition:4			3.3663 ms
ProcessBlock/GuitarLSTM-libtorch-dynamic.onnx/onnx/1024/iteration:3/repetition:4			3.3523 ms
ProcessBlock/GuitarLSTM-libtorch-dynamic.onnx/onnx/1024/iteration:4/repetition:4			3.3390 ms
ProcessBlock/GuitarLSTM-libtorch-dynamic.onnx/onnx/1024/iteration:5/repetition:4			3.3348 ms
ProcessBlock/GuitarLSTM-libtorch-dynamic.onnx/onnx/1024/iteration:6/repetition:4			3.3450 ms
ProcessBlock/GuitarLSTM-libtorch-dynamic.onnx/onnx/1024/iteration:7/repetition:4			3.3742 ms
ProcessBlock/GuitarLSTM-libtorch-dynamic.onnx/onnx/1024/iteration:8/repetition:4			3.3387 ms
ProcessBlock/GuitarLSTM-libtorch-dynamic.onnx/onnx/1024/iteration:9/repetition:4			3.3456 ms
ProcessBlock/GuitarLSTM-libtorch-dynamic.onnx/onnx/1024/iteration:10/repetition:4			3.3587 ms
ProcessBlock/GuitarLSTM-libtorch-dynamic.onnx/onnx/1024/iteration:11/repetition:4			3.3522 ms
ProcessBlock/GuitarLSTM-libtorch-dynamic.onnx/onnx/1024/iteration:12/repetition:4			3.3366 ms
ProcessBlock/GuitarLSTM-libtorch-dynamic.onnx/onnx/1024/iteration:13/repetition:4			3.3616 ms
ProcessBlock/GuitarLSTM-libtorch-dynamic.onnx/onnx/1024/iteration:14/repetition:4			3.3422 ms
ProcessBlock/GuitarLSTM-libtorch-dynamic.onnx/onnx/1024/iteration:15/repetition:4			3.3548 ms
ProcessBlock/GuitarLSTM-libtorch-dynamic.onnx/onnx/1024/iteration:16/repetition:4			3.3582 ms
ProcessBlock/GuitarLSTM-libtorch-dynamic.onnx/onnx/1024/iteration:17/repetition:4			3.3449 ms
ProcessBlock/GuitarLSTM-libtorch-dynamic.onnx/onnx/1024/iteration:18/repetition:4			3.3505 ms
ProcessBlock/GuitarLSTM-libtorch-dynamic.onnx/onnx/1024/iteration:19/repetition:4			3.3438 ms
ProcessBlock/GuitarLSTM-libtorch-dynamic.onnx/onnx/1024/iteration:20/repetition:4			3.3930 ms
ProcessBlock/GuitarLSTM-libtorch-dynamic.onnx/onnx/1024/iteration:21/repetition:4			3.3444 ms
ProcessBlock/GuitarLSTM-libtorch-dynamic.onnx/onnx/1024/iteration:22/repetition:4			3.3355 ms
ProcessBlock/GuitarLSTM-libtorch-dynamic.onnx/onnx/1024/iteration:23/repetition:4			3.3642 ms
ProcessBlock/GuitarLSTM-libtorch-dynamic.onnx/onnx/1024/iteration:24/repetition:4			3.3482 ms
ProcessBlock/GuitarLSTM-libtorch-dynamic.onnx/onnx/1024/iteration:25/repetition:4			3.3417 ms
ProcessBlock/GuitarLSTM-libtorch-dynamic.onnx/onnx/1024/iteration:26/repetition:4			3.3776 ms
ProcessBlock/GuitarLSTM-libtorch-dynamic.onnx/onnx/1024/iteration:27/repetition:4			3.3462 ms
ProcessBlock/GuitarLSTM-libtorch-dynamic.onnx/onnx/1024/iteration:28/repetition:4			3.3463 ms
ProcessBlock/GuitarLSTM-libtorch-dynamic.onnx/onnx/1024/iteration:29/repetition:4			3.3409 ms
ProcessBlock/GuitarLSTM-libtorch-dynamic.onnx/onnx/1024/iteration:30/repetition:4			3.3557 ms
ProcessBlock/GuitarLSTM-libtorch-dynamic.onnx/onnx/1024/iteration:31/repetition:4			3.3515 ms
ProcessBlock/GuitarLSTM-libtorch-dynamic.onnx/onnx/1024/iteration:32/repetition:4			3.3467 ms
ProcessBlock/GuitarLSTM-libtorch-dynamic.onnx/onnx/1024/iteration:33/repetition:4			3.3446 ms
ProcessBlock/GuitarLSTM-libtorch-dynamic.onnx/onnx/1024/iteration:34/repetition:4			3.3617 ms
ProcessBlock/GuitarLSTM-libtorch-dynamic.onnx/onnx/1024/iteration:35/repetition:4			3.3452 ms
ProcessBlock/GuitarLSTM-libtorch-dynamic.onnx/onnx/1024/iteration:36/repetition:4			3.3510 ms
ProcessBlock/GuitarLSTM-libtorch-dynamic.onnx/onnx/1024/iteration:37/repetition:4			3.3537 ms
ProcessBlock/GuitarLSTM-libtorch-dynamic.onnx/onnx/1024/iteration:38/repetition:4			3.3550 ms
ProcessBlock/GuitarLSTM-libtorch-dynamic.onnx/onnx/1024/iteration:39/repetition:4			3.3544 ms
ProcessBlock/GuitarLSTM-libtorch-dynamic.onnx/onnx/1024/iteration:40/repetition:4			3.3487 ms
ProcessBlock/GuitarLSTM-libtorch-dynamic.onnx/onnx/1024/iteration:41/repetition:4			3.3425 ms
ProcessBlock/GuitarLSTM-libtorch-dynamic.onnx/onnx/1024/iteration:42/repetition:4			3.3395 ms
ProcessBlock/GuitarLSTM-libtorch-dynamic.onnx/onnx/1024/iteration:43/repetition:4			3.3536 ms
ProcessBlock/GuitarLSTM-libtorch-dynamic.onnx/onnx/1024/iteration:44/repetition:4			3.3370 ms
ProcessBlock/GuitarLSTM-libtorch-dynamic.onnx/onnx/1024/iteration:45/repetition:4			3.3519 ms
ProcessBlock/GuitarLSTM-libtorch-dynamic.onnx/onnx/1024/iteration:46/repetition:4			3.3479 ms
ProcessBlock/GuitarLSTM-libtorch-dynamic.onnx/onnx/1024/iteration:47/repetition:4			3.3488 ms
ProcessBlock/GuitarLSTM-libtorch-dynamic.onnx/onnx/1024/iteration:48/repetition:4			3.3417 ms
ProcessBlock/GuitarLSTM-libtorch-dynamic.onnx/onnx/1024/iteration:49/repetition:4			3.3592 ms
  Repetition 4/10: mean=3.3520 ms

[INFO] Anira version: 0.0.0-unknown
[WARNING] Session 94 requested more parallel processors than threads are available in Context. Using number of threads as number of parallel processors.
ProcessBlock/GuitarLSTM-libtorch-dynamic.onnx/onnx/1024/iteration:0/repetition:5			3.4284 ms
ProcessBlock/GuitarLSTM-libtorch-dynamic.onnx/onnx/1024/iteration:1/repetition:5			3.3536 ms
ProcessBlock/GuitarLSTM-libtorch-dynamic.onnx/onnx/1024/iteration:2/repetition:5			3.3404 ms
ProcessBlock/GuitarLSTM-libtorch-dynamic.onnx/onnx/1024/iteration:3/repetition:5			3.3518 ms
ProcessBlock/GuitarLSTM-libtorch-dynamic.onnx/onnx/1024/iteration:4/repetition:5			3.3552 ms
ProcessBlock/GuitarLSTM-libtorch-dynamic.onnx/onnx/1024/iteration:5/repetition:5			3.3385 ms
ProcessBlock/GuitarLSTM-libtorch-dynamic.onnx/onnx/1024/iteration:6/repetition:5			3.3410 ms
ProcessBlock/GuitarLSTM-libtorch-dynamic.onnx/onnx/1024/iteration:7/repetition:5			3.3544 ms
ProcessBlock/GuitarLSTM-libtorch-dynamic.onnx/onnx/1024/iteration:8/repetition:5			3.3919 ms
ProcessBlock/GuitarLSTM-libtorch-dynamic.onnx/onnx/1024/iteration:9/repetition:5			3.3533 ms
ProcessBlock/GuitarLSTM-libtorch-dynamic.onnx/onnx/1024/iteration:10/repetition:5			3.3517 ms
ProcessBlock/GuitarLSTM-libtorch-dynamic.onnx/onnx/1024/iteration:11/repetition:5			3.3480 ms
ProcessBlock/GuitarLSTM-libtorch-dynamic.onnx/onnx/1024/iteration:12/repetition:5			3.3434 ms
ProcessBlock/GuitarLSTM-libtorch-dynamic.onnx/onnx/1024/iteration:13/repetition:5			3.3485 ms
ProcessBlock/GuitarLSTM-libtorch-dynamic.onnx/onnx/1024/iteration:14/repetition:5			3.3421 ms
ProcessBlock/GuitarLSTM-libtorch-dynamic.onnx/onnx/1024/iteration:15/repetition:5			3.3510 ms
ProcessBlock/GuitarLSTM-libtorch-dynamic.onnx/onnx/1024/iteration:16/repetition:5			3.3572 ms
ProcessBlock/GuitarLSTM-libtorch-dynamic.onnx/onnx/1024/iteration:17/repetition:5			3.3470 ms
ProcessBlock/GuitarLSTM-libtorch-dynamic.onnx/onnx/1024/iteration:18/repetition:5			3.3564 ms
ProcessBlock/GuitarLSTM-libtorch-dynamic.onnx/onnx/1024/iteration:19/repetition:5			3.3504 ms
ProcessBlock/GuitarLSTM-libtorch-dynamic.onnx/onnx/1024/iteration:20/repetition:5			3.3407 ms
ProcessBlock/GuitarLSTM-libtorch-dynamic.onnx/onnx/1024/iteration:21/repetition:5			3.3500 ms
ProcessBlock/GuitarLSTM-libtorch-dynamic.onnx/onnx/1024/iteration:22/repetition:5			3.3523 ms
ProcessBlock/GuitarLSTM-libtorch-dynamic.onnx/onnx/1024/iteration:23/repetition:5			3.3512 ms
ProcessBlock/GuitarLSTM-libtorch-dynamic.onnx/onnx/1024/iteration:24/repetition:5			3.3506 ms
ProcessBlock/GuitarLSTM-libtorch-dynamic.onnx/onnx/1024/iteration:25/repetition:5			3.3427 ms
ProcessBlock/GuitarLSTM-libtorch-dynamic.onnx/onnx/1024/iteration:26/repetition:5			3.3435 ms
ProcessBlock/GuitarLSTM-libtorch-dynamic.onnx/onnx/1024/iteration:27/repetition:5			3.3503 ms
ProcessBlock/GuitarLSTM-libtorch-dynamic.onnx/onnx/1024/iteration:28/repetition:5			3.3606 ms
ProcessBlock/GuitarLSTM-libtorch-dynamic.onnx/onnx/1024/iteration:29/repetition:5			3.3481 ms
ProcessBlock/GuitarLSTM-libtorch-dynamic.onnx/onnx/1024/iteration:30/repetition:5			3.3556 ms
ProcessBlock/GuitarLSTM-libtorch-dynamic.onnx/onnx/1024/iteration:31/repetition:5			3.3537 ms
ProcessBlock/GuitarLSTM-libtorch-dynamic.onnx/onnx/1024/iteration:32/repetition:5			3.3520 ms
ProcessBlock/GuitarLSTM-libtorch-dynamic.onnx/onnx/1024/iteration:33/repetition:5			3.3459 ms
ProcessBlock/GuitarLSTM-libtorch-dynamic.onnx/onnx/1024/iteration:34/repetition:5			3.3445 ms
ProcessBlock/GuitarLSTM-libtorch-dynamic.onnx/onnx/1024/iteration:35/repetition:5			3.3511 ms
ProcessBlock/GuitarLSTM-libtorch-dynamic.onnx/onnx/1024/iteration:36/repetition:5			3.3482 ms
ProcessBlock/GuitarLSTM-libtorch-dynamic.onnx/onnx/1024/iteration:37/repetition:5			3.3668 ms
ProcessBlock/GuitarLSTM-libtorch-dynamic.onnx/onnx/1024/iteration:38/repetition:5			3.3429 ms
ProcessBlock/GuitarLSTM-libtorch-dynamic.onnx/onnx/1024/iteration:39/repetition:5			3.3469 ms
ProcessBlock/GuitarLSTM-libtorch-dynamic.onnx/onnx/1024/iteration:40/repetition:5			3.3545 ms
ProcessBlock/GuitarLSTM-libtorch-dynamic.onnx/onnx/1024/iteration:41/repetition:5			3.3470 ms
ProcessBlock/GuitarLSTM-libtorch-dynamic.onnx/onnx/1024/iteration:42/repetition:5			3.3433 ms
ProcessBlock/GuitarLSTM-libtorch-dynamic.onnx/onnx/1024/iteration:43/repetition:5			3.3474 ms
ProcessBlock/GuitarLSTM-libtorch-dynamic.onnx/onnx/1024/iteration:44/repetition:5			3.3476 ms
ProcessBlock/GuitarLSTM-libtorch-dynamic.onnx/onnx/1024/iteration:45/repetition:5			3.3527 ms
ProcessBlock/GuitarLSTM-libtorch-dynamic.onnx/onnx/1024/iteration:46/repetition:5			3.3406 ms
ProcessBlock/GuitarLSTM-libtorch-dynamic.onnx/onnx/1024/iteration:47/repetition:5			3.3519 ms
ProcessBlock/GuitarLSTM-libtorch-dynamic.onnx/onnx/1024/iteration:48/repetition:5			3.3457 ms
ProcessBlock/GuitarLSTM-libtorch-dynamic.onnx/onnx/1024/iteration:49/repetition:5			3.3502 ms
  Repetition 5/10: mean=3.3517 ms

[INFO] Anira version: 0.0.0-unknown
[WARNING] Session 95 requested more parallel processors than threads are available in Context. Using number of threads as number of parallel processors.
ProcessBlock/GuitarLSTM-libtorch-dynamic.onnx/onnx/1024/iteration:0/repetition:6			3.4142 ms
ProcessBlock/GuitarLSTM-libtorch-dynamic.onnx/onnx/1024/iteration:1/repetition:6			3.3641 ms
ProcessBlock/GuitarLSTM-libtorch-dynamic.onnx/onnx/1024/iteration:2/repetition:6			3.3401 ms
ProcessBlock/GuitarLSTM-libtorch-dynamic.onnx/onnx/1024/iteration:3/repetition:6			3.3516 ms
ProcessBlock/GuitarLSTM-libtorch-dynamic.onnx/onnx/1024/iteration:4/repetition:6			3.3455 ms
ProcessBlock/GuitarLSTM-libtorch-dynamic.onnx/onnx/1024/iteration:5/repetition:6			3.3426 ms
ProcessBlock/GuitarLSTM-libtorch-dynamic.onnx/onnx/1024/iteration:6/repetition:6			3.3472 ms
ProcessBlock/GuitarLSTM-libtorch-dynamic.onnx/onnx/1024/iteration:7/repetition:6			3.3555 ms
ProcessBlock/GuitarLSTM-libtorch-dynamic.onnx/onnx/1024/iteration:8/repetition:6			3.3408 ms
ProcessBlock/GuitarLSTM-libtorch-dynamic.onnx/onnx/1024/iteration:9/repetition:6			3.3512 ms
ProcessBlock/GuitarLSTM-libtorch-dynamic.onnx/onnx/1024/iteration:10/repetition:6			3.3575 ms
ProcessBlock/GuitarLSTM-libtorch-dynamic.onnx/onnx/1024/iteration:11/repetition:6			3.3431 ms
ProcessBlock/GuitarLSTM-libtorch-dynamic.onnx/onnx/1024/iteration:12/repetition:6			3.3515 ms
ProcessBlock/GuitarLSTM-libtorch-dynamic.onnx/onnx/1024/iteration:13/repetition:6			3.3450 ms
ProcessBlock/GuitarLSTM-libtorch-dynamic.onnx/onnx/1024/iteration:14/repetition:6			3.3602 ms
ProcessBlock/GuitarLSTM-libtorch-dynamic.onnx/onnx/1024/iteration:15/repetition:6			3.3522 ms
ProcessBlock/GuitarLSTM-libtorch-dynamic.onnx/onnx/1024/iteration:16/repetition:6			3.3560 ms
ProcessBlock/GuitarLSTM-libtorch-dynamic.onnx/onnx/1024/iteration:17/repetition:6			3.3550 ms
ProcessBlock/GuitarLSTM-libtorch-dynamic.onnx/onnx/1024/iteration:18/repetition:6			3.3500 ms
ProcessBlock/GuitarLSTM-libtorch-dynamic.onnx/onnx/1024/iteration:19/repetition:6			3.3524 ms
ProcessBlock/GuitarLSTM-libtorch-dynamic.onnx/onnx/1024/iteration:20/repetition:6			3.3581 ms
ProcessBlock/GuitarLSTM-libtorch-dynamic.onnx/onnx/1024/iteration:21/repetition:6			3.3464 ms
ProcessBlock/GuitarLSTM-libtorch-dynamic.onnx/onnx/1024/iteration:22/repetition:6			3.3510 ms
ProcessBlock/GuitarLSTM-libtorch-dynamic.onnx/onnx/1024/iteration:23/repetition:6			3.3494 ms
ProcessBlock/GuitarLSTM-libtorch-dynamic.onnx/onnx/1024/iteration:24/repetition:6			3.3449 ms
ProcessBlock/GuitarLSTM-libtorch-dynamic.onnx/onnx/1024/iteration:25/repetition:6			3.3494 ms
ProcessBlock/GuitarLSTM-libtorch-dynamic.onnx/onnx/1024/iteration:26/repetition:6			3.3441 ms
ProcessBlock/GuitarLSTM-libtorch-dynamic.onnx/onnx/1024/iteration:27/repetition:6			3.3799 ms
ProcessBlock/GuitarLSTM-libtorch-dynamic.onnx/onnx/1024/iteration:28/repetition:6			3.3548 ms
ProcessBlock/GuitarLSTM-libtorch-dynamic.onnx/onnx/1024/iteration:29/repetition:6			3.3556 ms
ProcessBlock/GuitarLSTM-libtorch-dynamic.onnx/onnx/1024/iteration:30/repetition:6			3.3497 ms
ProcessBlock/GuitarLSTM-libtorch-dynamic.onnx/onnx/1024/iteration:31/repetition:6			3.3526 ms
ProcessBlock/GuitarLSTM-libtorch-dynamic.onnx/onnx/1024/iteration:32/repetition:6			3.3519 ms
ProcessBlock/GuitarLSTM-libtorch-dynamic.onnx/onnx/1024/iteration:33/repetition:6			3.3487 ms
ProcessBlock/GuitarLSTM-libtorch-dynamic.onnx/onnx/1024/iteration:34/repetition:6			3.3597 ms
ProcessBlock/GuitarLSTM-libtorch-dynamic.onnx/onnx/1024/iteration:35/repetition:6			3.3646 ms
ProcessBlock/GuitarLSTM-libtorch-dynamic.onnx/onnx/1024/iteration:36/repetition:6			3.3528 ms
ProcessBlock/GuitarLSTM-libtorch-dynamic.onnx/onnx/1024/iteration:37/repetition:6			3.3495 ms
ProcessBlock/GuitarLSTM-libtorch-dynamic.onnx/onnx/1024/iteration:38/repetition:6			3.3555 ms
ProcessBlock/GuitarLSTM-libtorch-dynamic.onnx/onnx/1024/iteration:39/repetition:6			3.3536 ms
ProcessBlock/GuitarLSTM-libtorch-dynamic.onnx/onnx/1024/iteration:40/repetition:6			3.3528 ms
ProcessBlock/GuitarLSTM-libtorch-dynamic.onnx/onnx/1024/iteration:41/repetition:6			3.3550 ms
ProcessBlock/GuitarLSTM-libtorch-dynamic.onnx/onnx/1024/iteration:42/repetition:6			3.3485 ms
ProcessBlock/GuitarLSTM-libtorch-dynamic.onnx/onnx/1024/iteration:43/repetition:6			3.3516 ms
ProcessBlock/GuitarLSTM-libtorch-dynamic.onnx/onnx/1024/iteration:44/repetition:6			3.3583 ms
ProcessBlock/GuitarLSTM-libtorch-dynamic.onnx/onnx/1024/iteration:45/repetition:6			3.3493 ms
ProcessBlock/GuitarLSTM-libtorch-dynamic.onnx/onnx/1024/iteration:46/repetition:6			3.3450 ms
ProcessBlock/GuitarLSTM-libtorch-dynamic.onnx/onnx/1024/iteration:47/repetition:6			3.3493 ms
ProcessBlock/GuitarLSTM-libtorch-dynamic.onnx/onnx/1024/iteration:48/repetition:6			3.3509 ms
ProcessBlock/GuitarLSTM-libtorch-dynamic.onnx/onnx/1024/iteration:49/repetition:6			3.3500 ms
  Repetition 6/10: mean=3.3532 ms

[INFO] Anira version: 0.0.0-unknown
[WARNING] Session 96 requested more parallel processors than threads are available in Context. Using number of threads as number of parallel processors.
ProcessBlock/GuitarLSTM-libtorch-dynamic.onnx/onnx/1024/iteration:0/repetition:7			3.4221 ms
ProcessBlock/GuitarLSTM-libtorch-dynamic.onnx/onnx/1024/iteration:1/repetition:7			3.3711 ms
ProcessBlock/GuitarLSTM-libtorch-dynamic.onnx/onnx/1024/iteration:2/repetition:7			3.3456 ms
ProcessBlock/GuitarLSTM-libtorch-dynamic.onnx/onnx/1024/iteration:3/repetition:7			3.3276 ms
ProcessBlock/GuitarLSTM-libtorch-dynamic.onnx/onnx/1024/iteration:4/repetition:7			3.3342 ms
ProcessBlock/GuitarLSTM-libtorch-dynamic.onnx/onnx/1024/iteration:5/repetition:7			3.3529 ms
ProcessBlock/GuitarLSTM-libtorch-dynamic.onnx/onnx/1024/iteration:6/repetition:7			3.3359 ms
ProcessBlock/GuitarLSTM-libtorch-dynamic.onnx/onnx/1024/iteration:7/repetition:7			3.3619 ms
ProcessBlock/GuitarLSTM-libtorch-dynamic.onnx/onnx/1024/iteration:8/repetition:7			3.3463 ms
ProcessBlock/GuitarLSTM-libtorch-dynamic.onnx/onnx/1024/iteration:9/repetition:7			3.3456 ms
ProcessBlock/GuitarLSTM-libtorch-dynamic.onnx/onnx/1024/iteration:10/repetition:7			3.3559 ms
ProcessBlock/GuitarLSTM-libtorch-dynamic.onnx/onnx/1024/iteration:11/repetition:7			3.3451 ms
ProcessBlock/GuitarLSTM-libtorch-dynamic.onnx/onnx/1024/iteration:12/repetition:7			3.3473 ms
ProcessBlock/GuitarLSTM-libtorch-dynamic.onnx/onnx/1024/iteration:13/repetition:7			3.3535 ms
ProcessBlock/GuitarLSTM-libtorch-dynamic.onnx/onnx/1024/iteration:14/repetition:7			3.3580 ms
ProcessBlock/GuitarLSTM-libtorch-dynamic.onnx/onnx/1024/iteration:15/repetition:7			3.3413 ms
ProcessBlock/GuitarLSTM-libtorch-dynamic.onnx/onnx/1024/iteration:16/repetition:7			3.3416 ms
ProcessBlock/GuitarLSTM-libtorch-dynamic.onnx/onnx/1024/iteration:17/repetition:7			3.3377 ms
ProcessBlock/GuitarLSTM-libtorch-dynamic.onnx/onnx/1024/iteration:18/repetition:7			3.3655 ms
ProcessBlock/GuitarLSTM-libtorch-dynamic.onnx/onnx/1024/iteration:19/repetition:7			3.3414 ms
ProcessBlock/GuitarLSTM-libtorch-dynamic.onnx/onnx/1024/iteration:20/repetition:7			3.3518 ms
ProcessBlock/GuitarLSTM-libtorch-dynamic.onnx/onnx/1024/iteration:21/repetition:7			3.3393 ms
ProcessBlock/GuitarLSTM-libtorch-dynamic.onnx/onnx/1024/iteration:22/repetition:7			3.3426 ms
ProcessBlock/GuitarLSTM-libtorch-dynamic.onnx/onnx/1024/iteration:23/repetition:7			3.3600 ms
ProcessBlock/GuitarLSTM-libtorch-dynamic.onnx/onnx/1024/iteration:24/repetition:7			3.3503 ms
ProcessBlock/GuitarLSTM-libtorch-dynamic.onnx/onnx/1024/iteration:25/repetition:7			3.3513 ms
ProcessBlock/GuitarLSTM-libtorch-dynamic.onnx/onnx/1024/iteration:26/repetition:7			3.3433 ms
ProcessBlock/GuitarLSTM-libtorch-dynamic.onnx/onnx/1024/iteration:27/repetition:7			3.3518 ms
ProcessBlock/GuitarLSTM-libtorch-dynamic.onnx/onnx/1024/iteration:28/repetition:7			3.3388 ms
ProcessBlock/GuitarLSTM-libtorch-dynamic.onnx/onnx/1024/iteration:29/repetition:7			3.3612 ms
ProcessBlock/GuitarLSTM-libtorch-dynamic.onnx/onnx/1024/iteration:30/repetition:7			3.3462 ms
ProcessBlock/GuitarLSTM-libtorch-dynamic.onnx/onnx/1024/iteration:31/repetition:7			3.3380 ms
ProcessBlock/GuitarLSTM-libtorch-dynamic.onnx/onnx/1024/iteration:32/repetition:7			3.3361 ms
ProcessBlock/GuitarLSTM-libtorch-dynamic.onnx/onnx/1024/iteration:33/repetition:7			3.3457 ms
ProcessBlock/GuitarLSTM-libtorch-dynamic.onnx/onnx/1024/iteration:34/repetition:7			3.3320 ms
ProcessBlock/GuitarLSTM-libtorch-dynamic.onnx/onnx/1024/iteration:35/repetition:7			3.3467 ms
ProcessBlock/GuitarLSTM-libtorch-dynamic.onnx/onnx/1024/iteration:36/repetition:7			3.3385 ms
ProcessBlock/GuitarLSTM-libtorch-dynamic.onnx/onnx/1024/iteration:37/repetition:7			3.3420 ms
ProcessBlock/GuitarLSTM-libtorch-dynamic.onnx/onnx/1024/iteration:38/repetition:7			3.3519 ms
ProcessBlock/GuitarLSTM-libtorch-dynamic.onnx/onnx/1024/iteration:39/repetition:7			3.3508 ms
ProcessBlock/GuitarLSTM-libtorch-dynamic.onnx/onnx/1024/iteration:40/repetition:7			3.3641 ms
ProcessBlock/GuitarLSTM-libtorch-dynamic.onnx/onnx/1024/iteration:41/repetition:7			3.3449 ms
ProcessBlock/GuitarLSTM-libtorch-dynamic.onnx/onnx/1024/iteration:42/repetition:7			3.3345 ms
ProcessBlock/GuitarLSTM-libtorch-dynamic.onnx/onnx/1024/iteration:43/repetition:7			3.3462 ms
ProcessBlock/GuitarLSTM-libtorch-dynamic.onnx/onnx/1024/iteration:44/repetition:7			3.3338 ms
ProcessBlock/GuitarLSTM-libtorch-dynamic.onnx/onnx/1024/iteration:45/repetition:7			3.3526 ms
ProcessBlock/GuitarLSTM-libtorch-dynamic.onnx/onnx/1024/iteration:46/repetition:7			3.3410 ms
ProcessBlock/GuitarLSTM-libtorch-dynamic.onnx/onnx/1024/iteration:47/repetition:7			3.3512 ms
ProcessBlock/GuitarLSTM-libtorch-dynamic.onnx/onnx/1024/iteration:48/repetition:7			3.3531 ms
ProcessBlock/GuitarLSTM-libtorch-dynamic.onnx/onnx/1024/iteration:49/repetition:7			3.3434 ms
  Repetition 7/10: mean=3.3483 ms

[INFO] Anira version: 0.0.0-unknown
[WARNING] Session 97 requested more parallel processors than threads are available in Context. Using number of threads as number of parallel processors.
ProcessBlock/GuitarLSTM-libtorch-dynamic.onnx/onnx/1024/iteration:0/repetition:8			3.4490 ms
ProcessBlock/GuitarLSTM-libtorch-dynamic.onnx/onnx/1024/iteration:1/repetition:8			3.3825 ms
ProcessBlock/GuitarLSTM-libtorch-dynamic.onnx/onnx/1024/iteration:2/repetition:8			3.3389 ms
ProcessBlock/GuitarLSTM-libtorch-dynamic.onnx/onnx/1024/iteration:3/repetition:8			3.3541 ms
ProcessBlock/GuitarLSTM-libtorch-dynamic.onnx/onnx/1024/iteration:4/repetition:8			3.3560 ms
ProcessBlock/GuitarLSTM-libtorch-dynamic.onnx/onnx/1024/iteration:5/repetition:8			3.3417 ms
ProcessBlock/GuitarLSTM-libtorch-dynamic.onnx/onnx/1024/iteration:6/repetition:8			3.3454 ms
ProcessBlock/GuitarLSTM-libtorch-dynamic.onnx/onnx/1024/iteration:7/repetition:8			3.3811 ms
ProcessBlock/GuitarLSTM-libtorch-dynamic.onnx/onnx/1024/iteration:8/repetition:8			3.3476 ms
ProcessBlock/GuitarLSTM-libtorch-dynamic.onnx/onnx/1024/iteration:9/repetition:8			3.3393 ms
ProcessBlock/GuitarLSTM-libtorch-dynamic.onnx/onnx/1024/iteration:10/repetition:8			3.3974 ms
ProcessBlock/GuitarLSTM-libtorch-dynamic.onnx/onnx/1024/iteration:11/repetition:8			3.3573 ms
ProcessBlock/GuitarLSTM-libtorch-dynamic.onnx/onnx/1024/iteration:12/repetition:8			3.3500 ms
ProcessBlock/GuitarLSTM-libtorch-dynamic.onnx/onnx/1024/iteration:13/repetition:8			3.3539 ms
ProcessBlock/GuitarLSTM-libtorch-dynamic.onnx/onnx/1024/iteration:14/repetition:8			3.3552 ms
ProcessBlock/GuitarLSTM-libtorch-dynamic.onnx/onnx/1024/iteration:15/repetition:8			3.3495 ms
ProcessBlock/GuitarLSTM-libtorch-dynamic.onnx/onnx/1024/iteration:16/repetition:8			3.3484 ms
ProcessBlock/GuitarLSTM-libtorch-dynamic.onnx/onnx/1024/iteration:17/repetition:8			3.3428 ms
ProcessBlock/GuitarLSTM-libtorch-dynamic.onnx/onnx/1024/iteration:18/repetition:8			3.3478 ms
ProcessBlock/GuitarLSTM-libtorch-dynamic.onnx/onnx/1024/iteration:19/repetition:8			3.3513 ms
ProcessBlock/GuitarLSTM-libtorch-dynamic.onnx/onnx/1024/iteration:20/repetition:8			3.3567 ms
ProcessBlock/GuitarLSTM-libtorch-dynamic.onnx/onnx/1024/iteration:21/repetition:8			3.3382 ms
ProcessBlock/GuitarLSTM-libtorch-dynamic.onnx/onnx/1024/iteration:22/repetition:8			3.3614 ms
ProcessBlock/GuitarLSTM-libtorch-dynamic.onnx/onnx/1024/iteration:23/repetition:8			3.3466 ms
ProcessBlock/GuitarLSTM-libtorch-dynamic.onnx/onnx/1024/iteration:24/repetition:8			3.3577 ms
ProcessBlock/GuitarLSTM-libtorch-dynamic.onnx/onnx/1024/iteration:25/repetition:8			3.3458 ms
ProcessBlock/GuitarLSTM-libtorch-dynamic.onnx/onnx/1024/iteration:26/repetition:8			3.3398 ms
ProcessBlock/GuitarLSTM-libtorch-dynamic.onnx/onnx/1024/iteration:27/repetition:8			3.3393 ms
ProcessBlock/GuitarLSTM-libtorch-dynamic.onnx/onnx/1024/iteration:28/repetition:8			3.3391 ms
ProcessBlock/GuitarLSTM-libtorch-dynamic.onnx/onnx/1024/iteration:29/repetition:8			3.3422 ms
ProcessBlock/GuitarLSTM-libtorch-dynamic.onnx/onnx/1024/iteration:30/repetition:8			3.3512 ms
ProcessBlock/GuitarLSTM-libtorch-dynamic.onnx/onnx/1024/iteration:31/repetition:8			3.3446 ms
ProcessBlock/GuitarLSTM-libtorch-dynamic.onnx/onnx/1024/iteration:32/repetition:8			3.3527 ms
ProcessBlock/GuitarLSTM-libtorch-dynamic.onnx/onnx/1024/iteration:33/repetition:8			3.3514 ms
ProcessBlock/GuitarLSTM-libtorch-dynamic.onnx/onnx/1024/iteration:34/repetition:8			3.3475 ms
ProcessBlock/GuitarLSTM-libtorch-dynamic.onnx/onnx/1024/iteration:35/repetition:8			3.3499 ms
ProcessBlock/GuitarLSTM-libtorch-dynamic.onnx/onnx/1024/iteration:36/repetition:8			3.3676 ms
ProcessBlock/GuitarLSTM-libtorch-dynamic.onnx/onnx/1024/iteration:37/repetition:8			3.3447 ms
ProcessBlock/GuitarLSTM-libtorch-dynamic.onnx/onnx/1024/iteration:38/repetition:8			3.3437 ms
ProcessBlock/GuitarLSTM-libtorch-dynamic.onnx/onnx/1024/iteration:39/repetition:8			3.3450 ms
ProcessBlock/GuitarLSTM-libtorch-dynamic.onnx/onnx/1024/iteration:40/repetition:8			3.3422 ms
ProcessBlock/GuitarLSTM-libtorch-dynamic.onnx/onnx/1024/iteration:41/repetition:8			3.3488 ms
ProcessBlock/GuitarLSTM-libtorch-dynamic.onnx/onnx/1024/iteration:42/repetition:8			3.3408 ms
ProcessBlock/GuitarLSTM-libtorch-dynamic.onnx/onnx/1024/iteration:43/repetition:8			3.3445 ms
ProcessBlock/GuitarLSTM-libtorch-dynamic.onnx/onnx/1024/iteration:44/repetition:8			3.3539 ms
ProcessBlock/GuitarLSTM-libtorch-dynamic.onnx/onnx/1024/iteration:45/repetition:8			3.3497 ms
ProcessBlock/GuitarLSTM-libtorch-dynamic.onnx/onnx/1024/iteration:46/repetition:8			3.3566 ms
ProcessBlock/GuitarLSTM-libtorch-dynamic.onnx/onnx/1024/iteration:47/repetition:8			3.3410 ms
ProcessBlock/GuitarLSTM-libtorch-dynamic.onnx/onnx/1024/iteration:48/repetition:8			3.3456 ms
ProcessBlock/GuitarLSTM-libtorch-dynamic.onnx/onnx/1024/iteration:49/repetition:8			3.3405 ms
  Repetition 8/10: mean=3.3524 ms

[INFO] Anira version: 0.0.0-unknown
[WARNING] Session 98 requested more parallel processors than threads are available in Context. Using number of threads as number of parallel processors.
ProcessBlock/GuitarLSTM-libtorch-dynamic.onnx/onnx/1024/iteration:0/repetition:9			3.4293 ms
ProcessBlock/GuitarLSTM-libtorch-dynamic.onnx/onnx/1024/iteration:1/repetition:9			3.3749 ms
ProcessBlock/GuitarLSTM-libtorch-dynamic.onnx/onnx/1024/iteration:2/repetition:9			3.3926 ms
ProcessBlock/GuitarLSTM-libtorch-dynamic.onnx/onnx/1024/iteration:3/repetition:9			3.3632 ms
ProcessBlock/GuitarLSTM-libtorch-dynamic.onnx/onnx/1024/iteration:4/repetition:9			3.3551 ms
ProcessBlock/GuitarLSTM-libtorch-dynamic.onnx/onnx/1024/iteration:5/repetition:9			3.3715 ms
ProcessBlock/GuitarLSTM-libtorch-dynamic.onnx/onnx/1024/iteration:6/repetition:9			3.3660 ms
ProcessBlock/GuitarLSTM-libtorch-dynamic.onnx/onnx/1024/iteration:7/repetition:9			3.3629 ms
ProcessBlock/GuitarLSTM-libtorch-dynamic.onnx/onnx/1024/iteration:8/repetition:9			3.3449 ms
ProcessBlock/GuitarLSTM-libtorch-dynamic.onnx/onnx/1024/iteration:9/repetition:9			3.3537 ms
ProcessBlock/GuitarLSTM-libtorch-dynamic.onnx/onnx/1024/iteration:10/repetition:9			3.3467 ms
ProcessBlock/GuitarLSTM-libtorch-dynamic.onnx/onnx/1024/iteration:11/repetition:9			3.3516 ms
ProcessBlock/GuitarLSTM-libtorch-dynamic.onnx/onnx/1024/iteration:12/repetition:9			3.3406 ms
ProcessBlock/GuitarLSTM-libtorch-dynamic.onnx/onnx/1024/iteration:13/repetition:9			3.3427 ms
ProcessBlock/GuitarLSTM-libtorch-dynamic.onnx/onnx/1024/iteration:14/repetition:9			3.3479 ms
ProcessBlock/GuitarLSTM-libtorch-dynamic.onnx/onnx/1024/iteration:15/repetition:9			3.3474 ms
ProcessBlock/GuitarLSTM-libtorch-dynamic.onnx/onnx/1024/iteration:16/repetition:9			3.3506 ms
ProcessBlock/GuitarLSTM-libtorch-dynamic.onnx/onnx/1024/iteration:17/repetition:9			3.3485 ms
ProcessBlock/GuitarLSTM-libtorch-dynamic.onnx/onnx/1024/iteration:18/repetition:9			3.3512 ms
ProcessBlock/GuitarLSTM-libtorch-dynamic.onnx/onnx/1024/iteration:19/repetition:9			3.3726 ms
ProcessBlock/GuitarLSTM-libtorch-dynamic.onnx/onnx/1024/iteration:20/repetition:9			3.3551 ms
ProcessBlock/GuitarLSTM-libtorch-dynamic.onnx/onnx/1024/iteration:21/repetition:9			3.3410 ms
ProcessBlock/GuitarLSTM-libtorch-dynamic.onnx/onnx/1024/iteration:22/repetition:9			3.3680 ms
ProcessBlock/GuitarLSTM-libtorch-dynamic.onnx/onnx/1024/iteration:23/repetition:9			3.3447 ms
ProcessBlock/GuitarLSTM-libtorch-dynamic.onnx/onnx/1024/iteration:24/repetition:9			3.3484 ms
ProcessBlock/GuitarLSTM-libtorch-dynamic.onnx/onnx/1024/iteration:25/repetition:9			3.3793 ms
ProcessBlock/GuitarLSTM-libtorch-dynamic.onnx/onnx/1024/iteration:26/repetition:9			3.3532 ms
ProcessBlock/GuitarLSTM-libtorch-dynamic.onnx/onnx/1024/iteration:27/repetition:9			3.3490 ms
ProcessBlock/GuitarLSTM-libtorch-dynamic.onnx/onnx/1024/iteration:28/repetition:9			3.3388 ms
ProcessBlock/GuitarLSTM-libtorch-dynamic.onnx/onnx/1024/iteration:29/repetition:9			3.3440 ms
ProcessBlock/GuitarLSTM-libtorch-dynamic.onnx/onnx/1024/iteration:30/repetition:9			3.3530 ms
ProcessBlock/GuitarLSTM-libtorch-dynamic.onnx/onnx/1024/iteration:31/repetition:9			3.3431 ms
ProcessBlock/GuitarLSTM-libtorch-dynamic.onnx/onnx/1024/iteration:32/repetition:9			3.3432 ms
ProcessBlock/GuitarLSTM-libtorch-dynamic.onnx/onnx/1024/iteration:33/repetition:9			3.3421 ms
ProcessBlock/GuitarLSTM-libtorch-dynamic.onnx/onnx/1024/iteration:34/repetition:9			3.3385 ms
ProcessBlock/GuitarLSTM-libtorch-dynamic.onnx/onnx/1024/iteration:35/repetition:9			3.3411 ms
ProcessBlock/GuitarLSTM-libtorch-dynamic.onnx/onnx/1024/iteration:36/repetition:9			3.3444 ms
ProcessBlock/GuitarLSTM-libtorch-dynamic.onnx/onnx/1024/iteration:37/repetition:9			3.3413 ms
ProcessBlock/GuitarLSTM-libtorch-dynamic.onnx/onnx/1024/iteration:38/repetition:9			3.3428 ms
ProcessBlock/GuitarLSTM-libtorch-dynamic.onnx/onnx/1024/iteration:39/repetition:9			3.3470 ms
ProcessBlock/GuitarLSTM-libtorch-dynamic.onnx/onnx/1024/iteration:40/repetition:9			3.3388 ms
ProcessBlock/GuitarLSTM-libtorch-dynamic.onnx/onnx/1024/iteration:41/repetition:9			3.3422 ms
ProcessBlock/GuitarLSTM-libtorch-dynamic.onnx/onnx/1024/iteration:42/repetition:9			3.3695 ms
ProcessBlock/GuitarLSTM-libtorch-dynamic.onnx/onnx/1024/iteration:43/repetition:9			3.3492 ms
ProcessBlock/GuitarLSTM-libtorch-dynamic.onnx/onnx/1024/iteration:44/repetition:9			3.3481 ms
ProcessBlock/GuitarLSTM-libtorch-dynamic.onnx/onnx/1024/iteration:45/repetition:9			3.3503 ms
ProcessBlock/GuitarLSTM-libtorch-dynamic.onnx/onnx/1024/iteration:46/repetition:9			3.3519 ms
ProcessBlock/GuitarLSTM-libtorch-dynamic.onnx/onnx/1024/iteration:47/repetition:9			3.3457 ms
ProcessBlock/GuitarLSTM-libtorch-dynamic.onnx/onnx/1024/iteration:48/repetition:9			3.3420 ms
ProcessBlock/GuitarLSTM-libtorch-dynamic.onnx/onnx/1024/iteration:49/repetition:9			3.3560 ms
  Repetition 9/10: mean=3.3533 ms

[INFO] Anira version: 0.0.0-unknown
[WARNING] Session 99 requested more parallel processors than threads are available in Context. Using number of threads as number of parallel processors.
ProcessBlock/GuitarLSTM-libtorch-dynamic.onnx/onnx/1024/iteration:0/repetition:10			3.4442 ms
ProcessBlock/GuitarLSTM-libtorch-dynamic.onnx/onnx/1024/iteration:1/repetition:10			3.3796 ms
ProcessBlock/GuitarLSTM-libtorch-dynamic.onnx/onnx/1024/iteration:2/repetition:10			3.3617 ms
ProcessBlock/GuitarLSTM-libtorch-dynamic.onnx/onnx/1024/iteration:3/repetition:10			3.3619 ms
ProcessBlock/GuitarLSTM-libtorch-dynamic.onnx/onnx/1024/iteration:4/repetition:10			3.3462 ms
ProcessBlock/GuitarLSTM-libtorch-dynamic.onnx/onnx/1024/iteration:5/repetition:10			3.3430 ms
ProcessBlock/GuitarLSTM-libtorch-dynamic.onnx/onnx/1024/iteration:6/repetition:10			3.3691 ms
ProcessBlock/GuitarLSTM-libtorch-dynamic.onnx/onnx/1024/iteration:7/repetition:10			3.3478 ms
ProcessBlock/GuitarLSTM-libtorch-dynamic.onnx/onnx/1024/iteration:8/repetition:10			3.3495 ms
ProcessBlock/GuitarLSTM-libtorch-dynamic.onnx/onnx/1024/iteration:9/repetition:10			3.3411 ms
ProcessBlock/GuitarLSTM-libtorch-dynamic.onnx/onnx/1024/iteration:10/repetition:10			3.3496 ms
ProcessBlock/GuitarLSTM-libtorch-dynamic.onnx/onnx/1024/iteration:11/repetition:10			3.3595 ms
ProcessBlock/GuitarLSTM-libtorch-dynamic.onnx/onnx/1024/iteration:12/repetition:10			3.3478 ms
ProcessBlock/GuitarLSTM-libtorch-dynamic.onnx/onnx/1024/iteration:13/repetition:10			3.3559 ms
ProcessBlock/GuitarLSTM-libtorch-dynamic.onnx/onnx/1024/iteration:14/repetition:10			3.3537 ms
ProcessBlock/GuitarLSTM-libtorch-dynamic.onnx/onnx/1024/iteration:15/repetition:10			3.3529 ms
ProcessBlock/GuitarLSTM-libtorch-dynamic.onnx/onnx/1024/iteration:16/repetition:10			3.3522 ms
ProcessBlock/GuitarLSTM-libtorch-dynamic.onnx/onnx/1024/iteration:17/repetition:10			3.3462 ms
ProcessBlock/GuitarLSTM-libtorch-dynamic.onnx/onnx/1024/iteration:18/repetition:10			3.3887 ms
ProcessBlock/GuitarLSTM-libtorch-dynamic.onnx/onnx/1024/iteration:19/repetition:10			3.3481 ms
ProcessBlock/GuitarLSTM-libtorch-dynamic.onnx/onnx/1024/iteration:20/repetition:10			3.3431 ms
ProcessBlock/GuitarLSTM-libtorch-dynamic.onnx/onnx/1024/iteration:21/repetition:10			3.3500 ms
ProcessBlock/GuitarLSTM-libtorch-dynamic.onnx/onnx/1024/iteration:22/repetition:10			3.3548 ms
ProcessBlock/GuitarLSTM-libtorch-dynamic.onnx/onnx/1024/iteration:23/repetition:10			3.3524 ms
ProcessBlock/GuitarLSTM-libtorch-dynamic.onnx/onnx/1024/iteration:24/repetition:10			3.3457 ms
ProcessBlock/GuitarLSTM-libtorch-dynamic.onnx/onnx/1024/iteration:25/repetition:10			3.3517 ms
ProcessBlock/GuitarLSTM-libtorch-dynamic.onnx/onnx/1024/iteration:26/repetition:10			3.3540 ms
ProcessBlock/GuitarLSTM-libtorch-dynamic.onnx/onnx/1024/iteration:27/repetition:10			3.3534 ms
ProcessBlock/GuitarLSTM-libtorch-dynamic.onnx/onnx/1024/iteration:28/repetition:10			3.3402 ms
ProcessBlock/GuitarLSTM-libtorch-dynamic.onnx/onnx/1024/iteration:29/repetition:10			3.3498 ms
ProcessBlock/GuitarLSTM-libtorch-dynamic.onnx/onnx/1024/iteration:30/repetition:10			3.3415 ms
ProcessBlock/GuitarLSTM-libtorch-dynamic.onnx/onnx/1024/iteration:31/repetition:10			3.3524 ms
ProcessBlock/GuitarLSTM-libtorch-dynamic.onnx/onnx/1024/iteration:32/repetition:10			3.3445 ms
ProcessBlock/GuitarLSTM-libtorch-dynamic.onnx/onnx/1024/iteration:33/repetition:10			3.3512 ms
ProcessBlock/GuitarLSTM-libtorch-dynamic.onnx/onnx/1024/iteration:34/repetition:10			3.3390 ms
ProcessBlock/GuitarLSTM-libtorch-dynamic.onnx/onnx/1024/iteration:35/repetition:10			3.3526 ms
ProcessBlock/GuitarLSTM-libtorch-dynamic.onnx/onnx/1024/iteration:36/repetition:10			3.3441 ms
ProcessBlock/GuitarLSTM-libtorch-dynamic.onnx/onnx/1024/iteration:37/repetition:10			3.3506 ms
ProcessBlock/GuitarLSTM-libtorch-dynamic.onnx/onnx/1024/iteration:38/repetition:10			3.3453 ms
ProcessBlock/GuitarLSTM-libtorch-dynamic.onnx/onnx/1024/iteration:39/repetition:10			3.3477 ms
ProcessBlock/GuitarLSTM-libtorch-dynamic.onnx/onnx/1024/iteration:40/repetition:10			3.3553 ms
ProcessBlock/GuitarLSTM-libtorch-dynamic.onnx/onnx/1024/iteration:41/repetition:10			3.3550 ms
ProcessBlock/GuitarLSTM-libtorch-dynamic.onnx/onnx/1024/iteration:42/repetition:10			3.3451 ms
ProcessBlock/GuitarLSTM-libtorch-dynamic.onnx/onnx/1024/iteration:43/repetition:10			3.3478 ms
ProcessBlock/GuitarLSTM-libtorch-dynamic.onnx/onnx/1024/iteration:44/repetition:10			3.3452 ms
ProcessBlock/GuitarLSTM-libtorch-dynamic.onnx/onnx/1024/iteration:45/repetition:10			3.3482 ms
ProcessBlock/GuitarLSTM-libtorch-dynamic.onnx/onnx/1024/iteration:46/repetition:10			3.3456 ms
ProcessBlock/GuitarLSTM-libtorch-dynamic.onnx/onnx/1024/iteration:47/repetition:10			3.3605 ms
ProcessBlock/GuitarLSTM-libtorch-dynamic.onnx/onnx/1024/iteration:48/repetition:10			3.3422 ms
ProcessBlock/GuitarLSTM-libtorch-dynamic.onnx/onnx/1024/iteration:49/repetition:10			3.3520 ms
  Repetition 10/10: mean=3.3532 ms


Aggregate (500 total iterations):
  ProcessBlock/GuitarLSTM-libtorch-dynamic.onnx/onnx: mean=3.3508 ms, min=3.3265 ms, max=3.4566 ms, p99.9=3.4490 ms

----------------------------------------------------------------------------------------------------------------------------------------

----------------------------------------------------------------------------------------------------------------------------------------
Model: GuitarLSTM-libtorch-dynamic.onnx | Run: bypass | Host Sample Rate: 44100 Hz | Host Buffer Size: 8192 = 185.7596 ms
----------------------------------------------------------------------------------------------------------------------------------------

Benchmark: 10 repetitions x 50 iterations

[INFO] Anira version: 0.0.0-unknown
[WARNING] Session 100 requested more parallel processors than threads are available in Context. Using number of threads as number of parallel processors.
ProcessBlock/GuitarLSTM-libtorch-dynamic.onnx/bypass/8192/iteration:0/repetition:1			2.6558 ms
ProcessBlock/GuitarLSTM-libtorch-dynamic.onnx/bypass/8192/iteration:1/repetition:1			2.7033 ms
ProcessBlock/GuitarLSTM-libtorch-dynamic.onnx/bypass/8192/iteration:2/repetition:1			2.5924 ms
ProcessBlock/GuitarLSTM-libtorch-dynamic.onnx/bypass/8192/iteration:3/repetition:1			2.7162 ms
ProcessBlock/GuitarLSTM-libtorch-dynamic.onnx/bypass/8192/iteration:4/repetition:1			2.5935 ms
ProcessBlock/GuitarLSTM-libtorch-dynamic.onnx/bypass/8192/iteration:5/repetition:1			2.6970 ms
ProcessBlock/GuitarLSTM-libtorch-dynamic.onnx/bypass/8192/iteration:6/repetition:1			2.7142 ms
ProcessBlock/GuitarLSTM-libtorch-dynamic.onnx/bypass/8192/iteration:7/repetition:1			2.5924 ms
ProcessBlock/GuitarLSTM-libtorch-dynamic.onnx/bypass/8192/iteration:8/repetition:1			2.5913 ms
ProcessBlock/GuitarLSTM-libtorch-dynamic.onnx/bypass/8192/iteration:9/repetition:1			2.6977 ms
ProcessBlock/GuitarLSTM-libtorch-dynamic.onnx/bypass/8192/iteration:10/repetition:1			2.6052 ms
ProcessBlock/GuitarLSTM-libtorch-dynamic.onnx/bypass/8192/iteration:11/repetition:1			2.5920 ms
ProcessBlock/GuitarLSTM-libtorch-dynamic.onnx/bypass/8192/iteration:12/repetition:1			2.7190 ms
ProcessBlock/GuitarLSTM-libtorch-dynamic.onnx/bypass/8192/iteration:13/repetition:1			2.5920 ms
ProcessBlock/GuitarLSTM-libtorch-dynamic.onnx/bypass/8192/iteration:14/repetition:1			2.5958 ms
ProcessBlock/GuitarLSTM-libtorch-dynamic.onnx/bypass/8192/iteration:15/repetition:1			2.7013 ms
ProcessBlock/GuitarLSTM-libtorch-dynamic.onnx/bypass/8192/iteration:16/repetition:1			2.5995 ms
ProcessBlock/GuitarLSTM-libtorch-dynamic.onnx/bypass/8192/iteration:17/repetition:1			2.5916 ms
ProcessBlock/GuitarLSTM-libtorch-dynamic.onnx/bypass/8192/iteration:18/repetition:1			2.7043 ms
ProcessBlock/GuitarLSTM-libtorch-dynamic.onnx/bypass/8192/iteration:19/repetition:1			2.5921 ms
ProcessBlock/GuitarLSTM-libtorch-dynamic.onnx/bypass/8192/iteration:20/repetition:1			2.7085 ms
ProcessBlock/GuitarLSTM-libtorch-dynamic.onnx/bypass/8192/iteration:21/repetition:1			2.5944 ms
ProcessBlock/GuitarLSTM-libtorch-dynamic.onnx/bypass/8192/iteration:22/repetition:1			2.7171 ms
ProcessBlock/GuitarLSTM-libtorch-dynamic.onnx/bypass/8192/iteration:23/repetition:1			2.5921 ms
ProcessBlock/GuitarLSTM-libtorch-dynamic.onnx/bypass/8192/iteration:24/repetition:1			2.6982 ms
ProcessBlock/GuitarLSTM-libtorch-dynamic.onnx/bypass/8192/iteration:25/repetition:1			2.7108 ms
ProcessBlock/GuitarLSTM-libtorch-dynamic.onnx/bypass/8192/iteration:26/repetition:1			2.5943 ms
ProcessBlock/GuitarLSTM-libtorch-dynamic.onnx/bypass/8192/iteration:27/repetition:1			2.6939 ms
ProcessBlock/GuitarLSTM-libtorch-dynamic.onnx/bypass/8192/iteration:28/repetition:1			2.5905 ms
ProcessBlock/GuitarLSTM-libtorch-dynamic.onnx/bypass/8192/iteration:29/repetition:1			2.6957 ms
ProcessBlock/GuitarLSTM-libtorch-dynamic.onnx/bypass/8192/iteration:30/repetition:1			2.5900 ms
ProcessBlock/GuitarLSTM-libtorch-dynamic.onnx/bypass/8192/iteration:31/repetition:1			2.7028 ms
ProcessBlock/GuitarLSTM-libtorch-dynamic.onnx/bypass/8192/iteration:32/repetition:1			2.5913 ms
ProcessBlock/GuitarLSTM-libtorch-dynamic.onnx/bypass/8192/iteration:33/repetition:1			2.7038 ms
ProcessBlock/GuitarLSTM-libtorch-dynamic.onnx/bypass/8192/iteration:34/repetition:1			2.5956 ms
ProcessBlock/GuitarLSTM-libtorch-dynamic.onnx/bypass/8192/iteration:35/repetition:1			2.6909 ms
ProcessBlock/GuitarLSTM-libtorch-dynamic.onnx/bypass/8192/iteration:36/repetition:1			2.7009 ms
ProcessBlock/GuitarLSTM-libtorch-dynamic.onnx/bypass/8192/iteration:37/repetition:1			2.5913 ms
ProcessBlock/GuitarLSTM-libtorch-dynamic.onnx/bypass/8192/iteration:38/repetition:1			2.6841 ms
ProcessBlock/GuitarLSTM-libtorch-dynamic.onnx/bypass/8192/iteration:39/repetition:1			2.6978 ms
ProcessBlock/GuitarLSTM-libtorch-dynamic.onnx/bypass/8192/iteration:40/repetition:1			2.6985 ms
ProcessBlock/GuitarLSTM-libtorch-dynamic.onnx/bypass/8192/iteration:41/repetition:1			2.5934 ms
ProcessBlock/GuitarLSTM-libtorch-dynamic.onnx/bypass/8192/iteration:42/repetition:1			2.6859 ms
ProcessBlock/GuitarLSTM-libtorch-dynamic.onnx/bypass/8192/iteration:43/repetition:1			2.5924 ms
ProcessBlock/GuitarLSTM-libtorch-dynamic.onnx/bypass/8192/iteration:44/repetition:1			2.6888 ms
ProcessBlock/GuitarLSTM-libtorch-dynamic.onnx/bypass/8192/iteration:45/repetition:1			2.5912 ms
ProcessBlock/GuitarLSTM-libtorch-dynamic.onnx/bypass/8192/iteration:46/repetition:1			2.6819 ms
ProcessBlock/GuitarLSTM-libtorch-dynamic.onnx/bypass/8192/iteration:47/repetition:1			2.5932 ms
ProcessBlock/GuitarLSTM-libtorch-dynamic.onnx/bypass/8192/iteration:48/repetition:1			2.6923 ms
ProcessBlock/GuitarLSTM-libtorch-dynamic.onnx/bypass/8192/iteration:49/repetition:1			2.7027 ms
  Repetition 1/10: mean=2.6502 ms

[INFO] Anira version: 0.0.0-unknown
[WARNING] Session 101 requested more parallel processors than threads are available in Context. Using number of threads as number of parallel processors.
ProcessBlock/GuitarLSTM-libtorch-dynamic.onnx/bypass/8192/iteration:0/repetition:2			2.7481 ms
ProcessBlock/GuitarLSTM-libtorch-dynamic.onnx/bypass/8192/iteration:1/repetition:2			2.7310 ms
ProcessBlock/GuitarLSTM-libtorch-dynamic.onnx/bypass/8192/iteration:2/repetition:2			2.7115 ms
ProcessBlock/GuitarLSTM-libtorch-dynamic.onnx/bypass/8192/iteration:3/repetition:2			2.7092 ms
ProcessBlock/GuitarLSTM-libtorch-dynamic.onnx/bypass/8192/iteration:4/repetition:2			2.7154 ms
ProcessBlock/GuitarLSTM-libtorch-dynamic.onnx/bypass/8192/iteration:5/repetition:2			2.7001 ms
ProcessBlock/GuitarLSTM-libtorch-dynamic.onnx/bypass/8192/iteration:6/repetition:2			2.7195 ms
ProcessBlock/GuitarLSTM-libtorch-dynamic.onnx/bypass/8192/iteration:7/repetition:2			2.7115 ms
ProcessBlock/GuitarLSTM-libtorch-dynamic.onnx/bypass/8192/iteration:8/repetition:2			2.7113 ms
ProcessBlock/GuitarLSTM-libtorch-dynamic.onnx/bypass/8192/iteration:9/repetition:2			2.7134 ms
ProcessBlock/GuitarLSTM-libtorch-dynamic.onnx/bypass/8192/iteration:10/repetition:2			2.7142 ms
ProcessBlock/GuitarLSTM-libtorch-dynamic.onnx/bypass/8192/iteration:11/repetition:2			2.7139 ms
ProcessBlock/GuitarLSTM-libtorch-dynamic.onnx/bypass/8192/iteration:12/repetition:2			2.7200 ms
ProcessBlock/GuitarLSTM-libtorch-dynamic.onnx/bypass/8192/iteration:13/repetition:2			2.7100 ms
ProcessBlock/GuitarLSTM-libtorch-dynamic.onnx/bypass/8192/iteration:14/repetition:2			2.7149 ms
ProcessBlock/GuitarLSTM-libtorch-dynamic.onnx/bypass/8192/iteration:15/repetition:2			2.7123 ms
ProcessBlock/GuitarLSTM-libtorch-dynamic.onnx/bypass/8192/iteration:16/repetition:2			2.7220 ms
ProcessBlock/GuitarLSTM-libtorch-dynamic.onnx/bypass/8192/iteration:17/repetition:2			2.7044 ms
ProcessBlock/GuitarLSTM-libtorch-dynamic.onnx/bypass/8192/iteration:18/repetition:2			2.7014 ms
ProcessBlock/GuitarLSTM-libtorch-dynamic.onnx/bypass/8192/iteration:19/repetition:2			2.7171 ms
ProcessBlock/GuitarLSTM-libtorch-dynamic.onnx/bypass/8192/iteration:20/repetition:2			2.7140 ms
ProcessBlock/GuitarLSTM-libtorch-dynamic.onnx/bypass/8192/iteration:21/repetition:2			2.6959 ms
ProcessBlock/GuitarLSTM-libtorch-dynamic.onnx/bypass/8192/iteration:22/repetition:2			2.7018 ms
ProcessBlock/GuitarLSTM-libtorch-dynamic.onnx/bypass/8192/iteration:23/repetition:2			2.7141 ms
ProcessBlock/GuitarLSTM-libtorch-dynamic.onnx/bypass/8192/iteration:24/repetition:2			2.7180 ms
ProcessBlock/GuitarLSTM-libtorch-dynamic.onnx/bypass/8192/iteration:25/repetition:2			2.6965 ms
ProcessBlock/GuitarLSTM-libtorch-dynamic.onnx/bypass/8192/iteration:26/repetition:2			2.7027 ms
ProcessBlock/GuitarLSTM-libtorch-dynamic.onnx/bypass/8192/iteration:27/repetition:2			2.7084 ms
ProcessBlock/GuitarLSTM-libtorch-dynamic.onnx/bypass/8192/iteration:28/repetition:2			2.7030 ms
ProcessBlock/GuitarLSTM-libtorch-dynamic.onnx/bypass/8192/iteration:29/repetition:2			2.6960 ms
ProcessBlock/GuitarLSTM-libtorch-dynamic.onnx/bypass/8192/iteration:30/repetition:2			2.7057 ms
ProcessBlock/GuitarLSTM-libtorch-dynamic.onnx/bypass/8192/iteration:31/repetition:2			2.7020 ms
ProcessBlock/GuitarLSTM-libtorch-dynamic.onnx/bypass/8192/iteration:32/repetition:2			2.7005 ms
ProcessBlock/GuitarLSTM-libtorch-dynamic.onnx/bypass/8192/iteration:33/repetition:2			2.7014 ms
ProcessBlock/GuitarLSTM-libtorch-dynamic.onnx/bypass/8192/iteration:34/repetition:2			2.6975 ms
ProcessBlock/GuitarLSTM-libtorch-dynamic.onnx/bypass/8192/iteration:35/repetition:2			2.7066 ms
ProcessBlock/GuitarLSTM-libtorch-dynamic.onnx/bypass/8192/iteration:36/repetition:2			2.6989 ms
ProcessBlock/GuitarLSTM-libtorch-dynamic.onnx/bypass/8192/iteration:37/repetition:2			2.6953 ms
ProcessBlock/GuitarLSTM-libtorch-dynamic.onnx/bypass/8192/iteration:38/repetition:2			2.7069 ms
ProcessBlock/GuitarLSTM-libtorch-dynamic.onnx/bypass/8192/iteration:39/repetition:2			2.6923 ms
ProcessBlock/GuitarLSTM-libtorch-dynamic.onnx/bypass/8192/iteration:40/repetition:2			2.6946 ms
ProcessBlock/GuitarLSTM-libtorch-dynamic.onnx/bypass/8192/iteration:41/repetition:2			2.7142 ms
ProcessBlock/GuitarLSTM-libtorch-dynamic.onnx/bypass/8192/iteration:42/repetition:2			2.7094 ms
ProcessBlock/GuitarLSTM-libtorch-dynamic.onnx/bypass/8192/iteration:43/repetition:2			2.7176 ms
ProcessBlock/GuitarLSTM-libtorch-dynamic.onnx/bypass/8192/iteration:44/repetition:2			2.7090 ms
ProcessBlock/GuitarLSTM-libtorch-dynamic.onnx/bypass/8192/iteration:45/repetition:2			2.6952 ms
ProcessBlock/GuitarLSTM-libtorch-dynamic.onnx/bypass/8192/iteration:46/repetition:2			2.7066 ms
ProcessBlock/GuitarLSTM-libtorch-dynamic.onnx/bypass/8192/iteration:47/repetition:2			2.7043 ms
ProcessBlock/GuitarLSTM-libtorch-dynamic.onnx/bypass/8192/iteration:48/repetition:2			2.7088 ms
ProcessBlock/GuitarLSTM-libtorch-dynamic.onnx/bypass/8192/iteration:49/repetition:2			2.7050 ms
  Repetition 2/10: mean=2.7085 ms

[INFO] Anira version: 0.0.0-unknown
[WARNING] Session 102 requested more parallel processors than threads are available in Context. Using number of threads as number of parallel processors.
ProcessBlock/GuitarLSTM-libtorch-dynamic.onnx/bypass/8192/iteration:0/repetition:3			2.7640 ms
ProcessBlock/GuitarLSTM-libtorch-dynamic.onnx/bypass/8192/iteration:1/repetition:3			2.7106 ms
ProcessBlock/GuitarLSTM-libtorch-dynamic.onnx/bypass/8192/iteration:2/repetition:3			2.7258 ms
ProcessBlock/GuitarLSTM-libtorch-dynamic.onnx/bypass/8192/iteration:3/repetition:3			2.7124 ms
ProcessBlock/GuitarLSTM-libtorch-dynamic.onnx/bypass/8192/iteration:4/repetition:3			2.7157 ms
ProcessBlock/GuitarLSTM-libtorch-dynamic.onnx/bypass/8192/iteration:5/repetition:3			2.7106 ms
ProcessBlock/GuitarLSTM-libtorch-dynamic.onnx/bypass/8192/iteration:6/repetition:3			2.7122 ms
ProcessBlock/GuitarLSTM-libtorch-dynamic.onnx/bypass/8192/iteration:7/repetition:3			2.7203 ms
ProcessBlock/GuitarLSTM-libtorch-dynamic.onnx/bypass/8192/iteration:8/repetition:3			2.7167 ms
ProcessBlock/GuitarLSTM-libtorch-dynamic.onnx/bypass/8192/iteration:9/repetition:3			2.7141 ms
ProcessBlock/GuitarLSTM-libtorch-dynamic.onnx/bypass/8192/iteration:10/repetition:3			2.7165 ms
ProcessBlock/GuitarLSTM-libtorch-dynamic.onnx/bypass/8192/iteration:11/repetition:3			2.7052 ms
ProcessBlock/GuitarLSTM-libtorch-dynamic.onnx/bypass/8192/iteration:12/repetition:3			2.7176 ms
ProcessBlock/GuitarLSTM-libtorch-dynamic.onnx/bypass/8192/iteration:13/repetition:3			2.7137 ms
ProcessBlock/GuitarLSTM-libtorch-dynamic.onnx/bypass/8192/iteration:14/repetition:3			2.7129 ms
ProcessBlock/GuitarLSTM-libtorch-dynamic.onnx/bypass/8192/iteration:15/repetition:3			2.6109 ms
ProcessBlock/GuitarLSTM-libtorch-dynamic.onnx/bypass/8192/iteration:16/repetition:3			2.7021 ms
ProcessBlock/GuitarLSTM-libtorch-dynamic.onnx/bypass/8192/iteration:17/repetition:3			2.7030 ms
ProcessBlock/GuitarLSTM-libtorch-dynamic.onnx/bypass/8192/iteration:18/repetition:3			2.7186 ms
ProcessBlock/GuitarLSTM-libtorch-dynamic.onnx/bypass/8192/iteration:19/repetition:3			2.7108 ms
ProcessBlock/GuitarLSTM-libtorch-dynamic.onnx/bypass/8192/iteration:20/repetition:3			2.7182 ms
ProcessBlock/GuitarLSTM-libtorch-dynamic.onnx/bypass/8192/iteration:21/repetition:3			2.7110 ms
ProcessBlock/GuitarLSTM-libtorch-dynamic.onnx/bypass/8192/iteration:22/repetition:3			2.7029 ms
ProcessBlock/GuitarLSTM-libtorch-dynamic.onnx/bypass/8192/iteration:23/repetition:3			2.7032 ms
ProcessBlock/GuitarLSTM-libtorch-dynamic.onnx/bypass/8192/iteration:24/repetition:3			2.7073 ms
ProcessBlock/GuitarLSTM-libtorch-dynamic.onnx/bypass/8192/iteration:25/repetition:3			2.7032 ms
ProcessBlock/GuitarLSTM-libtorch-dynamic.onnx/bypass/8192/iteration:26/repetition:3			2.7115 ms
ProcessBlock/GuitarLSTM-libtorch-dynamic.onnx/bypass/8192/iteration:27/repetition:3			2.6960 ms
ProcessBlock/GuitarLSTM-libtorch-dynamic.onnx/bypass/8192/iteration:28/repetition:3			2.7028 ms
ProcessBlock/GuitarLSTM-libtorch-dynamic.onnx/bypass/8192/iteration:29/repetition:3			2.6998 ms
ProcessBlock/GuitarLSTM-libtorch-dynamic.onnx/bypass/8192/iteration:30/repetition:3			2.6994 ms
ProcessBlock/GuitarLSTM-libtorch-dynamic.onnx/bypass/8192/iteration:31/repetition:3			2.6971 ms
ProcessBlock/GuitarLSTM-libtorch-dynamic.onnx/bypass/8192/iteration:32/repetition:3			2.6997 ms
ProcessBlock/GuitarLSTM-libtorch-dynamic.onnx/bypass/8192/iteration:33/repetition:3			2.6910 ms
ProcessBlock/GuitarLSTM-libtorch-dynamic.onnx/bypass/8192/iteration:34/repetition:3			2.7015 ms
ProcessBlock/GuitarLSTM-libtorch-dynamic.onnx/bypass/8192/iteration:35/repetition:3			2.6932 ms
ProcessBlock/GuitarLSTM-libtorch-dynamic.onnx/bypass/8192/iteration:36/repetition:3			2.6967 ms
ProcessBlock/GuitarLSTM-libtorch-dynamic.onnx/bypass/8192/iteration:37/repetition:3			2.6995 ms
ProcessBlock/GuitarLSTM-libtorch-dynamic.onnx/bypass/8192/iteration:38/repetition:3			2.6877 ms
ProcessBlock/GuitarLSTM-libtorch-dynamic.onnx/bypass/8192/iteration:39/repetition:3			2.6972 ms
ProcessBlock/GuitarLSTM-libtorch-dynamic.onnx/bypass/8192/iteration:40/repetition:3			2.6932 ms
ProcessBlock/GuitarLSTM-libtorch-dynamic.onnx/bypass/8192/iteration:41/repetition:3			2.7007 ms
ProcessBlock/GuitarLSTM-libtorch-dynamic.onnx/bypass/8192/iteration:42/repetition:3			2.7068 ms
ProcessBlock/GuitarLSTM-libtorch-dynamic.onnx/bypass/8192/iteration:43/repetition:3			2.6912 ms
ProcessBlock/GuitarLSTM-libtorch-dynamic.onnx/bypass/8192/iteration:44/repetition:3			2.6978 ms
ProcessBlock/GuitarLSTM-libtorch-dynamic.onnx/bypass/8192/iteration:45/repetition:3			2.6129 ms
ProcessBlock/GuitarLSTM-libtorch-dynamic.onnx/bypass/8192/iteration:46/repetition:3			2.6864 ms
ProcessBlock/GuitarLSTM-libtorch-dynamic.onnx/bypass/8192/iteration:47/repetition:3			2.6898 ms
ProcessBlock/GuitarLSTM-libtorch-dynamic.onnx/bypass/8192/iteration:48/repetition:3			2.6998 ms
ProcessBlock/GuitarLSTM-libtorch-dynamic.onnx/bypass/8192/iteration:49/repetition:3			2.6972 ms
  Repetition 3/10: mean=2.7022 ms

[INFO] Anira version: 0.0.0-unknown
[WARNING] Session 103 requested more parallel processors than threads are available in Context. Using number of threads as number of parallel processors.
ProcessBlock/GuitarLSTM-libtorch-dynamic.onnx/bypass/8192/iteration:0/repetition:4			2.6533 ms
ProcessBlock/GuitarLSTM-libtorch-dynamic.onnx/bypass/8192/iteration:1/repetition:4			2.7214 ms
ProcessBlock/GuitarLSTM-libtorch-dynamic.onnx/bypass/8192/iteration:2/repetition:4			2.5871 ms
ProcessBlock/GuitarLSTM-libtorch-dynamic.onnx/bypass/8192/iteration:3/repetition:4			2.6990 ms
ProcessBlock/GuitarLSTM-libtorch-dynamic.onnx/bypass/8192/iteration:4/repetition:4			2.5972 ms
ProcessBlock/GuitarLSTM-libtorch-dynamic.onnx/bypass/8192/iteration:5/repetition:4			2.5869 ms
ProcessBlock/GuitarLSTM-libtorch-dynamic.onnx/bypass/8192/iteration:6/repetition:4			2.6877 ms
ProcessBlock/GuitarLSTM-libtorch-dynamic.onnx/bypass/8192/iteration:7/repetition:4			2.5946 ms
ProcessBlock/GuitarLSTM-libtorch-dynamic.onnx/bypass/8192/iteration:8/repetition:4			2.6916 ms
ProcessBlock/GuitarLSTM-libtorch-dynamic.onnx/bypass/8192/iteration:9/repetition:4			2.7141 ms
ProcessBlock/GuitarLSTM-libtorch-dynamic.onnx/bypass/8192/iteration:10/repetition:4			2.5888 ms
ProcessBlock/GuitarLSTM-libtorch-dynamic.onnx/bypass/8192/iteration:11/repetition:4			2.5900 ms
ProcessBlock/GuitarLSTM-libtorch-dynamic.onnx/bypass/8192/iteration:12/repetition:4			2.6835 ms
ProcessBlock/GuitarLSTM-libtorch-dynamic.onnx/bypass/8192/iteration:13/repetition:4			2.5867 ms
ProcessBlock/GuitarLSTM-libtorch-dynamic.onnx/bypass/8192/iteration:14/repetition:4			2.5928 ms
ProcessBlock/GuitarLSTM-libtorch-dynamic.onnx/bypass/8192/iteration:15/repetition:4			2.6926 ms
ProcessBlock/GuitarLSTM-libtorch-dynamic.onnx/bypass/8192/iteration:16/repetition:4			2.5880 ms
ProcessBlock/GuitarLSTM-libtorch-dynamic.onnx/bypass/8192/iteration:17/repetition:4			2.7048 ms
ProcessBlock/GuitarLSTM-libtorch-dynamic.onnx/bypass/8192/iteration:18/repetition:4			2.7120 ms
ProcessBlock/GuitarLSTM-libtorch-dynamic.onnx/bypass/8192/iteration:19/repetition:4			2.5982 ms
ProcessBlock/GuitarLSTM-libtorch-dynamic.onnx/bypass/8192/iteration:20/repetition:4			2.6976 ms
ProcessBlock/GuitarLSTM-libtorch-dynamic.onnx/bypass/8192/iteration:21/repetition:4			2.5876 ms
ProcessBlock/GuitarLSTM-libtorch-dynamic.onnx/bypass/8192/iteration:22/repetition:4			2.6925 ms
ProcessBlock/GuitarLSTM-libtorch-dynamic.onnx/bypass/8192/iteration:23/repetition:4			2.5869 ms
ProcessBlock/GuitarLSTM-libtorch-dynamic.onnx/bypass/8192/iteration:24/repetition:4			2.5880 ms
ProcessBlock/GuitarLSTM-libtorch-dynamic.onnx/bypass/8192/iteration:25/repetition:4			2.7126 ms
ProcessBlock/GuitarLSTM-libtorch-dynamic.onnx/bypass/8192/iteration:26/repetition:4			2.5881 ms
ProcessBlock/GuitarLSTM-libtorch-dynamic.onnx/bypass/8192/iteration:27/repetition:4			2.6898 ms
ProcessBlock/GuitarLSTM-libtorch-dynamic.onnx/bypass/8192/iteration:28/repetition:4			2.5875 ms
ProcessBlock/GuitarLSTM-libtorch-dynamic.onnx/bypass/8192/iteration:29/repetition:4			2.5910 ms
ProcessBlock/GuitarLSTM-libtorch-dynamic.onnx/bypass/8192/iteration:30/repetition:4			2.5902 ms
ProcessBlock/GuitarLSTM-libtorch-dynamic.onnx/bypass/8192/iteration:31/repetition:4			2.5867 ms
ProcessBlock/GuitarLSTM-libtorch-dynamic.onnx/bypass/8192/iteration:32/repetition:4			2.6948 ms
ProcessBlock/GuitarLSTM-libtorch-dynamic.onnx/bypass/8192/iteration:33/repetition:4			2.5961 ms
ProcessBlock/GuitarLSTM-libtorch-dynamic.onnx/bypass/8192/iteration:34/repetition:4			2.6838 ms
ProcessBlock/GuitarLSTM-libtorch-dynamic.onnx/bypass/8192/iteration:35/repetition:4			2.5872 ms
ProcessBlock/GuitarLSTM-libtorch-dynamic.onnx/bypass/8192/iteration:36/repetition:4			2.6864 ms
ProcessBlock/GuitarLSTM-libtorch-dynamic.onnx/bypass/8192/iteration:37/repetition:4			2.6954 ms
ProcessBlock/GuitarLSTM-libtorch-dynamic.onnx/bypass/8192/iteration:38/repetition:4			2.5882 ms
ProcessBlock/GuitarLSTM-libtorch-dynamic.onnx/bypass/8192/iteration:39/repetition:4			2.6845 ms
ProcessBlock/GuitarLSTM-libtorch-dynamic.onnx/bypass/8192/iteration:40/repetition:4			2.5918 ms
ProcessBlock/GuitarLSTM-libtorch-dynamic.onnx/bypass/8192/iteration:41/repetition:4			2.6848 ms
ProcessBlock/GuitarLSTM-libtorch-dynamic.onnx/bypass/8192/iteration:42/repetition:4			2.5909 ms
ProcessBlock/GuitarLSTM-libtorch-dynamic.onnx/bypass/8192/iteration:43/repetition:4			2.7037 ms
ProcessBlock/GuitarLSTM-libtorch-dynamic.onnx/bypass/8192/iteration:44/repetition:4			2.5927 ms
ProcessBlock/GuitarLSTM-libtorch-dynamic.onnx/bypass/8192/iteration:45/repetition:4			2.6930 ms
ProcessBlock/GuitarLSTM-libtorch-dynamic.onnx/bypass/8192/iteration:46/repetition:4			2.5877 ms
ProcessBlock/GuitarLSTM-libtorch-dynamic.onnx/bypass/8192/iteration:47/repetition:4			2.6835 ms
ProcessBlock/GuitarLSTM-libtorch-dynamic.onnx/bypass/8192/iteration:48/repetition:4			2.5916 ms
ProcessBlock/GuitarLSTM-libtorch-dynamic.onnx/bypass/8192/iteration:49/repetition:4			2.6871 ms
  Repetition 4/10: mean=2.6398 ms

[INFO] Anira version: 0.0.0-unknown
[WARNING] Session 104 requested more parallel processors than threads are available in Context. Using number of threads as number of parallel processors.
ProcessBlock/GuitarLSTM-libtorch-dynamic.onnx/bypass/8192/iteration:0/repetition:5			2.7498 ms
ProcessBlock/GuitarLSTM-libtorch-dynamic.onnx/bypass/8192/iteration:1/repetition:5			2.7133 ms
ProcessBlock/GuitarLSTM-libtorch-dynamic.onnx/bypass/8192/iteration:2/repetition:5			2.7190 ms
ProcessBlock/GuitarLSTM-libtorch-dynamic.onnx/bypass/8192/iteration:3/repetition:5			2.7225 ms
ProcessBlock/GuitarLSTM-libtorch-dynamic.onnx/bypass/8192/iteration:4/repetition:5			2.6197 ms
ProcessBlock/GuitarLSTM-libtorch-dynamic.onnx/bypass/8192/iteration:5/repetition:5			2.7015 ms
ProcessBlock/GuitarLSTM-libtorch-dynamic.onnx/bypass/8192/iteration:6/repetition:5			2.7092 ms
ProcessBlock/GuitarLSTM-libtorch-dynamic.onnx/bypass/8192/iteration:7/repetition:5			2.7199 ms
ProcessBlock/GuitarLSTM-libtorch-dynamic.onnx/bypass/8192/iteration:8/repetition:5			2.7157 ms
ProcessBlock/GuitarLSTM-libtorch-dynamic.onnx/bypass/8192/iteration:9/repetition:5			2.7147 ms
ProcessBlock/GuitarLSTM-libtorch-dynamic.onnx/bypass/8192/iteration:10/repetition:5			2.7203 ms
ProcessBlock/GuitarLSTM-libtorch-dynamic.onnx/bypass/8192/iteration:11/repetition:5			2.7212 ms
ProcessBlock/GuitarLSTM-libtorch-dynamic.onnx/bypass/8192/iteration:12/repetition:5			2.7333 ms
ProcessBlock/GuitarLSTM-libtorch-dynamic.onnx/bypass/8192/iteration:13/repetition:5			2.7202 ms
ProcessBlock/GuitarLSTM-libtorch-dynamic.onnx/bypass/8192/iteration:14/repetition:5			2.7125 ms
ProcessBlock/GuitarLSTM-libtorch-dynamic.onnx/bypass/8192/iteration:15/repetition:5			2.7052 ms
ProcessBlock/GuitarLSTM-libtorch-dynamic.onnx/bypass/8192/iteration:16/repetition:5			2.7044 ms
ProcessBlock/GuitarLSTM-libtorch-dynamic.onnx/bypass/8192/iteration:17/repetition:5			2.7126 ms
ProcessBlock/GuitarLSTM-libtorch-dynamic.onnx/bypass/8192/iteration:18/repetition:5			2.7180 ms
ProcessBlock/GuitarLSTM-libtorch-dynamic.onnx/bypass/8192/iteration:19/repetition:5			2.7210 ms
ProcessBlock/GuitarLSTM-libtorch-dynamic.onnx/bypass/8192/iteration:20/repetition:5			2.7110 ms
ProcessBlock/GuitarLSTM-libtorch-dynamic.onnx/bypass/8192/iteration:21/repetition:5			2.7148 ms
ProcessBlock/GuitarLSTM-libtorch-dynamic.onnx/bypass/8192/iteration:22/repetition:5			2.7164 ms
ProcessBlock/GuitarLSTM-libtorch-dynamic.onnx/bypass/8192/iteration:23/repetition:5			2.7129 ms
ProcessBlock/GuitarLSTM-libtorch-dynamic.onnx/bypass/8192/iteration:24/repetition:5			2.7252 ms
ProcessBlock/GuitarLSTM-libtorch-dynamic.onnx/bypass/8192/iteration:25/repetition:5			2.7142 ms
ProcessBlock/GuitarLSTM-libtorch-dynamic.onnx/bypass/8192/iteration:26/repetition:5			2.7091 ms
ProcessBlock/GuitarLSTM-libtorch-dynamic.onnx/bypass/8192/iteration:27/repetition:5			2.7132 ms
ProcessBlock/GuitarLSTM-libtorch-dynamic.onnx/bypass/8192/iteration:28/repetition:5			2.7140 ms
ProcessBlock/GuitarLSTM-libtorch-dynamic.onnx/bypass/8192/iteration:29/repetition:5			2.7067 ms
ProcessBlock/GuitarLSTM-libtorch-dynamic.onnx/bypass/8192/iteration:30/repetition:5			2.7102 ms
ProcessBlock/GuitarLSTM-libtorch-dynamic.onnx/bypass/8192/iteration:31/repetition:5			2.7115 ms
ProcessBlock/GuitarLSTM-libtorch-dynamic.onnx/bypass/8192/iteration:32/repetition:5			2.6960 ms
ProcessBlock/GuitarLSTM-libtorch-dynamic.onnx/bypass/8192/iteration:33/repetition:5			2.7018 ms
ProcessBlock/GuitarLSTM-libtorch-dynamic.onnx/bypass/8192/iteration:34/repetition:5			2.7106 ms
ProcessBlock/GuitarLSTM-libtorch-dynamic.onnx/bypass/8192/iteration:35/repetition:5			2.7004 ms
ProcessBlock/GuitarLSTM-libtorch-dynamic.onnx/bypass/8192/iteration:36/repetition:5			2.7104 ms
ProcessBlock/GuitarLSTM-libtorch-dynamic.onnx/bypass/8192/iteration:37/repetition:5			2.7145 ms
ProcessBlock/GuitarLSTM-libtorch-dynamic.onnx/bypass/8192/iteration:38/repetition:5			2.7118 ms
ProcessBlock/GuitarLSTM-libtorch-dynamic.onnx/bypass/8192/iteration:39/repetition:5			2.7155 ms
ProcessBlock/GuitarLSTM-libtorch-dynamic.onnx/bypass/8192/iteration:40/repetition:5			2.7027 ms
ProcessBlock/GuitarLSTM-libtorch-dynamic.onnx/bypass/8192/iteration:41/repetition:5			2.7208 ms
ProcessBlock/GuitarLSTM-libtorch-dynamic.onnx/bypass/8192/iteration:42/repetition:5			2.6947 ms
ProcessBlock/GuitarLSTM-libtorch-dynamic.onnx/bypass/8192/iteration:43/repetition:5			2.6999 ms
ProcessBlock/GuitarLSTM-libtorch-dynamic.onnx/bypass/8192/iteration:44/repetition:5			2.7062 ms
ProcessBlock/GuitarLSTM-libtorch-dynamic.onnx/bypass/8192/iteration:45/repetition:5			2.7012 ms
ProcessBlock/GuitarLSTM-libtorch-dynamic.onnx/bypass/8192/iteration:46/repetition:5			2.7061 ms
ProcessBlock/GuitarLSTM-libtorch-dynamic.onnx/bypass/8192/iteration:47/repetition:5			2.7008 ms
ProcessBlock/GuitarLSTM-libtorch-dynamic.onnx/bypass/8192/iteration:48/repetition:5			2.7000 ms
ProcessBlock/GuitarLSTM-libtorch-dynamic.onnx/bypass/8192/iteration:49/repetition:5			2.7109 ms
  Repetition 5/10: mean=2.7104 ms

[INFO] Anira version: 0.0.0-unknown
[WARNING] Session 105 requested more parallel processors than threads are available in Context. Using number of threads as number of parallel processors.
ProcessBlock/GuitarLSTM-libtorch-dynamic.onnx/bypass/8192/iteration:0/repetition:6			2.6385 ms
ProcessBlock/GuitarLSTM-libtorch-dynamic.onnx/bypass/8192/iteration:1/repetition:6			2.5898 ms
ProcessBlock/GuitarLSTM-libtorch-dynamic.onnx/bypass/8192/iteration:2/repetition:6			2.6052 ms
ProcessBlock/GuitarLSTM-libtorch-dynamic.onnx/bypass/8192/iteration:3/repetition:6			2.6958 ms
ProcessBlock/GuitarLSTM-libtorch-dynamic.onnx/bypass/8192/iteration:4/repetition:6			2.5896 ms
ProcessBlock/GuitarLSTM-libtorch-dynamic.onnx/bypass/8192/iteration:5/repetition:6			2.5896 ms
ProcessBlock/GuitarLSTM-libtorch-dynamic.onnx/bypass/8192/iteration:6/repetition:6			2.7025 ms
ProcessBlock/GuitarLSTM-libtorch-dynamic.onnx/bypass/8192/iteration:7/repetition:6			2.6136 ms
ProcessBlock/GuitarLSTM-libtorch-dynamic.onnx/bypass/8192/iteration:8/repetition:6			2.6981 ms
ProcessBlock/GuitarLSTM-libtorch-dynamic.onnx/bypass/8192/iteration:9/repetition:6			2.5896 ms
ProcessBlock/GuitarLSTM-libtorch-dynamic.onnx/bypass/8192/iteration:10/repetition:6			2.7036 ms
ProcessBlock/GuitarLSTM-libtorch-dynamic.onnx/bypass/8192/iteration:11/repetition:6			2.5890 ms
ProcessBlock/GuitarLSTM-libtorch-dynamic.onnx/bypass/8192/iteration:12/repetition:6			2.6999 ms
ProcessBlock/GuitarLSTM-libtorch-dynamic.onnx/bypass/8192/iteration:13/repetition:6			2.5885 ms
ProcessBlock/GuitarLSTM-libtorch-dynamic.onnx/bypass/8192/iteration:14/repetition:6			2.6971 ms
ProcessBlock/GuitarLSTM-libtorch-dynamic.onnx/bypass/8192/iteration:15/repetition:6			2.7006 ms
ProcessBlock/GuitarLSTM-libtorch-dynamic.onnx/bypass/8192/iteration:16/repetition:6			2.5886 ms
ProcessBlock/GuitarLSTM-libtorch-dynamic.onnx/bypass/8192/iteration:17/repetition:6			2.7046 ms
ProcessBlock/GuitarLSTM-libtorch-dynamic.onnx/bypass/8192/iteration:18/repetition:6			2.5972 ms
ProcessBlock/GuitarLSTM-libtorch-dynamic.onnx/bypass/8192/iteration:19/repetition:6			2.6949 ms
ProcessBlock/GuitarLSTM-libtorch-dynamic.onnx/bypass/8192/iteration:20/repetition:6			2.7061 ms
ProcessBlock/GuitarLSTM-libtorch-dynamic.onnx/bypass/8192/iteration:21/repetition:6			2.5899 ms
ProcessBlock/GuitarLSTM-libtorch-dynamic.onnx/bypass/8192/iteration:22/repetition:6			2.6846 ms
ProcessBlock/GuitarLSTM-libtorch-dynamic.onnx/bypass/8192/iteration:23/repetition:6			2.7153 ms
ProcessBlock/GuitarLSTM-libtorch-dynamic.onnx/bypass/8192/iteration:24/repetition:6			2.6991 ms
ProcessBlock/GuitarLSTM-libtorch-dynamic.onnx/bypass/8192/iteration:25/repetition:6			2.7159 ms
ProcessBlock/GuitarLSTM-libtorch-dynamic.onnx/bypass/8192/iteration:26/repetition:6			2.5892 ms
ProcessBlock/GuitarLSTM-libtorch-dynamic.onnx/bypass/8192/iteration:27/repetition:6			2.5895 ms
ProcessBlock/GuitarLSTM-libtorch-dynamic.onnx/bypass/8192/iteration:28/repetition:6			2.7002 ms
ProcessBlock/GuitarLSTM-libtorch-dynamic.onnx/bypass/8192/iteration:29/repetition:6			2.5952 ms
ProcessBlock/GuitarLSTM-libtorch-dynamic.onnx/bypass/8192/iteration:30/repetition:6			2.7010 ms
ProcessBlock/GuitarLSTM-libtorch-dynamic.onnx/bypass/8192/iteration:31/repetition:6			2.5892 ms
ProcessBlock/GuitarLSTM-libtorch-dynamic.onnx/bypass/8192/iteration:32/repetition:6			2.5905 ms
ProcessBlock/GuitarLSTM-libtorch-dynamic.onnx/bypass/8192/iteration:33/repetition:6			2.7043 ms
ProcessBlock/GuitarLSTM-libtorch-dynamic.onnx/bypass/8192/iteration:34/repetition:6			2.5894 ms
ProcessBlock/GuitarLSTM-libtorch-dynamic.onnx/bypass/8192/iteration:35/repetition:6			2.7044 ms
ProcessBlock/GuitarLSTM-libtorch-dynamic.onnx/bypass/8192/iteration:36/repetition:6			2.5900 ms
ProcessBlock/GuitarLSTM-libtorch-dynamic.onnx/bypass/8192/iteration:37/repetition:6			2.7025 ms
ProcessBlock/GuitarLSTM-libtorch-dynamic.onnx/bypass/8192/iteration:38/repetition:6			2.5906 ms
ProcessBlock/GuitarLSTM-libtorch-dynamic.onnx/bypass/8192/iteration:39/repetition:6			2.7026 ms
ProcessBlock/GuitarLSTM-libtorch-dynamic.onnx/bypass/8192/iteration:40/repetition:6			2.5910 ms
ProcessBlock/GuitarLSTM-libtorch-dynamic.onnx/bypass/8192/iteration:41/repetition:6			2.6841 ms
ProcessBlock/GuitarLSTM-libtorch-dynamic.onnx/bypass/8192/iteration:42/repetition:6			2.5896 ms
ProcessBlock/GuitarLSTM-libtorch-dynamic.onnx/bypass/8192/iteration:43/repetition:6			2.5894 ms
ProcessBlock/GuitarLSTM-libtorch-dynamic.onnx/bypass/8192/iteration:44/repetition:6			2.6892 ms
ProcessBlock/GuitarLSTM-libtorch-dynamic.onnx/bypass/8192/iteration:45/repetition:6			2.5875 ms
ProcessBlock/GuitarLSTM-libtorch-dynamic.onnx/bypass/8192/iteration:46/repetition:6			2.7018 ms
ProcessBlock/GuitarLSTM-libtorch-dynamic.onnx/bypass/8192/iteration:47/repetition:6			2.5872 ms
ProcessBlock/GuitarLSTM-libtorch-dynamic.onnx/bypass/8192/iteration:48/repetition:6			2.7032 ms
ProcessBlock/GuitarLSTM-libtorch-dynamic.onnx/bypass/8192/iteration:49/repetition:6			2.5900 ms
  Repetition 6/10: mean=2.6448 ms

[INFO] Anira version: 0.0.0-unknown
[WARNING] Session 106 requested more parallel processors than threads are available in Context. Using number of threads as number of parallel processors.
ProcessBlock/GuitarLSTM-libtorch-dynamic.onnx/bypass/8192/iteration:0/repetition:7			2.7644 ms
ProcessBlock/GuitarLSTM-libtorch-dynamic.onnx/bypass/8192/iteration:1/repetition:7			2.7211 ms
ProcessBlock/GuitarLSTM-libtorch-dynamic.onnx/bypass/8192/iteration:2/repetition:7			2.7139 ms
ProcessBlock/GuitarLSTM-libtorch-dynamic.onnx/bypass/8192/iteration:3/repetition:7			2.7132 ms
ProcessBlock/GuitarLSTM-libtorch-dynamic.onnx/bypass/8192/iteration:4/repetition:7			2.7077 ms
ProcessBlock/GuitarLSTM-libtorch-dynamic.onnx/bypass/8192/iteration:5/repetition:7			2.7215 ms
ProcessBlock/GuitarLSTM-libtorch-dynamic.onnx/bypass/8192/iteration:6/repetition:7			2.7264 ms
ProcessBlock/GuitarLSTM-libtorch-dynamic.onnx/bypass/8192/iteration:7/repetition:7			2.7105 ms
ProcessBlock/GuitarLSTM-libtorch-dynamic.onnx/bypass/8192/iteration:8/repetition:7			2.6158 ms
ProcessBlock/GuitarLSTM-libtorch-dynamic.onnx/bypass/8192/iteration:9/repetition:7			2.6926 ms
ProcessBlock/GuitarLSTM-libtorch-dynamic.onnx/bypass/8192/iteration:10/repetition:7			2.7126 ms
ProcessBlock/GuitarLSTM-libtorch-dynamic.onnx/bypass/8192/iteration:11/repetition:7			2.7208 ms
ProcessBlock/GuitarLSTM-libtorch-dynamic.onnx/bypass/8192/iteration:12/repetition:7			2.7070 ms
ProcessBlock/GuitarLSTM-libtorch-dynamic.onnx/bypass/8192/iteration:13/repetition:7			2.7055 ms
ProcessBlock/GuitarLSTM-libtorch-dynamic.onnx/bypass/8192/iteration:14/repetition:7			2.7151 ms
ProcessBlock/GuitarLSTM-libtorch-dynamic.onnx/bypass/8192/iteration:15/repetition:7			2.7075 ms
ProcessBlock/GuitarLSTM-libtorch-dynamic.onnx/bypass/8192/iteration:16/repetition:7			2.7143 ms
ProcessBlock/GuitarLSTM-libtorch-dynamic.onnx/bypass/8192/iteration:17/repetition:7			2.6995 ms
ProcessBlock/GuitarLSTM-libtorch-dynamic.onnx/bypass/8192/iteration:18/repetition:7			2.7121 ms
ProcessBlock/GuitarLSTM-libtorch-dynamic.onnx/bypass/8192/iteration:19/repetition:7			2.7125 ms
ProcessBlock/GuitarLSTM-libtorch-dynamic.onnx/bypass/8192/iteration:20/repetition:7			2.7074 ms
ProcessBlock/GuitarLSTM-libtorch-dynamic.onnx/bypass/8192/iteration:21/repetition:7			2.7079 ms
ProcessBlock/GuitarLSTM-libtorch-dynamic.onnx/bypass/8192/iteration:22/repetition:7			2.7118 ms
ProcessBlock/GuitarLSTM-libtorch-dynamic.onnx/bypass/8192/iteration:23/repetition:7			2.7125 ms
ProcessBlock/GuitarLSTM-libtorch-dynamic.onnx/bypass/8192/iteration:24/repetition:7			2.7014 ms
ProcessBlock/GuitarLSTM-libtorch-dynamic.onnx/bypass/8192/iteration:25/repetition:7			2.7050 ms
ProcessBlock/GuitarLSTM-libtorch-dynamic.onnx/bypass/8192/iteration:26/repetition:7			2.7046 ms
ProcessBlock/GuitarLSTM-libtorch-dynamic.onnx/bypass/8192/iteration:27/repetition:7			2.7052 ms
ProcessBlock/GuitarLSTM-libtorch-dynamic.onnx/bypass/8192/iteration:28/repetition:7			2.7043 ms
ProcessBlock/GuitarLSTM-libtorch-dynamic.onnx/bypass/8192/iteration:29/repetition:7			2.7076 ms
ProcessBlock/GuitarLSTM-libtorch-dynamic.onnx/bypass/8192/iteration:30/repetition:7			2.6956 ms
ProcessBlock/GuitarLSTM-libtorch-dynamic.onnx/bypass/8192/iteration:31/repetition:7			2.7012 ms
ProcessBlock/GuitarLSTM-libtorch-dynamic.onnx/bypass/8192/iteration:32/repetition:7			2.7002 ms
ProcessBlock/GuitarLSTM-libtorch-dynamic.onnx/bypass/8192/iteration:33/repetition:7			2.6920 ms
ProcessBlock/GuitarLSTM-libtorch-dynamic.onnx/bypass/8192/iteration:34/repetition:7			2.7075 ms
ProcessBlock/GuitarLSTM-libtorch-dynamic.onnx/bypass/8192/iteration:35/repetition:7			2.7046 ms
ProcessBlock/GuitarLSTM-libtorch-dynamic.onnx/bypass/8192/iteration:36/repetition:7			2.7012 ms
ProcessBlock/GuitarLSTM-libtorch-dynamic.onnx/bypass/8192/iteration:37/repetition:7			2.7136 ms
ProcessBlock/GuitarLSTM-libtorch-dynamic.onnx/bypass/8192/iteration:38/repetition:7			2.7150 ms
ProcessBlock/GuitarLSTM-libtorch-dynamic.onnx/bypass/8192/iteration:39/repetition:7			2.7131 ms
ProcessBlock/GuitarLSTM-libtorch-dynamic.onnx/bypass/8192/iteration:40/repetition:7			2.7109 ms
ProcessBlock/GuitarLSTM-libtorch-dynamic.onnx/bypass/8192/iteration:41/repetition:7			2.7134 ms
ProcessBlock/GuitarLSTM-libtorch-dynamic.onnx/bypass/8192/iteration:42/repetition:7			2.7146 ms
ProcessBlock/GuitarLSTM-libtorch-dynamic.onnx/bypass/8192/iteration:43/repetition:7			2.7108 ms
ProcessBlock/GuitarLSTM-libtorch-dynamic.onnx/bypass/8192/iteration:44/repetition:7			2.7096 ms
ProcessBlock/GuitarLSTM-libtorch-dynamic.onnx/bypass/8192/iteration:45/repetition:7			2.7170 ms
ProcessBlock/GuitarLSTM-libtorch-dynamic.onnx/bypass/8192/iteration:46/repetition:7			2.7080 ms
ProcessBlock/GuitarLSTM-libtorch-dynamic.onnx/bypass/8192/iteration:47/repetition:7			2.7146 ms
ProcessBlock/GuitarLSTM-libtorch-dynamic.onnx/bypass/8192/iteration:48/repetition:7			2.7131 ms
ProcessBlock/GuitarLSTM-libtorch-dynamic.onnx/bypass/8192/iteration:49/repetition:7			2.7185 ms
  Repetition 7/10: mean=2.7087 ms

[INFO] Anira version: 0.0.0-unknown
[WARNING] Session 107 requested more parallel processors than threads are available in Context. Using number of threads as number of parallel processors.
ProcessBlock/GuitarLSTM-libtorch-dynamic.onnx/bypass/8192/iteration:0/repetition:8			2.7662 ms
ProcessBlock/GuitarLSTM-libtorch-dynamic.onnx/bypass/8192/iteration:1/repetition:8			2.7191 ms
ProcessBlock/GuitarLSTM-libtorch-dynamic.onnx/bypass/8192/iteration:2/repetition:8			2.7076 ms
ProcessBlock/GuitarLSTM-libtorch-dynamic.onnx/bypass/8192/iteration:3/repetition:8			2.7235 ms
ProcessBlock/GuitarLSTM-libtorch-dynamic.onnx/bypass/8192/iteration:4/repetition:8			2.7191 ms
ProcessBlock/GuitarLSTM-libtorch-dynamic.onnx/bypass/8192/iteration:5/repetition:8			2.7188 ms
ProcessBlock/GuitarLSTM-libtorch-dynamic.onnx/bypass/8192/iteration:6/repetition:8			2.7200 ms
ProcessBlock/GuitarLSTM-libtorch-dynamic.onnx/bypass/8192/iteration:7/repetition:8			2.7121 ms
ProcessBlock/GuitarLSTM-libtorch-dynamic.onnx/bypass/8192/iteration:8/repetition:8			2.7178 ms
ProcessBlock/GuitarLSTM-libtorch-dynamic.onnx/bypass/8192/iteration:9/repetition:8			2.7203 ms
ProcessBlock/GuitarLSTM-libtorch-dynamic.onnx/bypass/8192/iteration:10/repetition:8			2.7126 ms
ProcessBlock/GuitarLSTM-libtorch-dynamic.onnx/bypass/8192/iteration:11/repetition:8			2.7200 ms
ProcessBlock/GuitarLSTM-libtorch-dynamic.onnx/bypass/8192/iteration:12/repetition:8			2.7193 ms
ProcessBlock/GuitarLSTM-libtorch-dynamic.onnx/bypass/8192/iteration:13/repetition:8			2.7083 ms
ProcessBlock/GuitarLSTM-libtorch-dynamic.onnx/bypass/8192/iteration:14/repetition:8			2.7259 ms
ProcessBlock/GuitarLSTM-libtorch-dynamic.onnx/bypass/8192/iteration:15/repetition:8			2.7162 ms
ProcessBlock/GuitarLSTM-libtorch-dynamic.onnx/bypass/8192/iteration:16/repetition:8			2.7251 ms
ProcessBlock/GuitarLSTM-libtorch-dynamic.onnx/bypass/8192/iteration:17/repetition:8			2.7104 ms
ProcessBlock/GuitarLSTM-libtorch-dynamic.onnx/bypass/8192/iteration:18/repetition:8			2.7187 ms
ProcessBlock/GuitarLSTM-libtorch-dynamic.onnx/bypass/8192/iteration:19/repetition:8			2.7191 ms
ProcessBlock/GuitarLSTM-libtorch-dynamic.onnx/bypass/8192/iteration:20/repetition:8			2.7128 ms
ProcessBlock/GuitarLSTM-libtorch-dynamic.onnx/bypass/8192/iteration:21/repetition:8			2.7154 ms
ProcessBlock/GuitarLSTM-libtorch-dynamic.onnx/bypass/8192/iteration:22/repetition:8			2.7085 ms
ProcessBlock/GuitarLSTM-libtorch-dynamic.onnx/bypass/8192/iteration:23/repetition:8			2.7182 ms
ProcessBlock/GuitarLSTM-libtorch-dynamic.onnx/bypass/8192/iteration:24/repetition:8			2.7078 ms
ProcessBlock/GuitarLSTM-libtorch-dynamic.onnx/bypass/8192/iteration:25/repetition:8			2.7081 ms
ProcessBlock/GuitarLSTM-libtorch-dynamic.onnx/bypass/8192/iteration:26/repetition:8			2.7095 ms
ProcessBlock/GuitarLSTM-libtorch-dynamic.onnx/bypass/8192/iteration:27/repetition:8			2.7251 ms
ProcessBlock/GuitarLSTM-libtorch-dynamic.onnx/bypass/8192/iteration:28/repetition:8			2.7056 ms
ProcessBlock/GuitarLSTM-libtorch-dynamic.onnx/bypass/8192/iteration:29/repetition:8			2.7160 ms
ProcessBlock/GuitarLSTM-libtorch-dynamic.onnx/bypass/8192/iteration:30/repetition:8			2.7088 ms
ProcessBlock/GuitarLSTM-libtorch-dynamic.onnx/bypass/8192/iteration:31/repetition:8			2.7031 ms
ProcessBlock/GuitarLSTM-libtorch-dynamic.onnx/bypass/8192/iteration:32/repetition:8			2.7117 ms
ProcessBlock/GuitarLSTM-libtorch-dynamic.onnx/bypass/8192/iteration:33/repetition:8			2.7057 ms
ProcessBlock/GuitarLSTM-libtorch-dynamic.onnx/bypass/8192/iteration:34/repetition:8			2.7000 ms
ProcessBlock/GuitarLSTM-libtorch-dynamic.onnx/bypass/8192/iteration:35/repetition:8			2.7270 ms
ProcessBlock/GuitarLSTM-libtorch-dynamic.onnx/bypass/8192/iteration:36/repetition:8			2.7115 ms
ProcessBlock/GuitarLSTM-libtorch-dynamic.onnx/bypass/8192/iteration:37/repetition:8			2.7069 ms
ProcessBlock/GuitarLSTM-libtorch-dynamic.onnx/bypass/8192/iteration:38/repetition:8			2.7191 ms
ProcessBlock/GuitarLSTM-libtorch-dynamic.onnx/bypass/8192/iteration:39/repetition:8			2.7051 ms
ProcessBlock/GuitarLSTM-libtorch-dynamic.onnx/bypass/8192/iteration:40/repetition:8			2.7090 ms
ProcessBlock/GuitarLSTM-libtorch-dynamic.onnx/bypass/8192/iteration:41/repetition:8			2.7175 ms
ProcessBlock/GuitarLSTM-libtorch-dynamic.onnx/bypass/8192/iteration:42/repetition:8			2.7150 ms
ProcessBlock/GuitarLSTM-libtorch-dynamic.onnx/bypass/8192/iteration:43/repetition:8			2.7182 ms
ProcessBlock/GuitarLSTM-libtorch-dynamic.onnx/bypass/8192/iteration:44/repetition:8			2.7097 ms
ProcessBlock/GuitarLSTM-libtorch-dynamic.onnx/bypass/8192/iteration:45/repetition:8			2.7185 ms
ProcessBlock/GuitarLSTM-libtorch-dynamic.onnx/bypass/8192/iteration:46/repetition:8			2.7088 ms
ProcessBlock/GuitarLSTM-libtorch-dynamic.onnx/bypass/8192/iteration:47/repetition:8			2.7097 ms
ProcessBlock/GuitarLSTM-libtorch-dynamic.onnx/bypass/8192/iteration:48/repetition:8			2.7283 ms
ProcessBlock/GuitarLSTM-libtorch-dynamic.onnx/bypass/8192/iteration:49/repetition:8			2.7107 ms
  Repetition 8/10: mean=2.7154 ms

[INFO] Anira version: 0.0.0-unknown
[WARNING] Session 108 requested more parallel processors than threads are available in Context. Using number of threads as number of parallel processors.
ProcessBlock/GuitarLSTM-libtorch-dynamic.onnx/bypass/8192/iteration:0/repetition:9			2.6430 ms
ProcessBlock/GuitarLSTM-libtorch-dynamic.onnx/bypass/8192/iteration:1/repetition:9			2.7300 ms
ProcessBlock/GuitarLSTM-libtorch-dynamic.onnx/bypass/8192/iteration:2/repetition:9			2.6154 ms
ProcessBlock/GuitarLSTM-libtorch-dynamic.onnx/bypass/8192/iteration:3/repetition:9			2.6861 ms
ProcessBlock/GuitarLSTM-libtorch-dynamic.onnx/bypass/8192/iteration:4/repetition:9			2.7285 ms
ProcessBlock/GuitarLSTM-libtorch-dynamic.onnx/bypass/8192/iteration:5/repetition:9			2.7197 ms
ProcessBlock/GuitarLSTM-libtorch-dynamic.onnx/bypass/8192/iteration:6/repetition:9			2.7198 ms
ProcessBlock/GuitarLSTM-libtorch-dynamic.onnx/bypass/8192/iteration:7/repetition:9			2.7233 ms
ProcessBlock/GuitarLSTM-libtorch-dynamic.onnx/bypass/8192/iteration:8/repetition:9			2.7185 ms
ProcessBlock/GuitarLSTM-libtorch-dynamic.onnx/bypass/8192/iteration:9/repetition:9			2.7197 ms
ProcessBlock/GuitarLSTM-libtorch-dynamic.onnx/bypass/8192/iteration:10/repetition:9			2.7145 ms
ProcessBlock/GuitarLSTM-libtorch-dynamic.onnx/bypass/8192/iteration:11/repetition:9			2.7133 ms
ProcessBlock/GuitarLSTM-libtorch-dynamic.onnx/bypass/8192/iteration:12/repetition:9			2.7231 ms
ProcessBlock/GuitarLSTM-libtorch-dynamic.onnx/bypass/8192/iteration:13/repetition:9			2.7062 ms
ProcessBlock/GuitarLSTM-libtorch-dynamic.onnx/bypass/8192/iteration:14/repetition:9			2.7131 ms
ProcessBlock/GuitarLSTM-libtorch-dynamic.onnx/bypass/8192/iteration:15/repetition:9			2.7164 ms
ProcessBlock/GuitarLSTM-libtorch-dynamic.onnx/bypass/8192/iteration:16/repetition:9			2.7129 ms
ProcessBlock/GuitarLSTM-libtorch-dynamic.onnx/bypass/8192/iteration:17/repetition:9			2.7132 ms
ProcessBlock/GuitarLSTM-libtorch-dynamic.onnx/bypass/8192/iteration:18/repetition:9			2.7124 ms
ProcessBlock/GuitarLSTM-libtorch-dynamic.onnx/bypass/8192/iteration:19/repetition:9			2.7132 ms
ProcessBlock/GuitarLSTM-libtorch-dynamic.onnx/bypass/8192/iteration:20/repetition:9			2.7171 ms
ProcessBlock/GuitarLSTM-libtorch-dynamic.onnx/bypass/8192/iteration:21/repetition:9			2.7094 ms
ProcessBlock/GuitarLSTM-libtorch-dynamic.onnx/bypass/8192/iteration:22/repetition:9			2.7060 ms
ProcessBlock/GuitarLSTM-libtorch-dynamic.onnx/bypass/8192/iteration:23/repetition:9			2.7165 ms
ProcessBlock/GuitarLSTM-libtorch-dynamic.onnx/bypass/8192/iteration:24/repetition:9			2.7082 ms
ProcessBlock/GuitarLSTM-libtorch-dynamic.onnx/bypass/8192/iteration:25/repetition:9			2.7146 ms
ProcessBlock/GuitarLSTM-libtorch-dynamic.onnx/bypass/8192/iteration:26/repetition:9			2.7116 ms
ProcessBlock/GuitarLSTM-libtorch-dynamic.onnx/bypass/8192/iteration:27/repetition:9			2.7107 ms
ProcessBlock/GuitarLSTM-libtorch-dynamic.onnx/bypass/8192/iteration:28/repetition:9			2.7106 ms
ProcessBlock/GuitarLSTM-libtorch-dynamic.onnx/bypass/8192/iteration:29/repetition:9			2.7106 ms
ProcessBlock/GuitarLSTM-libtorch-dynamic.onnx/bypass/8192/iteration:30/repetition:9			2.7067 ms
ProcessBlock/GuitarLSTM-libtorch-dynamic.onnx/bypass/8192/iteration:31/repetition:9			2.7133 ms
ProcessBlock/GuitarLSTM-libtorch-dynamic.onnx/bypass/8192/iteration:32/repetition:9			2.7027 ms
ProcessBlock/GuitarLSTM-libtorch-dynamic.onnx/bypass/8192/iteration:33/repetition:9			2.7362 ms
ProcessBlock/GuitarLSTM-libtorch-dynamic.onnx/bypass/8192/iteration:34/repetition:9			2.7118 ms
ProcessBlock/GuitarLSTM-libtorch-dynamic.onnx/bypass/8192/iteration:35/repetition:9			2.7011 ms
ProcessBlock/GuitarLSTM-libtorch-dynamic.onnx/bypass/8192/iteration:36/repetition:9			2.7122 ms
ProcessBlock/GuitarLSTM-libtorch-dynamic.onnx/bypass/8192/iteration:37/repetition:9			2.7029 ms
ProcessBlock/GuitarLSTM-libtorch-dynamic.onnx/bypass/8192/iteration:38/repetition:9			2.7031 ms
ProcessBlock/GuitarLSTM-libtorch-dynamic.onnx/bypass/8192/iteration:39/repetition:9			2.7108 ms
ProcessBlock/GuitarLSTM-libtorch-dynamic.onnx/bypass/8192/iteration:40/repetition:9			2.7110 ms
ProcessBlock/GuitarLSTM-libtorch-dynamic.onnx/bypass/8192/iteration:41/repetition:9			2.7188 ms
ProcessBlock/GuitarLSTM-libtorch-dynamic.onnx/bypass/8192/iteration:42/repetition:9			2.7121 ms
ProcessBlock/GuitarLSTM-libtorch-dynamic.onnx/bypass/8192/iteration:43/repetition:9			2.7052 ms
ProcessBlock/GuitarLSTM-libtorch-dynamic.onnx/bypass/8192/iteration:44/repetition:9			2.7136 ms
ProcessBlock/GuitarLSTM-libtorch-dynamic.onnx/bypass/8192/iteration:45/repetition:9			2.7131 ms
ProcessBlock/GuitarLSTM-libtorch-dynamic.onnx/bypass/8192/iteration:46/repetition:9			2.7140 ms
ProcessBlock/GuitarLSTM-libtorch-dynamic.onnx/bypass/8192/iteration:47/repetition:9			2.7147 ms
ProcessBlock/GuitarLSTM-libtorch-dynamic.onnx/bypass/8192/iteration:48/repetition:9			2.7068 ms
ProcessBlock/GuitarLSTM-libtorch-dynamic.onnx/bypass/8192/iteration:49/repetition:9			2.7128 ms
  Repetition 9/10: mean=2.7096 ms

[INFO] Anira version: 0.0.0-unknown
[WARNING] Session 109 requested more parallel processors than threads are available in Context. Using number of threads as number of parallel processors.
ProcessBlock/GuitarLSTM-libtorch-dynamic.onnx/bypass/8192/iteration:0/repetition:10			2.7786 ms
ProcessBlock/GuitarLSTM-libtorch-dynamic.onnx/bypass/8192/iteration:1/repetition:10			2.7139 ms
ProcessBlock/GuitarLSTM-libtorch-dynamic.onnx/bypass/8192/iteration:2/repetition:10			2.7199 ms
ProcessBlock/GuitarLSTM-libtorch-dynamic.onnx/bypass/8192/iteration:3/repetition:10			2.7215 ms
ProcessBlock/GuitarLSTM-libtorch-dynamic.onnx/bypass/8192/iteration:4/repetition:10			2.7166 ms
ProcessBlock/GuitarLSTM-libtorch-dynamic.onnx/bypass/8192/iteration:5/repetition:10			2.7158 ms
ProcessBlock/GuitarLSTM-libtorch-dynamic.onnx/bypass/8192/iteration:6/repetition:10			2.7430 ms
ProcessBlock/GuitarLSTM-libtorch-dynamic.onnx/bypass/8192/iteration:7/repetition:10			2.7168 ms
ProcessBlock/GuitarLSTM-libtorch-dynamic.onnx/bypass/8192/iteration:8/repetition:10			2.7281 ms
ProcessBlock/GuitarLSTM-libtorch-dynamic.onnx/bypass/8192/iteration:9/repetition:10			2.7136 ms
ProcessBlock/GuitarLSTM-libtorch-dynamic.onnx/bypass/8192/iteration:10/repetition:10			2.7188 ms
ProcessBlock/GuitarLSTM-libtorch-dynamic.onnx/bypass/8192/iteration:11/repetition:10			2.6096 ms
ProcessBlock/GuitarLSTM-libtorch-dynamic.onnx/bypass/8192/iteration:12/repetition:10			2.6972 ms
ProcessBlock/GuitarLSTM-libtorch-dynamic.onnx/bypass/8192/iteration:13/repetition:10			2.7065 ms
ProcessBlock/GuitarLSTM-libtorch-dynamic.onnx/bypass/8192/iteration:14/repetition:10			2.7145 ms
ProcessBlock/GuitarLSTM-libtorch-dynamic.onnx/bypass/8192/iteration:15/repetition:10			2.6104 ms
ProcessBlock/GuitarLSTM-libtorch-dynamic.onnx/bypass/8192/iteration:16/repetition:10			2.6851 ms
ProcessBlock/GuitarLSTM-libtorch-dynamic.onnx/bypass/8192/iteration:17/repetition:10			2.6118 ms
ProcessBlock/GuitarLSTM-libtorch-dynamic.onnx/bypass/8192/iteration:18/repetition:10			2.6970 ms
ProcessBlock/GuitarLSTM-libtorch-dynamic.onnx/bypass/8192/iteration:19/repetition:10			2.7130 ms
ProcessBlock/GuitarLSTM-libtorch-dynamic.onnx/bypass/8192/iteration:20/repetition:10			2.7132 ms
ProcessBlock/GuitarLSTM-libtorch-dynamic.onnx/bypass/8192/iteration:21/repetition:10			2.7152 ms
ProcessBlock/GuitarLSTM-libtorch-dynamic.onnx/bypass/8192/iteration:22/repetition:10			2.7212 ms
ProcessBlock/GuitarLSTM-libtorch-dynamic.onnx/bypass/8192/iteration:23/repetition:10			2.7114 ms
ProcessBlock/GuitarLSTM-libtorch-dynamic.onnx/bypass/8192/iteration:24/repetition:10			2.7233 ms
ProcessBlock/GuitarLSTM-libtorch-dynamic.onnx/bypass/8192/iteration:25/repetition:10			2.7161 ms
ProcessBlock/GuitarLSTM-libtorch-dynamic.onnx/bypass/8192/iteration:26/repetition:10			2.7092 ms
ProcessBlock/GuitarLSTM-libtorch-dynamic.onnx/bypass/8192/iteration:27/repetition:10			2.7081 ms
ProcessBlock/GuitarLSTM-libtorch-dynamic.onnx/bypass/8192/iteration:28/repetition:10			2.7036 ms
ProcessBlock/GuitarLSTM-libtorch-dynamic.onnx/bypass/8192/iteration:29/repetition:10			2.7138 ms
ProcessBlock/GuitarLSTM-libtorch-dynamic.onnx/bypass/8192/iteration:30/repetition:10			2.7139 ms
ProcessBlock/GuitarLSTM-libtorch-dynamic.onnx/bypass/8192/iteration:31/repetition:10			2.7120 ms
ProcessBlock/GuitarLSTM-libtorch-dynamic.onnx/bypass/8192/iteration:32/repetition:10			2.7164 ms
ProcessBlock/GuitarLSTM-libtorch-dynamic.onnx/bypass/8192/iteration:33/repetition:10			2.7054 ms
ProcessBlock/GuitarLSTM-libtorch-dynamic.onnx/bypass/8192/iteration:34/repetition:10			2.7147 ms
ProcessBlock/GuitarLSTM-libtorch-dynamic.onnx/bypass/8192/iteration:35/repetition:10			2.7109 ms
ProcessBlock/GuitarLSTM-libtorch-dynamic.onnx/bypass/8192/iteration:36/repetition:10			2.7034 ms
ProcessBlock/GuitarLSTM-libtorch-dynamic.onnx/bypass/8192/iteration:37/repetition:10			2.7135 ms
ProcessBlock/GuitarLSTM-libtorch-dynamic.onnx/bypass/8192/iteration:38/repetition:10			2.7157 ms
ProcessBlock/GuitarLSTM-libtorch-dynamic.onnx/bypass/8192/iteration:39/repetition:10			2.7030 ms
ProcessBlock/GuitarLSTM-libtorch-dynamic.onnx/bypass/8192/iteration:40/repetition:10			2.7186 ms
ProcessBlock/GuitarLSTM-libtorch-dynamic.onnx/bypass/8192/iteration:41/repetition:10			2.6092 ms
ProcessBlock/GuitarLSTM-libtorch-dynamic.onnx/bypass/8192/iteration:42/repetition:10			2.6932 ms
ProcessBlock/GuitarLSTM-libtorch-dynamic.onnx/bypass/8192/iteration:43/repetition:10			2.7102 ms
ProcessBlock/GuitarLSTM-libtorch-dynamic.onnx/bypass/8192/iteration:44/repetition:10			2.7104 ms
ProcessBlock/GuitarLSTM-libtorch-dynamic.onnx/bypass/8192/iteration:45/repetition:10			2.7142 ms
ProcessBlock/GuitarLSTM-libtorch-dynamic.onnx/bypass/8192/iteration:46/repetition:10			2.7168 ms
ProcessBlock/GuitarLSTM-libtorch-dynamic.onnx/bypass/8192/iteration:47/repetition:10			2.7117 ms
ProcessBlock/GuitarLSTM-libtorch-dynamic.onnx/bypass/8192/iteration:48/repetition:10			2.7115 ms
ProcessBlock/GuitarLSTM-libtorch-dynamic.onnx/bypass/8192/iteration:49/repetition:10			2.7149 ms
  Repetition 10/10: mean=2.7057 ms


Aggregate (500 total iterations):
  ProcessBlock/GuitarLSTM-libtorch-dynamic.onnx/bypass: mean=2.6895 ms, min=2.5867 ms, max=2.7786 ms, p99.9=2.7662 ms

----------------------------------------------------------------------------------------------------------------------------------------

----------------------------------------------------------------------------------------------------------------------------------------
Model: GuitarLSTM-libtorch-dynamic.onnx | Run: onnx | Host Sample Rate: 44100 Hz | Host Buffer Size: 8192 = 185.7596 ms
----------------------------------------------------------------------------------------------------------------------------------------

Benchmark: 10 repetitions x 50 iterations

[INFO] Anira version: 0.0.0-unknown
[WARNING] Session 110 requested more parallel processors than threads are available in Context. Using number of threads as number of parallel processors.
ProcessBlock/GuitarLSTM-libtorch-dynamic.onnx/onnx/8192/iteration:0/repetition:1			27.4101 ms
ProcessBlock/GuitarLSTM-libtorch-dynamic.onnx/onnx/8192/iteration:1/repetition:1			26.7706 ms
ProcessBlock/GuitarLSTM-libtorch-dynamic.onnx/onnx/8192/iteration:2/repetition:1			26.1947 ms
ProcessBlock/GuitarLSTM-libtorch-dynamic.onnx/onnx/8192/iteration:3/repetition:1			26.3227 ms
ProcessBlock/GuitarLSTM-libtorch-dynamic.onnx/onnx/8192/iteration:4/repetition:1			26.3240 ms
ProcessBlock/GuitarLSTM-libtorch-dynamic.onnx/onnx/8192/iteration:5/repetition:1			26.4368 ms
ProcessBlock/GuitarLSTM-libtorch-dynamic.onnx/onnx/8192/iteration:6/repetition:1			26.1431 ms
ProcessBlock/GuitarLSTM-libtorch-dynamic.onnx/onnx/8192/iteration:7/repetition:1			26.1840 ms
ProcessBlock/GuitarLSTM-libtorch-dynamic.onnx/onnx/8192/iteration:8/repetition:1			26.3000 ms
ProcessBlock/GuitarLSTM-libtorch-dynamic.onnx/onnx/8192/iteration:9/repetition:1			26.3589 ms
ProcessBlock/GuitarLSTM-libtorch-dynamic.onnx/onnx/8192/iteration:10/repetition:1			26.3085 ms
ProcessBlock/GuitarLSTM-libtorch-dynamic.onnx/onnx/8192/iteration:11/repetition:1			26.2946 ms
ProcessBlock/GuitarLSTM-libtorch-dynamic.onnx/onnx/8192/iteration:12/repetition:1			26.1513 ms
ProcessBlock/GuitarLSTM-libtorch-dynamic.onnx/onnx/8192/iteration:13/repetition:1			26.1683 ms
ProcessBlock/GuitarLSTM-libtorch-dynamic.onnx/onnx/8192/iteration:14/repetition:1			26.3578 ms
ProcessBlock/GuitarLSTM-libtorch-dynamic.onnx/onnx/8192/iteration:15/repetition:1			26.4329 ms
ProcessBlock/GuitarLSTM-libtorch-dynamic.onnx/onnx/8192/iteration:16/repetition:1			26.3814 ms
ProcessBlock/GuitarLSTM-libtorch-dynamic.onnx/onnx/8192/iteration:17/repetition:1			26.2201 ms
ProcessBlock/GuitarLSTM-libtorch-dynamic.onnx/onnx/8192/iteration:18/repetition:1			26.1952 ms
ProcessBlock/GuitarLSTM-libtorch-dynamic.onnx/onnx/8192/iteration:19/repetition:1			26.3425 ms
ProcessBlock/GuitarLSTM-libtorch-dynamic.onnx/onnx/8192/iteration:20/repetition:1			26.2737 ms
ProcessBlock/GuitarLSTM-libtorch-dynamic.onnx/onnx/8192/iteration:21/repetition:1			26.3670 ms
ProcessBlock/GuitarLSTM-libtorch-dynamic.onnx/onnx/8192/iteration:22/repetition:1			26.2050 ms
ProcessBlock/GuitarLSTM-libtorch-dynamic.onnx/onnx/8192/iteration:23/repetition:1			26.3695 ms
ProcessBlock/GuitarLSTM-libtorch-dynamic.onnx/onnx/8192/iteration:24/repetition:1			26.3481 ms
ProcessBlock/GuitarLSTM-libtorch-dynamic.onnx/onnx/8192/iteration:25/repetition:1			26.3616 ms
ProcessBlock/GuitarLSTM-libtorch-dynamic.onnx/onnx/8192/iteration:26/repetition:1			26.3267 ms
ProcessBlock/GuitarLSTM-libtorch-dynamic.onnx/onnx/8192/iteration:27/repetition:1			26.3708 ms
ProcessBlock/GuitarLSTM-libtorch-dynamic.onnx/onnx/8192/iteration:28/repetition:1			26.3693 ms
ProcessBlock/GuitarLSTM-libtorch-dynamic.onnx/onnx/8192/iteration:29/repetition:1			26.3583 ms
ProcessBlock/GuitarLSTM-libtorch-dynamic.onnx/onnx/8192/iteration:30/repetition:1			26.3397 ms
ProcessBlock/GuitarLSTM-libtorch-dynamic.onnx/onnx/8192/iteration:31/repetition:1			26.3510 ms
ProcessBlock/GuitarLSTM-libtorch-dynamic.onnx/onnx/8192/iteration:32/repetition:1			26.3656 ms
ProcessBlock/GuitarLSTM-libtorch-dynamic.onnx/onnx/8192/iteration:33/repetition:1			26.3416 ms
ProcessBlock/GuitarLSTM-libtorch-dynamic.onnx/onnx/8192/iteration:34/repetition:1			26.4317 ms
ProcessBlock/GuitarLSTM-libtorch-dynamic.onnx/onnx/8192/iteration:35/repetition:1			26.3760 ms
ProcessBlock/GuitarLSTM-libtorch-dynamic.onnx/onnx/8192/iteration:36/repetition:1			26.1878 ms
ProcessBlock/GuitarLSTM-libtorch-dynamic.onnx/onnx/8192/iteration:37/repetition:1			26.2280 ms
ProcessBlock/GuitarLSTM-libtorch-dynamic.onnx/onnx/8192/iteration:38/repetition:1			26.3788 ms
ProcessBlock/GuitarLSTM-libtorch-dynamic.onnx/onnx/8192/iteration:39/repetition:1			26.2166 ms
ProcessBlock/GuitarLSTM-libtorch-dynamic.onnx/onnx/8192/iteration:40/repetition:1			26.2525 ms
ProcessBlock/GuitarLSTM-libtorch-dynamic.onnx/onnx/8192/iteration:41/repetition:1			26.3499 ms
ProcessBlock/GuitarLSTM-libtorch-dynamic.onnx/onnx/8192/iteration:42/repetition:1			26.3737 ms
ProcessBlock/GuitarLSTM-libtorch-dynamic.onnx/onnx/8192/iteration:43/repetition:1			26.4837 ms
ProcessBlock/GuitarLSTM-libtorch-dynamic.onnx/onnx/8192/iteration:44/repetition:1			26.3505 ms
ProcessBlock/GuitarLSTM-libtorch-dynamic.onnx/onnx/8192/iteration:45/repetition:1			26.2905 ms
ProcessBlock/GuitarLSTM-libtorch-dynamic.onnx/onnx/8192/iteration:46/repetition:1			26.4571 ms
ProcessBlock/GuitarLSTM-libtorch-dynamic.onnx/onnx/8192/iteration:47/repetition:1			26.3697 ms
ProcessBlock/GuitarLSTM-libtorch-dynamic.onnx/onnx/8192/iteration:48/repetition:1			26.3921 ms
ProcessBlock/GuitarLSTM-libtorch-dynamic.onnx/onnx/8192/iteration:49/repetition:1			26.3452 ms
  Repetition 1/10: mean=26.3506 ms

[INFO] Anira version: 0.0.0-unknown
[WARNING] Session 111 requested more parallel processors than threads are available in Context. Using number of threads as number of parallel processors.
ProcessBlock/GuitarLSTM-libtorch-dynamic.onnx/onnx/8192/iteration:0/repetition:2			26.5333 ms
ProcessBlock/GuitarLSTM-libtorch-dynamic.onnx/onnx/8192/iteration:1/repetition:2			26.3702 ms
ProcessBlock/GuitarLSTM-libtorch-dynamic.onnx/onnx/8192/iteration:2/repetition:2			26.1980 ms
ProcessBlock/GuitarLSTM-libtorch-dynamic.onnx/onnx/8192/iteration:3/repetition:2			26.3045 ms
ProcessBlock/GuitarLSTM-libtorch-dynamic.onnx/onnx/8192/iteration:4/repetition:2			26.1629 ms
ProcessBlock/GuitarLSTM-libtorch-dynamic.onnx/onnx/8192/iteration:5/repetition:2			26.3075 ms
ProcessBlock/GuitarLSTM-libtorch-dynamic.onnx/onnx/8192/iteration:6/repetition:2			26.3005 ms
ProcessBlock/GuitarLSTM-libtorch-dynamic.onnx/onnx/8192/iteration:7/repetition:2			26.1467 ms
ProcessBlock/GuitarLSTM-libtorch-dynamic.onnx/onnx/8192/iteration:8/repetition:2			26.3202 ms
ProcessBlock/GuitarLSTM-libtorch-dynamic.onnx/onnx/8192/iteration:9/repetition:2			26.1923 ms
ProcessBlock/GuitarLSTM-libtorch-dynamic.onnx/onnx/8192/iteration:10/repetition:2			26.2006 ms
ProcessBlock/GuitarLSTM-libtorch-dynamic.onnx/onnx/8192/iteration:11/repetition:2			26.2119 ms
ProcessBlock/GuitarLSTM-libtorch-dynamic.onnx/onnx/8192/iteration:12/repetition:2			26.2631 ms
ProcessBlock/GuitarLSTM-libtorch-dynamic.onnx/onnx/8192/iteration:13/repetition:2			26.1913 ms
ProcessBlock/GuitarLSTM-libtorch-dynamic.onnx/onnx/8192/iteration:14/repetition:2			26.3163 ms
ProcessBlock/GuitarLSTM-libtorch-dynamic.onnx/onnx/8192/iteration:15/repetition:2			26.3204 ms
ProcessBlock/GuitarLSTM-libtorch-dynamic.onnx/onnx/8192/iteration:16/repetition:2			26.2886 ms
ProcessBlock/GuitarLSTM-libtorch-dynamic.onnx/onnx/8192/iteration:17/repetition:2			26.1701 ms
ProcessBlock/GuitarLSTM-libtorch-dynamic.onnx/onnx/8192/iteration:18/repetition:2			26.1805 ms
ProcessBlock/GuitarLSTM-libtorch-dynamic.onnx/onnx/8192/iteration:19/repetition:2			26.3247 ms
ProcessBlock/GuitarLSTM-libtorch-dynamic.onnx/onnx/8192/iteration:20/repetition:2			26.1790 ms
ProcessBlock/GuitarLSTM-libtorch-dynamic.onnx/onnx/8192/iteration:21/repetition:2			26.2868 ms
ProcessBlock/GuitarLSTM-libtorch-dynamic.onnx/onnx/8192/iteration:22/repetition:2			26.2990 ms
ProcessBlock/GuitarLSTM-libtorch-dynamic.onnx/onnx/8192/iteration:23/repetition:2			26.2620 ms
ProcessBlock/GuitarLSTM-libtorch-dynamic.onnx/onnx/8192/iteration:24/repetition:2			26.2490 ms
ProcessBlock/GuitarLSTM-libtorch-dynamic.onnx/onnx/8192/iteration:25/repetition:2			26.1535 ms
ProcessBlock/GuitarLSTM-libtorch-dynamic.onnx/onnx/8192/iteration:26/repetition:2			26.2704 ms
ProcessBlock/GuitarLSTM-libtorch-dynamic.onnx/onnx/8192/iteration:27/repetition:2			26.2953 ms
ProcessBlock/GuitarLSTM-libtorch-dynamic.onnx/onnx/8192/iteration:28/repetition:2			26.1856 ms
ProcessBlock/GuitarLSTM-libtorch-dynamic.onnx/onnx/8192/iteration:29/repetition:2			26.2789 ms
ProcessBlock/GuitarLSTM-libtorch-dynamic.onnx/onnx/8192/iteration:30/repetition:2			26.2731 ms
ProcessBlock/GuitarLSTM-libtorch-dynamic.onnx/onnx/8192/iteration:31/repetition:2			26.2538 ms
ProcessBlock/GuitarLSTM-libtorch-dynamic.onnx/onnx/8192/iteration:32/repetition:2			26.3115 ms
ProcessBlock/GuitarLSTM-libtorch-dynamic.onnx/onnx/8192/iteration:33/repetition:2			26.2353 ms
ProcessBlock/GuitarLSTM-libtorch-dynamic.onnx/onnx/8192/iteration:34/repetition:2			26.3077 ms
ProcessBlock/GuitarLSTM-libtorch-dynamic.onnx/onnx/8192/iteration:35/repetition:2			26.4002 ms
ProcessBlock/GuitarLSTM-libtorch-dynamic.onnx/onnx/8192/iteration:36/repetition:2			26.3171 ms
ProcessBlock/GuitarLSTM-libtorch-dynamic.onnx/onnx/8192/iteration:37/repetition:2			26.2999 ms
ProcessBlock/GuitarLSTM-libtorch-dynamic.onnx/onnx/8192/iteration:38/repetition:2			26.3229 ms
ProcessBlock/GuitarLSTM-libtorch-dynamic.onnx/onnx/8192/iteration:39/repetition:2			26.3248 ms
ProcessBlock/GuitarLSTM-libtorch-dynamic.onnx/onnx/8192/iteration:40/repetition:2			26.3605 ms
ProcessBlock/GuitarLSTM-libtorch-dynamic.onnx/onnx/8192/iteration:41/repetition:2			26.3521 ms
ProcessBlock/GuitarLSTM-libtorch-dynamic.onnx/onnx/8192/iteration:42/repetition:2			26.3337 ms
ProcessBlock/GuitarLSTM-libtorch-dynamic.onnx/onnx/8192/iteration:43/repetition:2			26.3098 ms
ProcessBlock/GuitarLSTM-libtorch-dynamic.onnx/onnx/8192/iteration:44/repetition:2			26.3328 ms
ProcessBlock/GuitarLSTM-libtorch-dynamic.onnx/onnx/8192/iteration:45/repetition:2			26.2793 ms
ProcessBlock/GuitarLSTM-libtorch-dynamic.onnx/onnx/8192/iteration:46/repetition:2			26.3510 ms
ProcessBlock/GuitarLSTM-libtorch-dynamic.onnx/onnx/8192/iteration:47/repetition:2			26.3170 ms
ProcessBlock/GuitarLSTM-libtorch-dynamic.onnx/onnx/8192/iteration:48/repetition:2			26.3012 ms
ProcessBlock/GuitarLSTM-libtorch-dynamic.onnx/onnx/8192/iteration:49/repetition:2			26.3151 ms
  Repetition 2/10: mean=26.2812 ms

[INFO] Anira version: 0.0.0-unknown
[WARNING] Session 112 requested more parallel processors than threads are available in Context. Using number of threads as number of parallel processors.
ProcessBlock/GuitarLSTM-libtorch-dynamic.onnx/onnx/8192/iteration:0/repetition:3			26.4868 ms
ProcessBlock/GuitarLSTM-libtorch-dynamic.onnx/onnx/8192/iteration:1/repetition:3			26.2689 ms
ProcessBlock/GuitarLSTM-libtorch-dynamic.onnx/onnx/8192/iteration:2/repetition:3			26.2015 ms
ProcessBlock/GuitarLSTM-libtorch-dynamic.onnx/onnx/8192/iteration:3/repetition:3			26.1999 ms
ProcessBlock/GuitarLSTM-libtorch-dynamic.onnx/onnx/8192/iteration:4/repetition:3			26.1447 ms
ProcessBlock/GuitarLSTM-libtorch-dynamic.onnx/onnx/8192/iteration:5/repetition:3			26.3787 ms
ProcessBlock/GuitarLSTM-libtorch-dynamic.onnx/onnx/8192/iteration:6/repetition:3			26.2669 ms
ProcessBlock/GuitarLSTM-libtorch-dynamic.onnx/onnx/8192/iteration:7/repetition:3			26.3490 ms
ProcessBlock/GuitarLSTM-libtorch-dynamic.onnx/onnx/8192/iteration:8/repetition:3			26.2478 ms
ProcessBlock/GuitarLSTM-libtorch-dynamic.onnx/onnx/8192/iteration:9/repetition:3			26.2195 ms
ProcessBlock/GuitarLSTM-libtorch-dynamic.onnx/onnx/8192/iteration:10/repetition:3			26.3369 ms
ProcessBlock/GuitarLSTM-libtorch-dynamic.onnx/onnx/8192/iteration:11/repetition:3			26.2109 ms
ProcessBlock/GuitarLSTM-libtorch-dynamic.onnx/onnx/8192/iteration:12/repetition:3			26.2170 ms
ProcessBlock/GuitarLSTM-libtorch-dynamic.onnx/onnx/8192/iteration:13/repetition:3			26.2385 ms
ProcessBlock/GuitarLSTM-libtorch-dynamic.onnx/onnx/8192/iteration:14/repetition:3			26.2365 ms
ProcessBlock/GuitarLSTM-libtorch-dynamic.onnx/onnx/8192/iteration:15/repetition:3			26.3199 ms
ProcessBlock/GuitarLSTM-libtorch-dynamic.onnx/onnx/8192/iteration:16/repetition:3			26.1814 ms
ProcessBlock/GuitarLSTM-libtorch-dynamic.onnx/onnx/8192/iteration:17/repetition:3			26.2273 ms
ProcessBlock/GuitarLSTM-libtorch-dynamic.onnx/onnx/8192/iteration:18/repetition:3			26.2300 ms
ProcessBlock/GuitarLSTM-libtorch-dynamic.onnx/onnx/8192/iteration:19/repetition:3			26.2515 ms
ProcessBlock/GuitarLSTM-libtorch-dynamic.onnx/onnx/8192/iteration:20/repetition:3			26.2496 ms
ProcessBlock/GuitarLSTM-libtorch-dynamic.onnx/onnx/8192/iteration:21/repetition:3			26.2211 ms
ProcessBlock/GuitarLSTM-libtorch-dynamic.onnx/onnx/8192/iteration:22/repetition:3			26.2604 ms
ProcessBlock/GuitarLSTM-libtorch-dynamic.onnx/onnx/8192/iteration:23/repetition:3			26.2380 ms
ProcessBlock/GuitarLSTM-libtorch-dynamic.onnx/onnx/8192/iteration:24/repetition:3			26.2540 ms
ProcessBlock/GuitarLSTM-libtorch-dynamic.onnx/onnx/8192/iteration:25/repetition:3			26.3432 ms
ProcessBlock/GuitarLSTM-libtorch-dynamic.onnx/onnx/8192/iteration:26/repetition:3			26.2341 ms
ProcessBlock/GuitarLSTM-libtorch-dynamic.onnx/onnx/8192/iteration:27/repetition:3			26.2245 ms
ProcessBlock/GuitarLSTM-libtorch-dynamic.onnx/onnx/8192/iteration:28/repetition:3			26.2469 ms
ProcessBlock/GuitarLSTM-libtorch-dynamic.onnx/onnx/8192/iteration:29/repetition:3			26.2461 ms
ProcessBlock/GuitarLSTM-libtorch-dynamic.onnx/onnx/8192/iteration:30/repetition:3			26.3535 ms
ProcessBlock/GuitarLSTM-libtorch-dynamic.onnx/onnx/8192/iteration:31/repetition:3			26.1642 ms
ProcessBlock/GuitarLSTM-libtorch-dynamic.onnx/onnx/8192/iteration:32/repetition:3			26.2053 ms
ProcessBlock/GuitarLSTM-libtorch-dynamic.onnx/onnx/8192/iteration:33/repetition:3			26.1883 ms
ProcessBlock/GuitarLSTM-libtorch-dynamic.onnx/onnx/8192/iteration:34/repetition:3			26.2267 ms
ProcessBlock/GuitarLSTM-libtorch-dynamic.onnx/onnx/8192/iteration:35/repetition:3			26.2737 ms
ProcessBlock/GuitarLSTM-libtorch-dynamic.onnx/onnx/8192/iteration:36/repetition:3			26.2513 ms
ProcessBlock/GuitarLSTM-libtorch-dynamic.onnx/onnx/8192/iteration:37/repetition:3			26.2610 ms
ProcessBlock/GuitarLSTM-libtorch-dynamic.onnx/onnx/8192/iteration:38/repetition:3			26.2503 ms
ProcessBlock/GuitarLSTM-libtorch-dynamic.onnx/onnx/8192/iteration:39/repetition:3			26.2711 ms
ProcessBlock/GuitarLSTM-libtorch-dynamic.onnx/onnx/8192/iteration:40/repetition:3			26.2304 ms
ProcessBlock/GuitarLSTM-libtorch-dynamic.onnx/onnx/8192/iteration:41/repetition:3			26.1749 ms
ProcessBlock/GuitarLSTM-libtorch-dynamic.onnx/onnx/8192/iteration:42/repetition:3			26.1852 ms
ProcessBlock/GuitarLSTM-libtorch-dynamic.onnx/onnx/8192/iteration:43/repetition:3			26.1938 ms
ProcessBlock/GuitarLSTM-libtorch-dynamic.onnx/onnx/8192/iteration:44/repetition:3			26.3310 ms
ProcessBlock/GuitarLSTM-libtorch-dynamic.onnx/onnx/8192/iteration:45/repetition:3			26.2440 ms
ProcessBlock/GuitarLSTM-libtorch-dynamic.onnx/onnx/8192/iteration:46/repetition:3			26.2082 ms
ProcessBlock/GuitarLSTM-libtorch-dynamic.onnx/onnx/8192/iteration:47/repetition:3			26.2498 ms
ProcessBlock/GuitarLSTM-libtorch-dynamic.onnx/onnx/8192/iteration:48/repetition:3			26.3334 ms
ProcessBlock/GuitarLSTM-libtorch-dynamic.onnx/onnx/8192/iteration:49/repetition:3			26.2469 ms
  Repetition 3/10: mean=26.2515 ms

[INFO] Anira version: 0.0.0-unknown
[WARNING] Session 113 requested more parallel processors than threads are available in Context. Using number of threads as number of parallel processors.
ProcessBlock/GuitarLSTM-libtorch-dynamic.onnx/onnx/8192/iteration:0/repetition:4			26.5694 ms
ProcessBlock/GuitarLSTM-libtorch-dynamic.onnx/onnx/8192/iteration:1/repetition:4			26.3349 ms
ProcessBlock/GuitarLSTM-libtorch-dynamic.onnx/onnx/8192/iteration:2/repetition:4			26.3104 ms
ProcessBlock/GuitarLSTM-libtorch-dynamic.onnx/onnx/8192/iteration:3/repetition:4			26.2163 ms
ProcessBlock/GuitarLSTM-libtorch-dynamic.onnx/onnx/8192/iteration:4/repetition:4			26.3223 ms
ProcessBlock/GuitarLSTM-libtorch-dynamic.onnx/onnx/8192/iteration:5/repetition:4			26.3035 ms
ProcessBlock/GuitarLSTM-libtorch-dynamic.onnx/onnx/8192/iteration:6/repetition:4			26.2762 ms
ProcessBlock/GuitarLSTM-libtorch-dynamic.onnx/onnx/8192/iteration:7/repetition:4			26.3416 ms
ProcessBlock/GuitarLSTM-libtorch-dynamic.onnx/onnx/8192/iteration:8/repetition:4			26.2056 ms
ProcessBlock/GuitarLSTM-libtorch-dynamic.onnx/onnx/8192/iteration:9/repetition:4			26.2269 ms
ProcessBlock/GuitarLSTM-libtorch-dynamic.onnx/onnx/8192/iteration:10/repetition:4			26.3365 ms
ProcessBlock/GuitarLSTM-libtorch-dynamic.onnx/onnx/8192/iteration:11/repetition:4			26.3306 ms
ProcessBlock/GuitarLSTM-libtorch-dynamic.onnx/onnx/8192/iteration:12/repetition:4			26.3209 ms
ProcessBlock/GuitarLSTM-libtorch-dynamic.onnx/onnx/8192/iteration:13/repetition:4			26.2081 ms
ProcessBlock/GuitarLSTM-libtorch-dynamic.onnx/onnx/8192/iteration:14/repetition:4			26.1432 ms
ProcessBlock/GuitarLSTM-libtorch-dynamic.onnx/onnx/8192/iteration:15/repetition:4			26.2801 ms
ProcessBlock/GuitarLSTM-libtorch-dynamic.onnx/onnx/8192/iteration:16/repetition:4			26.3624 ms
ProcessBlock/GuitarLSTM-libtorch-dynamic.onnx/onnx/8192/iteration:17/repetition:4			26.1628 ms
ProcessBlock/GuitarLSTM-libtorch-dynamic.onnx/onnx/8192/iteration:18/repetition:4			26.1443 ms
ProcessBlock/GuitarLSTM-libtorch-dynamic.onnx/onnx/8192/iteration:19/repetition:4			26.3330 ms
ProcessBlock/GuitarLSTM-libtorch-dynamic.onnx/onnx/8192/iteration:20/repetition:4			26.3385 ms
ProcessBlock/GuitarLSTM-libtorch-dynamic.onnx/onnx/8192/iteration:21/repetition:4			26.2854 ms
ProcessBlock/GuitarLSTM-libtorch-dynamic.onnx/onnx/8192/iteration:22/repetition:4			26.3348 ms
ProcessBlock/GuitarLSTM-libtorch-dynamic.onnx/onnx/8192/iteration:23/repetition:4			26.2985 ms
ProcessBlock/GuitarLSTM-libtorch-dynamic.onnx/onnx/8192/iteration:24/repetition:4			26.3436 ms
ProcessBlock/GuitarLSTM-libtorch-dynamic.onnx/onnx/8192/iteration:25/repetition:4			26.3218 ms
ProcessBlock/GuitarLSTM-libtorch-dynamic.onnx/onnx/8192/iteration:26/repetition:4			26.3335 ms
ProcessBlock/GuitarLSTM-libtorch-dynamic.onnx/onnx/8192/iteration:27/repetition:4			26.3343 ms
ProcessBlock/GuitarLSTM-libtorch-dynamic.onnx/onnx/8192/iteration:28/repetition:4			26.3289 ms
ProcessBlock/GuitarLSTM-libtorch-dynamic.onnx/onnx/8192/iteration:29/repetition:4			26.2352 ms
ProcessBlock/GuitarLSTM-libtorch-dynamic.onnx/onnx/8192/iteration:30/repetition:4			26.3005 ms
ProcessBlock/GuitarLSTM-libtorch-dynamic.onnx/onnx/8192/iteration:31/repetition:4			26.3168 ms
ProcessBlock/GuitarLSTM-libtorch-dynamic.onnx/onnx/8192/iteration:32/repetition:4			26.3517 ms
ProcessBlock/GuitarLSTM-libtorch-dynamic.onnx/onnx/8192/iteration:33/repetition:4			26.2003 ms
ProcessBlock/GuitarLSTM-libtorch-dynamic.onnx/onnx/8192/iteration:34/repetition:4			26.3362 ms
ProcessBlock/GuitarLSTM-libtorch-dynamic.onnx/onnx/8192/iteration:35/repetition:4			26.3113 ms
ProcessBlock/GuitarLSTM-libtorch-dynamic.onnx/onnx/8192/iteration:36/repetition:4			26.3498 ms
ProcessBlock/GuitarLSTM-libtorch-dynamic.onnx/onnx/8192/iteration:37/repetition:4			26.3511 ms
ProcessBlock/GuitarLSTM-libtorch-dynamic.onnx/onnx/8192/iteration:38/repetition:4			26.3275 ms
ProcessBlock/GuitarLSTM-libtorch-dynamic.onnx/onnx/8192/iteration:39/repetition:4			26.3529 ms
ProcessBlock/GuitarLSTM-libtorch-dynamic.onnx/onnx/8192/iteration:40/repetition:4			26.2132 ms
ProcessBlock/GuitarLSTM-libtorch-dynamic.onnx/onnx/8192/iteration:41/repetition:4			26.3235 ms
ProcessBlock/GuitarLSTM-libtorch-dynamic.onnx/onnx/8192/iteration:42/repetition:4			26.3388 ms
ProcessBlock/GuitarLSTM-libtorch-dynamic.onnx/onnx/8192/iteration:43/repetition:4			26.3306 ms
ProcessBlock/GuitarLSTM-libtorch-dynamic.onnx/onnx/8192/iteration:44/repetition:4			26.3463 ms
ProcessBlock/GuitarLSTM-libtorch-dynamic.onnx/onnx/8192/iteration:45/repetition:4			26.3181 ms
ProcessBlock/GuitarLSTM-libtorch-dynamic.onnx/onnx/8192/iteration:46/repetition:4			26.3394 ms
ProcessBlock/GuitarLSTM-libtorch-dynamic.onnx/onnx/8192/iteration:47/repetition:4			26.1909 ms
ProcessBlock/GuitarLSTM-libtorch-dynamic.onnx/onnx/8192/iteration:48/repetition:4			26.3285 ms
ProcessBlock/GuitarLSTM-libtorch-dynamic.onnx/onnx/8192/iteration:49/repetition:4			26.3419 ms
  Repetition 4/10: mean=26.3031 ms

[INFO] Anira version: 0.0.0-unknown
[WARNING] Session 114 requested more parallel processors than threads are available in Context. Using number of threads as number of parallel processors.
ProcessBlock/GuitarLSTM-libtorch-dynamic.onnx/onnx/8192/iteration:0/repetition:5			26.5247 ms
ProcessBlock/GuitarLSTM-libtorch-dynamic.onnx/onnx/8192/iteration:1/repetition:5			26.3120 ms
ProcessBlock/GuitarLSTM-libtorch-dynamic.onnx/onnx/8192/iteration:2/repetition:5			26.2843 ms
ProcessBlock/GuitarLSTM-libtorch-dynamic.onnx/onnx/8192/iteration:3/repetition:5			26.2712 ms
ProcessBlock/GuitarLSTM-libtorch-dynamic.onnx/onnx/8192/iteration:4/repetition:5			26.3019 ms
ProcessBlock/GuitarLSTM-libtorch-dynamic.onnx/onnx/8192/iteration:5/repetition:5			26.4021 ms
ProcessBlock/GuitarLSTM-libtorch-dynamic.onnx/onnx/8192/iteration:6/repetition:5			26.2524 ms
ProcessBlock/GuitarLSTM-libtorch-dynamic.onnx/onnx/8192/iteration:7/repetition:5			26.4111 ms
ProcessBlock/GuitarLSTM-libtorch-dynamic.onnx/onnx/8192/iteration:8/repetition:5			26.2422 ms
ProcessBlock/GuitarLSTM-libtorch-dynamic.onnx/onnx/8192/iteration:9/repetition:5			26.4189 ms
ProcessBlock/GuitarLSTM-libtorch-dynamic.onnx/onnx/8192/iteration:10/repetition:5			26.3590 ms
ProcessBlock/GuitarLSTM-libtorch-dynamic.onnx/onnx/8192/iteration:11/repetition:5			26.3755 ms
ProcessBlock/GuitarLSTM-libtorch-dynamic.onnx/onnx/8192/iteration:12/repetition:5			26.3996 ms
ProcessBlock/GuitarLSTM-libtorch-dynamic.onnx/onnx/8192/iteration:13/repetition:5			26.4013 ms
ProcessBlock/GuitarLSTM-libtorch-dynamic.onnx/onnx/8192/iteration:14/repetition:5			26.3782 ms
ProcessBlock/GuitarLSTM-libtorch-dynamic.onnx/onnx/8192/iteration:15/repetition:5			26.3856 ms
ProcessBlock/GuitarLSTM-libtorch-dynamic.onnx/onnx/8192/iteration:16/repetition:5			26.2150 ms
ProcessBlock/GuitarLSTM-libtorch-dynamic.onnx/onnx/8192/iteration:17/repetition:5			26.2867 ms
ProcessBlock/GuitarLSTM-libtorch-dynamic.onnx/onnx/8192/iteration:18/repetition:5			26.2555 ms
ProcessBlock/GuitarLSTM-libtorch-dynamic.onnx/onnx/8192/iteration:19/repetition:5			26.4355 ms
ProcessBlock/GuitarLSTM-libtorch-dynamic.onnx/onnx/8192/iteration:20/repetition:5			26.3814 ms
ProcessBlock/GuitarLSTM-libtorch-dynamic.onnx/onnx/8192/iteration:21/repetition:5			26.2828 ms
ProcessBlock/GuitarLSTM-libtorch-dynamic.onnx/onnx/8192/iteration:22/repetition:5			26.2228 ms
ProcessBlock/GuitarLSTM-libtorch-dynamic.onnx/onnx/8192/iteration:23/repetition:5			26.5650 ms
ProcessBlock/GuitarLSTM-libtorch-dynamic.onnx/onnx/8192/iteration:24/repetition:5			26.2563 ms
ProcessBlock/GuitarLSTM-libtorch-dynamic.onnx/onnx/8192/iteration:25/repetition:5			26.1827 ms
ProcessBlock/GuitarLSTM-libtorch-dynamic.onnx/onnx/8192/iteration:26/repetition:5			26.3106 ms
ProcessBlock/GuitarLSTM-libtorch-dynamic.onnx/onnx/8192/iteration:27/repetition:5			26.3080 ms
ProcessBlock/GuitarLSTM-libtorch-dynamic.onnx/onnx/8192/iteration:28/repetition:5			26.3756 ms
ProcessBlock/GuitarLSTM-libtorch-dynamic.onnx/onnx/8192/iteration:29/repetition:5			26.2665 ms
ProcessBlock/GuitarLSTM-libtorch-dynamic.onnx/onnx/8192/iteration:30/repetition:5			26.2473 ms
ProcessBlock/GuitarLSTM-libtorch-dynamic.onnx/onnx/8192/iteration:31/repetition:5			26.3591 ms
ProcessBlock/GuitarLSTM-libtorch-dynamic.onnx/onnx/8192/iteration:32/repetition:5			26.3893 ms
ProcessBlock/GuitarLSTM-libtorch-dynamic.onnx/onnx/8192/iteration:33/repetition:5			26.3471 ms
ProcessBlock/GuitarLSTM-libtorch-dynamic.onnx/onnx/8192/iteration:34/repetition:5			26.3780 ms
ProcessBlock/GuitarLSTM-libtorch-dynamic.onnx/onnx/8192/iteration:35/repetition:5			26.3815 ms
ProcessBlock/GuitarLSTM-libtorch-dynamic.onnx/onnx/8192/iteration:36/repetition:5			26.3776 ms
ProcessBlock/GuitarLSTM-libtorch-dynamic.onnx/onnx/8192/iteration:37/repetition:5			26.4051 ms
ProcessBlock/GuitarLSTM-libtorch-dynamic.onnx/onnx/8192/iteration:38/repetition:5			26.3650 ms
ProcessBlock/GuitarLSTM-libtorch-dynamic.onnx/onnx/8192/iteration:39/repetition:5			26.4385 ms
ProcessBlock/GuitarLSTM-libtorch-dynamic.onnx/onnx/8192/iteration:40/repetition:5			26.3944 ms
ProcessBlock/GuitarLSTM-libtorch-dynamic.onnx/onnx/8192/iteration:41/repetition:5			26.4025 ms
ProcessBlock/GuitarLSTM-libtorch-dynamic.onnx/onnx/8192/iteration:42/repetition:5			26.5164 ms
ProcessBlock/GuitarLSTM-libtorch-dynamic.onnx/onnx/8192/iteration:43/repetition:5			26.2311 ms
ProcessBlock/GuitarLSTM-libtorch-dynamic.onnx/onnx/8192/iteration:44/repetition:5			26.3337 ms
ProcessBlock/GuitarLSTM-libtorch-dynamic.onnx/onnx/8192/iteration:45/repetition:5			26.4410 ms
ProcessBlock/GuitarLSTM-libtorch-dynamic.onnx/onnx/8192/iteration:46/repetition:5			26.2407 ms
ProcessBlock/GuitarLSTM-libtorch-dynamic.onnx/onnx/8192/iteration:47/repetition:5			26.4170 ms
ProcessBlock/GuitarLSTM-libtorch-dynamic.onnx/onnx/8192/iteration:48/repetition:5			26.2923 ms
ProcessBlock/GuitarLSTM-libtorch-dynamic.onnx/onnx/8192/iteration:49/repetition:5			26.4303 ms
  Repetition 5/10: mean=26.3491 ms

[INFO] Anira version: 0.0.0-unknown
[WARNING] Session 115 requested more parallel processors than threads are available in Context. Using number of threads as number of parallel processors.
ProcessBlock/GuitarLSTM-libtorch-dynamic.onnx/onnx/8192/iteration:0/repetition:6			26.4614 ms
ProcessBlock/GuitarLSTM-libtorch-dynamic.onnx/onnx/8192/iteration:1/repetition:6			26.3605 ms
ProcessBlock/GuitarLSTM-libtorch-dynamic.onnx/onnx/8192/iteration:2/repetition:6			26.2825 ms
ProcessBlock/GuitarLSTM-libtorch-dynamic.onnx/onnx/8192/iteration:3/repetition:6			26.2371 ms
ProcessBlock/GuitarLSTM-libtorch-dynamic.onnx/onnx/8192/iteration:4/repetition:6			26.2556 ms
ProcessBlock/GuitarLSTM-libtorch-dynamic.onnx/onnx/8192/iteration:5/repetition:6			26.2761 ms
ProcessBlock/GuitarLSTM-libtorch-dynamic.onnx/onnx/8192/iteration:6/repetition:6			26.2922 ms
ProcessBlock/GuitarLSTM-libtorch-dynamic.onnx/onnx/8192/iteration:7/repetition:6			26.1920 ms
ProcessBlock/GuitarLSTM-libtorch-dynamic.onnx/onnx/8192/iteration:8/repetition:6			26.2027 ms
ProcessBlock/GuitarLSTM-libtorch-dynamic.onnx/onnx/8192/iteration:9/repetition:6			26.2491 ms
ProcessBlock/GuitarLSTM-libtorch-dynamic.onnx/onnx/8192/iteration:10/repetition:6			26.2419 ms
ProcessBlock/GuitarLSTM-libtorch-dynamic.onnx/onnx/8192/iteration:11/repetition:6			26.3273 ms
ProcessBlock/GuitarLSTM-libtorch-dynamic.onnx/onnx/8192/iteration:12/repetition:6			26.2913 ms
ProcessBlock/GuitarLSTM-libtorch-dynamic.onnx/onnx/8192/iteration:13/repetition:6			26.2258 ms
ProcessBlock/GuitarLSTM-libtorch-dynamic.onnx/onnx/8192/iteration:14/repetition:6			26.2624 ms
ProcessBlock/GuitarLSTM-libtorch-dynamic.onnx/onnx/8192/iteration:15/repetition:6			26.2152 ms
ProcessBlock/GuitarLSTM-libtorch-dynamic.onnx/onnx/8192/iteration:16/repetition:6			26.2020 ms
ProcessBlock/GuitarLSTM-libtorch-dynamic.onnx/onnx/8192/iteration:17/repetition:6			26.3053 ms
ProcessBlock/GuitarLSTM-libtorch-dynamic.onnx/onnx/8192/iteration:18/repetition:6			26.2010 ms
ProcessBlock/GuitarLSTM-libtorch-dynamic.onnx/onnx/8192/iteration:19/repetition:6			26.3243 ms
ProcessBlock/GuitarLSTM-libtorch-dynamic.onnx/onnx/8192/iteration:20/repetition:6			26.2145 ms
ProcessBlock/GuitarLSTM-libtorch-dynamic.onnx/onnx/8192/iteration:21/repetition:6			26.1608 ms
ProcessBlock/GuitarLSTM-libtorch-dynamic.onnx/onnx/8192/iteration:22/repetition:6			26.4443 ms
ProcessBlock/GuitarLSTM-libtorch-dynamic.onnx/onnx/8192/iteration:23/repetition:6			26.2213 ms
ProcessBlock/GuitarLSTM-libtorch-dynamic.onnx/onnx/8192/iteration:24/repetition:6			26.2255 ms
ProcessBlock/GuitarLSTM-libtorch-dynamic.onnx/onnx/8192/iteration:25/repetition:6			26.2052 ms
ProcessBlock/GuitarLSTM-libtorch-dynamic.onnx/onnx/8192/iteration:26/repetition:6			26.2048 ms
ProcessBlock/GuitarLSTM-libtorch-dynamic.onnx/onnx/8192/iteration:27/repetition:6			26.3148 ms
ProcessBlock/GuitarLSTM-libtorch-dynamic.onnx/onnx/8192/iteration:28/repetition:6			26.2602 ms
ProcessBlock/GuitarLSTM-libtorch-dynamic.onnx/onnx/8192/iteration:29/repetition:6			26.2604 ms
ProcessBlock/GuitarLSTM-libtorch-dynamic.onnx/onnx/8192/iteration:30/repetition:6			26.2330 ms
ProcessBlock/GuitarLSTM-libtorch-dynamic.onnx/onnx/8192/iteration:31/repetition:6			26.2507 ms
ProcessBlock/GuitarLSTM-libtorch-dynamic.onnx/onnx/8192/iteration:32/repetition:6			26.3419 ms
ProcessBlock/GuitarLSTM-libtorch-dynamic.onnx/onnx/8192/iteration:33/repetition:6			26.2078 ms
ProcessBlock/GuitarLSTM-libtorch-dynamic.onnx/onnx/8192/iteration:34/repetition:6			26.2490 ms
ProcessBlock/GuitarLSTM-libtorch-dynamic.onnx/onnx/8192/iteration:35/repetition:6			26.2437 ms
ProcessBlock/GuitarLSTM-libtorch-dynamic.onnx/onnx/8192/iteration:36/repetition:6			26.2393 ms
ProcessBlock/GuitarLSTM-libtorch-dynamic.onnx/onnx/8192/iteration:37/repetition:6			26.4155 ms
ProcessBlock/GuitarLSTM-libtorch-dynamic.onnx/onnx/8192/iteration:38/repetition:6			26.3872 ms
ProcessBlock/GuitarLSTM-libtorch-dynamic.onnx/onnx/8192/iteration:39/repetition:6			26.3182 ms
ProcessBlock/GuitarLSTM-libtorch-dynamic.onnx/onnx/8192/iteration:40/repetition:6			26.2215 ms
ProcessBlock/GuitarLSTM-libtorch-dynamic.onnx/onnx/8192/iteration:41/repetition:6			26.2770 ms
ProcessBlock/GuitarLSTM-libtorch-dynamic.onnx/onnx/8192/iteration:42/repetition:6			26.3208 ms
ProcessBlock/GuitarLSTM-libtorch-dynamic.onnx/onnx/8192/iteration:43/repetition:6			26.3883 ms
ProcessBlock/GuitarLSTM-libtorch-dynamic.onnx/onnx/8192/iteration:44/repetition:6			26.3984 ms
ProcessBlock/GuitarLSTM-libtorch-dynamic.onnx/onnx/8192/iteration:45/repetition:6			26.2590 ms
ProcessBlock/GuitarLSTM-libtorch-dynamic.onnx/onnx/8192/iteration:46/repetition:6			26.1874 ms
ProcessBlock/GuitarLSTM-libtorch-dynamic.onnx/onnx/8192/iteration:47/repetition:6			26.2340 ms
ProcessBlock/GuitarLSTM-libtorch-dynamic.onnx/onnx/8192/iteration:48/repetition:6			26.2464 ms
ProcessBlock/GuitarLSTM-libtorch-dynamic.onnx/onnx/8192/iteration:49/repetition:6			26.2920 ms
  Repetition 6/10: mean=26.2726 ms

[INFO] Anira version: 0.0.0-unknown
[WARNING] Session 116 requested more parallel processors than threads are available in Context. Using number of threads as number of parallel processors.
ProcessBlock/GuitarLSTM-libtorch-dynamic.onnx/onnx/8192/iteration:0/repetition:7			26.4061 ms
ProcessBlock/GuitarLSTM-libtorch-dynamic.onnx/onnx/8192/iteration:1/repetition:7			26.2669 ms
ProcessBlock/GuitarLSTM-libtorch-dynamic.onnx/onnx/8192/iteration:2/repetition:7			26.1815 ms
ProcessBlock/GuitarLSTM-libtorch-dynamic.onnx/onnx/8192/iteration:3/repetition:7			26.1826 ms
ProcessBlock/GuitarLSTM-libtorch-dynamic.onnx/onnx/8192/iteration:4/repetition:7			26.1805 ms
ProcessBlock/GuitarLSTM-libtorch-dynamic.onnx/onnx/8192/iteration:5/repetition:7			26.1800 ms
ProcessBlock/GuitarLSTM-libtorch-dynamic.onnx/onnx/8192/iteration:6/repetition:7			26.2136 ms
ProcessBlock/GuitarLSTM-libtorch-dynamic.onnx/onnx/8192/iteration:7/repetition:7			26.1892 ms
ProcessBlock/GuitarLSTM-libtorch-dynamic.onnx/onnx/8192/iteration:8/repetition:7			26.2930 ms
ProcessBlock/GuitarLSTM-libtorch-dynamic.onnx/onnx/8192/iteration:9/repetition:7			26.3458 ms
ProcessBlock/GuitarLSTM-libtorch-dynamic.onnx/onnx/8192/iteration:10/repetition:7			26.3027 ms
ProcessBlock/GuitarLSTM-libtorch-dynamic.onnx/onnx/8192/iteration:11/repetition:7			26.2055 ms
ProcessBlock/GuitarLSTM-libtorch-dynamic.onnx/onnx/8192/iteration:12/repetition:7			26.3236 ms
ProcessBlock/GuitarLSTM-libtorch-dynamic.onnx/onnx/8192/iteration:13/repetition:7			26.3249 ms
ProcessBlock/GuitarLSTM-libtorch-dynamic.onnx/onnx/8192/iteration:14/repetition:7			26.1920 ms
ProcessBlock/GuitarLSTM-libtorch-dynamic.onnx/onnx/8192/iteration:15/repetition:7			26.2191 ms
ProcessBlock/GuitarLSTM-libtorch-dynamic.onnx/onnx/8192/iteration:16/repetition:7			26.2538 ms
ProcessBlock/GuitarLSTM-libtorch-dynamic.onnx/onnx/8192/iteration:17/repetition:7			26.3503 ms
ProcessBlock/GuitarLSTM-libtorch-dynamic.onnx/onnx/8192/iteration:18/repetition:7			26.2460 ms
ProcessBlock/GuitarLSTM-libtorch-dynamic.onnx/onnx/8192/iteration:19/repetition:7			26.4278 ms
ProcessBlock/GuitarLSTM-libtorch-dynamic.onnx/onnx/8192/iteration:20/repetition:7			26.2099 ms
ProcessBlock/GuitarLSTM-libtorch-dynamic.onnx/onnx/8192/iteration:21/repetition:7			26.2550 ms
ProcessBlock/GuitarLSTM-libtorch-dynamic.onnx/onnx/8192/iteration:22/repetition:7			26.3057 ms
ProcessBlock/GuitarLSTM-libtorch-dynamic.onnx/onnx/8192/iteration:23/repetition:7			26.3903 ms
ProcessBlock/GuitarLSTM-libtorch-dynamic.onnx/onnx/8192/iteration:24/repetition:7			26.3712 ms
ProcessBlock/GuitarLSTM-libtorch-dynamic.onnx/onnx/8192/iteration:25/repetition:7			26.3085 ms
ProcessBlock/GuitarLSTM-libtorch-dynamic.onnx/onnx/8192/iteration:26/repetition:7			26.2518 ms
ProcessBlock/GuitarLSTM-libtorch-dynamic.onnx/onnx/8192/iteration:27/repetition:7			26.3624 ms
ProcessBlock/GuitarLSTM-libtorch-dynamic.onnx/onnx/8192/iteration:28/repetition:7			26.3364 ms
ProcessBlock/GuitarLSTM-libtorch-dynamic.onnx/onnx/8192/iteration:29/repetition:7			26.2320 ms
ProcessBlock/GuitarLSTM-libtorch-dynamic.onnx/onnx/8192/iteration:30/repetition:7			26.2251 ms
ProcessBlock/GuitarLSTM-libtorch-dynamic.onnx/onnx/8192/iteration:31/repetition:7			26.2579 ms
ProcessBlock/GuitarLSTM-libtorch-dynamic.onnx/onnx/8192/iteration:32/repetition:7			26.3498 ms
ProcessBlock/GuitarLSTM-libtorch-dynamic.onnx/onnx/8192/iteration:33/repetition:7			26.3930 ms
ProcessBlock/GuitarLSTM-libtorch-dynamic.onnx/onnx/8192/iteration:34/repetition:7			26.3470 ms
ProcessBlock/GuitarLSTM-libtorch-dynamic.onnx/onnx/8192/iteration:35/repetition:7			26.3485 ms
ProcessBlock/GuitarLSTM-libtorch-dynamic.onnx/onnx/8192/iteration:36/repetition:7			26.2523 ms
ProcessBlock/GuitarLSTM-libtorch-dynamic.onnx/onnx/8192/iteration:37/repetition:7			26.3486 ms
ProcessBlock/GuitarLSTM-libtorch-dynamic.onnx/onnx/8192/iteration:38/repetition:7			26.3589 ms
ProcessBlock/GuitarLSTM-libtorch-dynamic.onnx/onnx/8192/iteration:39/repetition:7			26.2368 ms
ProcessBlock/GuitarLSTM-libtorch-dynamic.onnx/onnx/8192/iteration:40/repetition:7			26.3710 ms
ProcessBlock/GuitarLSTM-libtorch-dynamic.onnx/onnx/8192/iteration:41/repetition:7			26.2730 ms
ProcessBlock/GuitarLSTM-libtorch-dynamic.onnx/onnx/8192/iteration:42/repetition:7			26.3178 ms
ProcessBlock/GuitarLSTM-libtorch-dynamic.onnx/onnx/8192/iteration:43/repetition:7			26.3631 ms
ProcessBlock/GuitarLSTM-libtorch-dynamic.onnx/onnx/8192/iteration:44/repetition:7			26.4576 ms
ProcessBlock/GuitarLSTM-libtorch-dynamic.onnx/onnx/8192/iteration:45/repetition:7			26.2240 ms
ProcessBlock/GuitarLSTM-libtorch-dynamic.onnx/onnx/8192/iteration:46/repetition:7			26.2438 ms
ProcessBlock/GuitarLSTM-libtorch-dynamic.onnx/onnx/8192/iteration:47/repetition:7			26.3370 ms
ProcessBlock/GuitarLSTM-libtorch-dynamic.onnx/onnx/8192/iteration:48/repetition:7			26.3455 ms
ProcessBlock/GuitarLSTM-libtorch-dynamic.onnx/onnx/8192/iteration:49/repetition:7			26.2603 ms
  Repetition 7/10: mean=26.2924 ms

[INFO] Anira version: 0.0.0-unknown
[WARNING] Session 117 requested more parallel processors than threads are available in Context. Using number of threads as number of parallel processors.
ProcessBlock/GuitarLSTM-libtorch-dynamic.onnx/onnx/8192/iteration:0/repetition:8			26.6546 ms
ProcessBlock/GuitarLSTM-libtorch-dynamic.onnx/onnx/8192/iteration:1/repetition:8			26.4923 ms
ProcessBlock/GuitarLSTM-libtorch-dynamic.onnx/onnx/8192/iteration:2/repetition:8			26.3517 ms
ProcessBlock/GuitarLSTM-libtorch-dynamic.onnx/onnx/8192/iteration:3/repetition:8			26.2505 ms
ProcessBlock/GuitarLSTM-libtorch-dynamic.onnx/onnx/8192/iteration:4/repetition:8			26.2462 ms
ProcessBlock/GuitarLSTM-libtorch-dynamic.onnx/onnx/8192/iteration:5/repetition:8			26.2167 ms
ProcessBlock/GuitarLSTM-libtorch-dynamic.onnx/onnx/8192/iteration:6/repetition:8			26.2504 ms
ProcessBlock/GuitarLSTM-libtorch-dynamic.onnx/onnx/8192/iteration:7/repetition:8			26.2483 ms
ProcessBlock/GuitarLSTM-libtorch-dynamic.onnx/onnx/8192/iteration:8/repetition:8			26.2264 ms
ProcessBlock/GuitarLSTM-libtorch-dynamic.onnx/onnx/8192/iteration:9/repetition:8			26.2391 ms
ProcessBlock/GuitarLSTM-libtorch-dynamic.onnx/onnx/8192/iteration:10/repetition:8			26.2369 ms
ProcessBlock/GuitarLSTM-libtorch-dynamic.onnx/onnx/8192/iteration:11/repetition:8			26.2326 ms
ProcessBlock/GuitarLSTM-libtorch-dynamic.onnx/onnx/8192/iteration:12/repetition:8			26.2329 ms
ProcessBlock/GuitarLSTM-libtorch-dynamic.onnx/onnx/8192/iteration:13/repetition:8			26.2267 ms
ProcessBlock/GuitarLSTM-libtorch-dynamic.onnx/onnx/8192/iteration:14/repetition:8			26.2454 ms
ProcessBlock/GuitarLSTM-libtorch-dynamic.onnx/onnx/8192/iteration:15/repetition:8			26.2423 ms
ProcessBlock/GuitarLSTM-libtorch-dynamic.onnx/onnx/8192/iteration:16/repetition:8			26.2303 ms
ProcessBlock/GuitarLSTM-libtorch-dynamic.onnx/onnx/8192/iteration:17/repetition:8			26.3657 ms
ProcessBlock/GuitarLSTM-libtorch-dynamic.onnx/onnx/8192/iteration:18/repetition:8			26.2650 ms
ProcessBlock/GuitarLSTM-libtorch-dynamic.onnx/onnx/8192/iteration:19/repetition:8			26.4013 ms
ProcessBlock/GuitarLSTM-libtorch-dynamic.onnx/onnx/8192/iteration:20/repetition:8			26.2639 ms
ProcessBlock/GuitarLSTM-libtorch-dynamic.onnx/onnx/8192/iteration:21/repetition:8			26.2220 ms
ProcessBlock/GuitarLSTM-libtorch-dynamic.onnx/onnx/8192/iteration:22/repetition:8			26.1652 ms
ProcessBlock/GuitarLSTM-libtorch-dynamic.onnx/onnx/8192/iteration:23/repetition:8			26.3042 ms
ProcessBlock/GuitarLSTM-libtorch-dynamic.onnx/onnx/8192/iteration:24/repetition:8			26.2476 ms
ProcessBlock/GuitarLSTM-libtorch-dynamic.onnx/onnx/8192/iteration:25/repetition:8			26.2293 ms
ProcessBlock/GuitarLSTM-libtorch-dynamic.onnx/onnx/8192/iteration:26/repetition:8			26.2264 ms
ProcessBlock/GuitarLSTM-libtorch-dynamic.onnx/onnx/8192/iteration:27/repetition:8			26.2612 ms
ProcessBlock/GuitarLSTM-libtorch-dynamic.onnx/onnx/8192/iteration:28/repetition:8			26.1582 ms
ProcessBlock/GuitarLSTM-libtorch-dynamic.onnx/onnx/8192/iteration:29/repetition:8			26.2048 ms
ProcessBlock/GuitarLSTM-libtorch-dynamic.onnx/onnx/8192/iteration:30/repetition:8			26.1812 ms
ProcessBlock/GuitarLSTM-libtorch-dynamic.onnx/onnx/8192/iteration:31/repetition:8			26.1922 ms
ProcessBlock/GuitarLSTM-libtorch-dynamic.onnx/onnx/8192/iteration:32/repetition:8			26.1790 ms
ProcessBlock/GuitarLSTM-libtorch-dynamic.onnx/onnx/8192/iteration:33/repetition:8			26.1887 ms
ProcessBlock/GuitarLSTM-libtorch-dynamic.onnx/onnx/8192/iteration:34/repetition:8			26.1612 ms
ProcessBlock/GuitarLSTM-libtorch-dynamic.onnx/onnx/8192/iteration:35/repetition:8			26.1827 ms
ProcessBlock/GuitarLSTM-libtorch-dynamic.onnx/onnx/8192/iteration:36/repetition:8			26.1772 ms
ProcessBlock/GuitarLSTM-libtorch-dynamic.onnx/onnx/8192/iteration:37/repetition:8			26.1636 ms
ProcessBlock/GuitarLSTM-libtorch-dynamic.onnx/onnx/8192/iteration:38/repetition:8			26.3369 ms
ProcessBlock/GuitarLSTM-libtorch-dynamic.onnx/onnx/8192/iteration:39/repetition:8			26.2076 ms
ProcessBlock/GuitarLSTM-libtorch-dynamic.onnx/onnx/8192/iteration:40/repetition:8			26.2068 ms
ProcessBlock/GuitarLSTM-libtorch-dynamic.onnx/onnx/8192/iteration:41/repetition:8			26.2345 ms
ProcessBlock/GuitarLSTM-libtorch-dynamic.onnx/onnx/8192/iteration:42/repetition:8			26.3185 ms
ProcessBlock/GuitarLSTM-libtorch-dynamic.onnx/onnx/8192/iteration:43/repetition:8			26.1837 ms
ProcessBlock/GuitarLSTM-libtorch-dynamic.onnx/onnx/8192/iteration:44/repetition:8			26.2269 ms
ProcessBlock/GuitarLSTM-libtorch-dynamic.onnx/onnx/8192/iteration:45/repetition:8			26.2350 ms
ProcessBlock/GuitarLSTM-libtorch-dynamic.onnx/onnx/8192/iteration:46/repetition:8			26.3466 ms
ProcessBlock/GuitarLSTM-libtorch-dynamic.onnx/onnx/8192/iteration:47/repetition:8			26.2061 ms
ProcessBlock/GuitarLSTM-libtorch-dynamic.onnx/onnx/8192/iteration:48/repetition:8			26.3337 ms
ProcessBlock/GuitarLSTM-libtorch-dynamic.onnx/onnx/8192/iteration:49/repetition:8			26.2279 ms
  Repetition 8/10: mean=26.2526 ms

[INFO] Anira version: 0.0.0-unknown
[WARNING] Session 118 requested more parallel processors than threads are available in Context. Using number of threads as number of parallel processors.
ProcessBlock/GuitarLSTM-libtorch-dynamic.onnx/onnx/8192/iteration:0/repetition:9			26.4842 ms
ProcessBlock/GuitarLSTM-libtorch-dynamic.onnx/onnx/8192/iteration:1/repetition:9			26.3003 ms
ProcessBlock/GuitarLSTM-libtorch-dynamic.onnx/onnx/8192/iteration:2/repetition:9			26.2452 ms
ProcessBlock/GuitarLSTM-libtorch-dynamic.onnx/onnx/8192/iteration:3/repetition:9			26.2261 ms
ProcessBlock/GuitarLSTM-libtorch-dynamic.onnx/onnx/8192/iteration:4/repetition:9			26.2448 ms
ProcessBlock/GuitarLSTM-libtorch-dynamic.onnx/onnx/8192/iteration:5/repetition:9			26.2328 ms
ProcessBlock/GuitarLSTM-libtorch-dynamic.onnx/onnx/8192/iteration:6/repetition:9			26.2647 ms
ProcessBlock/GuitarLSTM-libtorch-dynamic.onnx/onnx/8192/iteration:7/repetition:9			26.3577 ms
ProcessBlock/GuitarLSTM-libtorch-dynamic.onnx/onnx/8192/iteration:8/repetition:9			26.2286 ms
ProcessBlock/GuitarLSTM-libtorch-dynamic.onnx/onnx/8192/iteration:9/repetition:9			26.2671 ms
ProcessBlock/GuitarLSTM-libtorch-dynamic.onnx/onnx/8192/iteration:10/repetition:9			26.3635 ms
ProcessBlock/GuitarLSTM-libtorch-dynamic.onnx/onnx/8192/iteration:11/repetition:9			26.2542 ms
ProcessBlock/GuitarLSTM-libtorch-dynamic.onnx/onnx/8192/iteration:12/repetition:9			26.2390 ms
ProcessBlock/GuitarLSTM-libtorch-dynamic.onnx/onnx/8192/iteration:13/repetition:9			26.2406 ms
ProcessBlock/GuitarLSTM-libtorch-dynamic.onnx/onnx/8192/iteration:14/repetition:9			26.3852 ms
ProcessBlock/GuitarLSTM-libtorch-dynamic.onnx/onnx/8192/iteration:15/repetition:9			26.3544 ms
ProcessBlock/GuitarLSTM-libtorch-dynamic.onnx/onnx/8192/iteration:16/repetition:9			26.3739 ms
ProcessBlock/GuitarLSTM-libtorch-dynamic.onnx/onnx/8192/iteration:17/repetition:9			26.3493 ms
ProcessBlock/GuitarLSTM-libtorch-dynamic.onnx/onnx/8192/iteration:18/repetition:9			26.2331 ms
ProcessBlock/GuitarLSTM-libtorch-dynamic.onnx/onnx/8192/iteration:19/repetition:9			26.3864 ms
ProcessBlock/GuitarLSTM-libtorch-dynamic.onnx/onnx/8192/iteration:20/repetition:9			26.2269 ms
ProcessBlock/GuitarLSTM-libtorch-dynamic.onnx/onnx/8192/iteration:21/repetition:9			26.2536 ms
ProcessBlock/GuitarLSTM-libtorch-dynamic.onnx/onnx/8192/iteration:22/repetition:9			26.3328 ms
ProcessBlock/GuitarLSTM-libtorch-dynamic.onnx/onnx/8192/iteration:23/repetition:9			26.2360 ms
ProcessBlock/GuitarLSTM-libtorch-dynamic.onnx/onnx/8192/iteration:24/repetition:9			26.2555 ms
ProcessBlock/GuitarLSTM-libtorch-dynamic.onnx/onnx/8192/iteration:25/repetition:9			26.2336 ms
ProcessBlock/GuitarLSTM-libtorch-dynamic.onnx/onnx/8192/iteration:26/repetition:9			26.2407 ms
ProcessBlock/GuitarLSTM-libtorch-dynamic.onnx/onnx/8192/iteration:27/repetition:9			26.3120 ms
ProcessBlock/GuitarLSTM-libtorch-dynamic.onnx/onnx/8192/iteration:28/repetition:9			26.2568 ms
ProcessBlock/GuitarLSTM-libtorch-dynamic.onnx/onnx/8192/iteration:29/repetition:9			26.2523 ms
ProcessBlock/GuitarLSTM-libtorch-dynamic.onnx/onnx/8192/iteration:30/repetition:9			26.3706 ms
ProcessBlock/GuitarLSTM-libtorch-dynamic.onnx/onnx/8192/iteration:31/repetition:9			26.2671 ms
ProcessBlock/GuitarLSTM-libtorch-dynamic.onnx/onnx/8192/iteration:32/repetition:9			26.2452 ms
ProcessBlock/GuitarLSTM-libtorch-dynamic.onnx/onnx/8192/iteration:33/repetition:9			26.2245 ms
ProcessBlock/GuitarLSTM-libtorch-dynamic.onnx/onnx/8192/iteration:34/repetition:9			26.3870 ms
ProcessBlock/GuitarLSTM-libtorch-dynamic.onnx/onnx/8192/iteration:35/repetition:9			26.3099 ms
ProcessBlock/GuitarLSTM-libtorch-dynamic.onnx/onnx/8192/iteration:36/repetition:9			26.2258 ms
ProcessBlock/GuitarLSTM-libtorch-dynamic.onnx/onnx/8192/iteration:37/repetition:9			26.4494 ms
ProcessBlock/GuitarLSTM-libtorch-dynamic.onnx/onnx/8192/iteration:38/repetition:9			26.3608 ms
ProcessBlock/GuitarLSTM-libtorch-dynamic.onnx/onnx/8192/iteration:39/repetition:9			26.2342 ms
ProcessBlock/GuitarLSTM-libtorch-dynamic.onnx/onnx/8192/iteration:40/repetition:9			26.2349 ms
ProcessBlock/GuitarLSTM-libtorch-dynamic.onnx/onnx/8192/iteration:41/repetition:9			26.3389 ms
ProcessBlock/GuitarLSTM-libtorch-dynamic.onnx/onnx/8192/iteration:42/repetition:9			26.2152 ms
ProcessBlock/GuitarLSTM-libtorch-dynamic.onnx/onnx/8192/iteration:43/repetition:9			26.1764 ms
ProcessBlock/GuitarLSTM-libtorch-dynamic.onnx/onnx/8192/iteration:44/repetition:9			26.3060 ms
ProcessBlock/GuitarLSTM-libtorch-dynamic.onnx/onnx/8192/iteration:45/repetition:9			26.2585 ms
ProcessBlock/GuitarLSTM-libtorch-dynamic.onnx/onnx/8192/iteration:46/repetition:9			26.2108 ms
ProcessBlock/GuitarLSTM-libtorch-dynamic.onnx/onnx/8192/iteration:47/repetition:9			26.2532 ms
ProcessBlock/GuitarLSTM-libtorch-dynamic.onnx/onnx/8192/iteration:48/repetition:9			26.3000 ms
ProcessBlock/GuitarLSTM-libtorch-dynamic.onnx/onnx/8192/iteration:49/repetition:9			26.3672 ms
  Repetition 9/10: mean=26.2873 ms

[INFO] Anira version: 0.0.0-unknown
[WARNING] Session 119 requested more parallel processors than threads are available in Context. Using number of threads as number of parallel processors.
ProcessBlock/GuitarLSTM-libtorch-dynamic.onnx/onnx/8192/iteration:0/repetition:10			26.5471 ms
ProcessBlock/GuitarLSTM-libtorch-dynamic.onnx/onnx/8192/iteration:1/repetition:10			26.3661 ms
ProcessBlock/GuitarLSTM-libtorch-dynamic.onnx/onnx/8192/iteration:2/repetition:10			26.4019 ms
ProcessBlock/GuitarLSTM-libtorch-dynamic.onnx/onnx/8192/iteration:3/repetition:10			26.3597 ms
ProcessBlock/GuitarLSTM-libtorch-dynamic.onnx/onnx/8192/iteration:4/repetition:10			26.3568 ms
ProcessBlock/GuitarLSTM-libtorch-dynamic.onnx/onnx/8192/iteration:5/repetition:10			26.2421 ms
ProcessBlock/GuitarLSTM-libtorch-dynamic.onnx/onnx/8192/iteration:6/repetition:10			26.2707 ms
ProcessBlock/GuitarLSTM-libtorch-dynamic.onnx/onnx/8192/iteration:7/repetition:10			26.2219 ms
ProcessBlock/GuitarLSTM-libtorch-dynamic.onnx/onnx/8192/iteration:8/repetition:10			26.2265 ms
ProcessBlock/GuitarLSTM-libtorch-dynamic.onnx/onnx/8192/iteration:9/repetition:10			26.3597 ms
ProcessBlock/GuitarLSTM-libtorch-dynamic.onnx/onnx/8192/iteration:10/repetition:10			26.2361 ms
ProcessBlock/GuitarLSTM-libtorch-dynamic.onnx/onnx/8192/iteration:11/repetition:10			26.1874 ms
ProcessBlock/GuitarLSTM-libtorch-dynamic.onnx/onnx/8192/iteration:12/repetition:10			26.1917 ms
ProcessBlock/GuitarLSTM-libtorch-dynamic.onnx/onnx/8192/iteration:13/repetition:10			26.2510 ms
ProcessBlock/GuitarLSTM-libtorch-dynamic.onnx/onnx/8192/iteration:14/repetition:10			26.3730 ms
ProcessBlock/GuitarLSTM-libtorch-dynamic.onnx/onnx/8192/iteration:15/repetition:10			26.2329 ms
ProcessBlock/GuitarLSTM-libtorch-dynamic.onnx/onnx/8192/iteration:16/repetition:10			26.2038 ms
ProcessBlock/GuitarLSTM-libtorch-dynamic.onnx/onnx/8192/iteration:17/repetition:10			26.2508 ms
ProcessBlock/GuitarLSTM-libtorch-dynamic.onnx/onnx/8192/iteration:18/repetition:10			26.2210 ms
ProcessBlock/GuitarLSTM-libtorch-dynamic.onnx/onnx/8192/iteration:19/repetition:10			26.4304 ms
ProcessBlock/GuitarLSTM-libtorch-dynamic.onnx/onnx/8192/iteration:20/repetition:10			26.1999 ms
ProcessBlock/GuitarLSTM-libtorch-dynamic.onnx/onnx/8192/iteration:21/repetition:10			26.2271 ms
ProcessBlock/GuitarLSTM-libtorch-dynamic.onnx/onnx/8192/iteration:22/repetition:10			26.1972 ms
ProcessBlock/GuitarLSTM-libtorch-dynamic.onnx/onnx/8192/iteration:23/repetition:10			26.2657 ms
ProcessBlock/GuitarLSTM-libtorch-dynamic.onnx/onnx/8192/iteration:24/repetition:10			26.2325 ms
ProcessBlock/GuitarLSTM-libtorch-dynamic.onnx/onnx/8192/iteration:25/repetition:10			26.2255 ms
ProcessBlock/GuitarLSTM-libtorch-dynamic.onnx/onnx/8192/iteration:26/repetition:10			26.2658 ms
ProcessBlock/GuitarLSTM-libtorch-dynamic.onnx/onnx/8192/iteration:27/repetition:10			26.3165 ms
ProcessBlock/GuitarLSTM-libtorch-dynamic.onnx/onnx/8192/iteration:28/repetition:10			26.3111 ms
ProcessBlock/GuitarLSTM-libtorch-dynamic.onnx/onnx/8192/iteration:29/repetition:10			26.3223 ms
ProcessBlock/GuitarLSTM-libtorch-dynamic.onnx/onnx/8192/iteration:30/repetition:10			26.1987 ms
ProcessBlock/GuitarLSTM-libtorch-dynamic.onnx/onnx/8192/iteration:31/repetition:10			26.2252 ms
ProcessBlock/GuitarLSTM-libtorch-dynamic.onnx/onnx/8192/iteration:32/repetition:10			26.2219 ms
ProcessBlock/GuitarLSTM-libtorch-dynamic.onnx/onnx/8192/iteration:33/repetition:10			26.2089 ms
ProcessBlock/GuitarLSTM-libtorch-dynamic.onnx/onnx/8192/iteration:34/repetition:10			26.3463 ms
ProcessBlock/GuitarLSTM-libtorch-dynamic.onnx/onnx/8192/iteration:35/repetition:10			26.3225 ms
ProcessBlock/GuitarLSTM-libtorch-dynamic.onnx/onnx/8192/iteration:36/repetition:10			26.2333 ms
ProcessBlock/GuitarLSTM-libtorch-dynamic.onnx/onnx/8192/iteration:37/repetition:10			26.1681 ms
ProcessBlock/GuitarLSTM-libtorch-dynamic.onnx/onnx/8192/iteration:38/repetition:10			26.1943 ms
ProcessBlock/GuitarLSTM-libtorch-dynamic.onnx/onnx/8192/iteration:39/repetition:10			26.3205 ms
ProcessBlock/GuitarLSTM-libtorch-dynamic.onnx/onnx/8192/iteration:40/repetition:10			26.1873 ms
ProcessBlock/GuitarLSTM-libtorch-dynamic.onnx/onnx/8192/iteration:41/repetition:10			26.3085 ms
ProcessBlock/GuitarLSTM-libtorch-dynamic.onnx/onnx/8192/iteration:42/repetition:10			26.1982 ms
ProcessBlock/GuitarLSTM-libtorch-dynamic.onnx/onnx/8192/iteration:43/repetition:10			26.1565 ms
ProcessBlock/GuitarLSTM-libtorch-dynamic.onnx/onnx/8192/iteration:44/repetition:10			26.3048 ms
ProcessBlock/GuitarLSTM-libtorch-dynamic.onnx/onnx/8192/iteration:45/repetition:10			26.1975 ms
ProcessBlock/GuitarLSTM-libtorch-dynamic.onnx/onnx/8192/iteration:46/repetition:10			26.1818 ms
ProcessBlock/GuitarLSTM-libtorch-dynamic.onnx/onnx/8192/iteration:47/repetition:10			26.3110 ms
ProcessBlock/GuitarLSTM-libtorch-dynamic.onnx/onnx/8192/iteration:48/repetition:10			26.1945 ms
ProcessBlock/GuitarLSTM-libtorch-dynamic.onnx/onnx/8192/iteration:49/repetition:10			26.3028 ms
  Repetition 10/10: mean=26.2655 ms


Aggregate (500 total iterations):
  ProcessBlock/GuitarLSTM-libtorch-dynamic.onnx/onnx: mean=26.2906 ms, min=26.1431 ms, max=27.4101 ms, p99.9=26.7706 ms

----------------------------------------------------------------------------------------------------------------------------------------
