"contrast","Environment","Model.Unique","ratio","SE","df","null","t.ratio","p.value"
"wasm / js","Chrome","guitar-lstm",0.986645578437143,0.00647254599814694,1296.00000000159,1,-2.04940245583985,0.0406237239563046
"wasm / js","Firefox","guitar-lstm",0.970844286859935,0.00636888710705516,1295.99999999974,1,-4.51044160454134,7.05493737555209e-06
"wasm / js","Safari","guitar-lstm",0.819341456015092,0.00537500534958879,1296.00000000023,1,-30.3734321992807,1.78400764059617e-153
"wasm / js","Chrome","steerable-nafx",0.979023426519161,0.00642254351501569,1296.00000000023,1,-3.23158736629787,0.00126199929942242
"wasm / js","Firefox","steerable-nafx",1.02839180363289,0.0067464076245873,1295.99999999986,1,4.26761786755677,2.11946999933752e-05
"wasm / js","Safari","steerable-nafx",0.976022749611185,0.00640285861525411,1295.99999999974,1,-3.69951487979868,0.000225055745287916
