"Environment","Model","Mean","SE","CI_Lower","CI_Upper"
"Native","guitar-lstm",0.000586283089192708,6.46536799295496e-05,0.000454051466527833,0.000718514711857583
"Native","steerable-nafx",0.000391322737630208,8.44950347879957e-05,0.000218510987868766,0.000564134487391651
"Chrome","guitar-lstm",0.00102847371419271,1.73400212163253e-05,0.00099300938880587,0.00106393803957955
"Chrome","steerable-nafx",0.000345649820963542,7.1498210216937e-05,0.000199419562068427,0.000491880079858657
"Firefox","guitar-lstm",0.000775133463541667,3.16038780216274e-05,0.000710496275405488,0.000839770651677845
"Firefox","steerable-nafx",0.000343655598958333,7.23095338380874e-05,0.000195765996943879,0.000491545200972787
"Safari","guitar-lstm",0.000789462890625,6.04884868000751e-05,0.000665750044413734,0.000913175736836266
"Safari","steerable-nafx",0.000362451171875,7.63038838982828e-05,0.00020639220671638,0.00051851013703362
