"Environment","Run","Model.Unique","Iteration","Iteration.Count","response","SE","df","lower.CL","upper.CL","p.value"
"Chrome","bypass","guitar-lstm",0,"0",0.00127457995853996,1.70573326807451e-05,17027.6564041071,0.00124158052858351,0.0013084564660217,2.81026045554819e-63
"Chrome","bypass","guitar-lstm",1,"1",0.0010371847335937,1.38803414676029e-05,17027.6564041071,0.00101033156935022,0.0010647516164339,1
"Chrome","bypass","guitar-lstm",10,"10",0.00102214472828507,1.36790654532183e-05,17027.6564041071,0.000995680956326004,0.00104931186935234,1
"Chrome","bypass","guitar-lstm",11,"11",0.00101700372059643,1.3610264843361e-05,17027.6564041071,0.000990673051564323,0.00104403422105182,1
"Chrome","bypass","guitar-lstm",12,"12",0.00101914748155085,1.36389541723767e-05,17027.6564041071,0.000992761309614441,0.00104623496009813,1
"Chrome","bypass","guitar-lstm",13,"13",0.00103034414392391,1.37887958466724e-05,17027.6564041071,0.00100366808552471,0.00105772921370046,1
"Chrome","bypass","guitar-lstm",14,"14",0.00102049759620181,1.36570223638655e-05,17027.6564041071,0.000994076469209379,0.00104762095886038,1
"Chrome","bypass","guitar-lstm",15,"15",0.00103314217117556,1.38262410311517e-05,17027.6564041071,0.00100639367063282,0.00106060160850393,1
"Chrome","bypass","guitar-lstm",16,"16",0.00105210855201084,1.40800625866292e-05,17027.6564041071,0.00102486900361214,0.001080072088543,1
"Chrome","bypass","guitar-lstm",17,"17",0.00102093006158359,1.36628099222218e-05,17027.6564041071,0.00099449773787417,0.00104806491855183,1
"Chrome","bypass","guitar-lstm",18,"18",0.00101884417816383,1.36348951514099e-05,17027.6564041071,0.000992465858884138,0.00104592359534204,1
"Chrome","bypass","guitar-lstm",19,"19",0.00101541970835024,1.35890664684198e-05,17027.6564041071,0.000989130050084712,0.00104240810803168,1
"Chrome","bypass","guitar-lstm",2,"2",0.00101285484763231,1.35547416838094e-05,17027.6564041071,0.000986631594727263,0.00103977507699402,1
"Chrome","bypass","guitar-lstm",20,"20",0.00102199078401772,1.36770052618862e-05,17027.6564041071,0.000995530997742741,0.00104915383346712,1
"Chrome","bypass","guitar-lstm",21,"21",0.00101475085536371,1.35801154035381e-05,17027.6564041071,0.00098847851399316,0.00104172147789194,1
"Chrome","bypass","guitar-lstm",22,"22",0.00101896743738375,1.36365446936815e-05,17027.6564041071,0.000992585926869206,0.00104605013061527,1
"Chrome","bypass","guitar-lstm",23,"23",0.00103675574412833,1.38746004264242e-05,17027.6564041071,0.00100991368660884,0.00106431122504373,1
"Chrome","bypass","guitar-lstm",24,"24",0.00101815917376618,1.36257279368933e-05,17027.6564041071,0.000991798589548529,0.00104522038450983,1
"Chrome","bypass","guitar-lstm",25,"25",0.0010121590084064,1.35454294699392e-05,17027.6564041071,0.000985953771081814,0.00103906074335935,1
"Chrome","bypass","guitar-lstm",26,"26",0.0010212681012801,1.36673338091102e-05,17027.6564041071,0.000994827025575788,0.00104841194285871,1
"Chrome","bypass","guitar-lstm",27,"27",0.00101383061331832,1.35678000720362e-05,17027.6564041071,0.000987582097414906,0.00104077677713266,1
"Chrome","bypass","guitar-lstm",28,"28",0.00102004076230757,1.3650908688798e-05,17027.6564041071,0.000993631462943519,0.00104715198297635,1
"Chrome","bypass","guitar-lstm",29,"29",0.00101115075753291,1.35319363419015e-05,17027.6564041071,0.000984971624262329,0.00103802569462353,1
"Chrome","bypass","guitar-lstm",3,"3",0.00101910473960005,1.36383821692871e-05,17027.6564041071,0.000992719674271351,0.00104619108212757,1
"Chrome","bypass","guitar-lstm",30,"30",0.00101669543226358,1.36061391103147e-05,17027.6564041071,0.000990372744950611,0.00104371773885719,1
"Chrome","bypass","guitar-lstm",31,"31",0.0010153864733349,1.35886216938808e-05,17027.6564041071,0.000989097675538383,0.00104237398967729,1
"Chrome","bypass","guitar-lstm",32,"32",0.00101676034569012,1.36070078278122e-05,17027.6564041071,0.000990435977740275,0.00104378437758951,1
"Chrome","bypass","guitar-lstm",33,"33",0.00101655083663775,1.36042040291317e-05,17027.6564041071,0.000990231892968473,0.00104356930008697,1
"Chrome","bypass","guitar-lstm",34,"34",0.00101737534816292,1.36152382269392e-05,17027.6564041071,0.000991035057531343,0.00104441572594609,1
"Chrome","bypass","guitar-lstm",35,"35",0.00102170422775189,1.36731703627688e-05,17027.6564041071,0.000995251860543374,0.00104885966094669,1
"Chrome","bypass","guitar-lstm",36,"36",0.00102505436077621,1.37180042181404e-05,17027.6564041071,0.000998515257165372,0.00105229883570253,1
"Chrome","bypass","guitar-lstm",37,"37",0.00102093014616542,1.36628110541559e-05,17027.6564041071,0.000994497820266141,0.00104806500538172,1
"Chrome","bypass","guitar-lstm",38,"38",0.00101446934618415,1.35763480481075e-05,17027.6564041071,0.000988204293208794,0.00104143248660208,1
"Chrome","bypass","guitar-lstm",39,"39",0.00101479845176298,1.3580752372299e-05,17027.6564041071,0.000988524878100935,0.00104177033933525,1
"Chrome","bypass","guitar-lstm",4,"4",0.00102135845699111,1.36685430132971e-05,17027.6564041071,0.000994915041938108,0.00104850470009494,1
"Chrome","bypass","guitar-lstm",40,"40",0.0010196436783173,1.36455946293082e-05,17027.6564041071,0.00099324465963061,0.00104674434506306,1
"Chrome","bypass","guitar-lstm",41,"41",0.00101880020434889,1.36343066626411e-05,17027.6564041071,0.000992423023570418,0.00104587845276617,1
"Chrome","bypass","guitar-lstm",42,"42",0.00102133517178545,1.36682313941657e-05,17027.6564041071,0.000994892359596558,0.00104848079600191,1
"Chrome","bypass","guitar-lstm",43,"43",0.00101507427362574,1.35844436160237e-05,17027.6564041071,0.000988793558815601,0.00104205349214758,1
"Chrome","bypass","guitar-lstm",44,"44",0.00101285973628397,1.35548071072119e-05,17027.6564041071,0.000986636356809601,0.00103978009557902,1
"Chrome","bypass","guitar-lstm",45,"45",0.00101852230477152,1.36305876134663e-05,17027.6564041071,0.000992152318934076,0.00104559316701655,1
"Chrome","bypass","guitar-lstm",46,"46",0.00101858469494576,1.36314225630124e-05,17027.6564041071,0.000992213093799542,0.00104565721543215,1
"Chrome","bypass","guitar-lstm",47,"47",0.00101755951829291,1.36177029221951e-05,17027.6564041071,0.000991214459416501,0.00104460479105403,1
"Chrome","bypass","guitar-lstm",48,"48",0.00101854201494134,1.36308513889332e-05,17027.6564041071,0.000992171518799014,0.00104561340105442,1
"Chrome","bypass","guitar-lstm",49,"49",0.00101731149265747,1.36143836672916e-05,17027.6564041071,0.000990972855272723,0.00104435017325287,1
"Chrome","bypass","guitar-lstm",5,"5",0.00102438159001882,1.37090007228714e-05,17027.6564041071,0.000997859904735747,0.00105160818366319,1
"Chrome","bypass","guitar-lstm",6,"6",0.00102173632547389,1.36735999172419e-05,17027.6564041071,0.000995283127241378,0.00104889261178011,1
"Chrome","bypass","guitar-lstm",7,"7",0.00102069776689539,1.36597011900077e-05,17027.6564041071,0.000994271457396565,0.00104782644980394,1
"Chrome","bypass","guitar-lstm",8,"8",0.00102820108311698,1.37601158875267e-05,17027.6564041071,0.00100158050949496,0.00105552919341054,1
"Chrome","bypass","guitar-lstm",9,"9",0.0010299589447447,1.37836408381504e-05,17027.6564041071,0.00100329285931993,0.00105733377647946,1
"Chrome","bypass","steerable-nafx",0,"0",0.000301681283784689,4.03731283125173e-06,17027.6564041071,0.00029387062402441,0.00030969953968049,0
"Chrome","bypass","steerable-nafx",1,"1",0.000155132558089961,2.07609388114549e-06,17027.6564041071,0.000151116108631177,0.000159255759015555,1
"Chrome","bypass","steerable-nafx",10,"10",0.000149086962071775,1.99518742891027e-06,17027.6564041071,0.000145227035725574,0.000153049479724916,1
"Chrome","bypass","steerable-nafx",11,"11",0.000147212143510094,1.97009727767387e-06,17027.6564041071,0.000143400757032571,0.000151124831174456,0.711609339597479
"Chrome","bypass","steerable-nafx",12,"12",0.000147883965681482,1.97908807829245e-06,17027.6564041071,0.000144055185435495,0.00015181450941573,1
"Chrome","bypass","steerable-nafx",13,"13",0.000149065175343892,1.99489586347097e-06,17027.6564041071,0.00014520581306556,0.000153027113937049,1
"Chrome","bypass","steerable-nafx",14,"14",0.000152990979546636,2.04743375870227e-06,17027.6564041071,0.000149029976488576,0.000157057260385687,1
"Chrome","bypass","steerable-nafx",15,"15",0.000147572256171814,1.97491656063243e-06,17027.6564041071,0.00014375154622072,0.000151494515114303,1
"Chrome","bypass","steerable-nafx",16,"16",0.000147085874965647,1.96840746248786e-06,17027.6564041071,0.000143277757635705,0.000150995206593174,0.648628496042968
"Chrome","bypass","steerable-nafx",17,"17",0.000148059338046876,1.98143503562494e-06,17027.6564041071,0.000144226017334008,0.000151994542927103,1
"Chrome","bypass","steerable-nafx",18,"18",0.000150057805154532,2.00817993937023e-06,17027.6564041071,0.000146172743258307,0.000154046126424571,1
"Chrome","bypass","steerable-nafx",19,"19",0.000150957489496582,2.02022015311059e-06,17027.6564041071,0.000147049134381105,0.000154969723086238,1
"Chrome","bypass","steerable-nafx",2,"2",0.000155194829916554,2.07692724687958e-06,17027.6564041071,0.000151176768213072,0.000159319685937998,1
"Chrome","bypass","steerable-nafx",20,"20",0.000147142003450967,1.96915861367343e-06,17027.6564041071,0.000143332432930107,0.000151052826893142,0.682650076329177
"Chrome","bypass","steerable-nafx",21,"21",0.000148834659145763,1.99181093227192e-06,17027.6564041071,0.000144981265032145,0.000152790470948947,1
"Chrome","bypass","steerable-nafx",22,"22",0.000147837901066964,1.97847160896123e-06,17027.6564041071,0.000144010313453899,0.000151767220469818,1
"Chrome","bypass","steerable-nafx",23,"23",0.000151274154685177,2.02445799117958e-06,17027.6564041071,0.000147357600970121,0.00015529480478143,1
"Chrome","bypass","steerable-nafx",24,"24",0.000147141230277258,1.96914826651467e-06,17027.6564041071,0.000143331679774202,0.000151052033169584,0.682650076329177
"Chrome","bypass","steerable-nafx",25,"25",0.000151420449814809,2.02641581632737e-06,17027.6564041071,0.000147500108455164,0.000155444988225812,1
"Chrome","bypass","steerable-nafx",26,"26",0.000146469905040154,1.96016411622302e-06,17027.6564041071,0.000142677735439717,0.000150362865070395,0.296193388038446
"Chrome","bypass","steerable-nafx",27,"27",0.000146442167332677,1.95979291055557e-06,17027.6564041071,0.000142650715873562,0.000150334390134431,0.289998673860022
"Chrome","bypass","steerable-nafx",28,"28",0.000148167798220031,1.98288652656024e-06,17027.6564041071,0.000144331669426068,0.000152105885816123,1
"Chrome","bypass","steerable-nafx",29,"29",0.000146637212637276,1.96240314510857e-06,17027.6564041071,0.00014284071137032,0.000150534619463521,0.349283317429945
"Chrome","bypass","steerable-nafx",3,"3",0.000154519835729604,2.06789399609982e-06,17027.6564041071,0.00015051924991945,0.000158626751373537,1
"Chrome","bypass","steerable-nafx",30,"30",0.000146750079643765,1.96391361141197e-06,17027.6564041071,0.000142950656200879,0.000150650486313184,0.404902687541403
"Chrome","bypass","steerable-nafx",31,"31",0.000150497334936263,2.01406203853541e-06,17027.6564041071,0.00014660089342266,0.000154497338277592,1
"Chrome","bypass","steerable-nafx",32,"32",0.000147536513160438,1.97443822231246e-06,17027.6564041071,0.000143716728611469,0.000151457822104943,1
"Chrome","bypass","steerable-nafx",33,"33",0.000146563112374348,1.96141148285308e-06,17027.6564041071,0.000142768529595455,0.000150458549721867,0.326763015336188
"Chrome","bypass","steerable-nafx",34,"34",0.000145339458919305,1.94503568474895e-06,17027.6564041071,0.000141576557061025,0.000149202373312774,0.0451320938632396
"Chrome","bypass","steerable-nafx",35,"35",0.000149185999363316,1.99651281616298e-06,17027.6564041071,0.000145323508898525,0.000153151149285641,1
"Chrome","bypass","steerable-nafx",36,"36",0.000146506627471095,1.96065556183002e-06,17027.6564041071,0.000142713507110936,0.000150400563530888,0.306655688974931
"Chrome","bypass","steerable-nafx",37,"37",0.000162181013038294,2.17042130260964e-06,17027.6564041071,0.000157982076012676,0.000166491551788551,5.79482148862387e-06
"Chrome","bypass","steerable-nafx",38,"38",0.000148528456709294,1.98771311416996e-06,17027.6564041071,0.000144682990310047,0.000152476130090827,1
"Chrome","bypass","steerable-nafx",39,"39",0.000145061892185411,1.94132108992153e-06,17027.6564041071,0.000141306176650697,0.000148917429253139,0.0267287429612708
"Chrome","bypass","steerable-nafx",4,"4",0.000153707776966065,2.05702644997751e-06,17027.6564041071,0.000149728215710791,0.000157793109252599,1
"Chrome","bypass","steerable-nafx",40,"40",0.000147377580048973,1.97231126673145e-06,17027.6564041071,0.000143561910347443,0.000151294664779293,0.840524568674757
"Chrome","bypass","steerable-nafx",41,"41",0.000148497733860615,1.98730195922647e-06,17027.6564041071,0.000144653062889294,0.000152444590672888,1
"Chrome","bypass","steerable-nafx",42,"42",0.000148048825681666,1.98129435170045e-06,17027.6564041071,0.00014421577713851,0.000151983751158301,1
"Chrome","bypass","steerable-nafx",43,"43",0.000146420524122469,1.95950326577156e-06,17027.6564041071,0.000142629633015487,0.000150312171678733,0.286536687406973
"Chrome","bypass","steerable-nafx",44,"44",0.000146192076071533,1.95644601198454e-06,17027.6564041071,0.000142407099584034,0.000150077651806209,0.205413261976397
"Chrome","bypass","steerable-nafx",45,"45",0.000146250304425756,1.95722526510458e-06,17027.6564041071,0.000142463820380819,0.000150137427786585,0.221535132835795
"Chrome","bypass","steerable-nafx",46,"46",0.000148863956267596,1.99220300712792e-06,17027.6564041071,0.000145009803638741,0.000152820546746264,1
"Chrome","bypass","steerable-nafx",47,"47",0.000148409142696796,1.98611636946122e-06,17027.6564041071,0.00014456676538927,0.000152353644882979,1
"Chrome","bypass","steerable-nafx",48,"48",0.000146562140168999,1.96139847211181e-06,17027.6564041071,0.000142767582560927,0.000150457551676695,0.326763015336188
"Chrome","bypass","steerable-nafx",49,"49",0.000156064008994734,2.08855921755073e-06,17027.6564041071,0.00015202344386656,0.000160211966549626,0.719661441844371
"Chrome","bypass","steerable-nafx",5,"5",0.000154000979900913,2.06095029953216e-06,17027.6564041071,0.000150013827494024,0.000158094105100986,1
"Chrome","bypass","steerable-nafx",6,"6",0.000153135187359839,2.04936364990171e-06,17027.6564041071,0.000149170450698721,0.000157205301035764,1
"Chrome","bypass","steerable-nafx",7,"7",0.000152245419513883,2.03745614574286e-06,17027.6564041071,0.000148303719329617,0.000156291884436437,1
"Chrome","bypass","steerable-nafx",8,"8",0.000155452701277914,2.08037826426779e-06,17027.6564041071,0.000151427963172634,0.000159584411150342,1
"Chrome","bypass","steerable-nafx",9,"9",0.000150629353937692,2.01582881041383e-06,17027.6564041071,0.000146729494394673,0.000154632866154756,1
"Chrome","onnx","guitar-lstm",0,"0",0.0130501261601909,0.000174646040798461,17027.6564041071,0.0127122527131304,0.0133969797989456,1.33590765919262e-11
"Chrome","onnx","guitar-lstm",1,"1",0.0119042245625154,0.000159310773175598,17027.6564041071,0.0115960190066344,0.0122206217800884,1
"Chrome","onnx","guitar-lstm",10,"10",0.0117768501807179,0.00015760615889011,17027.6564041071,0.0114719424030282,0.0120898619698845,1
"Chrome","onnx","guitar-lstm",11,"11",0.0117497289369818,0.000157243203177507,17027.6564041071,0.0114455233400985,0.0120620198823832,1
"Chrome","onnx","guitar-lstm",12,"12",0.0118061083316302,0.00015799771220961,17027.6564041071,0.0115004430476772,0.0121198977604902,1
"Chrome","onnx","guitar-lstm",13,"13",0.0118232758932796,0.000158227460691381,17027.6564041071,0.0115171661336824,0.012137521611309,1
"Chrome","onnx","guitar-lstm",14,"14",0.0117777490916795,0.000157618188753924,17027.6564041071,0.0114728180407937,0.0120907847726103,1
"Chrome","onnx","guitar-lstm",15,"15",0.0117519328065374,0.000157272696922439,17027.6564041071,0.0114476701505118,0.012064282327631,1
"Chrome","onnx","guitar-lstm",16,"16",0.0117923152101802,0.00015781312287906,17027.6564041071,0.0114870070361457,0.0121057380376521,1
"Chrome","onnx","guitar-lstm",17,"17",0.0117441534316694,0.000157168587812389,17027.6564041071,0.0114400921870456,0.0120562961881351,1
"Chrome","onnx","guitar-lstm",18,"18",0.0117360481304878,0.000157060116925329,17027.6564041071,0.0114321967356398,0.0120479754596716,1
"Chrome","onnx","guitar-lstm",19,"19",0.01175116673715,0.000157262444838756,17027.6564041071,0.0114469239149944,0.0120634958972179,1
"Chrome","onnx","guitar-lstm",2,"2",0.0117888529390508,0.00015776678831206,17027.6564041071,0.011483634404723,0.0121021837443212,1
"Chrome","onnx","guitar-lstm",20,"20",0.0117363042747164,0.000157063544829002,17027.6564041071,0.0114324462481828,0.0120482384118464,1
"Chrome","onnx","guitar-lstm",21,"21",0.0117705560089279,0.000157521925820656,17027.6564041071,0.0114658111900857,0.0120834005080344,1
"Chrome","onnx","guitar-lstm",22,"22",0.0117518367431056,0.000157271411333487,17027.6564041071,0.0114475765742042,0.0120641837109711,1
"Chrome","onnx","guitar-lstm",23,"23",0.0117238083055354,0.000156896314909796,17027.6564041071,0.0114202738050836,0.0120354103177245,1
"Chrome","onnx","guitar-lstm",24,"24",0.0117416149171888,0.000157134615611806,17027.6564041071,0.0114376193958099,0.01205369020358,1
"Chrome","onnx","guitar-lstm",25,"25",0.0117380657832006,0.000157087118584445,17027.6564041071,0.0114341621504456,0.0120500467387,1
"Chrome","onnx","guitar-lstm",26,"26",0.0117505326338876,0.000157253958819319,17027.6564041071,0.0114463062289415,0.0120628449404002,1
"Chrome","onnx","guitar-lstm",27,"27",0.0117363900857771,0.000157064693213455,17027.6564041071,0.0114325298375578,0.012048326503642,1
"Chrome","onnx","guitar-lstm",28,"28",0.0117436878849907,0.000157162357536663,17027.6564041071,0.0114396386935731,0.0120558182678933,1
"Chrome","onnx","guitar-lstm",29,"29",0.0118302999365016,0.000158321461417816,17027.6564041071,0.0115240083213678,0.0121447323435271,1
"Chrome","onnx","guitar-lstm",3,"3",0.01181827046587,0.000158160474512944,17027.6564041071,0.0115122902989673,0.012132383146817,1
"Chrome","onnx","guitar-lstm",30,"30",0.0118270084211754,0.000158277412026041,17027.6564041071,0.0115208020248062,0.0121413533444437,1
"Chrome","onnx","guitar-lstm",31,"31",0.0117968610692176,0.000157873958787707,17027.6564041071,0.0114914352009138,0.0121104047191037,1
"Chrome","onnx","guitar-lstm",32,"32",0.0118147677442313,0.000158113598608551,17027.6564041071,0.0115088782643166,0.0121287873278602,1
"Chrome","onnx","guitar-lstm",33,"33",0.0119157849604144,0.000159465482616589,17027.6564041071,0.0116072801007995,0.0122324894367853,1
"Chrome","onnx","guitar-lstm",34,"34",0.0117886873020902,0.000157764571640818,17027.6564041071,0.0114834730561754,0.0121020137049677,1
"Chrome","onnx","guitar-lstm",35,"35",0.0118010847675738,0.000157930483313706,17027.6564041071,0.011495549545881,0.0121147406773052,1
"Chrome","onnx","guitar-lstm",36,"36",0.0117959240954156,0.000157861419539976,17027.6564041071,0.0114905224857715,0.0121094428418818,1
"Chrome","onnx","guitar-lstm",37,"37",0.0118063353313258,0.000158000750080478,17027.6564041071,0.0115006641702519,0.0121201307935122,1
"Chrome","onnx","guitar-lstm",38,"38",0.0117875576334162,0.000157749453613689,17027.6564041071,0.0114823726351151,0.0121008540113204,1
"Chrome","onnx","guitar-lstm",39,"39",0.0117915071199913,0.000157802308443217,17027.6564041071,0.0114862198677636,0.0121049084695848,1
"Chrome","onnx","guitar-lstm",4,"4",0.0117773701549151,0.000157613117553478,17027.6564041071,0.0114724489148671,0.0120903957642502,1
"Chrome","onnx","guitar-lstm",40,"40",0.0120347572209127,0.000161057653757758,17027.6564041071,0.0117231721176843,0.012354623809355,1
"Chrome","onnx","guitar-lstm",41,"41",0.0122766928179254,0.000164295407449012,17027.6564041071,0.0119588438967749,0.0126029897075877,0.548311377517135
"Chrome","onnx","guitar-lstm",42,"42",0.0121887091133319,0.000163117947133808,17027.6564041071,0.011873138128593,0.0125126675222995,1
"Chrome","onnx","guitar-lstm",43,"43",0.0120313308235102,0.000161011799278407,17027.6564041071,0.0117198344312021,0.0123511063432232,1
"Chrome","onnx","guitar-lstm",44,"44",0.0123989692416905,0.000165931797245665,17027.6564041071,0.0120779545307013,0.0127285160633455,0.0475020068733812
"Chrome","onnx","guitar-lstm",45,"45",0.012341398213161,0.000165161340924097,17027.6564041071,0.0120218740411613,0.0126694148794376,0.160456668995259
"Chrome","onnx","guitar-lstm",46,"46",0.0122699692898095,0.000164205428428792,17027.6564041071,0.0119522944437286,0.0125960874777363,0.605848306743353
"Chrome","onnx","guitar-lstm",47,"47",0.0119161545713252,0.000159470429011852,17027.6564041071,0.0116076401423229,0.0122328688714241,1
"Chrome","onnx","guitar-lstm",48,"48",0.0118191525961058,0.000158172279805189,17027.6564041071,0.0115131495904673,0.0121332887228094,1
"Chrome","onnx","guitar-lstm",49,"49",0.0121663137521044,0.000162818236531582,17027.6564041071,0.0118513225930164,0.0124896769244866,1
"Chrome","onnx","guitar-lstm",5,"5",0.0118538850961073,0.000158637094745507,17027.6564041071,0.0115469828509246,0.0121689443628527,1
"Chrome","onnx","guitar-lstm",6,"6",0.0119602226882012,0.000160060179796126,17027.6564041071,0.01165056731647,0.0122781082556506,1
"Chrome","onnx","guitar-lstm",7,"7",0.0119054716405895,0.000159327462458563,17027.6564041071,0.0115972337973143,0.0122219020037094,1
"Chrome","onnx","guitar-lstm",8,"8",0.0119129436800138,0.000159427458587805,17027.6564041071,0.0116045123823853,0.0122295726392262,1
"Chrome","onnx","guitar-lstm",9,"9",0.0117509048897727,0.000157258940611503,17027.6564041071,0.0114466688469596,0.0120632270903128,1
"Chrome","onnx","steerable-nafx",0,"0",0.0438439660830801,0.000586751039439754,17027.6564041071,0.0427088267157319,0.0450092758269615,0.0720077202763373
"Chrome","onnx","steerable-nafx",1,"1",0.042582367625368,0.000569867434406959,17027.6564041071,0.0414798915912689,0.0437141458914435,1
"Chrome","onnx","steerable-nafx",10,"10",0.0421387115673898,0.000563930114487515,17027.6564041071,0.0410477219817571,0.0432586980916709,1
"Chrome","onnx","steerable-nafx",11,"11",0.0421353055491203,0.000563884532736167,17027.6564041071,0.0410444041467832,0.0432552015463202,1
"Chrome","onnx","steerable-nafx",12,"12",0.0421095726125286,0.000563540156334077,17027.6564041071,0.0410193374471215,0.0432287846651763,1
"Chrome","onnx","steerable-nafx",13,"13",0.0420978116425463,0.000563382762695271,17027.6564041071,0.0410078809737716,0.0432167111054777,1
"Chrome","onnx","steerable-nafx",14,"14",0.0420884815585287,0.000563257900895922,17027.6564041071,0.0409987924496907,0.0432071330412068,1
"Chrome","onnx","steerable-nafx",15,"15",0.0420707279309895,0.00056302030926489,17027.6564041071,0.0409814984712968,0.0431889075477073,1
"Chrome","onnx","steerable-nafx",16,"16",0.0421770546442872,0.000564443248727745,17027.6564041071,0.0410850723397027,0.0432980602725662,1
"Chrome","onnx","steerable-nafx",17,"17",0.0422454901894563,0.000565359101713911,17027.6564041071,0.0411517360588171,0.0433683147363856,1
"Chrome","onnx","steerable-nafx",18,"18",0.0423244718412453,0.000566416090176045,17027.6564041071,0.0412286728412602,0.0434493956072152,1
"Chrome","onnx","steerable-nafx",19,"19",0.0422422253097418,0.000565315408778779,17027.6564041071,0.0411485557082596,0.0433649630808504,1
"Chrome","onnx","steerable-nafx",2,"2",0.0424976408311981,0.00056873356037618,17027.6564041071,0.041397358410682,0.0436271671805873,1
"Chrome","onnx","steerable-nafx",20,"20",0.0422830436310433,0.000565861668494577,17027.6564041071,0.0411883172254542,0.0434068662945963,1
"Chrome","onnx","steerable-nafx",21,"21",0.0421888001669263,0.000564600435639269,17027.6564041071,0.0410965137656478,0.0433101179743534,1
"Chrome","onnx","steerable-nafx",22,"22",0.0420729860715398,0.000563050529302756,17027.6564041071,0.0409836981476051,0.0431912257063951,1
"Chrome","onnx","steerable-nafx",23,"23",0.0420478927606566,0.000562714712825397,17027.6564041071,0.040959254513464,0.0431654654512938,1
"Chrome","onnx","steerable-nafx",24,"24",0.042077803288021,0.000563114996709105,17027.6564041071,0.0409883906442548,0.0431961709575823,1
"Chrome","onnx","steerable-nafx",25,"25",0.0419830869260058,0.000561847435198843,17027.6564041071,0.0408961265300826,0.0430989371704931,1
"Chrome","onnx","steerable-nafx",26,"26",0.0419592930438741,0.000561529008598321,17027.6564041071,0.0408729486819168,0.0430745108810959,1
"Chrome","onnx","steerable-nafx",27,"27",0.0419924111852135,0.000561972219046453,17027.6564041071,0.0409052093801604,0.0431085092551389,1
"Chrome","onnx","steerable-nafx",28,"28",0.0420173671553699,0.000562306197532836,17027.6564041071,0.040929519229386,0.0431341285191939,1
"Chrome","onnx","steerable-nafx",29,"29",0.0419855478297295,0.000561880368757241,17027.6564041071,0.0408985237199376,0.0431014634815086,1
"Chrome","onnx","steerable-nafx",3,"3",0.0420649785444151,0.000562943366897444,17027.6564041071,0.0409758979388434,0.0431830053506826,1
"Chrome","onnx","steerable-nafx",30,"30",0.0420017474287623,0.000562097163276999,17027.6564041071,0.0409143039042997,0.0431180936426526,1
"Chrome","onnx","steerable-nafx",31,"31",0.0419759417725712,0.000561751813689673,17027.6564041071,0.0408891663677806,0.0430916021091266,1
"Chrome","onnx","steerable-nafx",32,"32",0.0419730810956209,0.000561713530082514,17027.6564041071,0.0408863797550019,0.0430886653994854,1
"Chrome","onnx","steerable-nafx",33,"33",0.041969196425708,0.000561661542675501,17027.6564041071,0.0408825956608841,0.043084677480617,1
"Chrome","onnx","steerable-nafx",34,"34",0.0419506065886462,0.000561412760295777,17027.6564041071,0.040864487122796,0.043065593552345,1
"Chrome","onnx","steerable-nafx",35,"35",0.0419969829483237,0.00056203340162176,17027.6564041071,0.0409096627783336,0.0431132025291565,1
"Chrome","onnx","steerable-nafx",36,"36",0.042037123099121,0.000562570585579041,17027.6564041071,0.0409487636831536,0.0431544095475988,1
"Chrome","onnx","steerable-nafx",37,"37",0.0419474103329117,0.000561369985735389,17027.6564041071,0.0408613736195138,0.0430623123447166,1
"Chrome","onnx","steerable-nafx",38,"38",0.0419767459027162,0.000561762575129401,17027.6564041071,0.0408899496786461,0.0430924276118977,1
"Chrome","onnx","steerable-nafx",39,"39",0.0419799125455424,0.00056180495338884,17027.6564041071,0.0408930343357111,0.0430956784195491,1
"Chrome","onnx","steerable-nafx",4,"4",0.0419961621344832,0.00056202241690898,17027.6564041071,0.0409088632157207,0.0431123598992611,1
"Chrome","onnx","steerable-nafx",40,"40",0.041933671365843,0.00056118612113717,17027.6564041071,0.0408479903602831,0.0430482082156057,1
"Chrome","onnx","steerable-nafx",41,"41",0.041923240813327,0.000561046532088159,17027.6564041071,0.0408378298593122,0.0430375004339617,1
"Chrome","onnx","steerable-nafx",42,"42",0.041975541213204,0.000561746453120227,17027.6564041071,0.0408887761790698,0.0430911909034659,1
"Chrome","onnx","steerable-nafx",43,"43",0.0419840486638127,0.000561860305856044,17027.6564041071,0.040897063368079,0.0430999244699116,1
"Chrome","onnx","steerable-nafx",44,"44",0.0419598170970422,0.000561536021849366,17027.6564041071,0.0408734591671202,0.0430750488628457,1
"Chrome","onnx","steerable-nafx",45,"45",0.0419736942895506,0.000561721736278428,17027.6564041071,0.0408869770730738,0.0430892948912303,1
"Chrome","onnx","steerable-nafx",46,"46",0.0419826529480885,0.000561841627398663,17027.6564041071,0.0408957037880424,0.043098491658065,1
"Chrome","onnx","steerable-nafx",47,"47",0.0420261611700977,0.000562423885272866,17027.6564041071,0.0409380855632445,0.0431431562662221,1
"Chrome","onnx","steerable-nafx",48,"48",0.0420181363299423,0.000562316491172301,17027.6564041071,0.0409302684896939,0.0431349181373234,1
"Chrome","onnx","steerable-nafx",49,"49",0.0421089738021556,0.000563532142629118,17027.6564041071,0.0410187541402097,0.0432281699392824,1
"Chrome","onnx","steerable-nafx",5,"5",0.0420544271469505,0.000562802160615649,17027.6564041071,0.0409656197216523,0.0431721735122047,1
"Chrome","onnx","steerable-nafx",6,"6",0.0420043603826618,0.000562132131678667,17027.6564041071,0.0409168492076853,0.0431207760451197,1
"Chrome","onnx","steerable-nafx",7,"7",0.0419659305477625,0.000561617836381338,17027.6564041071,0.0408794143379402,0.0430813248003192,1
"Chrome","onnx","steerable-nafx",8,"8",0.0420126049158748,0.000562242465867491,17027.6564041071,0.0409248802863445,0.0431292397062023,1
"Chrome","onnx","steerable-nafx",9,"9",0.0420101451464743,0.000562209547489401,17027.6564041071,0.0409224842014445,0.0431267145596586,1
"Firefox","bypass","guitar-lstm",0,"0",0.000982514755701193,1.31487090625008e-05,17027.6564041071,0.000957077020983408,0.0010086285889287,1.30499118481586e-101
"Firefox","bypass","guitar-lstm",1,"1",0.000752627691768993,1.00721973833252e-05,17027.6564041071,0.00073314183320719,0.000772631456507599,1
"Firefox","bypass","guitar-lstm",10,"10",0.000733623844330682,9.8178744232022e-06,17027.6564041071,0.000714630003651509,0.000753122514056917,1
"Firefox","bypass","guitar-lstm",11,"11",0.000740121397704043,9.90482928920157e-06,17027.6564041071,0.000720959332539623,0.000759792763081102,1
"Firefox","bypass","guitar-lstm",12,"12",0.000743524347777514,9.95036997977202e-06,17027.6564041071,0.000724274178754373,0.000763286158687512,1
"Firefox","bypass","guitar-lstm",13,"13",0.000749596782799441,1.00316356105841e-05,17027.6564041071,0.000730189395790226,0.000769519990324122,1
"Firefox","bypass","guitar-lstm",14,"14",0.000747423116710709,1.00025460698582e-05,17027.6564041071,0.000728072006862737,0.000767288551307906,1
"Firefox","bypass","guitar-lstm",15,"15",0.000745999776497658,9.9834979219808e-06,17027.6564041071,0.000726685517547389,0.000765827380753139,1
"Firefox","bypass","guitar-lstm",16,"16",0.00073302386098589,9.80984502069479e-06,17027.6564041071,0.000714045554136689,0.00075250658401523,1
"Firefox","bypass","guitar-lstm",17,"17",0.000750202997196619,1.00397484014524e-05,17027.6564041071,0.000730779915032773,0.000770142317030634,1
"Firefox","bypass","guitar-lstm",18,"18",0.00073719703184832,9.86569335194863e-06,17027.6564041071,0.000718110679788892,0.000756790671774631,1
"Firefox","bypass","guitar-lstm",19,"19",0.000749196543715451,1.00262793273931e-05,17027.6564041071,0.000729799519070347,0.000769109113459245,1
"Firefox","bypass","guitar-lstm",2,"2",0.000738337558222598,9.88095668452097e-06,17027.6564041071,0.000719221677438865,0.000757961511704362,1
"Firefox","bypass","guitar-lstm",20,"20",0.000746016326999046,9.98371941252466e-06,17027.6564041071,0.000726701639549091,0.00076584437114312,1
"Firefox","bypass","guitar-lstm",21,"21",0.000731581474243656,9.79054197865985e-06,17027.6564041071,0.000712640511415088,0.000751025860701847,1
"Firefox","bypass","guitar-lstm",22,"22",0.000726200832238579,9.71853441247959e-06,17027.6564041071,0.000707399176573738,0.000745502208948405,1
"Firefox","bypass","guitar-lstm",23,"23",0.000751290872825464,1.005430712442e-05,17027.6564041071,0.000731839625088032,0.000771259106833621,1
"Firefox","bypass","guitar-lstm",24,"24",0.000734725000061325,9.83261086990769e-06,17027.6564041071,0.000715702649980949,0.000754252936927765,1
"Firefox","bypass","guitar-lstm",25,"25",0.000730525588437096,9.77641136617478e-06,17027.6564041071,0.000711611962951692,0.000749941910964746,1
"Firefox","bypass","guitar-lstm",26,"26",0.000736640204529635,9.85824149398012e-06,17027.6564041071,0.000717568268971877,0.000756219044784336,1
"Firefox","bypass","guitar-lstm",27,"27",0.000742101413788974,9.93132726827897e-06,17027.6564041071,0.000722888085146205,0.00076182540515412,1
"Firefox","bypass","guitar-lstm",28,"28",0.000730117778277121,9.77095376147711e-06,17027.6564041071,0.00071121471117428,0.000749523261795541,1
"Firefox","bypass","guitar-lstm",29,"29",0.000746174904702842,9.98584161178823e-06,17027.6564041071,0.000726856111607106,0.000766007163614873,1
"Firefox","bypass","guitar-lstm",3,"3",0.000725724968576493,9.71216606756681e-06,17027.6564041071,0.000706935633229009,0.000745013697512595,1
"Firefox","bypass","guitar-lstm",30,"30",0.000739028097502079,9.89019797075044e-06,17027.6564041071,0.000719894338355805,0.00075867040452762,1
"Firefox","bypass","guitar-lstm",31,"31",0.000738041961882324,9.87700080471797e-06,17027.6564041071,0.000718933734216514,0.000757658058837263,1
"Firefox","bypass","guitar-lstm",32,"32",0.000737818840995961,9.87401484282424e-06,17027.6564041071,0.000718716390027025,0.000757429007717708,1
"Firefox","bypass","guitar-lstm",33,"33",0.000748830566819758,1.00213815650978e-05,17027.6564041071,0.000729443017475794,0.000768733409422494,1
"Firefox","bypass","guitar-lstm",34,"34",0.000731556203214727,9.79020378383358e-06,17027.6564041071,0.000712615894664099,0.00075099991800521,1
"Firefox","bypass","guitar-lstm",35,"35",0.000758806437218164,1.01548857356487e-05,17027.6564041071,0.000739160608247049,0.000778974424150156,1
"Firefox","bypass","guitar-lstm",36,"36",0.000743881653478666,9.95515169799412e-06,17027.6564041071,0.000724622233655385,0.000763652961061805,1
"Firefox","bypass","guitar-lstm",37,"37",0.000730002963735204,9.76941723187378e-06,17027.6564041071,0.000711102869230832,0.000749405395647749,1
"Firefox","bypass","guitar-lstm",38,"38",0.000738994541311047,9.88974889801074e-06,17027.6564041071,0.000719861650949166,0.000758635956461152,1
"Firefox","bypass","guitar-lstm",39,"39",0.000755757319187916,1.01140802763471e-05,17027.6564041071,0.000736190433209898,0.000775844264935263,1
"Firefox","bypass","guitar-lstm",4,"4",0.000737307497254121,9.86717167832889e-06,17027.6564041071,0.000718218285197251,0.000756904073192505,1
"Firefox","bypass","guitar-lstm",40,"40",0.000742510516022613,9.93680216442251e-06,17027.6564041071,0.000723286595544931,0.000762245380738455,1
"Firefox","bypass","guitar-lstm",41,"41",0.000739557384236095,9.89728126108866e-06,17027.6564041071,0.000720409921625877,0.000759213758944001,1
"Firefox","bypass","guitar-lstm",42,"42",0.000741557610972468,9.924049713433e-06,17027.6564041071,0.000722358361621338,0.000761267148838594,1
"Firefox","bypass","guitar-lstm",43,"43",0.000733982540706855,9.82267475242342e-06,17027.6564041071,0.000714979413222361,0.00075349074406838,1
"Firefox","bypass","guitar-lstm",44,"44",0.000739890793545262,9.90174318085071e-06,17027.6564041071,0.000720734698822895,0.000759556029794479,1
"Firefox","bypass","guitar-lstm",45,"45",0.000748665897842381,1.00191778480925e-05,17027.6564041071,0.000729282611849923,0.000768564363779843,1
"Firefox","bypass","guitar-lstm",46,"46",0.00074137614788718,9.92162124576858e-06,17027.6564041071,0.00072218159669432,0.000761080862724727,1
"Firefox","bypass","guitar-lstm",47,"47",0.000746356115162471,9.98826669863697e-06,17027.6564041071,0.000727032630449054,0.000766193190388654,1
"Firefox","bypass","guitar-lstm",48,"48",0.000745611851152067,9.9783064299675e-06,17027.6564041071,0.00072630763575786,0.000765429144908168,1
"Firefox","bypass","guitar-lstm",49,"49",0.000744091942087467,9.95796592925163e-06,17027.6564041071,0.000724827077800565,0.000763868838840264,1
"Firefox","bypass","guitar-lstm",5,"5",0.000730020609781522,9.76965338377666e-06,17027.6564041071,0.000711120058413329,0.000749423510700673,1
"Firefox","bypass","guitar-lstm",6,"6",0.000730250499259877,9.77272992776734e-06,17027.6564041071,0.000711343995953018,0.000749659510311689,1
"Firefox","bypass","guitar-lstm",7,"7",0.000747224007660357,9.99988145137836e-06,17027.6564041071,0.000727878052832372,0.000767084150224529,1
"Firefox","bypass","guitar-lstm",8,"8",0.000749153484390036,1.00257030769715e-05,17027.6564041071,0.000729757574569611,0.00076906490967871,1
"Firefox","bypass","guitar-lstm",9,"9",0.000741428567567392,9.92232276309466e-06,17027.6564041071,0.000722232659206193,0.000761134675644866,1
"Firefox","bypass","steerable-nafx",0,"0",0.000252161777379621,3.37460768727232e-06,17027.6564041071,0.000245633199196213,0.000258863875808812,0
"Firefox","bypass","steerable-nafx",1,"1",0.000134080909043148,1.79436578800873e-06,17027.6564041071,0.000130609495942054,0.000137644587326275,1
"Firefox","bypass","steerable-nafx",10,"10",0.000130057151211052,1.74051700786046e-06,17027.6564041071,0.00012668991495179,0.000133513883781288,1
"Firefox","bypass","steerable-nafx",11,"11",0.000130942439494663,1.75236456334e-06,17027.6564041071,0.000127552282736368,0.000134422701757926,1
"Firefox","bypass","steerable-nafx",12,"12",0.000135027676805025,1.8070361054553e-06,17027.6564041071,0.000131531751474445,0.000138616518817547,1
"Firefox","bypass","steerable-nafx",13,"13",0.000134429479490085,1.79903060486565e-06,17027.6564041071,0.000130949041748386,0.000138002422275823,1
"Firefox","bypass","steerable-nafx",14,"14",0.000133314815145842,1.7841133763154e-06,17027.6564041071,0.000129863236549234,0.000136858131751799,1
"Firefox","bypass","steerable-nafx",15,"15",0.000131840378071261,1.76438141400934e-06,17027.6564041071,0.000128426973292341,0.000135344506254197,1
"Firefox","bypass","steerable-nafx",16,"16",0.000129039268857077,1.72689498452228e-06,17027.6564041071,0.000125698386015047,0.000132468947574042,0.313943004594118
"Firefox","bypass","steerable-nafx",17,"17",0.000130001223903664,1.7397685489806e-06,17027.6564041071,0.000126635435626735,0.000133456470006272,1
"Firefox","bypass","steerable-nafx",18,"18",0.000129046802961769,1.72699581125293e-06,17027.6564041071,0.000125705725058489,0.000132476681924432,0.313943004594118
"Firefox","bypass","steerable-nafx",19,"19",0.00012966716227282,1.73529789938738e-06,17027.6564041071,0.000126310022996933,0.000133113529496343,0.773270096313298
"Firefox","bypass","steerable-nafx",2,"2",0.000138590616915603,1.85471789613506e-06,17027.6564041071,0.000135002445514597,0.000142274156766816,0.166132631610521
"Firefox","bypass","steerable-nafx",20,"20",0.000133109715443981,1.78136858668966e-06,17027.6564041071,0.000129663446967934,0.000136647580793987,1
"Firefox","bypass","steerable-nafx",21,"21",0.000135292773227481,1.81058381373364e-06,17027.6564041071,0.000131789984435125,0.000138888661122749,1
"Firefox","bypass","steerable-nafx",22,"22",0.000133546995821356,1.78722058273093e-06,17027.6564041071,0.00013008940596599,0.000137096483456709,1
"Firefox","bypass","steerable-nafx",23,"23",0.000135512984134939,1.81353083222649e-06,17027.6564041071,0.000132004493986331,0.000139114724920333,1
"Firefox","bypass","steerable-nafx",24,"24",0.000129869378454419,1.73800409970057e-06,17027.6564041071,0.000126507003713564,0.00013332112029406,1
"Firefox","bypass","steerable-nafx",25,"25",0.000130202968915208,1.74246844376204e-06,17027.6564041071,0.00012683195737211,0.00013366357711091,1
"Firefox","bypass","steerable-nafx",26,"26",0.000128960367674419,1.72583907295511e-06,17027.6564041071,0.000125621527618354,0.000132387949311098,0.277793029580475
"Firefox","bypass","steerable-nafx",27,"27",0.000129378280504632,1.73143187874869e-06,17027.6564041071,0.000126028620503474,0.000132816969665029,0.511989144487274
"Firefox","bypass","steerable-nafx",28,"28",0.000128143549736005,1.71490783618039e-06,17027.6564041071,0.00012482585745193,0.000131549421523242,0.0592530595716175
"Firefox","bypass","steerable-nafx",29,"29",0.000132643051780439,1.7751233626802e-06,17027.6564041071,0.000129208865429782,0.000136168513879489,1
"Firefox","bypass","steerable-nafx",3,"3",0.000131828948965257,1.76422846160958e-06,17027.6564041071,0.000128415840090868,0.000135332773378946,1
"Firefox","bypass","steerable-nafx",30,"30",0.000135640294553135,1.81523459050571e-06,17027.6564041071,0.000132128508282381,0.000139245419066875,1
"Firefox","bypass","steerable-nafx",31,"31",0.000134429479490085,1.79903060486565e-06,17027.6564041071,0.000130949041748386,0.000138002422275823,1
"Firefox","bypass","steerable-nafx",32,"32",0.000132381688295282,1.77162561121546e-06,17027.6564041071,0.000128954268759029,0.000135900203727706,1
"Firefox","bypass","steerable-nafx",33,"33",0.000130748623062847,1.74977077443385e-06,17027.6564041071,0.000127363484296341,0.000134223733963296,1
"Firefox","bypass","steerable-nafx",34,"34",0.000129692781064109,1.73564074821611e-06,17027.6564041071,0.000126334978506563,0.000133139829198366,0.783822497784592
"Firefox","bypass","steerable-nafx",35,"35",0.000129370727047376,1.7313307930283e-06,17027.6564041071,0.000126021262608515,0.000132809215447711,0.511989144487274
"Firefox","bypass","steerable-nafx",36,"36",0.000129348230846419,1.7310297329173e-06,17027.6564041071,0.000125999348843993,0.000132786121329993,0.504994457782491
"Firefox","bypass","steerable-nafx",37,"37",0.000130960439718027,1.75260545509119e-06,17027.6564041071,0.000127569816926113,0.000134441180401413,1
"Firefox","bypass","steerable-nafx",38,"38",0.000132178024173095,1.76890003353474e-06,17027.6564041071,0.00012875587758962,0.000135691126505216,1
"Firefox","bypass","steerable-nafx",39,"39",0.00013718472200751,1.83590321369726e-06,17027.6564041071,0.000133632949837666,0.000140830895188195,1
"Firefox","bypass","steerable-nafx",4,"4",0.000134429479490085,1.79903060486564e-06,17027.6564041071,0.000130949041748386,0.000138002422275823,1
"Firefox","bypass","steerable-nafx",40,"40",0.00013353327828231,1.78703700489769e-06,17027.6564041071,0.00013007604358,0.000137082401325146,1
"Firefox","bypass","steerable-nafx",41,"41",0.000132983766868864,1.77968305356007e-06,17027.6564041071,0.000129540759256253,0.00013651828468636,1
"Firefox","bypass","steerable-nafx",42,"42",0.000131084472005331,1.75426534309863e-06,17027.6564041071,0.000127690637963508,0.000134568509289045,1
"Firefox","bypass","steerable-nafx",43,"43",0.000130282630352425,1.74353452959474e-06,17027.6564041071,0.00012690955634004,0.000133745355834889,1
"Firefox","bypass","steerable-nafx",44,"44",0.000129370727047376,1.7313307930283e-06,17027.6564041071,0.000126021262608515,0.000132809215447711,0.511989144487274
"Firefox","bypass","steerable-nafx",45,"45",0.000131054026063667,1.75385789392116e-06,17027.6564041071,0.000127660980280527,0.000134537254137913,1
"Firefox","bypass","steerable-nafx",46,"46",0.000132643051780439,1.77512336268021e-06,17027.6564041071,0.000129208865429782,0.000136168513879489,1
"Firefox","bypass","steerable-nafx",47,"47",0.000132858949836956,1.77801266354396e-06,17027.6564041071,0.000129419173791634,0.000136390150196738,1
"Firefox","bypass","steerable-nafx",48,"48",0.000132258893998582,1.76998229087602e-06,17027.6564041071,0.000128834653660123,0.000135774145734693,1
"Firefox","bypass","steerable-nafx",49,"49",0.000128609883511321,1.72114864539171e-06,17027.6564041071,0.000125280117642806,0.000132028149781557,0.148462243247858
"Firefox","bypass","steerable-nafx",5,"5",0.000134818456074939,1.80423616530807e-06,17027.6564041071,0.000131327947560135,0.000138401737300489,1
"Firefox","bypass","steerable-nafx",6,"6",0.000130540503426724,1.74698556990669e-06,17027.6564041071,0.000127160752968192,0.000134010082805699,1
"Firefox","bypass","steerable-nafx",7,"7",0.000131592451340729,1.76106348272163e-06,17027.6564041071,0.000128185465492787,0.000135089989986709,1
"Firefox","bypass","steerable-nafx",8,"8",0.000129225841392617,1.72939183047257e-06,17027.6564041071,0.000125880128106426,0.000132660478940021,0.418374504564561
"Firefox","bypass","steerable-nafx",9,"9",0.000128594383289489,1.72094121043352e-06,17027.6564041071,0.000125265018728464,0.000132012237586057,0.147044540330466
"Firefox","onnx","guitar-lstm",0,"0",0.00726535683687788,9.72301563198214e-05,17027.6564041071,0.00707725358573165,0.0074584596026894,1.93305682147158e-15
"Firefox","onnx","guitar-lstm",1,"1",0.00666691519733304,8.92213860050747e-05,17027.6564041071,0.0064943058607387,0.00684411224256297,1
"Firefox","onnx","guitar-lstm",10,"10",0.00650187476643999,8.70126979454085e-05,17027.6564041071,0.00633353839844425,0.00667468527369364,1
"Firefox","onnx","guitar-lstm",11,"11",0.00650060848221609,8.699575163213e-05,17027.6564041071,0.00633230489887013,0.00667338533345099,1
"Firefox","onnx","guitar-lstm",12,"12",0.00651159613267215,8.71427961607635e-05,17027.6564041071,0.00634300807427291,0.00668466501989929,1
"Firefox","onnx","guitar-lstm",13,"13",0.00650877481745958,8.71050393202798e-05,17027.6564041071,0.00634025980413932,0.00668176871817428,1
"Firefox","onnx","guitar-lstm",14,"14",0.00649361152846677,8.69021134362256e-05,17027.6564041071,0.00632548909929918,0.00666620241070502,1
"Firefox","onnx","guitar-lstm",15,"15",0.00650913281134007,8.71098302482055e-05,17027.6564041071,0.00634060852940241,0.00668213622701873,1
"Firefox","onnx","guitar-lstm",16,"16",0.00650639357662705,8.70731718671623e-05,17027.6564041071,0.00633794021466851,0.00667932418737526,1
"Firefox","onnx","guitar-lstm",17,"17",0.00649871232465101,8.69703759072213e-05,17027.6564041071,0.00633045783364981,0.00667143877873703,1
"Firefox","onnx","guitar-lstm",18,"18",0.00650100817768172,8.7001100640235e-05,17027.6564041071,0.00633269424604617,0.00667379565224891,1
"Firefox","onnx","guitar-lstm",19,"19",0.00649164260366508,8.68757638885642e-05,17027.6564041071,0.00632357115081769,0.00666418115470565,1
"Firefox","onnx","guitar-lstm",2,"2",0.00659879049525817,8.83096929415815e-05,17027.6564041071,0.00642794493685552,0.00677417688360144,1
"Firefox","onnx","guitar-lstm",20,"20",0.00650963051251556,8.71164908382061e-05,17027.6564041071,0.00634109334487782,0.00668264715637775,1
"Firefox","onnx","guitar-lstm",21,"21",0.00648418120883168,8.67759102127843e-05,17027.6564041071,0.0063163029347445,0.00665652144669761,1
"Firefox","onnx","guitar-lstm",22,"22",0.00649667446602689,8.69431038382736e-05,17027.6564041071,0.00632847273607256,0.00666934675675307,1
"Firefox","onnx","guitar-lstm",23,"23",0.00651933096893693,8.72463092236477e-05,17027.6564041071,0.00635054265225979,0.00669260543701982,1
"Firefox","onnx","guitar-lstm",24,"24",0.00658518336415161,8.81275926656746e-05,17027.6564041071,0.00641469010029655,0.00676020809446343,1
"Firefox","onnx","guitar-lstm",25,"25",0.00655321383466415,8.76997537557181e-05,17027.6564041071,0.00638354827584398,0.00672738886072821,1
"Firefox","onnx","guitar-lstm",26,"26",0.00650269026810263,8.70236115668476e-05,17027.6564041071,0.00633433278641385,0.006675522450221,1
"Firefox","onnx","guitar-lstm",27,"27",0.00651791747585934,8.72273928571189e-05,17027.6564041071,0.00634916575513327,0.00669115437532325,1
"Firefox","onnx","guitar-lstm",28,"28",0.00651380027968997,8.71722936188938e-05,17027.6564041071,0.00634515515496496,0.00668692774998398,1
"Firefox","onnx","guitar-lstm",29,"29",0.00650164859104612,8.70096711059295e-05,17027.6564041071,0.00633331807882979,0.00667445308688215,1
"Firefox","onnx","guitar-lstm",3,"3",0.00659883977958501,8.83103524993855e-05,17027.6564041071,0.00642799294518968,0.00677422747783501,1
"Firefox","onnx","guitar-lstm",30,"30",0.00650062596795198,8.69959856386453e-05,17027.6564041071,0.00633232193189271,0.00667340328393267,1
"Firefox","onnx","guitar-lstm",31,"31",0.00648484818366722,8.67848361429176e-05,17027.6564041071,0.00631695264131122,0.00665720614876781,1
"Firefox","onnx","guitar-lstm",32,"32",0.00649257601805886,8.68882555017713e-05,17027.6564041071,0.0063244803987065,0.00666513937791545,1
"Firefox","onnx","guitar-lstm",33,"33",0.00649591093308346,8.69328856990808e-05,17027.6564041071,0.0063277289713294,0.00666856293019895,1
"Firefox","onnx","guitar-lstm",34,"34",0.00648449754564583,8.67801436563136e-05,17027.6564041071,0.00631661108146083,0.00665684619129064,1
"Firefox","onnx","guitar-lstm",35,"35",0.00647155716671506,8.66069663307503e-05,17027.6564041071,0.00630400573457357,0.00664356187564509,1
"Firefox","onnx","guitar-lstm",36,"36",0.00648080250898165,8.67306940558972e-05,17027.6564041071,0.00631301171090435,0.00665305294585081,1
"Firefox","onnx","guitar-lstm",37,"37",0.00645831696327611,8.64297765410422e-05,17027.6564041071,0.00629110832576518,0.0066299697665859,1
"Firefox","onnx","guitar-lstm",38,"38",0.00648400346363755,8.67735315005756e-05,17027.6564041071,0.00631612979145081,0.00665633897729113,1
"Firefox","onnx","guitar-lstm",39,"39",0.00649273993022207,8.68904490905532e-05,17027.6564041071,0.00632464006711244,0.0066653076466289,1
"Firefox","onnx","guitar-lstm",4,"4",0.00657772790472544,8.80278184217221e-05,17027.6564041071,0.00640742766596032,0.00675255447961724,1
"Firefox","onnx","guitar-lstm",40,"40",0.00649730021277969,8.69514780249736e-05,17027.6564041071,0.00632908228196955,0.00666998913495721,1
"Firefox","onnx","guitar-lstm",41,"41",0.00647427613702276,8.66433535191541e-05,17027.6564041071,0.00630665430955643,0.00664635311228442,1
"Firefox","onnx","guitar-lstm",42,"42",0.00649003188108513,8.68542080569992e-05,17027.6564041071,0.00632200213054649,0.00666252762142939,1
"Firefox","onnx","guitar-lstm",43,"43",0.00647416788438016,8.66419048055396e-05,17027.6564041071,0.00630654885962187,0.00664624198244182,1
"Firefox","onnx","guitar-lstm",44,"44",0.00646021272020494,8.64551469043532e-05,17027.6564041071,0.00629295500072189,0.00663191591001528,1
"Firefox","onnx","guitar-lstm",45,"45",0.00649295090573111,8.68932725143964e-05,17027.6564041071,0.00632484558037372,0.00666552422956442,1
"Firefox","onnx","guitar-lstm",46,"46",0.00648953954492129,8.68476192653889e-05,17027.6564041071,0.00632152254118025,0.00666202219967635,1
"Firefox","onnx","guitar-lstm",47,"47",0.00649336694426481,8.68988402370251e-05,17027.6564041071,0.00632525084748868,0.00666595132580572,1
"Firefox","onnx","guitar-lstm",48,"48",0.00649745345658295,8.69535288421984e-05,17027.6564041071,0.00632923155822403,0.006670146451761,1
"Firefox","onnx","guitar-lstm",49,"49",0.00653610066514871,8.74707331880481e-05,17027.6564041071,0.00636687817373672,0.00670982084770826,1
"Firefox","onnx","guitar-lstm",5,"5",0.00651744967812957,8.72211324562311e-05,17027.6564041071,0.00634871006889037,0.00669067414420067,1
"Firefox","onnx","guitar-lstm",6,"6",0.0065145322836174,8.718208981444e-05,17027.6564041071,0.00634586820699207,0.00668767920952607,1
"Firefox","onnx","guitar-lstm",7,"7",0.00658067806507109,8.80672995591282e-05,17027.6564041071,0.00641030144537039,0.00675558305099419,1
"Firefox","onnx","guitar-lstm",8,"8",0.00653002742621425,8.73894567987074e-05,17027.6564041071,0.006360962173602,0.00670358619079228,1
"Firefox","onnx","guitar-lstm",9,"9",0.00651349859878142,8.71682563110834e-05,17027.6564041071,0.00634486128470646,0.0066866180508295,1
"Firefox","onnx","steerable-nafx",0,"0",0.0214648545733367,0.000287257902454879,17027.6564041071,0.0209091201446942,0.0220353596261393,1
"Firefox","onnx","steerable-nafx",1,"1",0.0210525453967084,0.000281740088726565,17027.6564041071,0.0205074858321287,0.0216120918628698,1
"Firefox","onnx","steerable-nafx",10,"10",0.0209634855756746,0.000280548227058184,17027.6564041071,0.0204207318086296,0.0215206649595095,1
"Firefox","onnx","steerable-nafx",11,"11",0.0209244853695034,0.000280026298648109,17027.6564041071,0.0203827413347731,0.0214806281837867,1
"Firefox","onnx","steerable-nafx",12,"12",0.0209414671065966,0.00028025356029392,17027.6564041071,0.0203992834073007,0.0214980612710991,1
"Firefox","onnx","steerable-nafx",13,"13",0.0209465599357282,0.000280321716144163,17027.6564041071,0.0204042443808692,0.0215032894603256,1
"Firefox","onnx","steerable-nafx",14,"14",0.0209463176742618,0.000280318474029461,17027.6564041071,0.0204040083916577,0.0215030407598969,1
"Firefox","onnx","steerable-nafx",15,"15",0.0208321557734946,0.000278790678532747,17027.6564041071,0.0202928021921964,0.0213858445995216,1
"Firefox","onnx","steerable-nafx",16,"16",0.0208821661779891,0.000279459953223015,17027.6564041071,0.0203415178055488,0.02143718420885,1
"Firefox","onnx","steerable-nafx",17,"17",0.0208393476983105,0.0002788869259697,17027.6564041071,0.0202998079149482,0.0213932276753855,1
"Firefox","onnx","steerable-nafx",18,"18",0.0208369402241922,0.000278854707444154,17027.6564041071,0.0202974627713828,0.0213907562140576,1
"Firefox","onnx","steerable-nafx",19,"19",0.0208192593767447,0.000278618089807909,17027.6564041071,0.0202802396887723,0.0213726054350402,1
"Firefox","onnx","steerable-nafx",2,"2",0.0211970690925198,0.000283674207291029,17027.6564041071,0.0206482677465438,0.0217604567912612,1
"Firefox","onnx","steerable-nafx",20,"20",0.020879530046692,0.000279424674644978,17027.6564041071,0.0203389499248386,0.0214344780129634,1
"Firefox","onnx","steerable-nafx",21,"21",0.0209017929644634,0.000279722612794977,17027.6564041071,0.0203606364459777,0.0214573326471629,1
"Firefox","onnx","steerable-nafx",22,"22",0.0208823999608363,0.000279463081870823,17027.6564041071,0.0203417455356563,0.0214374242053099,1
"Firefox","onnx","steerable-nafx",23,"23",0.020902888360914,0.00027973727216691,17027.6564041071,0.0203617034821374,0.0214584571576802,1
"Firefox","onnx","steerable-nafx",24,"24",0.0208877731679702,0.000279534989938285,17027.6564041071,0.0203469796281186,0.0214429402245841,1
"Firefox","onnx","steerable-nafx",25,"25",0.0208620317331777,0.000279190499807247,17027.6564041071,0.0203219046502782,0.0214165146193693,1
"Firefox","onnx","steerable-nafx",26,"26",0.0208813886567175,0.000279449547882095,17027.6564041071,0.0203407604146415,0.021436386022178,1
"Firefox","onnx","steerable-nafx",27,"27",0.0208598407968794,0.000279161179144335,17027.6564041071,0.0203197704382744,0.0214142654511261,1
"Firefox","onnx","steerable-nafx",28,"28",0.0208327003330759,0.000278797966215159,17027.6564041071,0.0202933326528931,0.0213864036327156,1
"Firefox","onnx","steerable-nafx",29,"29",0.0208651050588146,0.000279231629229901,17027.6564041071,0.0203248984061766,0.0214196696295944,1
"Firefox","onnx","steerable-nafx",3,"3",0.021208254483953,0.000283823898129615,17027.6564041071,0.0206591635433238,0.0217719394743582,1
"Firefox","onnx","steerable-nafx",30,"30",0.0208546859177577,0.000279092192897123,17027.6564041071,0.0203147490212172,0.0214089735627098,1
"Firefox","onnx","steerable-nafx",31,"31",0.0208423036215766,0.000278926484230598,17027.6564041071,0.0203026873080742,0.0213962621628531,1
"Firefox","onnx","steerable-nafx",32,"32",0.0208514462418585,0.000279048837257317,17027.6564041071,0.0203115932219371,0.021405647780871,1
"Firefox","onnx","steerable-nafx",33,"33",0.0208484718026994,0.000279009031203617,17027.6564041071,0.0203086957923027,0.0214025942853846,1
"Firefox","onnx","steerable-nafx",34,"34",0.0208871476298197,0.00027952661854325,17027.6564041071,0.0203463702854231,0.0214422980605266,1
"Firefox","onnx","steerable-nafx",35,"35",0.0210022567210399,0.000281067090014159,17027.6564041071,0.0204584991521642,0.0215604665863187,1
"Firefox","onnx","steerable-nafx",36,"36",0.0209244828137192,0.00028002626444479,17027.6564041071,0.0203827388451593,0.0214806255600734,1
"Firefox","onnx","steerable-nafx",37,"37",0.0209407630304415,0.000280244137847621,17027.6564041071,0.0203985975599838,0.0214973384816095,1
"Firefox","onnx","steerable-nafx",38,"38",0.0209149800918638,0.000279899092283504,17027.6564041071,0.0203734821529093,0.0214708702694986,1
"Firefox","onnx","steerable-nafx",39,"39",0.020899752877306,0.000279695310902215,17027.6564041071,0.0203586491775649,0.0214552383374145,1
"Firefox","onnx","steerable-nafx",4,"4",0.0210504933455032,0.000281712626722426,17027.6564041071,0.0205054869094225,0.0216099852710863,1
"Firefox","onnx","steerable-nafx",40,"40",0.0209012288083995,0.000279715062858542,17027.6564041071,0.0203600868961599,0.0214567534966398,1
"Firefox","onnx","steerable-nafx",41,"41",0.020901752754891,0.000279722074681968,17027.6564041071,0.0203605972774486,0.0214572913688777,1
"Firefox","onnx","steerable-nafx",42,"42",0.0208859573957893,0.000279510689987578,17027.6564041071,0.0203452108670699,0.0214410761917824,1
"Firefox","onnx","steerable-nafx",43,"43",0.0209039316341268,0.000279751233988726,17027.6564041071,0.0203627197445526,0.021459528159599,1
"Firefox","onnx","steerable-nafx",44,"44",0.0208760007273716,0.000279377442791549,17027.6564041071,0.0203355119811317,0.0214308548893966,1
"Firefox","onnx","steerable-nafx",45,"45",0.0208651236418851,0.000279231877921732,17027.6564041071,0.0203249165081232,0.0214196887065762,1
"Firefox","onnx","steerable-nafx",46,"46",0.0208928646300717,0.00027960312749397,17027.6564041071,0.0203519392700499,0.0214481670104467,1
"Firefox","onnx","steerable-nafx",47,"47",0.0208493073340042,0.000279020212875926,17027.6564041071,0.0203095096913383,0.0214034520239133,1
"Firefox","onnx","steerable-nafx",48,"48",0.0208322702300211,0.000278792210271138,17027.6564041071,0.0202929136853937,0.0213859620981384,1
"Firefox","onnx","steerable-nafx",49,"49",0.0208620899449289,0.00027919127883816,17027.6564041071,0.0203219613549019,0.0214165743783054,1
"Firefox","onnx","steerable-nafx",5,"5",0.0211499593550217,0.000283043751383085,17027.6564041071,0.0206023777006566,0.0217120949444983,1
"Firefox","onnx","steerable-nafx",6,"6",0.0210430318489975,0.000281612771686002,17027.6564041071,0.0204982185943094,0.0216023254587037,1
"Firefox","onnx","steerable-nafx",7,"7",0.0210072051481105,0.00028113331337365,17027.6564041071,0.0204633194623038,0.0215655465354845,1
"Firefox","onnx","steerable-nafx",8,"8",0.021193733456375,0.000283629567443172,17027.6564041071,0.0206450184714709,0.0217570324986911,1
"Firefox","onnx","steerable-nafx",9,"9",0.0210305920097831,0.000281446292937798,17027.6564041071,0.0204861008279473,0.0215895549864024,1
"Native","bypass","guitar-lstm",0,"0",0.000536610882273214,7.18130728301056e-06,17027.6564041071,0.000522717792942255,0.000550873229995152,0.0520029176673966
"Native","bypass","guitar-lstm",1,"1",0.000515862073329645,6.90363201084868e-06,17027.6564041071,0.000502506179694276,0.000529572947464772,1
"Native","bypass","guitar-lstm",10,"10",0.000515155028848756,6.89416984031177e-06,17027.6564041071,0.000501817440902777,0.000528847110755521,1
"Native","bypass","guitar-lstm",11,"11",0.000512962905960162,6.86483329760431e-06,17027.6564041071,0.000499682073030008,0.00052659672438417,1
"Native","bypass","guitar-lstm",12,"12",0.00051596643624625,6.90502866939185e-06,17027.6564041071,0.00050260784060954,0.000529680084198038,1
"Native","bypass","guitar-lstm",13,"13",0.000513893037429519,6.87728097638924e-06,17027.6564041071,0.000500588122990734,0.000527551577414124,1
"Native","bypass","guitar-lstm",14,"14",0.000514680904188196,6.88782476795037e-06,17027.6564041071,0.000501355591536067,0.000528360384541403,1
"Native","bypass","guitar-lstm",15,"15",0.000513184818856186,6.86780309331485e-06,17027.6564041071,0.000499898240504555,0.000526824535406736,1
"Native","bypass","guitar-lstm",16,"16",0.000512770794458759,6.86226232528572e-06,17027.6564041071,0.000499494935379003,0.000526399506834558,1
"Native","bypass","guitar-lstm",17,"17",0.000512574425032392,6.85963437039641e-06,17027.6564041071,0.000499303650042566,0.000526197918190443,1
"Native","bypass","guitar-lstm",18,"18",0.000515915705353761,6.90434975262045e-06,17027.6564041071,0.000502558423161941,0.000529628004951177,1
"Native","bypass","guitar-lstm",19,"19",0.000513131324200026,6.86708718989847e-06,17027.6564041071,0.000499846130848329,0.000526769618939329,1
"Native","bypass","guitar-lstm",2,"2",0.000513463899929402,6.87153795410475e-06,17027.6564041071,0.0005001700960473,0.00052711103405466,1
"Native","bypass","guitar-lstm",20,"20",0.000515757351527316,6.90223054944231e-06,17027.6564041071,0.000502404169184995,0.000529465442307114,1
"Native","bypass","guitar-lstm",21,"21",0.000512173153982672,6.85426427670836e-06,17027.6564041071,0.000498912768074997,0.000525785981931665,1
"Native","bypass","guitar-lstm",22,"22",0.000515720348404736,6.90173534742076e-06,17027.6564041071,0.000502368124089366,0.0005294274556946,1
"Native","bypass","guitar-lstm",23,"23",0.000513413490978514,6.87086334578407e-06,17027.6564041071,0.000500120992206094,0.000527059285306147,1
"Native","bypass","guitar-lstm",24,"24",0.000514226022838244,6.88173722321503e-06,17027.6564041071,0.000500912487262276,0.000527893413097494,1
"Native","bypass","guitar-lstm",25,"25",0.000515501999087159,6.89881324204355e-06,17027.6564041071,0.00050215542793067,0.000529203302965287,1
"Native","bypass","guitar-lstm",26,"26",0.000513138080979731,6.86717761391504e-06,17027.6564041071,0.000499852712692067,0.000526776555304549,1
"Native","bypass","guitar-lstm",27,"27",0.000515374067696843,6.89710117347514e-06,17027.6564041071,0.000502030808739738,0.000529071971342077,1
"Native","bypass","guitar-lstm",28,"28",0.000514025516563269,6.87905390608463e-06,17027.6564041071,0.000500717172182042,0.000527687577653267,1
"Native","bypass","guitar-lstm",29,"29",0.000513206130326129,6.86808829851543e-06,17027.6564041071,0.000499919000211264,0.000526846413304988,1
"Native","bypass","guitar-lstm",3,"3",0.000516912456209748,6.91768897927037e-06,17027.6564041071,0.000503529367704377,0.000530651248015523,1
"Native","bypass","guitar-lstm",30,"30",0.000514238367412619,6.88190242706163e-06,17027.6564041071,0.000500924512230247,0.000527906085772953,1
"Native","bypass","guitar-lstm",31,"31",0.000514001076686369,6.87872683432411e-06,17027.6564041071,0.000500693365064193,0.000527662488199487,1
"Native","bypass","guitar-lstm",32,"32",0.000514262302737908,6.88222274655477e-06,17027.6564041071,0.000500947827859546,0.000527930657264864,1
"Native","bypass","guitar-lstm",33,"33",0.000514894912747733,6.89068878222591e-06,17027.6564041071,0.000501564059320839,0.000528580081141553,1
"Native","bypass","guitar-lstm",34,"34",0.000513844661760697,6.8766335788908e-06,17027.6564041071,0.000500540999789035,0.000527501915989398,1
"Native","bypass","guitar-lstm",35,"35",0.000514614156120624,6.88693149798584e-06,17027.6564041071,0.00050129057160502,0.000528291862405915,1
"Native","bypass","guitar-lstm",36,"36",0.000513671377888255,6.87431457125173e-06,17027.6564041071,0.000500372202311482,0.000527324026480125,1
"Native","bypass","guitar-lstm",37,"37",0.000512833553718232,6.86310221419221e-06,17027.6564041071,0.00049955606977393,0.000526463934145148,1
"Native","bypass","guitar-lstm",38,"38",0.000512760938840515,6.86213043041476e-06,17027.6564041071,0.000499485334927006,0.000526389389268114,1
"Native","bypass","guitar-lstm",39,"39",0.000514505622219655,6.88547902037268e-06,17027.6564041071,0.000501184847693992,0.000528180443829502,1
"Native","bypass","guitar-lstm",4,"4",0.000513967931764095,6.87828326547454e-06,17027.6564041071,0.000500661078278386,0.000527628462332711,1
"Native","bypass","guitar-lstm",40,"40",0.000513179766468074,6.86773547867499e-06,17027.6564041071,0.00049989331892497,0.000526819348733393,1
"Native","bypass","guitar-lstm",41,"41",0.000513445370523904,6.87128998046305e-06,17027.6564041071,0.000500152046376176,0.000527092012164136,1
"Native","bypass","guitar-lstm",42,"42",0.000514184162818259,6.88117702274891e-06,17027.6564041071,0.000500871711016431,0.000527850440498207,1
"Native","bypass","guitar-lstm",43,"43",0.000513080114692029,6.86640186795498e-06,17027.6564041071,0.000499796247176786,0.000526717048356047,1
"Native","bypass","guitar-lstm",44,"44",0.000514798047564842,6.8893924636712e-06,17027.6564041071,0.000501469702019698,0.000528480641421011,1
"Native","bypass","guitar-lstm",45,"45",0.00051262532349037,6.860315529648e-06,17027.6564041071,0.00049935323071731,0.000526250169456442,1
"Native","bypass","guitar-lstm",46,"46",0.000514800144344816,6.88942052426742e-06,17027.6564041071,0.000501471744513126,0.000528482793930389,1
"Native","bypass","guitar-lstm",47,"47",0.000513493396871179,6.87193270309291e-06,17027.6564041071,0.000500198829300414,0.000527141314982849,1
"Native","bypass","guitar-lstm",48,"48",0.000514139696886981,6.88058194813025e-06,17027.6564041071,0.00050082839632747,0.000527804792726242,1
"Native","bypass","guitar-lstm",49,"49",0.000515411761733879,6.89760562180385e-06,17027.6564041071,0.000502067526861746,0.000529110667232562,1
"Native","bypass","guitar-lstm",5,"5",0.000514250297286272,6.8820620810891e-06,17027.6564041071,0.000500936133234279,0.00052791833272554,1
"Native","bypass","guitar-lstm",6,"6",0.000516869579389413,6.917115171261e-06,17027.6564041071,0.000503487600983585,0.00053060723159079,1
"Native","bypass","guitar-lstm",7,"7",0.000514182971098157,6.88116107430558e-06,17027.6564041071,0.000500870550150481,0.000527849217103894,1
"Native","bypass","guitar-lstm",8,"8",0.000514715888285745,6.8882929499475e-06,17027.6564041071,0.000501389669880102,0.000528396298466096,1
"Native","bypass","guitar-lstm",9,"9",0.000513924050916358,6.87769602085867e-06,17027.6564041071,0.000500618333524898,0.000527583415194968,1
"Native","bypass","steerable-nafx",0,"0",0.000139485587011873,1.86669502049599e-06,17027.6564041071,0.000135874244445491,0.00014319291388481,1.12985171692497e-20
"Native","bypass","steerable-nafx",1,"1",0.000123891512547112,1.65800405982967e-06,17027.6564041071,0.000120683907356786,0.000127184371283517,1
"Native","bypass","steerable-nafx",10,"10",0.000123966556062028,1.65900834535204e-06,17027.6564041071,0.000120757007962435,0.000127261409347444,1
"Native","bypass","steerable-nafx",11,"11",0.000125747170098807,1.6828377848453e-06,17027.6564041071,0.000122491521126693,0.000129089349551824,1
"Native","bypass","steerable-nafx",12,"12",0.000122889565493683,1.64459529398151e-06,17027.6564041071,0.000119707901148722,0.000126155793914254,1
"Native","bypass","steerable-nafx",13,"13",0.000122077276547583,1.63372466739297e-06,17027.6564041071,0.00011891664271703,0.000125321915492833,1
"Native","bypass","steerable-nafx",14,"14",0.000122493194032925,1.63929077006678e-06,17027.6564041071,0.000119321791917625,0.000125748887468488,1
"Native","bypass","steerable-nafx",15,"15",0.000122052244834177,1.63338967525672e-06,17027.6564041071,0.00011889225908558,0.000125296218472382,1
"Native","bypass","steerable-nafx",16,"16",0.000122477612709777,1.63908224975329e-06,17027.6564041071,0.000119306614001717,0.000125732892016115,1
"Native","bypass","steerable-nafx",17,"17",0.000122624790382505,1.64105188571852e-06,17027.6564041071,0.000119449981180431,0.000125883981460324,1
"Native","bypass","steerable-nafx",18,"18",0.000122569968784237,1.64031822422205e-06,17027.6564041071,0.000119396578937206,0.000125827702782591,1
"Native","bypass","steerable-nafx",19,"19",0.000122107734682864,1.63413227975408e-06,17027.6564041071,0.00011894631227793,0.000125353183161672,1
"Native","bypass","steerable-nafx",2,"2",0.000126273318065886,1.68987906997898e-06,17027.6564041071,0.00012300404689387,0.000129629481777343,1
"Native","bypass","steerable-nafx",20,"20",0.00012272975463192,1.6424565917237e-06,17027.6564041071,0.000119552227859737,0.000125991735508964,1
"Native","bypass","steerable-nafx",21,"21",0.000122819947190777,1.64366361249273e-06,17027.6564041071,0.000119640085293984,0.000126084325256694,1
"Native","bypass","steerable-nafx",22,"22",0.000122150315210406,1.63470212256319e-06,17027.6564041071,0.000118987790377078,0.000125396895418573,1
"Native","bypass","steerable-nafx",23,"23",0.000122281293231315,1.63645496330225e-06,17027.6564041071,0.000119115377320011,0.000125531354647448,1
"Native","bypass","steerable-nafx",24,"24",0.000122021967003389,1.63298447585817e-06,17027.6564041071,0.000118862765161011,0.000125265135900272,1
"Native","bypass","steerable-nafx",25,"25",0.000122461409637585,1.63886540875325e-06,17027.6564041071,0.000119290830434117,0.0001257162582895,1
"Native","bypass","steerable-nafx",26,"26",0.000121983050420681,1.63246366655657e-06,17027.6564041071,0.00011882485614557,0.000125225184970604,1
"Native","bypass","steerable-nafx",27,"27",0.000122338309358897,1.63721799354591e-06,17027.6564041071,0.00011917091727523,0.000125589886181937,1
"Native","bypass","steerable-nafx",28,"28",0.000122729822585024,1.64245750112031e-06,17027.6564041071,0.000119552294053505,0.000125991805268163,1
"Native","bypass","steerable-nafx",29,"29",0.000122401944458786,1.63806960356983e-06,17027.6564041071,0.000119232904834683,0.000125655212611525,1
"Native","bypass","steerable-nafx",3,"3",0.000126060768122968,1.68703457594522e-06,17027.6564041071,0.000122796999961498,0.000129411282561751,1
"Native","bypass","steerable-nafx",30,"30",0.000125381986989449,1.67795064556152e-06,17027.6564041071,0.000122135792767002,0.000128714460399112,1
"Native","bypass","steerable-nafx",31,"31",0.000122758545652871,1.64284189357887e-06,17027.6564041071,0.000119580273468623,0.000126021291753963,1
"Native","bypass","steerable-nafx",32,"32",0.000122042539507784,1.63325979169787e-06,17027.6564041071,0.000118882805034312,0.000125286255192331,1
"Native","bypass","steerable-nafx",33,"33",0.000122630469857942,1.64112789248555e-06,17027.6564041071,0.000119455513611777,0.000125889811888073,1
"Native","bypass","steerable-nafx",34,"34",0.000122081506904098,1.63378128102317e-06,17027.6564041071,0.000118920763547773,0.000125326258286158,1
"Native","bypass","steerable-nafx",35,"35",0.000122339919513017,1.63723954176995e-06,17027.6564041071,0.00011917248574176,0.000125591539131645,1
"Native","bypass","steerable-nafx",36,"36",0.000122174472446552,1.63502541182475e-06,17027.6564041071,0.000119011322171865,0.000125421694719413,1
"Native","bypass","steerable-nafx",37,"37",0.000122953224051814,1.64544721794026e-06,17027.6564041071,0.000119769911559073,0.000126221144425571,1
"Native","bypass","steerable-nafx",38,"38",0.000122431507805965,1.63846524124215e-06,17027.6564041071,0.000119261702773934,0.000125685561710077,1
"Native","bypass","steerable-nafx",39,"39",0.000122880360162893,1.64447210171831e-06,17027.6564041071,0.000119698934147953,0.000126146343918973,1
"Native","bypass","steerable-nafx",4,"4",0.000122981214876962,1.64582181100784e-06,17027.6564041071,0.000119797177689573,0.000126249879206711,1
"Native","bypass","steerable-nafx",40,"40",0.000122349778071464,1.63737147598878e-06,17027.6564041071,0.000119182089057836,0.000125601659716437,1
"Native","bypass","steerable-nafx",41,"41",0.000122475438079316,1.63905314730664e-06,17027.6564041071,0.000119304495673385,0.000125730659587095,1
"Native","bypass","steerable-nafx",42,"42",0.00012277981655551,1.64312655587902e-06,17027.6564041071,0.000119600993658333,0.000126043128006691,1
"Native","bypass","steerable-nafx",43,"43",0.00012233931129625,1.63723140218194e-06,17027.6564041071,0.000119171893271989,0.000125590914749348,1
"Native","bypass","steerable-nafx",44,"44",0.000122246265187668,1.63598619318732e-06,17027.6564041071,0.000119081256167662,0.000125495395608633,1
"Native","bypass","steerable-nafx",45,"45",0.000122673229744848,1.64170013560883e-06,17027.6564041071,0.000119497166426596,0.000125933708271452,1
"Native","bypass","steerable-nafx",46,"46",0.000122338365425302,1.63721874386629e-06,17027.6564041071,0.000119170971890052,0.000125589943738507,1
"Native","bypass","steerable-nafx",47,"47",0.000122349125475853,1.63736274249163e-06,17027.6564041071,0.00011918145335821,0.000125600989775771,1
"Native","bypass","steerable-nafx",48,"48",0.000121884495918236,1.63114474032983e-06,17027.6564041071,0.000118728853262095,0.000125124011030816,1
"Native","bypass","steerable-nafx",49,"49",0.000122531471055085,1.63980302031572e-06,17027.6564041071,0.00011935907793102,0.000125788181839006,1
"Native","bypass","steerable-nafx",5,"5",0.000123416260317153,1.65164389753515e-06,17027.6564041071,0.000120220959613941,0.000126696487530824,1
"Native","bypass","steerable-nafx",6,"6",0.000124488420919475,1.66599231087592e-06,17027.6564041071,0.000121265361511553,0.00012779714462442,1
"Native","bypass","steerable-nafx",7,"7",0.00012505119017277,1.67352368802619e-06,17027.6564041071,0.000121813560423904,0.000128374871477425,1
"Native","bypass","steerable-nafx",8,"8",0.000122214014881231,1.63555459672116e-06,17027.6564041071,0.000119049840835697,0.0001254622881353,1
"Native","bypass","steerable-nafx",9,"9",0.000122675645906416,1.64173247039599e-06,17027.6564041071,0.00011949952003269,0.00012593618865113,1
"Native","onnx","guitar-lstm",0,"0",0.00370866792778528,4.96320236504487e-05,17027.6564041071,0.00361264890073664,0.00380723900287642,0.000323996763290374
"Native","onnx","guitar-lstm",1,"1",0.00351792825571022,4.70794101245562e-05,17027.6564041071,0.00342684756180136,0.00361142974384855,1
"Native","onnx","guitar-lstm",10,"10",0.00349542340529687,4.67782342604147e-05,17027.6564041071,0.00340492537176167,0.00358832674678439,1
"Native","onnx","guitar-lstm",11,"11",0.00349764980373713,4.68080295028559e-05,17027.6564041071,0.00340709412777715,0.00359061231970242,1
"Native","onnx","guitar-lstm",12,"12",0.00349751929601352,4.68062829559687e-05,17027.6564041071,0.00340696699895531,0.00359047834327067,1
"Native","onnx","guitar-lstm",13,"13",0.00350073005858741,4.68492516571589e-05,17027.6564041071,0.00341009463348851,0.00359377444330936,1
"Native","onnx","guitar-lstm",14,"14",0.00349754867024014,4.68066760626955e-05,17027.6564041071,0.00340699561267042,0.0035905084982221,1
"Native","onnx","guitar-lstm",15,"15",0.00350404363634799,4.68935963040735e-05,17027.6564041071,0.00341332242127846,0.00359717609121497,1
"Native","onnx","guitar-lstm",16,"16",0.00350995675929108,4.69727299076946e-05,17027.6564041071,0.00341908245089454,0.00360324637648615,1
"Native","onnx","guitar-lstm",17,"17",0.00349531906627671,4.67768379216706e-05,17027.6564041071,0.00340482373412416,0.0035882196345827,1
"Native","onnx","guitar-lstm",18,"18",0.00349365795042567,4.6754607691623e-05,17027.6564041071,0.00340320562528559,0.00358651436865447,1
"Native","onnx","guitar-lstm",19,"19",0.0034995324933754,4.68332249904198e-05,17027.6564041071,0.00340892807376114,0.0035925450485314,1
"Native","onnx","guitar-lstm",2,"2",0.00349779560359225,4.68099806998888e-05,17027.6564041071,0.00340723615281055,0.00359076199470859,1
"Native","onnx","guitar-lstm",20,"20",0.00349861673486529,4.68209696607657e-05,17027.6564041071,0.00340803602463749,0.00359160495047333,1
"Native","onnx","guitar-lstm",21,"21",0.00349640009570284,4.67913050238994e-05,17027.6564041071,0.00340587677522787,0.00358932939622072,1
"Native","onnx","guitar-lstm",22,"22",0.00349897296330155,4.68257369622652e-05,17027.6564041071,0.00340838303016446,0.00359197064695057,1
"Native","onnx","guitar-lstm",23,"23",0.00350319049796568,4.68821790013674e-05,17027.6564041071,0.00341249137102024,0.0035963002776379,1
"Native","onnx","guitar-lstm",24,"24",0.00350322928352398,4.68826980572074e-05,17027.6564041071,0.00341252915240355,0.00359634009406073,1
"Native","onnx","guitar-lstm",25,"25",0.0035026756627895,4.68752891120222e-05,17027.6564041071,0.00341198986515088,0.00359577175888105,1
"Native","onnx","guitar-lstm",26,"26",0.00349378197594347,4.6756267489036e-05,17027.6564041071,0.00340332643972875,0.00358664169059267,1
"Native","onnx","guitar-lstm",27,"27",0.00349658602978039,4.67937933255522e-05,17027.6564041071,0.00340605789539122,0.00358952027215941,1
"Native","onnx","guitar-lstm",28,"28",0.00349461316969231,4.67673911130983e-05,17027.6564041071,0.0034041361135096,0.00358749497627938,1
"Native","onnx","guitar-lstm",29,"29",0.00349351914244175,4.67527500647674e-05,17027.6564041071,0.0034030704111008,0.00358637187135339,1
"Native","onnx","guitar-lstm",3,"3",0.00349598766228486,4.67857855474854e-05,17027.6564041071,0.00340547501989062,0.00358890600091395,1
"Native","onnx","guitar-lstm",30,"30",0.00349288621756162,4.67442798152786e-05,17027.6564041071,0.00340245387292133,0.0035857221242376,1
"Native","onnx","guitar-lstm",31,"31",0.0034953888075974,4.67777712494705e-05,17027.6564041071,0.0034048916698117,0.00358829122952768,1
"Native","onnx","guitar-lstm",32,"32",0.00350654392254323,4.69270569066379e-05,17027.6564041071,0.00341575797397572,0.00359974283143174,1
"Native","onnx","guitar-lstm",33,"33",0.0034920436958559,4.67330045924658e-05,17027.6564041071,0.00340163316446933,0.00358485720951316,1
"Native","onnx","guitar-lstm",34,"34",0.00349359184439511,4.67537230138529e-05,17027.6564041071,0.00340314123076894,0.00358644650562042,1
"Native","onnx","guitar-lstm",35,"35",0.00349725928581087,4.68028033150897e-05,17027.6564041071,0.00340671372052999,0.00359021142236969,1
"Native","onnx","guitar-lstm",36,"36",0.00349629650673432,4.67899187228783e-05,17027.6564041071,0.00340577586822284,0.00358922305400597,1
"Native","onnx","guitar-lstm",37,"37",0.00350106798306328,4.6853774002083e-05,17027.6564041071,0.0034104238089526,0.0035941213493332,1
"Native","onnx","guitar-lstm",38,"38",0.00349242493105007,4.67381065521295e-05,17027.6564041071,0.00340200452931836,0.00358524857739208,1
"Native","onnx","guitar-lstm",39,"39",0.00349194824915809,4.67317272570841e-05,17027.6564041071,0.00340154018892807,0.003584759225979,1
"Native","onnx","guitar-lstm",4,"4",0.00349843249352036,4.68185040124609e-05,17027.6564041071,0.00340785655338118,0.00359141581225766,1
"Native","onnx","guitar-lstm",40,"40",0.00349569270748884,4.67818382532824e-05,17027.6564041071,0.00340518770160266,0.00358860320664243,1
"Native","onnx","guitar-lstm",41,"41",0.00349511318376894,4.67740826559811e-05,17027.6564041071,0.00340462318200414,0.00358800828001311,1
"Native","onnx","guitar-lstm",42,"42",0.00349354272298114,4.67530656362641e-05,17027.6564041071,0.00340309338112976,0.0035863960786297,1
"Native","onnx","guitar-lstm",43,"43",0.00349898649640088,4.68259180717955e-05,17027.6564041071,0.00340839621288596,0.00359198453974028,1
"Native","onnx","guitar-lstm",44,"44",0.00349499317734139,4.67724766448832e-05,17027.6564041071,0.00340450628259524,0.00358788508398682,1
"Native","onnx","guitar-lstm",45,"45",0.00349298951487874,4.6745662213214e-05,17027.6564041071,0.00340255449582595,0.00358582816704928,1
"Native","onnx","guitar-lstm",46,"46",0.00349226806411093,4.67360072475314e-05,17027.6564041071,0.00340185172373256,0.00358508754115465,1
"Native","onnx","guitar-lstm",47,"47",0.00349431467503755,4.6763396445996e-05,17027.6564041071,0.0034038453470114,0.00358718854806475,1
"Native","onnx","guitar-lstm",48,"48",0.00349566192751117,4.67814263337981e-05,17027.6564041071,0.00340515771853201,0.00358857160857708,1
"Native","onnx","guitar-lstm",49,"49",0.00349670161766649,4.67953402045957e-05,17027.6564041071,0.00340617049065663,0.00358963893220576,1
"Native","onnx","guitar-lstm",5,"5",0.00349549083447217,4.67791366454456e-05,17027.6564041071,0.00340499105516627,0.00358839596813047,1
"Native","onnx","guitar-lstm",6,"6",0.00348967398534429,4.67012914462776e-05,17027.6564041071,0.0033993248067944,0.00358242451549444,1
"Native","onnx","guitar-lstm",7,"7",0.00349650553808981,4.67927161286805e-05,17027.6564041071,0.00340597948766554,0.00358943764111512,1
"Native","onnx","guitar-lstm",8,"8",0.00348904184621163,4.66928317122187e-05,17027.6564041071,0.00339870903401907,0.00358177557501017,1
"Native","onnx","guitar-lstm",9,"9",0.00350379937518479,4.68903274280068e-05,17027.6564041071,0.0034130844841431,0.00359692533794034,1
"Native","onnx","steerable-nafx",0,"0",0.0116089835982963,0.000155359649266951,17027.6564041071,0.0113084219594985,0.0119175337344318,1
"Native","onnx","steerable-nafx",1,"1",0.0114200924869411,0.000152831774491239,17027.6564041071,0.0111244213212413,0.0117236221682168,1
"Native","onnx","steerable-nafx",10,"10",0.0113597712781885,0.000152024513308053,17027.6564041071,0.0110656618548414,0.0116616977082394,1
"Native","onnx","steerable-nafx",11,"11",0.0113588554208004,0.000152012256655142,17027.6564041071,0.0110647697093998,0.0116607575086753,1
"Native","onnx","steerable-nafx",12,"12",0.0113611579397673,0.00015204307059644,17027.6564041071,0.0110670126151483,0.0116631212252944,1
"Native","onnx","steerable-nafx",13,"13",0.0113520197517742,0.000151920776885752,17027.6564041071,0.0110581110188202,0.0116537401573691,1
"Native","onnx","steerable-nafx",14,"14",0.0113613387233124,0.000152045489970017,17027.6564041071,0.0110671887181288,0.0116633068138069,1
"Native","onnx","steerable-nafx",15,"15",0.0113620140346278,0.000152054527464834,17027.6564041071,0.0110678465453403,0.0116640000739287,1
"Native","onnx","steerable-nafx",16,"16",0.0113500927019865,0.000151894987739218,17027.6564041071,0.0110562338611904,0.0116517618893615,1
"Native","onnx","steerable-nafx",17,"17",0.0113536924653746,0.000151943162325106,17027.6564041071,0.0110597404251374,0.0116554573292982,1
"Native","onnx","steerable-nafx",18,"18",0.0113547636684339,0.000151957497923926,17027.6564041071,0.0110607838942832,0.0116565570033987,1
"Native","onnx","steerable-nafx",19,"19",0.0113559104775933,0.000151972845337183,17027.6564041071,0.0110619010120542,0.0116577342931009,1
"Native","onnx","steerable-nafx",2,"2",0.0113798549380621,0.00015229328708377,17027.6564041071,0.0110852255400184,0.0116823151629914,1
"Native","onnx","steerable-nafx",20,"20",0.0113499312848797,0.000151892827541051,17027.6564041071,0.0110560766232428,0.0116515961820196,1
"Native","onnx","steerable-nafx",21,"21",0.0113507586501388,0.00015190389992955,17027.6564041071,0.0110568825676552,0.0116524455374608,1
"Native","onnx","steerable-nafx",22,"22",0.0113553448849514,0.000151965276175446,17027.6564041071,0.0110613500628521,0.0116571536678178,1
"Native","onnx","steerable-nafx",23,"23",0.0113534736169382,0.000151940233540167,17027.6564041071,0.0110595272427823,0.0116552326641842,1
"Native","onnx","steerable-nafx",24,"24",0.0113566440668231,0.000151982662748372,17027.6564041071,0.0110626156083396,0.0116584873800805,1
"Native","onnx","steerable-nafx",25,"25",0.0113572873380644,0.0001519912714602,17027.6564041071,0.0110632422250084,0.0116591477485489,1
"Native","onnx","steerable-nafx",26,"26",0.011363184848915,0.000152070196131731,17027.6564041071,0.0110689870467359,0.0116652020067806,1
"Native","onnx","steerable-nafx",27,"27",0.0113693225271145,0.000152152334893003,17027.6564041071,0.0110749658177751,0.0116715028156649,1
"Native","onnx","steerable-nafx",28,"28",0.0113531168434921,0.00015193545894496,17027.6564041071,0.011059179706356,0.0116548664082116,1
"Native","onnx","steerable-nafx",29,"29",0.0113579232615216,0.000151999781838774,17027.6564041071,0.0110638616841305,0.0116598005739397,1
"Native","onnx","steerable-nafx",3,"3",0.0113820645124592,0.000152322857174937,17027.6564041071,0.0110873779075725,0.0116845834647073,1
"Native","onnx","steerable-nafx",30,"30",0.0113498957805577,0.000151892352397041,17027.6564041071,0.0110560420381432,0.0116515597340436,1
"Native","onnx","steerable-nafx",31,"31",0.0113593972475871,0.000152019507765357,17027.6564041071,0.0110652975080551,0.011661313736441,1
"Native","onnx","steerable-nafx",32,"32",0.0113511231981027,0.000151908778568866,17027.6564041071,0.0110572376773136,0.0116528197745867,1
"Native","onnx","steerable-nafx",33,"33",0.0113549087849258,0.000151959439975708,17027.6564041071,0.0110609252536459,0.0116567059768788,1
"Native","onnx","steerable-nafx",34,"34",0.0113556534529337,0.000151969405650959,17027.6564041071,0.011061650641875,0.0116574704370945,1
"Native","onnx","steerable-nafx",35,"35",0.0113576637191602,0.000151996308458878,17027.6564041071,0.0110636088614338,0.0116595341333145,1
"Native","onnx","steerable-nafx",36,"36",0.0113580285541174,0.000152001190938943,17027.6564041071,0.0110639642506552,0.0116599086650617,1
"Native","onnx","steerable-nafx",37,"37",0.0113507504762392,0.000151903790540629,17027.6564041071,0.0110568746053814,0.0116524371463106,1
"Native","onnx","steerable-nafx",38,"38",0.0113575590793639,0.000151994908094935,17027.6564041071,0.0110635069308074,0.0116594267123424,1
"Native","onnx","steerable-nafx",39,"39",0.0113518456535245,0.00015191844697954,17027.6564041071,0.0110579414280501,0.0116535614318376,1
"Native","onnx","steerable-nafx",4,"4",0.011359954608199,0.000152026966760232,17027.6564041071,0.0110658404383581,0.0116618859108986,1
"Native","onnx","steerable-nafx",40,"40",0.0113446294251237,0.000151821874294784,17027.6564041071,0.0110509120309438,0.0116461534064344,1
"Native","onnx","steerable-nafx",41,"41",0.0113525835947799,0.00015192832263262,17027.6564041071,0.0110586602636851,0.0116543189865133,1
"Native","onnx","steerable-nafx",42,"42",0.0113604975616951,0.000152034232948871,17027.6564041071,0.0110663693345519,0.0116624432953201,1
"Native","onnx","steerable-nafx",43,"43",0.0113670716980316,0.00015212221270238,17027.6564041071,0.0110727732636369,0.0116691921627727,1
"Native","onnx","steerable-nafx",44,"44",0.0113443837267371,0.000151818586184774,17027.6564041071,0.0110506726937953,0.0116459011777369,1
"Native","onnx","steerable-nafx",45,"45",0.0113509924344058,0.000151907028596362,17027.6564041071,0.0110571102991457,0.0116526855353783,1
"Native","onnx","steerable-nafx",46,"46",0.0113561836343793,0.000151976500914962,17027.6564041071,0.0110621670966922,0.0116580147100026,1
"Native","onnx","steerable-nafx",47,"47",0.0113503675447908,0.000151898665880489,17027.6564041071,0.0110565015881949,0.0116520440370934,1
"Native","onnx","steerable-nafx",48,"48",0.0113718684985384,0.000152186406887687,17027.6564041071,0.0110774458728905,0.0116741164553581,1
"Native","onnx","steerable-nafx",49,"49",0.011356603503359,0.000151982119899337,17027.6564041071,0.0110625760950812,0.0116584457384977,1
"Native","onnx","steerable-nafx",5,"5",0.011351323010657,0.000151911452602134,17027.6564041071,0.0110574323166338,0.0116530248978721,1
"Native","onnx","steerable-nafx",6,"6",0.0113554307457425,0.000151966425225427,17027.6564041071,0.0110614337006699,0.0116572418106655,1
"Native","onnx","steerable-nafx",7,"7",0.0113626404176105,0.000152062910166015,17027.6564041071,0.0110684567109949,0.0116646431052728,1
"Native","onnx","steerable-nafx",8,"8",0.011359251984772,0.000152017563755373,17027.6564041071,0.0110651560061575,0.0116611646127485,1
"Native","onnx","steerable-nafx",9,"9",0.0113513349267293,0.000151911612071463,17027.6564041071,0.0110574439241939,0.0116530371306566,1
"Safari","bypass","guitar-lstm",0,"0",0.00139120062198416,1.86180330828569e-05,17027.6564041071,0.00135518183228569,0.00142817673945994,0
"Safari","bypass","guitar-lstm",1,"1",0.000819654621962522,1.0969199285183e-05,17027.6564041071,0.000798433407000913,0.000841439866385447,2.78011413228708e-26
"Safari","bypass","guitar-lstm",10,"10",0.000695976131728857,9.3140460409844e-06,17027.6564041071,0.000677957006717148,0.000714474179242982,1
"Safari","bypass","guitar-lstm",11,"11",0.00070616033117234,9.45033821852151e-06,17027.6564041071,0.000687877532803816,0.000724929060102983,1
"Safari","bypass","guitar-lstm",12,"12",0.000699564499287014,9.36206811979569e-06,17027.6564041071,0.000681452469877193,0.000718157920464923,1
"Safari","bypass","guitar-lstm",13,"13",0.000693509871105039,9.28104079274085e-06,17027.6564041071,0.000675554598654455,0.000711942368948534,1
"Safari","bypass","guitar-lstm",14,"14",0.000689871792280368,9.23235344251585e-06,17027.6564041071,0.000672010711274224,0.000708207595205903,0.452898014781402
"Safari","bypass","guitar-lstm",15,"15",0.000700768239916297,9.37817743034733e-06,17027.6564041071,0.000682625045137592,0.000719393654793904,1
"Safari","bypass","guitar-lstm",16,"16",0.00070129208294789,9.38518786920015e-06,17027.6564041071,0.000683135325645066,0.000719931420822057,1
"Safari","bypass","guitar-lstm",17,"17",0.000678491068355619,9.08004852603613e-06,17027.6564041071,0.000660924639245962,0.000696524387959805,0.00577323617512401
"Safari","bypass","guitar-lstm",18,"18",0.000694137817501465,9.28944441663101e-06,17027.6564041071,0.000676166287245329,0.000712587005259667,1
"Safari","bypass","guitar-lstm",19,"19",0.000724294320782588,9.69302012446132e-06,17027.6564041071,0.000705542025529254,0.000743545025151954,1
"Safari","bypass","guitar-lstm",2,"2",0.000732525588950494,9.80317679104286e-06,17027.6564041071,0.00071356018258119,0.000751995068623682,1
"Safari","bypass","guitar-lstm",20,"20",0.000695515833143502,9.30788599896407e-06,17027.6564041071,0.000677508625462538,0.000714001646581321,1
"Safari","bypass","guitar-lstm",21,"21",0.000693213456672814,9.27707396465136e-06,17027.6564041071,0.00067526585852091,0.000711638076245774,1
"Safari","bypass","guitar-lstm",22,"22",0.000701313909441196,9.38547996680853e-06,17027.6564041071,0.000683156587040958,0.000719953827432255,1
"Safari","bypass","guitar-lstm",23,"23",0.00068450813523713,9.16057318113723e-06,17027.6564041071,0.000666785921646657,0.000702701379850229,0.072646277460792
"Safari","bypass","guitar-lstm",24,"24",0.000706051017229315,9.4488753018325e-06,17027.6564041071,0.000687771049046361,0.000724816840752114,1
"Safari","bypass","guitar-lstm",25,"25",0.000707956891902739,9.47438106797496e-06,17027.6564041071,0.000689627579794855,0.000726773370841231,1
"Safari","bypass","guitar-lstm",26,"26",0.000702581374670075,9.4024420851326e-06,17027.6564041071,0.000684391237043329,0.000721254980069303,1
"Safari","bypass","guitar-lstm",27,"27",0.000687368437130709,9.19885176902751e-06,17027.6564041071,0.000669572169079111,0.000705637704466313,0.19776587145761
"Safari","bypass","guitar-lstm",28,"28",0.000694324429837751,9.29194179522311e-06,17027.6564041071,0.000676348068106995,0.000712778577484239,1
"Safari","bypass","guitar-lstm",29,"29",0.000698476559192952,9.3475085341088e-06,17027.6564041071,0.000680392697025751,0.000717041064483325,1
"Safari","bypass","guitar-lstm",3,"3",0.000739022354425057,9.89012111282192e-06,17027.6564041071,0.000719888743969548,0.000758664508807847,0.188324958001728
"Safari","bypass","guitar-lstm",30,"30",0.00070865283785621,9.48369471014911e-06,17027.6564041071,0.000690305507404642,0.000727487814040122,1
"Safari","bypass","guitar-lstm",31,"31",0.000694702615784792,9.29700294769974e-06,17027.6564041071,0.000676716462655241,0.000713166815071414,1
"Safari","bypass","guitar-lstm",32,"32",0.000699639177919098,9.36306752219729e-06,17027.6564041071,0.000681525215046985,0.000718234583947955,1
"Safari","bypass","guitar-lstm",33,"33",0.000682472843321756,9.13333546170633e-06,17027.6564041071,0.000664803324324944,0.000700611992794463,0.0332363333113831
"Safari","bypass","guitar-lstm",34,"34",0.000699281596202267,9.35828211013768e-06,17027.6564041071,0.00068117689127646,0.000717867498221882,1
"Safari","bypass","guitar-lstm",35,"35",0.000697917827096123,9.3400311850487e-06,17027.6564041071,0.000679848430746128,0.000716467482088615,1
"Safari","bypass","guitar-lstm",36,"36",0.000695904564384742,9.31308827604432e-06,17027.6564041071,0.000677887292282726,0.000714400709741492,1
"Safari","bypass","guitar-lstm",37,"37",0.000699645286017776,9.36314926510442e-06,17027.6564041071,0.000681531165004329,0.000718240854391136,1
"Safari","bypass","guitar-lstm",38,"38",0.000687196539704359,9.19655131579304e-06,17027.6564041071,0.000669404722151957,0.00070546123825288,0.190414072372094
"Safari","bypass","guitar-lstm",39,"39",0.000701741034682441,9.3911960596181e-06,17027.6564041071,0.000683572653823778,0.000720392305049891,1
"Safari","bypass","guitar-lstm",4,"4",0.000712003992541623,9.52854223811369e-06,17027.6564041071,0.000693569899236478,0.000730928037611336,1
"Safari","bypass","guitar-lstm",40,"40",0.000684254454277827,9.15717824268038e-06,17027.6564041071,0.00066653880859782,0.00070244095641482,0.0671957891983655
"Safari","bypass","guitar-lstm",41,"41",0.000691038694509417,9.24796975547718e-06,17027.6564041071,0.000673147401896606,0.0007094055120228,0.640392142129572
"Safari","bypass","guitar-lstm",42,"42",0.000700075106856753,9.36890143231405e-06,17027.6564041071,0.000681949857594682,0.000718682099251627,1
"Safari","bypass","guitar-lstm",43,"43",0.000696709335722375,9.32385829666637e-06,17027.6564041071,0.000678671227740107,0.000715226870747194,1
"Safari","bypass","guitar-lstm",44,"44",0.000694680557245742,9.29670774469072e-06,17027.6564041071,0.00067669497522137,0.000713144170248029,1
"Safari","bypass","guitar-lstm",45,"45",0.000694372045608715,9.29257902322966e-06,17027.6564041071,0.000676394451084922,0.000712827458814113,1
"Safari","bypass","guitar-lstm",46,"46",0.000700834875903468,9.37906920037247e-06,17027.6564041071,0.000682689955890048,0.000719462061870054,1
"Safari","bypass","guitar-lstm",47,"47",0.000706681451307921,9.45731221764935e-06,17027.6564041071,0.000688385160912241,0.000725464030864454,1
"Safari","bypass","guitar-lstm",48,"48",0.000692428144933948,9.26656436617683e-06,17027.6564041071,0.000674500878844812,0.000710831892047068,0.950632689395873
"Safari","bypass","guitar-lstm",49,"49",0.000701092755781685,9.38252033173936e-06,17027.6564041071,0.000682941159145961,0.000719726795825621,1
"Safari","bypass","guitar-lstm",5,"5",0.000714436359243128,9.56109389385812e-06,17027.6564041071,0.000695939290905262,0.000733425053131622,1
"Safari","bypass","guitar-lstm",6,"6",0.000705047265271685,9.43544238147664e-06,17027.6564041071,0.000686793284663851,0.000723786410506885,1
"Safari","bypass","guitar-lstm",7,"7",0.000705359648058446,9.43962290940807e-06,17027.6564041071,0.000687097579724281,0.000724107095980144,1
"Safari","bypass","guitar-lstm",8,"8",0.000731920647949894,9.79508104167045e-06,17027.6564041071,0.000712970903766428,0.000751374049158803,1
"Safari","bypass","guitar-lstm",9,"9",0.000712649182521582,9.53717662786439e-06,17027.6564041071,0.000694198384967002,0.000731590375815725,1
"Safari","bypass","steerable-nafx",0,"0",0.000466642919348068,6.2449463959499e-06,17027.6564041071,0.000454561331034581,0.00047904561895328,0
"Safari","bypass","steerable-nafx",1,"1",0.000163393009356411,2.18664109664252e-06,17027.6564041071,0.00015916269321853,0.000167735761230736,3.46168180799933e-32
"Safari","bypass","steerable-nafx",10,"10",0.000141572169297433,1.89461914402553e-06,17027.6564041071,0.000137906804207379,0.000145334954535249,1
"Safari","bypass","steerable-nafx",11,"11",0.0001337337154839,1.7897193976391e-06,17027.6564041071,0.00013027129137519,0.000137288165860117,0.0119778323343978
"Safari","bypass","steerable-nafx",12,"12",0.000139961638228615,1.87306587539814e-06,17027.6564041071,0.000136337970489004,0.00014368161786021,1
"Safari","bypass","steerable-nafx",13,"13",0.000135888375832367,1.81855459007371e-06,17027.6564041071,0.000132370166629302,0.000139500093990747,0.530242228904088
"Safari","bypass","steerable-nafx",14,"14",0.000136120319169455,1.82165862025815e-06,17027.6564041071,0.000132596104852428,0.000139738202049116,0.629377829642625
"Safari","bypass","steerable-nafx",15,"15",0.000132215600677908,1.76940290896384e-06,17027.6564041071,0.000128792481222367,0.00013572970173964,0.000322404901073532
"Safari","bypass","steerable-nafx",16,"16",0.000129176610831581,1.72873299220038e-06,17027.6564041071,0.000125832172146045,0.000132609939901272,1.64637338461976e-08
"Safari","bypass","steerable-nafx",17,"17",0.000135981805317805,1.81980492968923e-06,17027.6564041071,0.000132461177184693,0.000139596006697926,0.537418859425271
"Safari","bypass","steerable-nafx",18,"18",0.000139164865782584,1.8624029016147e-06,17027.6564041071,0.00013556182682844,0.000142863668345179,1
"Safari","bypass","steerable-nafx",19,"19",0.000133058374852608,1.78068151049548e-06,17027.6564041071,0.00012961343560682,0.00013659487564332,0.00260778599411403
"Safari","bypass","steerable-nafx",2,"2",0.000149776042664797,2.00440919396335e-06,17027.6564041071,0.000145898275722083,0.000153756875091922,4.20173983372101e-06
"Safari","bypass","steerable-nafx",20,"20",0.000129274837406209,1.73004752986456e-06,17027.6564041071,0.000125927855591898,0.000132710777197392,2.35843732527329e-08
"Safari","bypass","steerable-nafx",21,"21",0.0001399041701907,1.87229679736999e-06,17027.6564041071,0.000136281990323607,0.000143622622404259,1
"Safari","bypass","steerable-nafx",22,"22",0.000135506565941032,1.81344493940515e-06,17027.6564041071,0.000131998241962258,0.000139108136140037,0.300908525585074
"Safari","bypass","steerable-nafx",23,"23",0.000137729401567828,1.84319250175055e-06,17027.6564041071,0.000134163527407067,0.000141390051550127,1
"Safari","bypass","steerable-nafx",24,"24",0.00013344485479808,1.78585365913959e-06,17027.6564041071,0.000129989909418268,0.00013699162767151,0.00639201046346862
"Safari","bypass","steerable-nafx",25,"25",0.000131857722761572,1.76461353295245e-06,17027.6564041071,0.00012844386892107,0.000135362311941504,0.000123426124585056
"Safari","bypass","steerable-nafx",26,"26",0.000138448534358223,1.85281644661586e-06,17027.6564041071,0.000134864041536477,0.000142128297858816,1
"Safari","bypass","steerable-nafx",27,"27",0.000137737443055817,1.84330011864422e-06,17027.6564041071,0.000134171360697431,0.000141398306769335,1
"Safari","bypass","steerable-nafx",28,"28",0.000134641450065731,1.80186734539582e-06,17027.6564041071,0.000131155524313557,0.000138220026725393,0.0740624233006252
"Safari","bypass","steerable-nafx",29,"29",0.000133796915371905,1.79056518334901e-06,17027.6564041071,0.000130332854990584,0.000137353045510513,0.0133516569903385
"Safari","bypass","steerable-nafx",3,"3",0.000149270422280006,1.99764262348986e-06,17027.6564041071,0.000145405746069153,0.000153237816042389,1.70411805931094e-05
"Safari","bypass","steerable-nafx",30,"30",0.00014068266180286,1.88271512407348e-06,17027.6564041071,0.000137040326449047,0.000144421805207072,1
"Safari","bypass","steerable-nafx",31,"31",0.00013720962665074,1.83623650529032e-06,17027.6564041071,0.000133657209688842,0.000140856461761127,1
"Safari","bypass","steerable-nafx",32,"32",0.000136774402565344,1.83041202800624e-06,17027.6564041071,0.000133233253744472,0.000140409670043677,1
"Safari","bypass","steerable-nafx",33,"33",0.000129851528195176,1.73776521487557e-06,17027.6564041071,0.000126489615605303,0.000133302795600525,1.9141614247497e-07
"Safari","bypass","steerable-nafx",34,"34",0.000135910441050233,1.8188498824634e-06,17027.6564041071,0.000132391660569073,0.000139522745670461,0.530242228904088
"Safari","bypass","steerable-nafx",35,"35",0.000135463348719312,1.81286657590313e-06,17027.6564041071,0.000131956143653221,0.000139063770266539,0.290929739861226
"Safari","bypass","steerable-nafx",36,"36",0.000137737443055817,1.84330011864422e-06,17027.6564041071,0.000134171360697431,0.000141398306769335,1
"Safari","bypass","steerable-nafx",37,"37",0.000129651756626728,1.7350917301088e-06,17027.6564041071,0.000126295016209724,0.00013309771439027,9.39929537532873e-08
"Safari","bypass","steerable-nafx",38,"38",0.000129475455160271,1.73273233888716e-06,17027.6564041071,0.000126123279264978,0.00013291672708366,4.96503327360188e-08
"Safari","bypass","steerable-nafx",39,"39",0.000136506402997159,1.82682546777342e-06,17027.6564041071,0.000132972192801768,0.000140134547431295,0.932464412422618
"Safari","bypass","steerable-nafx",4,"4",0.000141153541150127,1.88901676535146e-06,17027.6564041071,0.000137499014525038,0.000144905199852123,1
"Safari","bypass","steerable-nafx",40,"40",0.000135944656686275,1.81930778036375e-06,17027.6564041071,0.000132424990347403,0.000139557870709042,0.53132876261481
"Safari","bypass","steerable-nafx",41,"41",0.000132624820285923,1.77487937589449e-06,17027.6564041071,0.000129191105956596,0.000136149797817994,0.000917954559005951
"Safari","bypass","steerable-nafx",42,"42",0.00013263631839117,1.77503325169104e-06,17027.6564041071,0.000129202306370892,0.000136161601526388,0.000919690484806948
"Safari","bypass","steerable-nafx",43,"43",0.000134857241894353,1.80475522464256e-06,17027.6564041071,0.000131365729197801,0.000138441553991363,0.10767691970233
"Safari","bypass","steerable-nafx",44,"44",0.000135251284903501,1.81002858756697e-06,17027.6564041071,0.000131749570261913,0.000138846070098615,0.210638480173656
"Safari","bypass","steerable-nafx",45,"45",0.000138979584862033,1.85992334097195e-06,17027.6564041071,0.000135381342911574,0.000142673462923461,1
"Safari","bypass","steerable-nafx",46,"46",0.000127885969466894,1.71146071439506e-06,17027.6564041071,0.000124574946048112,0.000131284995139962,7.92756679725502e-11
"Safari","bypass","steerable-nafx",47,"47",0.000132000748074733,1.76652759909794e-06,17027.6564041071,0.000128583191246614,0.000135509138662383,0.000181287483794207
"Safari","bypass","steerable-nafx",48,"48",0.000136868441234764,1.8316705201537e-06,17027.6564041071,0.000133324857711805,0.000140506208126073,1
"Safari","bypass","steerable-nafx",49,"49",0.000137338531014118,1.83796159487417e-06,17027.6564041071,0.000133782776662139,0.000140988792217629,1
"Safari","bypass","steerable-nafx",5,"5",0.000143495054669905,1.92035255940323e-06,17027.6564041071,0.000139779905240519,0.0001473089474434,0.932464412422618
"Safari","bypass","steerable-nafx",6,"6",0.000137313494543199,1.83762653906942e-06,17027.6564041071,0.000133758388396351,0.000140963090313216,1
"Safari","bypass","steerable-nafx",7,"7",0.000132536998367092,1.77370408071107e-06,17027.6564041071,0.000129105557785472,0.000136059641718501,0.000748750379038468
"Safari","bypass","steerable-nafx",8,"8",0.000136156662632129,1.82214499424312e-06,17027.6564041071,0.000132631507367032,0.000139775511468909,0.631824760973568
"Safari","bypass","steerable-nafx",9,"9",0.0001405389124874,1.88079136881592e-06,17027.6564041071,0.000136900298865939,0.000144274235240951,1
"Safari","onnx","guitar-lstm",0,"0",0.00769651901011037,0.000103000274215449,17027.6564041071,0.00749725278261249,0.00790108144817664,1.96129578850448e-87
"Safari","onnx","guitar-lstm",1,"1",0.0063341141011983,8.47676057810465e-05,17027.6564041071,0.00617012112985258,0.00650246577054765,6.72030026872786e-05
"Safari","onnx","guitar-lstm",10,"10",0.00606114111113532,8.11144876905222e-05,17027.6564041071,0.00590421552932858,0.00622223754986675,1
"Safari","onnx","guitar-lstm",11,"11",0.00597707824210321,7.9989498776668e-05,17027.6564041071,0.00582232908456862,0.00613594041032645,1
"Safari","onnx","guitar-lstm",12,"12",0.00595117618251789,7.964285905077e-05,17027.6564041071,0.00579709764058124,0.0061093499111423,1
"Safari","onnx","guitar-lstm",13,"13",0.00592855236734011,7.93400911158048e-05,17027.6564041071,0.00577505956582665,0.00608612478740086,1
"Safari","onnx","guitar-lstm",14,"14",0.00591413152976482,7.91471012430168e-05,17027.6564041071,0.00576101209001363,0.00607132066464307,1
"Safari","onnx","guitar-lstm",15,"15",0.00593503809744672,7.94268877544658e-05,17027.6564041071,0.00578137737755753,0.00609278289891281,1
"Safari","onnx","guitar-lstm",16,"16",0.00590519608209881,7.90275207471292e-05,17027.6564041071,0.00575230798497733,0.00606214772559201,1
"Safari","onnx","guitar-lstm",17,"17",0.00590575286058911,7.90349719516421e-05,17027.6564041071,0.00575285034823015,0.00606271930245615,1
"Safari","onnx","guitar-lstm",18,"18",0.00591174542640635,7.91151687161295e-05,17027.6564041071,0.00575868776390979,0.00606887114207914,1
"Safari","onnx","guitar-lstm",19,"19",0.00595456421036497,7.96882000415269e-05,17027.6564041071,0.00580039795091253,0.00611282798791094,1
"Safari","onnx","guitar-lstm",2,"2",0.00610924669540678,8.17582707260407e-05,17027.6564041071,0.0059510756390827,0.00627162171158215,1
"Safari","onnx","guitar-lstm",20,"20",0.00587265207561582,7.8591993778715e-05,17027.6564041071,0.00572060655698872,0.00602873874608656,1
"Safari","onnx","guitar-lstm",21,"21",0.00584104601473921,7.81690190634074e-05,17027.6564041071,0.00568981879078646,0.00599629264143665,1
"Safari","onnx","guitar-lstm",22,"22",0.00594922654263724,7.9616767587595e-05,17027.6564041071,0.00579519847772578,0.00610734845262951,1
"Safari","onnx","guitar-lstm",23,"23",0.0059357919616903,7.94369765002623e-05,17027.6564041071,0.00578211172392769,0.00609355679978691,1
"Safari","onnx","guitar-lstm",24,"24",0.00585997384695733,7.84223247339589e-05,17027.6564041071,0.00570825657318909,0.0060157235482916,1
"Safari","onnx","guitar-lstm",25,"25",0.00585943476668179,7.84151103795044e-05,17027.6564041071,0.00570773144993655,0.0060151701400354,1
"Safari","onnx","guitar-lstm",26,"26",0.0058398098271177,7.81524755242005e-05,17027.6564041071,0.00568861460860058,0.00599502359772091,1
"Safari","onnx","guitar-lstm",27,"27",0.00587464599227145,7.86186777850849e-05,17027.6564041071,0.00572254885027418,0.00603078565818752,1
"Safari","onnx","guitar-lstm",28,"28",0.00589137174538886,7.88425136718397e-05,17027.6564041071,0.00573884156636259,0.00604795595783716,1
"Safari","onnx","guitar-lstm",29,"29",0.00589776503595415,7.89280732190192e-05,17027.6564041071,0.00574506933185212,0.00605451917289735,1
"Safari","onnx","guitar-lstm",3,"3",0.00612797406465862,8.20088936590503e-05,17027.6564041071,0.0059693181485925,0.00629084682745265,1
"Safari","onnx","guitar-lstm",30,"30",0.00585683413521255,7.83803068853387e-05,17027.6564041071,0.00570519814994811,0.00601250038751116,1
"Safari","onnx","guitar-lstm",31,"31",0.00586355372504117,7.84702332006061e-05,17027.6564041071,0.005711743766671,0.00601939857440117,1
"Safari","onnx","guitar-lstm",32,"32",0.00582859229552494,7.80023545632111e-05,17027.6564041071,0.0056776875037838,0.00598350792022497,1
"Safari","onnx","guitar-lstm",33,"33",0.00587189474780792,7.85818586810451e-05,17027.6564041071,0.00571986883672744,0.00602796128959159,1
"Safari","onnx","guitar-lstm",34,"34",0.00588215577481492,7.87191790195078e-05,17027.6564041071,0.00572986420127856,0.00603849503998156,1
"Safari","onnx","guitar-lstm",35,"35",0.00587957423953495,7.8684631084086e-05,17027.6564041071,0.00572734950307074,0.00603584489119591,1
"Safari","onnx","guitar-lstm",36,"36",0.00589783022317028,7.89289456005633e-05,17027.6564041071,0.00574513283134285,0.00605458609269621,1
"Safari","onnx","guitar-lstm",37,"37",0.00586161119011492,7.84442368209679e-05,17027.6564041071,0.00570985152481959,0.00601740440968228,1
"Safari","onnx","guitar-lstm",38,"38",0.00589964758110704,7.89532667729774e-05,17027.6564041071,0.00574690313709152,0.00605645175340073,1
"Safari","onnx","guitar-lstm",39,"39",0.00595651816307434,7.97143492220338e-05,17027.6564041071,0.00580230131493569,0.00611483387388125,1
"Safari","onnx","guitar-lstm",4,"4",0.00621030280291513,8.31106752053684e-05,17027.6564041071,0.00604951535997752,0.00637536374550818,0.0495486034744314
"Safari","onnx","guitar-lstm",40,"40",0.00587603118932168,7.86372154741143e-05,17027.6564041071,0.0057238981839698,0.0060322076717889,1
"Safari","onnx","guitar-lstm",41,"41",0.00581215139366182,7.77823307579003e-05,17027.6564041071,0.00566167226402671,0.00596663004276747,1
"Safari","onnx","guitar-lstm",42,"42",0.00581614455056271,7.78357700146912e-05,17027.6564041071,0.0056655620363572,0.00597072933205237,1
"Safari","onnx","guitar-lstm",43,"43",0.00579851331231136,7.75998162838861e-05,17027.6564041071,0.00564838727853913,0.00595262948077245,1
"Safari","onnx","guitar-lstm",44,"44",0.00580068363363161,7.76288610625486e-05,17027.6564041071,0.00565050140929564,0.00595485748612103,1
"Safari","onnx","guitar-lstm",45,"45",0.00582944739272126,7.80137980801552e-05,17027.6564041071,0.00567852046214148,0.00598438574467852,1
"Safari","onnx","guitar-lstm",46,"46",0.0058519387996808,7.83147940344663e-05,17027.6564041071,0.00570042955678424,0.00600747494098115,1
"Safari","onnx","guitar-lstm",47,"47",0.00579835998209602,7.75977643102331e-05,17027.6564041071,0.0056482379181098,0.00595247207525987,1
"Safari","onnx","guitar-lstm",48,"48",0.0058146168355507,7.78153250492522e-05,17027.6564041071,0.00566407387455186,0.00596916101256617,1
"Safari","onnx","guitar-lstm",49,"49",0.00578394187147678,7.74048109315041e-05,17027.6564041071,0.00563419309865076,0.00593767075193672,0.973214096683551
"Safari","onnx","guitar-lstm",5,"5",0.00615449899482782,8.23638690807157e-05,17027.6564041071,0.00599515633677322,0.00631807675222758,0.462741397440739
"Safari","onnx","guitar-lstm",6,"6",0.00604571554320972,8.09080518038338e-05,17027.6564041071,0.00588918933607138,0.00620640199246678,1
"Safari","onnx","guitar-lstm",7,"7",0.00593636603982382,7.94446592208658e-05,17027.6564041071,0.00578267093892842,0.00609414613609396,1
"Safari","onnx","guitar-lstm",8,"8",0.00602447019731099,8.06237315220943e-05,17027.6564041071,0.00586849404142616,0.00618459197574104,1
"Safari","onnx","guitar-lstm",9,"9",0.00617888996680295,8.2690286360855e-05,17027.6564041071,0.00601891581586641,0.00634311600125983,0.18458178837734
"Safari","onnx","steerable-nafx",0,"0",0.0227083936638897,0.00030389982423229,17027.6564041071,0.0221204634668752,0.0233119502024173,6.35359625663034e-11
"Safari","onnx","steerable-nafx",1,"1",0.0210949337966403,0.000282307360347772,17027.6564041071,0.0205487767779345,0.0216556068856847,1
"Safari","onnx","steerable-nafx",10,"10",0.0207225945852501,0.000277324453032923,17027.6564041071,0.0201860775908081,0.0212733714320102,1
"Safari","onnx","steerable-nafx",11,"11",0.0207020200247427,0.000277049109676874,17027.6564041071,0.0201660357146283,0.0212522500291895,1
"Safari","onnx","steerable-nafx",12,"12",0.020661646248047,0.000276508799172177,17027.6564041071,0.0201267072325862,0.0212108031754074,1
"Safari","onnx","steerable-nafx",13,"13",0.0206540470743915,0.000276407101642513,17027.6564041071,0.0201193048048445,0.0212030020266138,1
"Safari","onnx","steerable-nafx",14,"14",0.020654706356737,0.000276415924626292,17027.6564041071,0.0201199470180831,0.0212036788317386,1
"Safari","onnx","steerable-nafx",15,"15",0.0206497733851801,0.000276349908103443,17027.6564041071,0.0201151417633072,0.0211986147488718,1
"Safari","onnx","steerable-nafx",16,"16",0.0206608517014797,0.000276498165986682,17027.6564041071,0.0201259332571754,0.0212099875109318,1
"Safari","onnx","steerable-nafx",17,"17",0.0208024150305685,0.000278392666824767,17027.6564041071,0.020263831450051,0.0213553133902983,1
"Safari","onnx","steerable-nafx",18,"18",0.0207213219248139,0.000277307421388647,17027.6564041071,0.0201848378801045,0.0212720649460846,1
"Safari","onnx","steerable-nafx",19,"19",0.020699866750281,0.000277020293031356,17027.6564041071,0.0201639381893798,0.0212500395237805,1
"Safari","onnx","steerable-nafx",2,"2",0.0208106468159221,0.000278502830412693,17027.6564041071,0.0202718501108984,0.0213637639647018,1
"Safari","onnx","steerable-nafx",20,"20",0.020681678825256,0.000276776889323457,17027.6564041071,0.020146221157651,0.0212313681897909,1
"Safari","onnx","steerable-nafx",21,"21",0.020697162946756,0.000276984108815595,17027.6564041071,0.020161304388505,0.0212472638570353,1
"Safari","onnx","steerable-nafx",22,"22",0.0206797857287117,0.000276751554563299,17027.6564041071,0.0201443770742003,0.0212294247774552,1
"Safari","onnx","steerable-nafx",23,"23",0.0206702626798311,0.000276624110371354,17027.6564041071,0.0201351005812006,0.0212196486195919,1
"Safari","onnx","steerable-nafx",24,"24",0.02067891738711,0.000276739933800333,17027.6564041071,0.0201435312143407,0.021228533356579,1
"Safari","onnx","steerable-nafx",25,"25",0.0206774977736365,0.000276720935526326,17027.6564041071,0.0201421483552779,0.0212270760118152,1
"Safari","onnx","steerable-nafx",26,"26",0.0206740801838762,0.000276675198917085,17027.6564041071,0.0201388192484042,0.02122356758742,1
"Safari","onnx","steerable-nafx",27,"27",0.0207123733276502,0.00027718766491686,17027.6564041071,0.0201761209660167,0.0212628785080411,1
"Safari","onnx","steerable-nafx",28,"28",0.0206844433286558,0.000276813885867986,17027.6564041071,0.0201489140868543,0.0212342061697265,1
"Safari","onnx","steerable-nafx",29,"29",0.0206686997936068,0.000276603194719813,17027.6564041071,0.020133578158781,0.0212180441940931,1
"Safari","onnx","steerable-nafx",3,"3",0.0207175327784205,0.000277256712345111,17027.6564041071,0.0201811468363607,0.021268175089614,1
"Safari","onnx","steerable-nafx",30,"30",0.0206977434105258,0.000276991876993308,17027.6564041071,0.0201618698238151,0.0212478597486996,1
"Safari","onnx","steerable-nafx",31,"31",0.0206822403068939,0.000276784403468829,17027.6564041071,0.0201467681022849,0.0212319445948055,1
"Safari","onnx","steerable-nafx",32,"32",0.0207368533708407,0.000277515274211157,17027.6564041071,0.0201999672102328,0.0212880091956739,1
"Safari","onnx","steerable-nafx",33,"33",0.0206910791716208,0.000276902691423349,17027.6564041071,0.0201553781249564,0.0212410183838815,1
"Safari","onnx","steerable-nafx",34,"34",0.0206914551067473,0.000276907722453747,17027.6564041071,0.0201557443269588,0.0212414043108245,1
"Safari","onnx","steerable-nafx",35,"35",0.0206871402188942,0.000276849977565247,17027.6564041071,0.0201515411534305,0.02123697473944,1
"Safari","onnx","steerable-nafx",36,"36",0.0207071607468427,0.00027711790646478,17027.6564041071,0.0201710433411954,0.0212575273843108,1
"Safari","onnx","steerable-nafx",37,"37",0.0206918645472982,0.000276913201877489,17027.6564041071,0.0201561431669156,0.021241824633718,1
"Safari","onnx","steerable-nafx",38,"38",0.0206837431830685,0.000276804516023332,17027.6564041071,0.020148232068341,0.0212334874152736,1
"Safari","onnx","steerable-nafx",39,"39",0.0206845621955524,0.000276815476629068,17027.6564041071,0.0201490298762353,0.0212343281959348,1
"Safari","onnx","steerable-nafx",4,"4",0.0207321124202006,0.00027745182744836,17027.6564041071,0.0201953490048685,0.0212831422373646,1
"Safari","onnx","steerable-nafx",40,"40",0.0206823909216441,0.0002767864191022,17027.6564041071,0.0201469148175536,0.0212320992126798,1
"Safari","onnx","steerable-nafx",41,"41",0.0206891089051346,0.000276876323920312,17027.6564041071,0.0201534588695272,0.0212389957505375,1
"Safari","onnx","steerable-nafx",42,"42",0.0207337655037419,0.000277473950184345,17027.6564041071,0.0201969592893573,0.0212848392574958,1
"Safari","onnx","steerable-nafx",43,"43",0.0206918737185822,0.000276913324614116,17027.6564041071,0.0201561521007511,0.0212418340487617,1
"Safari","onnx","steerable-nafx",44,"44",0.0206771781428317,0.000276716658000277,17027.6564041071,0.0201418369998538,0.0212267478856819,1
"Safari","onnx","steerable-nafx",45,"45",0.0206667677153455,0.000276577338278679,17027.6564041071,0.0201316961028669,0.0212160607639623,1
"Safari","onnx","steerable-nafx",46,"46",0.0206583995763688,0.000276465349909891,17027.6564041071,0.020123544618651,0.0212074702118519,1
"Safari","onnx","steerable-nafx",47,"47",0.0206578666789903,0.00027645821829935,17027.6564041071,0.0201230255182176,0.0212069231508253,1
"Safari","onnx","steerable-nafx",48,"48",0.0207048478182454,0.000277086953214429,17027.6564041071,0.0201687902953264,0.0212551529813884,1
"Safari","onnx","steerable-nafx",49,"49",0.0206713587878387,0.000276638779265872,17027.6564041071,0.0201361683104947,0.0212207738605786,1
"Safari","onnx","steerable-nafx",5,"5",0.0207021724926802,0.000277051150110918,17027.6564041071,0.0201661842351045,0.0212524065495062,1
"Safari","onnx","steerable-nafx",6,"6",0.0206888541230964,0.000276872914246436,17027.6564041071,0.0201532106839068,0.0212387341967581,1
"Safari","onnx","steerable-nafx",7,"7",0.0207160847597792,0.000277237333933018,17027.6564041071,0.0201797363075523,0.0212666885847137,1
"Safari","onnx","steerable-nafx",8,"8",0.0207136448375229,0.000277204681163477,17027.6564041071,0.0201773595559453,0.0212641838128228,1
"Safari","onnx","steerable-nafx",9,"9",0.0208077774516763,0.000278464430545986,17027.6564041071,0.020269055035742,0.0213608183368693,1
