here() starts at /home
── Attaching core tidyverse packages ──────────────────────── tidyverse 2.0.0 ──
✔ dplyr     1.2.1     ✔ readr     2.2.0
✔ forcats   1.0.1     ✔ stringr   1.6.0
✔ ggplot2   4.0.3     ✔ tibble    3.3.1
✔ lubridate 1.9.5     ✔ tidyr     1.3.2
✔ purrr     1.2.2     
── Conflicts ────────────────────────────────────────── tidyverse_conflicts() ──
✖ dplyr::filter() masks stats::filter()
✖ dplyr::lag()    masks stats::lag()
ℹ Use the conflicted package (<http://conflicted.r-lib.org/>) to force all conflicts to become errors
Loading required package: Matrix

Attaching package: ‘Matrix’

The following objects are masked from ‘package:tidyr’:

    expand, pack, unpack


Attaching package: ‘lmerTest’

The following object is masked from ‘package:lme4’:

    lmer

The following object is masked from ‘package:stats’:

    step

RQ1 & RQ2 model (LMM-I) fitted.
Linear mixed model fit by REML. t-tests use Satterthwaite's method [
lmerModLmerTest]
Formula: log(Runtime.Per.Sample) ~ (Run + Buffer.Size + Iteration.Count +  
    Environment + Model.Unique)^5 + (1 | Repetition.Index)
   Data: data

REML criterion at convergence: -6493.3

Scaled residuals: 
    Min      1Q  Median      3Q     Max 
-6.7406 -0.0995 -0.0059  0.0548 17.5565 

Random effects:
 Groups           Name        Variance  Std.Dev.
 Repetition.Index (Intercept) 0.0004432 0.02105 
 Residual                     0.0092119 0.09598 
Number of obs: 4800, groups:  Repetition.Index, 480

Fixed effects:
                                                                                         Estimate
(Intercept)                                                                            -6.831e+00
Runonnx                                                                                 1.342e+00
Buffer.Size1024                                                                        -1.024e+00
Buffer.Size8192                                                                        -1.190e+00
Iteration.Count1                                                                        7.017e-02
Iteration.Count2                                                                       -6.286e-03
Iteration.Count3                                                                       -9.521e-04
Iteration.Count4                                                                       -9.799e-03
Iteration.Count5                                                                       -9.930e-03
Iteration.Count6                                                                       -7.069e-03
Iteration.Count7                                                                       -8.232e-03
Iteration.Count8                                                                       -1.065e-02
Iteration.Count9                                                                       -5.966e-03
EnvironmentChrome                                                                       1.139e-01
EnvironmentFirefox                                                                     -1.226e-02
EnvironmentSafari                                                                       1.625e-01
Model.Uniquesteerable-nafx                                                             -4.495e-02
Runonnx:Buffer.Size1024                                                                 7.924e-01
Runonnx:Buffer.Size8192                                                                 9.375e-01
Runonnx:Iteration.Count1                                                                5.753e-02
Runonnx:Iteration.Count2                                                               -8.870e-03
Runonnx:Iteration.Count3                                                               -1.653e-02
Runonnx:Iteration.Count4                                                                1.087e-03
Runonnx:Iteration.Count5                                                               -3.688e-03
Runonnx:Iteration.Count6                                                               -1.159e-03
Runonnx:Iteration.Count7                                                               -8.582e-03
Runonnx:Iteration.Count8                                                               -4.309e-03
Runonnx:Iteration.Count9                                                               -8.722e-03
Runonnx:EnvironmentChrome                                                               1.017e+00
Runonnx:EnvironmentFirefox                                                              6.217e-01
Runonnx:EnvironmentSafari                                                               4.351e-01
Runonnx:Model.Uniquesteerable-nafx                                                      2.942e+00
Buffer.Size1024:Iteration.Count1                                                       -3.398e-02
Buffer.Size8192:Iteration.Count1                                                       -6.176e-02
Buffer.Size1024:Iteration.Count2                                                        2.316e-03
Buffer.Size8192:Iteration.Count2                                                        3.629e-03
Buffer.Size1024:Iteration.Count3                                                       -4.791e-03
Buffer.Size8192:Iteration.Count3                                                        9.043e-06
Buffer.Size1024:Iteration.Count4                                                        2.610e-03
Buffer.Size8192:Iteration.Count4                                                        7.652e-03
Buffer.Size1024:Iteration.Count5                                                        9.155e-03
Buffer.Size8192:Iteration.Count5                                                        1.650e-02
Buffer.Size1024:Iteration.Count6                                                        2.275e-03
Buffer.Size8192:Iteration.Count6                                                        1.331e-02
Buffer.Size1024:Iteration.Count7                                                        7.607e-03
Buffer.Size8192:Iteration.Count7                                                        4.107e-03
Buffer.Size1024:Iteration.Count8                                                        1.067e-02
Buffer.Size8192:Iteration.Count8                                                        1.048e-02
Buffer.Size1024:Iteration.Count9                                                       -3.103e-03
Buffer.Size8192:Iteration.Count9                                                        1.836e-03
Buffer.Size1024:EnvironmentChrome                                                       8.175e-01
Buffer.Size8192:EnvironmentChrome                                                       9.522e-01
Buffer.Size1024:EnvironmentFirefox                                                      5.646e-01
Buffer.Size8192:EnvironmentFirefox                                                      6.421e-01
Buffer.Size1024:EnvironmentSafari                                                       3.345e-01
Buffer.Size8192:EnvironmentSafari                                                       2.960e-01
Buffer.Size1024:Model.Uniquesteerable-nafx                                             -1.057e+00
Buffer.Size8192:Model.Uniquesteerable-nafx                                             -3.074e+00
Iteration.Count1:EnvironmentChrome                                                      4.573e-01
Iteration.Count2:EnvironmentChrome                                                     -5.009e-02
Iteration.Count3:EnvironmentChrome                                                     -4.081e-02
Iteration.Count4:EnvironmentChrome                                                     -5.347e-02
Iteration.Count5:EnvironmentChrome                                                     -6.012e-02
Iteration.Count6:EnvironmentChrome                                                     -5.959e-02
Iteration.Count7:EnvironmentChrome                                                     -5.492e-02
Iteration.Count8:EnvironmentChrome                                                     -3.929e-02
Iteration.Count9:EnvironmentChrome                                                     -5.051e-02
Iteration.Count1:EnvironmentFirefox                                                     4.621e-01
Iteration.Count2:EnvironmentFirefox                                                    -6.142e-02
Iteration.Count3:EnvironmentFirefox                                                    -9.758e-02
Iteration.Count4:EnvironmentFirefox                                                    -1.166e-02
Iteration.Count5:EnvironmentFirefox                                                    -5.777e-02
Iteration.Count6:EnvironmentFirefox                                                    -6.063e-02
Iteration.Count7:EnvironmentFirefox                                                    -7.488e-02
Iteration.Count8:EnvironmentFirefox                                                    -1.081e-02
Iteration.Count9:EnvironmentFirefox                                                    -6.174e-02
Iteration.Count1:EnvironmentSafari                                                      1.206e+00
Iteration.Count2:EnvironmentSafari                                                     -7.607e-02
Iteration.Count3:EnvironmentSafari                                                     -1.819e-01
Iteration.Count4:EnvironmentSafari                                                     -1.192e-01
Iteration.Count5:EnvironmentSafari                                                     -1.442e-01
Iteration.Count6:EnvironmentSafari                                                     -1.187e-01
Iteration.Count7:EnvironmentSafari                                                     -1.459e-01
Iteration.Count8:EnvironmentSafari                                                     -1.050e-01
Iteration.Count9:EnvironmentSafari                                                     -1.805e-01
Iteration.Count1:Model.Uniquesteerable-nafx                                            -1.607e-02
Iteration.Count2:Model.Uniquesteerable-nafx                                            -3.511e-04
Iteration.Count3:Model.Uniquesteerable-nafx                                            -5.621e-03
Iteration.Count4:Model.Uniquesteerable-nafx                                             5.816e-03
Iteration.Count5:Model.Uniquesteerable-nafx                                             4.983e-03
Iteration.Count6:Model.Uniquesteerable-nafx                                             7.335e-04
Iteration.Count7:Model.Uniquesteerable-nafx                                            -9.879e-04
Iteration.Count8:Model.Uniquesteerable-nafx                                             3.250e-03
Iteration.Count9:Model.Uniquesteerable-nafx                                             2.067e-03
EnvironmentChrome:Model.Uniquesteerable-nafx                                           -2.596e-01
EnvironmentFirefox:Model.Uniquesteerable-nafx                                          -9.279e-02
EnvironmentSafari:Model.Uniquesteerable-nafx                                           -1.947e-01
Runonnx:Buffer.Size1024:Iteration.Count1                                               -7.401e-02
Runonnx:Buffer.Size8192:Iteration.Count1                                               -5.487e-02
Runonnx:Buffer.Size1024:Iteration.Count2                                                9.495e-03
Runonnx:Buffer.Size8192:Iteration.Count2                                                1.092e-02
Runonnx:Buffer.Size1024:Iteration.Count3                                                2.141e-02
Runonnx:Buffer.Size8192:Iteration.Count3                                                1.667e-02
Runonnx:Buffer.Size1024:Iteration.Count4                                                3.543e-03
Runonnx:Buffer.Size8192:Iteration.Count4                                                5.596e-04
Runonnx:Buffer.Size1024:Iteration.Count5                                                3.931e-03
Runonnx:Buffer.Size8192:Iteration.Count5                                               -5.155e-03
Runonnx:Buffer.Size1024:Iteration.Count6                                                3.404e-03
Runonnx:Buffer.Size8192:Iteration.Count6                                               -7.251e-03
Runonnx:Buffer.Size1024:Iteration.Count7                                                6.248e-03
Runonnx:Buffer.Size8192:Iteration.Count7                                                1.114e-02
Runonnx:Buffer.Size1024:Iteration.Count8                                                1.596e-03
Runonnx:Buffer.Size8192:Iteration.Count8                                                4.536e-03
Runonnx:Buffer.Size1024:Iteration.Count9                                                1.531e-02
Runonnx:Buffer.Size8192:Iteration.Count9                                                1.109e-02
Runonnx:Buffer.Size1024:EnvironmentChrome                                              -6.821e-01
Runonnx:Buffer.Size8192:EnvironmentChrome                                              -8.037e-01
Runonnx:Buffer.Size1024:EnvironmentFirefox                                             -5.446e-01
Runonnx:Buffer.Size8192:EnvironmentFirefox                                             -6.127e-01
Runonnx:Buffer.Size1024:EnvironmentSafari                                              -3.946e-01
Runonnx:Buffer.Size8192:EnvironmentSafari                                              -3.866e-01
Runonnx:Buffer.Size1024:Model.Uniquesteerable-nafx                                     -7.206e-01
Runonnx:Buffer.Size8192:Model.Uniquesteerable-nafx                                     -3.171e-01
Runonnx:Iteration.Count1:EnvironmentChrome                                             -3.956e-01
Runonnx:Iteration.Count2:EnvironmentChrome                                              2.236e-02
Runonnx:Iteration.Count3:EnvironmentChrome                                              1.883e-02
Runonnx:Iteration.Count4:EnvironmentChrome                                              1.580e-02
Runonnx:Iteration.Count5:EnvironmentChrome                                              2.359e-02
Runonnx:Iteration.Count6:EnvironmentChrome                                              2.078e-02
Runonnx:Iteration.Count7:EnvironmentChrome                                              4.579e-02
Runonnx:Iteration.Count8:EnvironmentChrome                                              2.191e-02
Runonnx:Iteration.Count9:EnvironmentChrome                                              9.083e-02
Runonnx:Iteration.Count1:EnvironmentFirefox                                            -3.820e-01
Runonnx:Iteration.Count2:EnvironmentFirefox                                             5.576e-02
Runonnx:Iteration.Count3:EnvironmentFirefox                                             9.368e-02
Runonnx:Iteration.Count4:EnvironmentFirefox                                             3.290e-03
Runonnx:Iteration.Count5:EnvironmentFirefox                                             6.459e-02
Runonnx:Iteration.Count6:EnvironmentFirefox                                             5.147e-02
Runonnx:Iteration.Count7:EnvironmentFirefox                                             6.281e-02
Runonnx:Iteration.Count8:EnvironmentFirefox                                            -9.518e-03
Runonnx:Iteration.Count9:EnvironmentFirefox                                             4.508e-02
Runonnx:Iteration.Count1:EnvironmentSafari                                             -8.761e-01
Runonnx:Iteration.Count2:EnvironmentSafari                                              1.166e-01
Runonnx:Iteration.Count3:EnvironmentSafari                                              2.090e-01
Runonnx:Iteration.Count4:EnvironmentSafari                                              8.403e-02
Runonnx:Iteration.Count5:EnvironmentSafari                                              9.004e-02
Runonnx:Iteration.Count6:EnvironmentSafari                                              4.897e-02
Runonnx:Iteration.Count7:EnvironmentSafari                                              7.536e-02
Runonnx:Iteration.Count8:EnvironmentSafari                                              5.914e-02
Runonnx:Iteration.Count9:EnvironmentSafari                                              1.256e-01
Runonnx:Iteration.Count1:Model.Uniquesteerable-nafx                                    -8.372e-02
Runonnx:Iteration.Count2:Model.Uniquesteerable-nafx                                     1.210e-02
Runonnx:Iteration.Count3:Model.Uniquesteerable-nafx                                     2.123e-02
Runonnx:Iteration.Count4:Model.Uniquesteerable-nafx                                     9.056e-04
Runonnx:Iteration.Count5:Model.Uniquesteerable-nafx                                     5.590e-03
Runonnx:Iteration.Count6:Model.Uniquesteerable-nafx                                     4.601e-03
Runonnx:Iteration.Count7:Model.Uniquesteerable-nafx                                     1.351e-02
Runonnx:Iteration.Count8:Model.Uniquesteerable-nafx                                     1.036e-02
Runonnx:Iteration.Count9:Model.Uniquesteerable-nafx                                     7.092e-03
Runonnx:EnvironmentChrome:Model.Uniquesteerable-nafx                                    4.401e-01
Runonnx:EnvironmentFirefox:Model.Uniquesteerable-nafx                                   8.561e-02
Runonnx:EnvironmentSafari:Model.Uniquesteerable-nafx                                    1.970e-01
Buffer.Size1024:Iteration.Count1:EnvironmentChrome                                     -4.268e-01
Buffer.Size8192:Iteration.Count1:EnvironmentChrome                                     -4.612e-01
Buffer.Size1024:Iteration.Count2:EnvironmentChrome                                      6.048e-02
Buffer.Size8192:Iteration.Count2:EnvironmentChrome                                      4.569e-02
Buffer.Size1024:Iteration.Count3:EnvironmentChrome                                      3.558e-02
Buffer.Size8192:Iteration.Count3:EnvironmentChrome                                      3.093e-02
Buffer.Size1024:Iteration.Count4:EnvironmentChrome                                      4.923e-02
Buffer.Size8192:Iteration.Count4:EnvironmentChrome                                      9.887e-02
Buffer.Size1024:Iteration.Count5:EnvironmentChrome                                      7.462e-02
Buffer.Size8192:Iteration.Count5:EnvironmentChrome                                      4.586e-02
Buffer.Size1024:Iteration.Count6:EnvironmentChrome                                      4.226e-02
Buffer.Size8192:Iteration.Count6:EnvironmentChrome                                      4.913e-02
Buffer.Size1024:Iteration.Count7:EnvironmentChrome                                      4.512e-02
Buffer.Size8192:Iteration.Count7:EnvironmentChrome                                      5.303e-02
Buffer.Size1024:Iteration.Count8:EnvironmentChrome                                      2.934e-02
Buffer.Size8192:Iteration.Count8:EnvironmentChrome                                      3.448e-02
Buffer.Size1024:Iteration.Count9:EnvironmentChrome                                      4.612e-02
Buffer.Size8192:Iteration.Count9:EnvironmentChrome                                      5.366e-02
Buffer.Size1024:Iteration.Count1:EnvironmentFirefox                                    -2.933e-01
Buffer.Size8192:Iteration.Count1:EnvironmentFirefox                                    -4.482e-01
Buffer.Size1024:Iteration.Count2:EnvironmentFirefox                                     2.212e-02
Buffer.Size8192:Iteration.Count2:EnvironmentFirefox                                     4.330e-02
Buffer.Size1024:Iteration.Count3:EnvironmentFirefox                                     8.967e-02
Buffer.Size8192:Iteration.Count3:EnvironmentFirefox                                     9.375e-02
Buffer.Size1024:Iteration.Count4:EnvironmentFirefox                                    -1.580e-02
Buffer.Size8192:Iteration.Count4:EnvironmentFirefox                                     3.132e-03
Buffer.Size1024:Iteration.Count5:EnvironmentFirefox                                     6.665e-02
Buffer.Size8192:Iteration.Count5:EnvironmentFirefox                                     4.409e-02
Buffer.Size1024:Iteration.Count6:EnvironmentFirefox                                     6.209e-03
Buffer.Size8192:Iteration.Count6:EnvironmentFirefox                                     5.165e-02
Buffer.Size1024:Iteration.Count7:EnvironmentFirefox                                     4.149e-02
Buffer.Size8192:Iteration.Count7:EnvironmentFirefox                                     1.012e-01
Buffer.Size1024:Iteration.Count8:EnvironmentFirefox                                     1.263e-02
Buffer.Size8192:Iteration.Count8:EnvironmentFirefox                                     1.488e-02
Buffer.Size1024:Iteration.Count9:EnvironmentFirefox                                     5.683e-02
Buffer.Size8192:Iteration.Count9:EnvironmentFirefox                                     6.670e-02
Buffer.Size1024:Iteration.Count1:EnvironmentSafari                                     -7.717e-01
Buffer.Size8192:Iteration.Count1:EnvironmentSafari                                     -1.107e+00
Buffer.Size1024:Iteration.Count2:EnvironmentSafari                                      1.775e-02
Buffer.Size8192:Iteration.Count2:EnvironmentSafari                                      7.883e-02
Buffer.Size1024:Iteration.Count3:EnvironmentSafari                                      1.370e-01
Buffer.Size8192:Iteration.Count3:EnvironmentSafari                                      1.933e-01
Buffer.Size1024:Iteration.Count4:EnvironmentSafari                                      7.030e-02
Buffer.Size8192:Iteration.Count4:EnvironmentSafari                                      1.038e-01
Buffer.Size1024:Iteration.Count5:EnvironmentSafari                                      9.422e-02
Buffer.Size8192:Iteration.Count5:EnvironmentSafari                                      1.174e-01
Buffer.Size1024:Iteration.Count6:EnvironmentSafari                                      9.436e-02
Buffer.Size8192:Iteration.Count6:EnvironmentSafari                                      9.562e-02
Buffer.Size1024:Iteration.Count7:EnvironmentSafari                                      1.476e-01
Buffer.Size8192:Iteration.Count7:EnvironmentSafari                                      1.340e-01
Buffer.Size1024:Iteration.Count8:EnvironmentSafari                                      1.942e-02
Buffer.Size8192:Iteration.Count8:EnvironmentSafari                                      9.154e-02
Buffer.Size1024:Iteration.Count9:EnvironmentSafari                                      1.176e-01
Buffer.Size8192:Iteration.Count9:EnvironmentSafari                                      1.692e-01
Buffer.Size1024:Iteration.Count1:Model.Uniquesteerable-nafx                             4.643e-02
Buffer.Size8192:Iteration.Count1:Model.Uniquesteerable-nafx                             2.258e-01
Buffer.Size1024:Iteration.Count2:Model.Uniquesteerable-nafx                            -3.138e-04
Buffer.Size8192:Iteration.Count2:Model.Uniquesteerable-nafx                            -1.414e-02
Buffer.Size1024:Iteration.Count3:Model.Uniquesteerable-nafx                             2.179e-03
Buffer.Size8192:Iteration.Count3:Model.Uniquesteerable-nafx                             7.256e-03
Buffer.Size1024:Iteration.Count4:Model.Uniquesteerable-nafx                            -5.775e-03
Buffer.Size8192:Iteration.Count4:Model.Uniquesteerable-nafx                            -5.429e-02
Buffer.Size1024:Iteration.Count5:Model.Uniquesteerable-nafx                            -1.278e-02
Buffer.Size8192:Iteration.Count5:Model.Uniquesteerable-nafx                            -4.318e-02
Buffer.Size1024:Iteration.Count6:Model.Uniquesteerable-nafx                            -4.207e-03
Buffer.Size8192:Iteration.Count6:Model.Uniquesteerable-nafx                            -4.409e-02
Buffer.Size1024:Iteration.Count7:Model.Uniquesteerable-nafx                            -8.740e-04
Buffer.Size8192:Iteration.Count7:Model.Uniquesteerable-nafx                             3.581e-02
Buffer.Size1024:Iteration.Count8:Model.Uniquesteerable-nafx                            -1.078e-02
Buffer.Size8192:Iteration.Count8:Model.Uniquesteerable-nafx                            -4.287e-02
Buffer.Size1024:Iteration.Count9:Model.Uniquesteerable-nafx                            -2.182e-03
Buffer.Size8192:Iteration.Count9:Model.Uniquesteerable-nafx                            -3.931e-02
Buffer.Size1024:EnvironmentChrome:Model.Uniquesteerable-nafx                           -7.555e-01
Buffer.Size8192:EnvironmentChrome:Model.Uniquesteerable-nafx                            1.666e-01
Buffer.Size1024:EnvironmentFirefox:Model.Uniquesteerable-nafx                          -5.565e-01
Buffer.Size8192:EnvironmentFirefox:Model.Uniquesteerable-nafx                           3.583e-02
Buffer.Size1024:EnvironmentSafari:Model.Uniquesteerable-nafx                           -2.853e-01
Buffer.Size8192:EnvironmentSafari:Model.Uniquesteerable-nafx                            3.946e-01
Iteration.Count1:EnvironmentChrome:Model.Uniquesteerable-nafx                           3.368e-01
Iteration.Count2:EnvironmentChrome:Model.Uniquesteerable-nafx                          -2.452e-02
Iteration.Count3:EnvironmentChrome:Model.Uniquesteerable-nafx                           5.276e-04
Iteration.Count4:EnvironmentChrome:Model.Uniquesteerable-nafx                          -4.655e-02
Iteration.Count5:EnvironmentChrome:Model.Uniquesteerable-nafx                          -4.404e-02
Iteration.Count6:EnvironmentChrome:Model.Uniquesteerable-nafx                          -1.901e-02
Iteration.Count7:EnvironmentChrome:Model.Uniquesteerable-nafx                          -4.524e-02
Iteration.Count8:EnvironmentChrome:Model.Uniquesteerable-nafx                          -7.220e-02
Iteration.Count9:EnvironmentChrome:Model.Uniquesteerable-nafx                          -3.053e-02
Iteration.Count1:EnvironmentFirefox:Model.Uniquesteerable-nafx                          1.041e-01
Iteration.Count2:EnvironmentFirefox:Model.Uniquesteerable-nafx                          9.185e-02
Iteration.Count3:EnvironmentFirefox:Model.Uniquesteerable-nafx                          3.139e-03
Iteration.Count4:EnvironmentFirefox:Model.Uniquesteerable-nafx                         -8.537e-02
Iteration.Count5:EnvironmentFirefox:Model.Uniquesteerable-nafx                          1.640e-02
Iteration.Count6:EnvironmentFirefox:Model.Uniquesteerable-nafx                         -3.405e-02
Iteration.Count7:EnvironmentFirefox:Model.Uniquesteerable-nafx                          7.425e-02
Iteration.Count8:EnvironmentFirefox:Model.Uniquesteerable-nafx                         -1.010e-01
Iteration.Count9:EnvironmentFirefox:Model.Uniquesteerable-nafx                          3.755e-02
Iteration.Count1:EnvironmentSafari:Model.Uniquesteerable-nafx                          -5.392e-02
Iteration.Count2:EnvironmentSafari:Model.Uniquesteerable-nafx                          -1.826e-02
Iteration.Count3:EnvironmentSafari:Model.Uniquesteerable-nafx                           1.081e-01
Iteration.Count4:EnvironmentSafari:Model.Uniquesteerable-nafx                          -8.721e-02
Iteration.Count5:EnvironmentSafari:Model.Uniquesteerable-nafx                          -1.200e-01
Iteration.Count6:EnvironmentSafari:Model.Uniquesteerable-nafx                          -5.289e-02
Iteration.Count7:EnvironmentSafari:Model.Uniquesteerable-nafx                           7.235e-02
Iteration.Count8:EnvironmentSafari:Model.Uniquesteerable-nafx                           1.140e-02
Iteration.Count9:EnvironmentSafari:Model.Uniquesteerable-nafx                           1.017e-01
Runonnx:Buffer.Size1024:Iteration.Count1:EnvironmentChrome                              3.882e-01
Runonnx:Buffer.Size8192:Iteration.Count1:EnvironmentChrome                              4.117e-01
Runonnx:Buffer.Size1024:Iteration.Count2:EnvironmentChrome                             -1.604e-02
Runonnx:Buffer.Size8192:Iteration.Count2:EnvironmentChrome                             -2.082e-02
Runonnx:Buffer.Size1024:Iteration.Count3:EnvironmentChrome                             -2.191e-02
Runonnx:Buffer.Size8192:Iteration.Count3:EnvironmentChrome                             -1.204e-02
Runonnx:Buffer.Size1024:Iteration.Count4:EnvironmentChrome                             -1.967e-02
Runonnx:Buffer.Size8192:Iteration.Count4:EnvironmentChrome                             -6.254e-02
Runonnx:Buffer.Size1024:Iteration.Count5:EnvironmentChrome                             -4.950e-02
Runonnx:Buffer.Size8192:Iteration.Count5:EnvironmentChrome                             -7.850e-03
Runonnx:Buffer.Size1024:Iteration.Count6:EnvironmentChrome                             -1.309e-02
Runonnx:Buffer.Size8192:Iteration.Count6:EnvironmentChrome                             -1.136e-02
Runonnx:Buffer.Size1024:Iteration.Count7:EnvironmentChrome                             -4.539e-02
Runonnx:Buffer.Size8192:Iteration.Count7:EnvironmentChrome                             -4.381e-02
Runonnx:Buffer.Size1024:Iteration.Count8:EnvironmentChrome                             -2.001e-02
Runonnx:Buffer.Size8192:Iteration.Count8:EnvironmentChrome                             -2.042e-02
Runonnx:Buffer.Size1024:Iteration.Count9:EnvironmentChrome                             -9.509e-02
Runonnx:Buffer.Size8192:Iteration.Count9:EnvironmentChrome                             -9.426e-02
Runonnx:Buffer.Size1024:Iteration.Count1:EnvironmentFirefox                             2.591e-01
Runonnx:Buffer.Size8192:Iteration.Count1:EnvironmentFirefox                             3.820e-01
Runonnx:Buffer.Size1024:Iteration.Count2:EnvironmentFirefox                            -1.642e-02
Runonnx:Buffer.Size8192:Iteration.Count2:EnvironmentFirefox                            -4.074e-02
Runonnx:Buffer.Size1024:Iteration.Count3:EnvironmentFirefox                            -9.052e-02
Runonnx:Buffer.Size8192:Iteration.Count3:EnvironmentFirefox                            -9.704e-02
Runonnx:Buffer.Size1024:Iteration.Count4:EnvironmentFirefox                             1.538e-02
Runonnx:Buffer.Size8192:Iteration.Count4:EnvironmentFirefox                             2.513e-03
Runonnx:Buffer.Size1024:Iteration.Count5:EnvironmentFirefox                            -8.715e-02
Runonnx:Buffer.Size8192:Iteration.Count5:EnvironmentFirefox                            -5.905e-02
Runonnx:Buffer.Size1024:Iteration.Count6:EnvironmentFirefox                             1.445e-02
Runonnx:Buffer.Size8192:Iteration.Count6:EnvironmentFirefox                            -4.328e-02
Runonnx:Buffer.Size1024:Iteration.Count7:EnvironmentFirefox                            -3.401e-02
Runonnx:Buffer.Size8192:Iteration.Count7:EnvironmentFirefox                            -8.670e-02
Runonnx:Buffer.Size1024:Iteration.Count8:EnvironmentFirefox                            -3.196e-04
Runonnx:Buffer.Size8192:Iteration.Count8:EnvironmentFirefox                             2.361e-03
Runonnx:Buffer.Size1024:Iteration.Count9:EnvironmentFirefox                            -4.516e-02
Runonnx:Buffer.Size8192:Iteration.Count9:EnvironmentFirefox                            -4.660e-02
Runonnx:Buffer.Size1024:Iteration.Count1:EnvironmentSafari                              5.887e-01
Runonnx:Buffer.Size8192:Iteration.Count1:EnvironmentSafari                              8.479e-01
Runonnx:Buffer.Size1024:Iteration.Count2:EnvironmentSafari                             -3.411e-02
Runonnx:Buffer.Size8192:Iteration.Count2:EnvironmentSafari                             -1.289e-01
Runonnx:Buffer.Size1024:Iteration.Count3:EnvironmentSafari                             -1.765e-01
Runonnx:Buffer.Size8192:Iteration.Count3:EnvironmentSafari                             -2.258e-01
Runonnx:Buffer.Size1024:Iteration.Count4:EnvironmentSafari                             -5.346e-02
Runonnx:Buffer.Size8192:Iteration.Count4:EnvironmentSafari                             -7.646e-02
Runonnx:Buffer.Size1024:Iteration.Count5:EnvironmentSafari                             -6.499e-02
Runonnx:Buffer.Size8192:Iteration.Count5:EnvironmentSafari                             -7.244e-02
Runonnx:Buffer.Size1024:Iteration.Count6:EnvironmentSafari                             -4.607e-02
Runonnx:Buffer.Size8192:Iteration.Count6:EnvironmentSafari                             -3.309e-02
Runonnx:Buffer.Size1024:Iteration.Count7:EnvironmentSafari                             -9.460e-02
Runonnx:Buffer.Size8192:Iteration.Count7:EnvironmentSafari                             -6.695e-02
Runonnx:Buffer.Size1024:Iteration.Count8:EnvironmentSafari                              8.172e-04
Runonnx:Buffer.Size8192:Iteration.Count8:EnvironmentSafari                             -5.786e-02
Runonnx:Buffer.Size1024:Iteration.Count9:EnvironmentSafari                             -8.630e-02
Runonnx:Buffer.Size8192:Iteration.Count9:EnvironmentSafari                             -1.198e-01
Runonnx:Buffer.Size1024:Iteration.Count1:Model.Uniquesteerable-nafx                     5.005e-02
Runonnx:Buffer.Size8192:Iteration.Count1:Model.Uniquesteerable-nafx                    -1.214e-01
Runonnx:Buffer.Size1024:Iteration.Count2:Model.Uniquesteerable-nafx                    -9.664e-03
Runonnx:Buffer.Size8192:Iteration.Count2:Model.Uniquesteerable-nafx                     6.754e-04
Runonnx:Buffer.Size1024:Iteration.Count3:Model.Uniquesteerable-nafx                    -1.938e-02
Runonnx:Buffer.Size8192:Iteration.Count3:Model.Uniquesteerable-nafx                    -2.280e-02
Runonnx:Buffer.Size1024:Iteration.Count4:Model.Uniquesteerable-nafx                     1.060e-03
Runonnx:Buffer.Size8192:Iteration.Count4:Model.Uniquesteerable-nafx                     4.614e-02
Runonnx:Buffer.Size1024:Iteration.Count5:Model.Uniquesteerable-nafx                     2.612e-04
Runonnx:Buffer.Size8192:Iteration.Count5:Model.Uniquesteerable-nafx                     3.273e-02
Runonnx:Buffer.Size1024:Iteration.Count6:Model.Uniquesteerable-nafx                    -3.383e-04
Runonnx:Buffer.Size8192:Iteration.Count6:Model.Uniquesteerable-nafx                     3.985e-02
Runonnx:Buffer.Size1024:Iteration.Count7:Model.Uniquesteerable-nafx                    -1.020e-02
Runonnx:Buffer.Size8192:Iteration.Count7:Model.Uniquesteerable-nafx                    -4.864e-02
Runonnx:Buffer.Size1024:Iteration.Count8:Model.Uniquesteerable-nafx                    -2.605e-03
Runonnx:Buffer.Size8192:Iteration.Count8:Model.Uniquesteerable-nafx                     2.739e-02
Runonnx:Buffer.Size1024:Iteration.Count9:Model.Uniquesteerable-nafx                    -6.088e-03
Runonnx:Buffer.Size8192:Iteration.Count9:Model.Uniquesteerable-nafx                     2.996e-02
Runonnx:Buffer.Size1024:EnvironmentChrome:Model.Uniquesteerable-nafx                    6.202e-01
Runonnx:Buffer.Size8192:EnvironmentChrome:Model.Uniquesteerable-nafx                   -3.164e-01
Runonnx:Buffer.Size1024:EnvironmentFirefox:Model.Uniquesteerable-nafx                   5.412e-01
Runonnx:Buffer.Size8192:EnvironmentFirefox:Model.Uniquesteerable-nafx                  -4.175e-02
Runonnx:Buffer.Size1024:EnvironmentSafari:Model.Uniquesteerable-nafx                    3.521e-01
Runonnx:Buffer.Size8192:EnvironmentSafari:Model.Uniquesteerable-nafx                   -2.895e-01
Runonnx:Iteration.Count1:EnvironmentChrome:Model.Uniquesteerable-nafx                  -3.779e-01
Runonnx:Iteration.Count2:EnvironmentChrome:Model.Uniquesteerable-nafx                   5.016e-02
Runonnx:Iteration.Count3:EnvironmentChrome:Model.Uniquesteerable-nafx                   1.521e-02
Runonnx:Iteration.Count4:EnvironmentChrome:Model.Uniquesteerable-nafx                   7.904e-02
Runonnx:Iteration.Count5:EnvironmentChrome:Model.Uniquesteerable-nafx                   8.979e-02
Runonnx:Iteration.Count6:EnvironmentChrome:Model.Uniquesteerable-nafx                   5.438e-02
Runonnx:Iteration.Count7:EnvironmentChrome:Model.Uniquesteerable-nafx                   5.171e-02
Runonnx:Iteration.Count8:EnvironmentChrome:Model.Uniquesteerable-nafx                   8.635e-02
Runonnx:Iteration.Count9:EnvironmentChrome:Model.Uniquesteerable-nafx                  -1.323e-02
Runonnx:Iteration.Count1:EnvironmentFirefox:Model.Uniquesteerable-nafx                 -1.859e-01
Runonnx:Iteration.Count2:EnvironmentFirefox:Model.Uniquesteerable-nafx                 -8.222e-02
Runonnx:Iteration.Count3:EnvironmentFirefox:Model.Uniquesteerable-nafx                  2.046e-03
Runonnx:Iteration.Count4:EnvironmentFirefox:Model.Uniquesteerable-nafx                  9.010e-02
Runonnx:Iteration.Count5:EnvironmentFirefox:Model.Uniquesteerable-nafx                 -2.846e-02
Runonnx:Iteration.Count6:EnvironmentFirefox:Model.Uniquesteerable-nafx                  3.541e-02
Runonnx:Iteration.Count7:EnvironmentFirefox:Model.Uniquesteerable-nafx                 -6.457e-02
Runonnx:Iteration.Count8:EnvironmentFirefox:Model.Uniquesteerable-nafx                  1.335e-01
Runonnx:Iteration.Count9:EnvironmentFirefox:Model.Uniquesteerable-nafx                 -1.664e-02
Runonnx:Iteration.Count1:EnvironmentSafari:Model.Uniquesteerable-nafx                  -2.214e-01
Runonnx:Iteration.Count2:EnvironmentSafari:Model.Uniquesteerable-nafx                  -2.786e-02
Runonnx:Iteration.Count3:EnvironmentSafari:Model.Uniquesteerable-nafx                  -1.419e-01
Runonnx:Iteration.Count4:EnvironmentSafari:Model.Uniquesteerable-nafx                   1.136e-01
Runonnx:Iteration.Count5:EnvironmentSafari:Model.Uniquesteerable-nafx                   1.668e-01
Runonnx:Iteration.Count6:EnvironmentSafari:Model.Uniquesteerable-nafx                   1.158e-01
Runonnx:Iteration.Count7:EnvironmentSafari:Model.Uniquesteerable-nafx                  -5.553e-03
Runonnx:Iteration.Count8:EnvironmentSafari:Model.Uniquesteerable-nafx                   2.627e-02
Runonnx:Iteration.Count9:EnvironmentSafari:Model.Uniquesteerable-nafx                  -4.951e-02
Buffer.Size1024:Iteration.Count1:EnvironmentChrome:Model.Uniquesteerable-nafx           2.652e-01
Buffer.Size8192:Iteration.Count1:EnvironmentChrome:Model.Uniquesteerable-nafx          -1.888e-01
Buffer.Size1024:Iteration.Count2:EnvironmentChrome:Model.Uniquesteerable-nafx          -7.091e-02
Buffer.Size8192:Iteration.Count2:EnvironmentChrome:Model.Uniquesteerable-nafx           1.092e-01
Buffer.Size1024:Iteration.Count3:EnvironmentChrome:Model.Uniquesteerable-nafx          -8.002e-02
Buffer.Size8192:Iteration.Count3:EnvironmentChrome:Model.Uniquesteerable-nafx          -5.565e-02
Buffer.Size1024:Iteration.Count4:EnvironmentChrome:Model.Uniquesteerable-nafx          -3.232e-02
Buffer.Size8192:Iteration.Count4:EnvironmentChrome:Model.Uniquesteerable-nafx           1.032e-02
Buffer.Size1024:Iteration.Count5:EnvironmentChrome:Model.Uniquesteerable-nafx          -5.136e-02
Buffer.Size8192:Iteration.Count5:EnvironmentChrome:Model.Uniquesteerable-nafx           4.403e-02
Buffer.Size1024:Iteration.Count6:EnvironmentChrome:Model.Uniquesteerable-nafx           2.196e-02
Buffer.Size8192:Iteration.Count6:EnvironmentChrome:Model.Uniquesteerable-nafx           1.570e-02
Buffer.Size1024:Iteration.Count7:EnvironmentChrome:Model.Uniquesteerable-nafx          -3.638e-02
Buffer.Size8192:Iteration.Count7:EnvironmentChrome:Model.Uniquesteerable-nafx          -3.275e-02
Buffer.Size1024:Iteration.Count8:EnvironmentChrome:Model.Uniquesteerable-nafx           7.355e-02
Buffer.Size8192:Iteration.Count8:EnvironmentChrome:Model.Uniquesteerable-nafx           4.871e-02
Buffer.Size1024:Iteration.Count9:EnvironmentChrome:Model.Uniquesteerable-nafx          -5.467e-02
Buffer.Size8192:Iteration.Count9:EnvironmentChrome:Model.Uniquesteerable-nafx           1.279e-02
Buffer.Size1024:Iteration.Count1:EnvironmentFirefox:Model.Uniquesteerable-nafx          3.555e-01
Buffer.Size8192:Iteration.Count1:EnvironmentFirefox:Model.Uniquesteerable-nafx          9.321e-02
Buffer.Size1024:Iteration.Count2:EnvironmentFirefox:Model.Uniquesteerable-nafx         -1.370e-01
Buffer.Size8192:Iteration.Count2:EnvironmentFirefox:Model.Uniquesteerable-nafx         -1.255e-01
Buffer.Size1024:Iteration.Count3:EnvironmentFirefox:Model.Uniquesteerable-nafx         -5.686e-02
Buffer.Size8192:Iteration.Count3:EnvironmentFirefox:Model.Uniquesteerable-nafx         -7.019e-02
Buffer.Size1024:Iteration.Count4:EnvironmentFirefox:Model.Uniquesteerable-nafx          3.093e-02
Buffer.Size8192:Iteration.Count4:EnvironmentFirefox:Model.Uniquesteerable-nafx          1.334e-01
Buffer.Size1024:Iteration.Count5:EnvironmentFirefox:Model.Uniquesteerable-nafx         -1.057e-01
Buffer.Size8192:Iteration.Count5:EnvironmentFirefox:Model.Uniquesteerable-nafx         -8.155e-03
Buffer.Size1024:Iteration.Count6:EnvironmentFirefox:Model.Uniquesteerable-nafx          7.692e-03
Buffer.Size8192:Iteration.Count6:EnvironmentFirefox:Model.Uniquesteerable-nafx          3.154e-02
Buffer.Size1024:Iteration.Count7:EnvironmentFirefox:Model.Uniquesteerable-nafx         -7.553e-02
Buffer.Size8192:Iteration.Count7:EnvironmentFirefox:Model.Uniquesteerable-nafx         -2.002e-01
Buffer.Size1024:Iteration.Count8:EnvironmentFirefox:Model.Uniquesteerable-nafx          3.592e-02
Buffer.Size8192:Iteration.Count8:EnvironmentFirefox:Model.Uniquesteerable-nafx          6.892e-02
Buffer.Size1024:Iteration.Count9:EnvironmentFirefox:Model.Uniquesteerable-nafx         -1.307e-01
Buffer.Size8192:Iteration.Count9:EnvironmentFirefox:Model.Uniquesteerable-nafx         -2.868e-02
Buffer.Size1024:Iteration.Count1:EnvironmentSafari:Model.Uniquesteerable-nafx           8.505e-01
Buffer.Size8192:Iteration.Count1:EnvironmentSafari:Model.Uniquesteerable-nafx           5.508e-01
Buffer.Size1024:Iteration.Count2:EnvironmentSafari:Model.Uniquesteerable-nafx           3.580e-02
Buffer.Size8192:Iteration.Count2:EnvironmentSafari:Model.Uniquesteerable-nafx          -4.044e-02
Buffer.Size1024:Iteration.Count3:EnvironmentSafari:Model.Uniquesteerable-nafx          -1.764e-01
Buffer.Size8192:Iteration.Count3:EnvironmentSafari:Model.Uniquesteerable-nafx          -1.772e-01
Buffer.Size1024:Iteration.Count4:EnvironmentSafari:Model.Uniquesteerable-nafx          -7.964e-03
Buffer.Size8192:Iteration.Count4:EnvironmentSafari:Model.Uniquesteerable-nafx           4.964e-02
Buffer.Size1024:Iteration.Count5:EnvironmentSafari:Model.Uniquesteerable-nafx           2.736e-02
Buffer.Size8192:Iteration.Count5:EnvironmentSafari:Model.Uniquesteerable-nafx           6.625e-02
Buffer.Size1024:Iteration.Count6:EnvironmentSafari:Model.Uniquesteerable-nafx          -1.175e-01
Buffer.Size8192:Iteration.Count6:EnvironmentSafari:Model.Uniquesteerable-nafx           2.098e-02
Buffer.Size1024:Iteration.Count7:EnvironmentSafari:Model.Uniquesteerable-nafx          -1.737e-01
Buffer.Size8192:Iteration.Count7:EnvironmentSafari:Model.Uniquesteerable-nafx          -1.852e-01
Buffer.Size1024:Iteration.Count8:EnvironmentSafari:Model.Uniquesteerable-nafx          -1.437e-01
Buffer.Size8192:Iteration.Count8:EnvironmentSafari:Model.Uniquesteerable-nafx          -2.409e-02
Buffer.Size1024:Iteration.Count9:EnvironmentSafari:Model.Uniquesteerable-nafx          -2.144e-01
Buffer.Size8192:Iteration.Count9:EnvironmentSafari:Model.Uniquesteerable-nafx          -1.630e-01
Runonnx:Buffer.Size1024:Iteration.Count1:EnvironmentChrome:Model.Uniquesteerable-nafx  -2.338e-01
Runonnx:Buffer.Size8192:Iteration.Count1:EnvironmentChrome:Model.Uniquesteerable-nafx   2.366e-01
Runonnx:Buffer.Size1024:Iteration.Count2:EnvironmentChrome:Model.Uniquesteerable-nafx   2.811e-02
Runonnx:Buffer.Size8192:Iteration.Count2:EnvironmentChrome:Model.Uniquesteerable-nafx  -1.342e-01
Runonnx:Buffer.Size1024:Iteration.Count3:EnvironmentChrome:Model.Uniquesteerable-nafx   7.033e-02
Runonnx:Buffer.Size8192:Iteration.Count3:EnvironmentChrome:Model.Uniquesteerable-nafx   5.047e-02
Runonnx:Buffer.Size1024:Iteration.Count4:EnvironmentChrome:Model.Uniquesteerable-nafx   8.958e-03
Runonnx:Buffer.Size8192:Iteration.Count4:EnvironmentChrome:Model.Uniquesteerable-nafx  -4.380e-02
Runonnx:Buffer.Size1024:Iteration.Count5:EnvironmentChrome:Model.Uniquesteerable-nafx   2.095e-02
Runonnx:Buffer.Size8192:Iteration.Count5:EnvironmentChrome:Model.Uniquesteerable-nafx  -9.260e-02
Runonnx:Buffer.Size1024:Iteration.Count6:EnvironmentChrome:Model.Uniquesteerable-nafx  -5.073e-02
Runonnx:Buffer.Size8192:Iteration.Count6:EnvironmentChrome:Model.Uniquesteerable-nafx  -5.502e-02
Runonnx:Buffer.Size1024:Iteration.Count7:EnvironmentChrome:Model.Uniquesteerable-nafx   3.575e-02
Runonnx:Buffer.Size8192:Iteration.Count7:EnvironmentChrome:Model.Uniquesteerable-nafx   2.422e-02
Runonnx:Buffer.Size1024:Iteration.Count8:EnvironmentChrome:Model.Uniquesteerable-nafx  -8.237e-02
Runonnx:Buffer.Size8192:Iteration.Count8:EnvironmentChrome:Model.Uniquesteerable-nafx  -6.416e-02
Runonnx:Buffer.Size1024:Iteration.Count9:EnvironmentChrome:Model.Uniquesteerable-nafx   1.033e-01
Runonnx:Buffer.Size8192:Iteration.Count9:EnvironmentChrome:Model.Uniquesteerable-nafx   2.680e-02
Runonnx:Buffer.Size1024:Iteration.Count1:EnvironmentFirefox:Model.Uniquesteerable-nafx -3.116e-01
Runonnx:Buffer.Size8192:Iteration.Count1:EnvironmentFirefox:Model.Uniquesteerable-nafx -2.214e-02
Runonnx:Buffer.Size1024:Iteration.Count2:EnvironmentFirefox:Model.Uniquesteerable-nafx  1.366e-01
Runonnx:Buffer.Size8192:Iteration.Count2:EnvironmentFirefox:Model.Uniquesteerable-nafx  1.377e-01
Runonnx:Buffer.Size1024:Iteration.Count3:EnvironmentFirefox:Model.Uniquesteerable-nafx  6.366e-02
Runonnx:Buffer.Size8192:Iteration.Count3:EnvironmentFirefox:Model.Uniquesteerable-nafx  6.685e-02
Runonnx:Buffer.Size1024:Iteration.Count4:EnvironmentFirefox:Model.Uniquesteerable-nafx -3.354e-02
Runonnx:Buffer.Size8192:Iteration.Count4:EnvironmentFirefox:Model.Uniquesteerable-nafx -1.414e-01
Runonnx:Buffer.Size1024:Iteration.Count5:EnvironmentFirefox:Model.Uniquesteerable-nafx  1.249e-01
Runonnx:Buffer.Size8192:Iteration.Count5:EnvironmentFirefox:Model.Uniquesteerable-nafx  3.388e-02
Runonnx:Buffer.Size1024:Iteration.Count6:EnvironmentFirefox:Model.Uniquesteerable-nafx -2.613e-02
Runonnx:Buffer.Size8192:Iteration.Count6:EnvironmentFirefox:Model.Uniquesteerable-nafx -2.944e-02
Runonnx:Buffer.Size1024:Iteration.Count7:EnvironmentFirefox:Model.Uniquesteerable-nafx  6.663e-02
Runonnx:Buffer.Size8192:Iteration.Count7:EnvironmentFirefox:Model.Uniquesteerable-nafx  1.845e-01
Runonnx:Buffer.Size1024:Iteration.Count8:EnvironmentFirefox:Model.Uniquesteerable-nafx -5.721e-02
Runonnx:Buffer.Size8192:Iteration.Count8:EnvironmentFirefox:Model.Uniquesteerable-nafx -1.042e-01
Runonnx:Buffer.Size1024:Iteration.Count9:EnvironmentFirefox:Model.Uniquesteerable-nafx  1.148e-01
Runonnx:Buffer.Size8192:Iteration.Count9:EnvironmentFirefox:Model.Uniquesteerable-nafx -1.693e-03
Runonnx:Buffer.Size1024:Iteration.Count1:EnvironmentSafari:Model.Uniquesteerable-nafx  -6.452e-01
Runonnx:Buffer.Size8192:Iteration.Count1:EnvironmentSafari:Model.Uniquesteerable-nafx  -2.866e-01
Runonnx:Buffer.Size1024:Iteration.Count2:EnvironmentSafari:Model.Uniquesteerable-nafx  -2.102e-02
Runonnx:Buffer.Size8192:Iteration.Count2:EnvironmentSafari:Model.Uniquesteerable-nafx   9.071e-02
Runonnx:Buffer.Size1024:Iteration.Count3:EnvironmentSafari:Model.Uniquesteerable-nafx   2.173e-01
Runonnx:Buffer.Size8192:Iteration.Count3:EnvironmentSafari:Model.Uniquesteerable-nafx   2.110e-01
Runonnx:Buffer.Size1024:Iteration.Count4:EnvironmentSafari:Model.Uniquesteerable-nafx  -1.228e-02
Runonnx:Buffer.Size8192:Iteration.Count4:EnvironmentSafari:Model.Uniquesteerable-nafx  -7.591e-02
Runonnx:Buffer.Size1024:Iteration.Count5:EnvironmentSafari:Model.Uniquesteerable-nafx  -5.722e-02
Runonnx:Buffer.Size8192:Iteration.Count5:EnvironmentSafari:Model.Uniquesteerable-nafx  -1.092e-01
Runonnx:Buffer.Size1024:Iteration.Count6:EnvironmentSafari:Model.Uniquesteerable-nafx   6.637e-02
Runonnx:Buffer.Size8192:Iteration.Count6:EnvironmentSafari:Model.Uniquesteerable-nafx  -8.351e-02
Runonnx:Buffer.Size1024:Iteration.Count7:EnvironmentSafari:Model.Uniquesteerable-nafx   1.176e-01
Runonnx:Buffer.Size8192:Iteration.Count7:EnvironmentSafari:Model.Uniquesteerable-nafx   1.139e-01
Runonnx:Buffer.Size1024:Iteration.Count8:EnvironmentSafari:Model.Uniquesteerable-nafx   1.236e-01
Runonnx:Buffer.Size8192:Iteration.Count8:EnvironmentSafari:Model.Uniquesteerable-nafx  -7.323e-03
Runonnx:Buffer.Size1024:Iteration.Count9:EnvironmentSafari:Model.Uniquesteerable-nafx   1.764e-01
Runonnx:Buffer.Size8192:Iteration.Count9:EnvironmentSafari:Model.Uniquesteerable-nafx   1.091e-01
                                                                                       Std. Error
(Intercept)                                                                             1.168e-02
Runonnx                                                                                 1.652e-02
Buffer.Size1024                                                                         1.652e-02
Buffer.Size8192                                                                         1.652e-02
Iteration.Count1                                                                        2.879e-02
Iteration.Count2                                                                        2.879e-02
Iteration.Count3                                                                        2.879e-02
Iteration.Count4                                                                        2.879e-02
Iteration.Count5                                                                        2.879e-02
Iteration.Count6                                                                        2.879e-02
Iteration.Count7                                                                        2.879e-02
Iteration.Count8                                                                        2.879e-02
Iteration.Count9                                                                        2.879e-02
EnvironmentChrome                                                                       1.652e-02
EnvironmentFirefox                                                                      1.652e-02
EnvironmentSafari                                                                       1.652e-02
Model.Uniquesteerable-nafx                                                              1.652e-02
Runonnx:Buffer.Size1024                                                                 2.336e-02
Runonnx:Buffer.Size8192                                                                 2.336e-02
Runonnx:Iteration.Count1                                                                4.072e-02
Runonnx:Iteration.Count2                                                                4.072e-02
Runonnx:Iteration.Count3                                                                4.072e-02
Runonnx:Iteration.Count4                                                                4.072e-02
Runonnx:Iteration.Count5                                                                4.072e-02
Runonnx:Iteration.Count6                                                                4.072e-02
Runonnx:Iteration.Count7                                                                4.072e-02
Runonnx:Iteration.Count8                                                                4.072e-02
Runonnx:Iteration.Count9                                                                4.072e-02
Runonnx:EnvironmentChrome                                                               2.336e-02
Runonnx:EnvironmentFirefox                                                              2.336e-02
Runonnx:EnvironmentSafari                                                               2.336e-02
Runonnx:Model.Uniquesteerable-nafx                                                      2.336e-02
Buffer.Size1024:Iteration.Count1                                                        4.072e-02
Buffer.Size8192:Iteration.Count1                                                        4.072e-02
Buffer.Size1024:Iteration.Count2                                                        4.072e-02
Buffer.Size8192:Iteration.Count2                                                        4.072e-02
Buffer.Size1024:Iteration.Count3                                                        4.072e-02
Buffer.Size8192:Iteration.Count3                                                        4.072e-02
Buffer.Size1024:Iteration.Count4                                                        4.072e-02
Buffer.Size8192:Iteration.Count4                                                        4.072e-02
Buffer.Size1024:Iteration.Count5                                                        4.072e-02
Buffer.Size8192:Iteration.Count5                                                        4.072e-02
Buffer.Size1024:Iteration.Count6                                                        4.072e-02
Buffer.Size8192:Iteration.Count6                                                        4.072e-02
Buffer.Size1024:Iteration.Count7                                                        4.072e-02
Buffer.Size8192:Iteration.Count7                                                        4.072e-02
Buffer.Size1024:Iteration.Count8                                                        4.072e-02
Buffer.Size8192:Iteration.Count8                                                        4.072e-02
Buffer.Size1024:Iteration.Count9                                                        4.072e-02
Buffer.Size8192:Iteration.Count9                                                        4.072e-02
Buffer.Size1024:EnvironmentChrome                                                       2.336e-02
Buffer.Size8192:EnvironmentChrome                                                       2.336e-02
Buffer.Size1024:EnvironmentFirefox                                                      2.336e-02
Buffer.Size8192:EnvironmentFirefox                                                      2.336e-02
Buffer.Size1024:EnvironmentSafari                                                       2.336e-02
Buffer.Size8192:EnvironmentSafari                                                       2.336e-02
Buffer.Size1024:Model.Uniquesteerable-nafx                                              2.336e-02
Buffer.Size8192:Model.Uniquesteerable-nafx                                              2.336e-02
Iteration.Count1:EnvironmentChrome                                                      4.072e-02
Iteration.Count2:EnvironmentChrome                                                      4.072e-02
Iteration.Count3:EnvironmentChrome                                                      4.072e-02
Iteration.Count4:EnvironmentChrome                                                      4.072e-02
Iteration.Count5:EnvironmentChrome                                                      4.072e-02
Iteration.Count6:EnvironmentChrome                                                      4.072e-02
Iteration.Count7:EnvironmentChrome                                                      4.072e-02
Iteration.Count8:EnvironmentChrome                                                      4.072e-02
Iteration.Count9:EnvironmentChrome                                                      4.072e-02
Iteration.Count1:EnvironmentFirefox                                                     4.072e-02
Iteration.Count2:EnvironmentFirefox                                                     4.072e-02
Iteration.Count3:EnvironmentFirefox                                                     4.072e-02
Iteration.Count4:EnvironmentFirefox                                                     4.072e-02
Iteration.Count5:EnvironmentFirefox                                                     4.072e-02
Iteration.Count6:EnvironmentFirefox                                                     4.072e-02
Iteration.Count7:EnvironmentFirefox                                                     4.072e-02
Iteration.Count8:EnvironmentFirefox                                                     4.072e-02
Iteration.Count9:EnvironmentFirefox                                                     4.072e-02
Iteration.Count1:EnvironmentSafari                                                      4.072e-02
Iteration.Count2:EnvironmentSafari                                                      4.072e-02
Iteration.Count3:EnvironmentSafari                                                      4.072e-02
Iteration.Count4:EnvironmentSafari                                                      4.072e-02
Iteration.Count5:EnvironmentSafari                                                      4.072e-02
Iteration.Count6:EnvironmentSafari                                                      4.072e-02
Iteration.Count7:EnvironmentSafari                                                      4.072e-02
Iteration.Count8:EnvironmentSafari                                                      4.072e-02
Iteration.Count9:EnvironmentSafari                                                      4.072e-02
Iteration.Count1:Model.Uniquesteerable-nafx                                             4.072e-02
Iteration.Count2:Model.Uniquesteerable-nafx                                             4.072e-02
Iteration.Count3:Model.Uniquesteerable-nafx                                             4.072e-02
Iteration.Count4:Model.Uniquesteerable-nafx                                             4.072e-02
Iteration.Count5:Model.Uniquesteerable-nafx                                             4.072e-02
Iteration.Count6:Model.Uniquesteerable-nafx                                             4.072e-02
Iteration.Count7:Model.Uniquesteerable-nafx                                             4.072e-02
Iteration.Count8:Model.Uniquesteerable-nafx                                             4.072e-02
Iteration.Count9:Model.Uniquesteerable-nafx                                             4.072e-02
EnvironmentChrome:Model.Uniquesteerable-nafx                                            2.336e-02
EnvironmentFirefox:Model.Uniquesteerable-nafx                                           2.336e-02
EnvironmentSafari:Model.Uniquesteerable-nafx                                            2.336e-02
Runonnx:Buffer.Size1024:Iteration.Count1                                                5.759e-02
Runonnx:Buffer.Size8192:Iteration.Count1                                                5.759e-02
Runonnx:Buffer.Size1024:Iteration.Count2                                                5.759e-02
Runonnx:Buffer.Size8192:Iteration.Count2                                                5.759e-02
Runonnx:Buffer.Size1024:Iteration.Count3                                                5.759e-02
Runonnx:Buffer.Size8192:Iteration.Count3                                                5.759e-02
Runonnx:Buffer.Size1024:Iteration.Count4                                                5.759e-02
Runonnx:Buffer.Size8192:Iteration.Count4                                                5.759e-02
Runonnx:Buffer.Size1024:Iteration.Count5                                                5.759e-02
Runonnx:Buffer.Size8192:Iteration.Count5                                                5.759e-02
Runonnx:Buffer.Size1024:Iteration.Count6                                                5.759e-02
Runonnx:Buffer.Size8192:Iteration.Count6                                                5.759e-02
Runonnx:Buffer.Size1024:Iteration.Count7                                                5.759e-02
Runonnx:Buffer.Size8192:Iteration.Count7                                                5.759e-02
Runonnx:Buffer.Size1024:Iteration.Count8                                                5.759e-02
Runonnx:Buffer.Size8192:Iteration.Count8                                                5.759e-02
Runonnx:Buffer.Size1024:Iteration.Count9                                                5.759e-02
Runonnx:Buffer.Size8192:Iteration.Count9                                                5.759e-02
Runonnx:Buffer.Size1024:EnvironmentChrome                                               3.304e-02
Runonnx:Buffer.Size8192:EnvironmentChrome                                               3.304e-02
Runonnx:Buffer.Size1024:EnvironmentFirefox                                              3.304e-02
Runonnx:Buffer.Size8192:EnvironmentFirefox                                              3.304e-02
Runonnx:Buffer.Size1024:EnvironmentSafari                                               3.304e-02
Runonnx:Buffer.Size8192:EnvironmentSafari                                               3.304e-02
Runonnx:Buffer.Size1024:Model.Uniquesteerable-nafx                                      3.304e-02
Runonnx:Buffer.Size8192:Model.Uniquesteerable-nafx                                      3.304e-02
Runonnx:Iteration.Count1:EnvironmentChrome                                              5.759e-02
Runonnx:Iteration.Count2:EnvironmentChrome                                              5.759e-02
Runonnx:Iteration.Count3:EnvironmentChrome                                              5.759e-02
Runonnx:Iteration.Count4:EnvironmentChrome                                              5.759e-02
Runonnx:Iteration.Count5:EnvironmentChrome                                              5.759e-02
Runonnx:Iteration.Count6:EnvironmentChrome                                              5.759e-02
Runonnx:Iteration.Count7:EnvironmentChrome                                              5.759e-02
Runonnx:Iteration.Count8:EnvironmentChrome                                              5.759e-02
Runonnx:Iteration.Count9:EnvironmentChrome                                              5.759e-02
Runonnx:Iteration.Count1:EnvironmentFirefox                                             5.759e-02
Runonnx:Iteration.Count2:EnvironmentFirefox                                             5.759e-02
Runonnx:Iteration.Count3:EnvironmentFirefox                                             5.759e-02
Runonnx:Iteration.Count4:EnvironmentFirefox                                             5.759e-02
Runonnx:Iteration.Count5:EnvironmentFirefox                                             5.759e-02
Runonnx:Iteration.Count6:EnvironmentFirefox                                             5.759e-02
Runonnx:Iteration.Count7:EnvironmentFirefox                                             5.759e-02
Runonnx:Iteration.Count8:EnvironmentFirefox                                             5.759e-02
Runonnx:Iteration.Count9:EnvironmentFirefox                                             5.759e-02
Runonnx:Iteration.Count1:EnvironmentSafari                                              5.759e-02
Runonnx:Iteration.Count2:EnvironmentSafari                                              5.759e-02
Runonnx:Iteration.Count3:EnvironmentSafari                                              5.759e-02
Runonnx:Iteration.Count4:EnvironmentSafari                                              5.759e-02
Runonnx:Iteration.Count5:EnvironmentSafari                                              5.759e-02
Runonnx:Iteration.Count6:EnvironmentSafari                                              5.759e-02
Runonnx:Iteration.Count7:EnvironmentSafari                                              5.759e-02
Runonnx:Iteration.Count8:EnvironmentSafari                                              5.759e-02
Runonnx:Iteration.Count9:EnvironmentSafari                                              5.759e-02
Runonnx:Iteration.Count1:Model.Uniquesteerable-nafx                                     5.759e-02
Runonnx:Iteration.Count2:Model.Uniquesteerable-nafx                                     5.759e-02
Runonnx:Iteration.Count3:Model.Uniquesteerable-nafx                                     5.759e-02
Runonnx:Iteration.Count4:Model.Uniquesteerable-nafx                                     5.759e-02
Runonnx:Iteration.Count5:Model.Uniquesteerable-nafx                                     5.759e-02
Runonnx:Iteration.Count6:Model.Uniquesteerable-nafx                                     5.759e-02
Runonnx:Iteration.Count7:Model.Uniquesteerable-nafx                                     5.759e-02
Runonnx:Iteration.Count8:Model.Uniquesteerable-nafx                                     5.759e-02
Runonnx:Iteration.Count9:Model.Uniquesteerable-nafx                                     5.759e-02
Runonnx:EnvironmentChrome:Model.Uniquesteerable-nafx                                    3.304e-02
Runonnx:EnvironmentFirefox:Model.Uniquesteerable-nafx                                   3.304e-02
Runonnx:EnvironmentSafari:Model.Uniquesteerable-nafx                                    3.304e-02
Buffer.Size1024:Iteration.Count1:EnvironmentChrome                                      5.759e-02
Buffer.Size8192:Iteration.Count1:EnvironmentChrome                                      5.759e-02
Buffer.Size1024:Iteration.Count2:EnvironmentChrome                                      5.759e-02
Buffer.Size8192:Iteration.Count2:EnvironmentChrome                                      5.759e-02
Buffer.Size1024:Iteration.Count3:EnvironmentChrome                                      5.759e-02
Buffer.Size8192:Iteration.Count3:EnvironmentChrome                                      5.759e-02
Buffer.Size1024:Iteration.Count4:EnvironmentChrome                                      5.759e-02
Buffer.Size8192:Iteration.Count4:EnvironmentChrome                                      5.759e-02
Buffer.Size1024:Iteration.Count5:EnvironmentChrome                                      5.759e-02
Buffer.Size8192:Iteration.Count5:EnvironmentChrome                                      5.759e-02
Buffer.Size1024:Iteration.Count6:EnvironmentChrome                                      5.759e-02
Buffer.Size8192:Iteration.Count6:EnvironmentChrome                                      5.759e-02
Buffer.Size1024:Iteration.Count7:EnvironmentChrome                                      5.759e-02
Buffer.Size8192:Iteration.Count7:EnvironmentChrome                                      5.759e-02
Buffer.Size1024:Iteration.Count8:EnvironmentChrome                                      5.759e-02
Buffer.Size8192:Iteration.Count8:EnvironmentChrome                                      5.759e-02
Buffer.Size1024:Iteration.Count9:EnvironmentChrome                                      5.759e-02
Buffer.Size8192:Iteration.Count9:EnvironmentChrome                                      5.759e-02
Buffer.Size1024:Iteration.Count1:EnvironmentFirefox                                     5.759e-02
Buffer.Size8192:Iteration.Count1:EnvironmentFirefox                                     5.759e-02
Buffer.Size1024:Iteration.Count2:EnvironmentFirefox                                     5.759e-02
Buffer.Size8192:Iteration.Count2:EnvironmentFirefox                                     5.759e-02
Buffer.Size1024:Iteration.Count3:EnvironmentFirefox                                     5.759e-02
Buffer.Size8192:Iteration.Count3:EnvironmentFirefox                                     5.759e-02
Buffer.Size1024:Iteration.Count4:EnvironmentFirefox                                     5.759e-02
Buffer.Size8192:Iteration.Count4:EnvironmentFirefox                                     5.759e-02
Buffer.Size1024:Iteration.Count5:EnvironmentFirefox                                     5.759e-02
Buffer.Size8192:Iteration.Count5:EnvironmentFirefox                                     5.759e-02
Buffer.Size1024:Iteration.Count6:EnvironmentFirefox                                     5.759e-02
Buffer.Size8192:Iteration.Count6:EnvironmentFirefox                                     5.759e-02
Buffer.Size1024:Iteration.Count7:EnvironmentFirefox                                     5.759e-02
Buffer.Size8192:Iteration.Count7:EnvironmentFirefox                                     5.759e-02
Buffer.Size1024:Iteration.Count8:EnvironmentFirefox                                     5.759e-02
Buffer.Size8192:Iteration.Count8:EnvironmentFirefox                                     5.759e-02
Buffer.Size1024:Iteration.Count9:EnvironmentFirefox                                     5.759e-02
Buffer.Size8192:Iteration.Count9:EnvironmentFirefox                                     5.759e-02
Buffer.Size1024:Iteration.Count1:EnvironmentSafari                                      5.759e-02
Buffer.Size8192:Iteration.Count1:EnvironmentSafari                                      5.759e-02
Buffer.Size1024:Iteration.Count2:EnvironmentSafari                                      5.759e-02
Buffer.Size8192:Iteration.Count2:EnvironmentSafari                                      5.759e-02
Buffer.Size1024:Iteration.Count3:EnvironmentSafari                                      5.759e-02
Buffer.Size8192:Iteration.Count3:EnvironmentSafari                                      5.759e-02
Buffer.Size1024:Iteration.Count4:EnvironmentSafari                                      5.759e-02
Buffer.Size8192:Iteration.Count4:EnvironmentSafari                                      5.759e-02
Buffer.Size1024:Iteration.Count5:EnvironmentSafari                                      5.759e-02
Buffer.Size8192:Iteration.Count5:EnvironmentSafari                                      5.759e-02
Buffer.Size1024:Iteration.Count6:EnvironmentSafari                                      5.759e-02
Buffer.Size8192:Iteration.Count6:EnvironmentSafari                                      5.759e-02
Buffer.Size1024:Iteration.Count7:EnvironmentSafari                                      5.759e-02
Buffer.Size8192:Iteration.Count7:EnvironmentSafari                                      5.759e-02
Buffer.Size1024:Iteration.Count8:EnvironmentSafari                                      5.759e-02
Buffer.Size8192:Iteration.Count8:EnvironmentSafari                                      5.759e-02
Buffer.Size1024:Iteration.Count9:EnvironmentSafari                                      5.759e-02
Buffer.Size8192:Iteration.Count9:EnvironmentSafari                                      5.759e-02
Buffer.Size1024:Iteration.Count1:Model.Uniquesteerable-nafx                             5.759e-02
Buffer.Size8192:Iteration.Count1:Model.Uniquesteerable-nafx                             5.759e-02
Buffer.Size1024:Iteration.Count2:Model.Uniquesteerable-nafx                             5.759e-02
Buffer.Size8192:Iteration.Count2:Model.Uniquesteerable-nafx                             5.759e-02
Buffer.Size1024:Iteration.Count3:Model.Uniquesteerable-nafx                             5.759e-02
Buffer.Size8192:Iteration.Count3:Model.Uniquesteerable-nafx                             5.759e-02
Buffer.Size1024:Iteration.Count4:Model.Uniquesteerable-nafx                             5.759e-02
Buffer.Size8192:Iteration.Count4:Model.Uniquesteerable-nafx                             5.759e-02
Buffer.Size1024:Iteration.Count5:Model.Uniquesteerable-nafx                             5.759e-02
Buffer.Size8192:Iteration.Count5:Model.Uniquesteerable-nafx                             5.759e-02
Buffer.Size1024:Iteration.Count6:Model.Uniquesteerable-nafx                             5.759e-02
Buffer.Size8192:Iteration.Count6:Model.Uniquesteerable-nafx                             5.759e-02
Buffer.Size1024:Iteration.Count7:Model.Uniquesteerable-nafx                             5.759e-02
Buffer.Size8192:Iteration.Count7:Model.Uniquesteerable-nafx                             5.759e-02
Buffer.Size1024:Iteration.Count8:Model.Uniquesteerable-nafx                             5.759e-02
Buffer.Size8192:Iteration.Count8:Model.Uniquesteerable-nafx                             5.759e-02
Buffer.Size1024:Iteration.Count9:Model.Uniquesteerable-nafx                             5.759e-02
Buffer.Size8192:Iteration.Count9:Model.Uniquesteerable-nafx                             5.759e-02
Buffer.Size1024:EnvironmentChrome:Model.Uniquesteerable-nafx                            3.304e-02
Buffer.Size8192:EnvironmentChrome:Model.Uniquesteerable-nafx                            3.304e-02
Buffer.Size1024:EnvironmentFirefox:Model.Uniquesteerable-nafx                           3.304e-02
Buffer.Size8192:EnvironmentFirefox:Model.Uniquesteerable-nafx                           3.304e-02
Buffer.Size1024:EnvironmentSafari:Model.Uniquesteerable-nafx                            3.304e-02
Buffer.Size8192:EnvironmentSafari:Model.Uniquesteerable-nafx                            3.304e-02
Iteration.Count1:EnvironmentChrome:Model.Uniquesteerable-nafx                           5.759e-02
Iteration.Count2:EnvironmentChrome:Model.Uniquesteerable-nafx                           5.759e-02
Iteration.Count3:EnvironmentChrome:Model.Uniquesteerable-nafx                           5.759e-02
Iteration.Count4:EnvironmentChrome:Model.Uniquesteerable-nafx                           5.759e-02
Iteration.Count5:EnvironmentChrome:Model.Uniquesteerable-nafx                           5.759e-02
Iteration.Count6:EnvironmentChrome:Model.Uniquesteerable-nafx                           5.759e-02
Iteration.Count7:EnvironmentChrome:Model.Uniquesteerable-nafx                           5.759e-02
Iteration.Count8:EnvironmentChrome:Model.Uniquesteerable-nafx                           5.759e-02
Iteration.Count9:EnvironmentChrome:Model.Uniquesteerable-nafx                           5.759e-02
Iteration.Count1:EnvironmentFirefox:Model.Uniquesteerable-nafx                          5.759e-02
Iteration.Count2:EnvironmentFirefox:Model.Uniquesteerable-nafx                          5.759e-02
Iteration.Count3:EnvironmentFirefox:Model.Uniquesteerable-nafx                          5.759e-02
Iteration.Count4:EnvironmentFirefox:Model.Uniquesteerable-nafx                          5.759e-02
Iteration.Count5:EnvironmentFirefox:Model.Uniquesteerable-nafx                          5.759e-02
Iteration.Count6:EnvironmentFirefox:Model.Uniquesteerable-nafx                          5.759e-02
Iteration.Count7:EnvironmentFirefox:Model.Uniquesteerable-nafx                          5.759e-02
Iteration.Count8:EnvironmentFirefox:Model.Uniquesteerable-nafx                          5.759e-02
Iteration.Count9:EnvironmentFirefox:Model.Uniquesteerable-nafx                          5.759e-02
Iteration.Count1:EnvironmentSafari:Model.Uniquesteerable-nafx                           5.759e-02
Iteration.Count2:EnvironmentSafari:Model.Uniquesteerable-nafx                           5.759e-02
Iteration.Count3:EnvironmentSafari:Model.Uniquesteerable-nafx                           5.759e-02
Iteration.Count4:EnvironmentSafari:Model.Uniquesteerable-nafx                           5.759e-02
Iteration.Count5:EnvironmentSafari:Model.Uniquesteerable-nafx                           5.759e-02
Iteration.Count6:EnvironmentSafari:Model.Uniquesteerable-nafx                           5.759e-02
Iteration.Count7:EnvironmentSafari:Model.Uniquesteerable-nafx                           5.759e-02
Iteration.Count8:EnvironmentSafari:Model.Uniquesteerable-nafx                           5.759e-02
Iteration.Count9:EnvironmentSafari:Model.Uniquesteerable-nafx                           5.759e-02
Runonnx:Buffer.Size1024:Iteration.Count1:EnvironmentChrome                              8.144e-02
Runonnx:Buffer.Size8192:Iteration.Count1:EnvironmentChrome                              8.144e-02
Runonnx:Buffer.Size1024:Iteration.Count2:EnvironmentChrome                              8.144e-02
Runonnx:Buffer.Size8192:Iteration.Count2:EnvironmentChrome                              8.144e-02
Runonnx:Buffer.Size1024:Iteration.Count3:EnvironmentChrome                              8.144e-02
Runonnx:Buffer.Size8192:Iteration.Count3:EnvironmentChrome                              8.144e-02
Runonnx:Buffer.Size1024:Iteration.Count4:EnvironmentChrome                              8.144e-02
Runonnx:Buffer.Size8192:Iteration.Count4:EnvironmentChrome                              8.144e-02
Runonnx:Buffer.Size1024:Iteration.Count5:EnvironmentChrome                              8.144e-02
Runonnx:Buffer.Size8192:Iteration.Count5:EnvironmentChrome                              8.144e-02
Runonnx:Buffer.Size1024:Iteration.Count6:EnvironmentChrome                              8.144e-02
Runonnx:Buffer.Size8192:Iteration.Count6:EnvironmentChrome                              8.144e-02
Runonnx:Buffer.Size1024:Iteration.Count7:EnvironmentChrome                              8.144e-02
Runonnx:Buffer.Size8192:Iteration.Count7:EnvironmentChrome                              8.144e-02
Runonnx:Buffer.Size1024:Iteration.Count8:EnvironmentChrome                              8.144e-02
Runonnx:Buffer.Size8192:Iteration.Count8:EnvironmentChrome                              8.144e-02
Runonnx:Buffer.Size1024:Iteration.Count9:EnvironmentChrome                              8.144e-02
Runonnx:Buffer.Size8192:Iteration.Count9:EnvironmentChrome                              8.144e-02
Runonnx:Buffer.Size1024:Iteration.Count1:EnvironmentFirefox                             8.144e-02
Runonnx:Buffer.Size8192:Iteration.Count1:EnvironmentFirefox                             8.144e-02
Runonnx:Buffer.Size1024:Iteration.Count2:EnvironmentFirefox                             8.144e-02
Runonnx:Buffer.Size8192:Iteration.Count2:EnvironmentFirefox                             8.144e-02
Runonnx:Buffer.Size1024:Iteration.Count3:EnvironmentFirefox                             8.144e-02
Runonnx:Buffer.Size8192:Iteration.Count3:EnvironmentFirefox                             8.144e-02
Runonnx:Buffer.Size1024:Iteration.Count4:EnvironmentFirefox                             8.144e-02
Runonnx:Buffer.Size8192:Iteration.Count4:EnvironmentFirefox                             8.144e-02
Runonnx:Buffer.Size1024:Iteration.Count5:EnvironmentFirefox                             8.144e-02
Runonnx:Buffer.Size8192:Iteration.Count5:EnvironmentFirefox                             8.144e-02
Runonnx:Buffer.Size1024:Iteration.Count6:EnvironmentFirefox                             8.144e-02
Runonnx:Buffer.Size8192:Iteration.Count6:EnvironmentFirefox                             8.144e-02
Runonnx:Buffer.Size1024:Iteration.Count7:EnvironmentFirefox                             8.144e-02
Runonnx:Buffer.Size8192:Iteration.Count7:EnvironmentFirefox                             8.144e-02
Runonnx:Buffer.Size1024:Iteration.Count8:EnvironmentFirefox                             8.144e-02
Runonnx:Buffer.Size8192:Iteration.Count8:EnvironmentFirefox                             8.144e-02
Runonnx:Buffer.Size1024:Iteration.Count9:EnvironmentFirefox                             8.144e-02
Runonnx:Buffer.Size8192:Iteration.Count9:EnvironmentFirefox                             8.144e-02
Runonnx:Buffer.Size1024:Iteration.Count1:EnvironmentSafari                              8.144e-02
Runonnx:Buffer.Size8192:Iteration.Count1:EnvironmentSafari                              8.144e-02
Runonnx:Buffer.Size1024:Iteration.Count2:EnvironmentSafari                              8.144e-02
Runonnx:Buffer.Size8192:Iteration.Count2:EnvironmentSafari                              8.144e-02
Runonnx:Buffer.Size1024:Iteration.Count3:EnvironmentSafari                              8.144e-02
Runonnx:Buffer.Size8192:Iteration.Count3:EnvironmentSafari                              8.144e-02
Runonnx:Buffer.Size1024:Iteration.Count4:EnvironmentSafari                              8.144e-02
Runonnx:Buffer.Size8192:Iteration.Count4:EnvironmentSafari                              8.144e-02
Runonnx:Buffer.Size1024:Iteration.Count5:EnvironmentSafari                              8.144e-02
Runonnx:Buffer.Size8192:Iteration.Count5:EnvironmentSafari                              8.144e-02
Runonnx:Buffer.Size1024:Iteration.Count6:EnvironmentSafari                              8.144e-02
Runonnx:Buffer.Size8192:Iteration.Count6:EnvironmentSafari                              8.144e-02
Runonnx:Buffer.Size1024:Iteration.Count7:EnvironmentSafari                              8.144e-02
Runonnx:Buffer.Size8192:Iteration.Count7:EnvironmentSafari                              8.144e-02
Runonnx:Buffer.Size1024:Iteration.Count8:EnvironmentSafari                              8.144e-02
Runonnx:Buffer.Size8192:Iteration.Count8:EnvironmentSafari                              8.144e-02
Runonnx:Buffer.Size1024:Iteration.Count9:EnvironmentSafari                              8.144e-02
Runonnx:Buffer.Size8192:Iteration.Count9:EnvironmentSafari                              8.144e-02
Runonnx:Buffer.Size1024:Iteration.Count1:Model.Uniquesteerable-nafx                     8.144e-02
Runonnx:Buffer.Size8192:Iteration.Count1:Model.Uniquesteerable-nafx                     8.144e-02
Runonnx:Buffer.Size1024:Iteration.Count2:Model.Uniquesteerable-nafx                     8.144e-02
Runonnx:Buffer.Size8192:Iteration.Count2:Model.Uniquesteerable-nafx                     8.144e-02
Runonnx:Buffer.Size1024:Iteration.Count3:Model.Uniquesteerable-nafx                     8.144e-02
Runonnx:Buffer.Size8192:Iteration.Count3:Model.Uniquesteerable-nafx                     8.144e-02
Runonnx:Buffer.Size1024:Iteration.Count4:Model.Uniquesteerable-nafx                     8.144e-02
Runonnx:Buffer.Size8192:Iteration.Count4:Model.Uniquesteerable-nafx                     8.144e-02
Runonnx:Buffer.Size1024:Iteration.Count5:Model.Uniquesteerable-nafx                     8.144e-02
Runonnx:Buffer.Size8192:Iteration.Count5:Model.Uniquesteerable-nafx                     8.144e-02
Runonnx:Buffer.Size1024:Iteration.Count6:Model.Uniquesteerable-nafx                     8.144e-02
Runonnx:Buffer.Size8192:Iteration.Count6:Model.Uniquesteerable-nafx                     8.144e-02
Runonnx:Buffer.Size1024:Iteration.Count7:Model.Uniquesteerable-nafx                     8.144e-02
Runonnx:Buffer.Size8192:Iteration.Count7:Model.Uniquesteerable-nafx                     8.144e-02
Runonnx:Buffer.Size1024:Iteration.Count8:Model.Uniquesteerable-nafx                     8.144e-02
Runonnx:Buffer.Size8192:Iteration.Count8:Model.Uniquesteerable-nafx                     8.144e-02
Runonnx:Buffer.Size1024:Iteration.Count9:Model.Uniquesteerable-nafx                     8.144e-02
Runonnx:Buffer.Size8192:Iteration.Count9:Model.Uniquesteerable-nafx                     8.144e-02
Runonnx:Buffer.Size1024:EnvironmentChrome:Model.Uniquesteerable-nafx                    4.672e-02
Runonnx:Buffer.Size8192:EnvironmentChrome:Model.Uniquesteerable-nafx                    4.672e-02
Runonnx:Buffer.Size1024:EnvironmentFirefox:Model.Uniquesteerable-nafx                   4.672e-02
Runonnx:Buffer.Size8192:EnvironmentFirefox:Model.Uniquesteerable-nafx                   4.672e-02
Runonnx:Buffer.Size1024:EnvironmentSafari:Model.Uniquesteerable-nafx                    4.672e-02
Runonnx:Buffer.Size8192:EnvironmentSafari:Model.Uniquesteerable-nafx                    4.672e-02
Runonnx:Iteration.Count1:EnvironmentChrome:Model.Uniquesteerable-nafx                   8.144e-02
Runonnx:Iteration.Count2:EnvironmentChrome:Model.Uniquesteerable-nafx                   8.144e-02
Runonnx:Iteration.Count3:EnvironmentChrome:Model.Uniquesteerable-nafx                   8.144e-02
Runonnx:Iteration.Count4:EnvironmentChrome:Model.Uniquesteerable-nafx                   8.144e-02
Runonnx:Iteration.Count5:EnvironmentChrome:Model.Uniquesteerable-nafx                   8.144e-02
Runonnx:Iteration.Count6:EnvironmentChrome:Model.Uniquesteerable-nafx                   8.144e-02
Runonnx:Iteration.Count7:EnvironmentChrome:Model.Uniquesteerable-nafx                   8.144e-02
Runonnx:Iteration.Count8:EnvironmentChrome:Model.Uniquesteerable-nafx                   8.144e-02
Runonnx:Iteration.Count9:EnvironmentChrome:Model.Uniquesteerable-nafx                   8.144e-02
Runonnx:Iteration.Count1:EnvironmentFirefox:Model.Uniquesteerable-nafx                  8.144e-02
Runonnx:Iteration.Count2:EnvironmentFirefox:Model.Uniquesteerable-nafx                  8.144e-02
Runonnx:Iteration.Count3:EnvironmentFirefox:Model.Uniquesteerable-nafx                  8.144e-02
Runonnx:Iteration.Count4:EnvironmentFirefox:Model.Uniquesteerable-nafx                  8.144e-02
Runonnx:Iteration.Count5:EnvironmentFirefox:Model.Uniquesteerable-nafx                  8.144e-02
Runonnx:Iteration.Count6:EnvironmentFirefox:Model.Uniquesteerable-nafx                  8.144e-02
Runonnx:Iteration.Count7:EnvironmentFirefox:Model.Uniquesteerable-nafx                  8.144e-02
Runonnx:Iteration.Count8:EnvironmentFirefox:Model.Uniquesteerable-nafx                  8.144e-02
Runonnx:Iteration.Count9:EnvironmentFirefox:Model.Uniquesteerable-nafx                  8.144e-02
Runonnx:Iteration.Count1:EnvironmentSafari:Model.Uniquesteerable-nafx                   8.144e-02
Runonnx:Iteration.Count2:EnvironmentSafari:Model.Uniquesteerable-nafx                   8.144e-02
Runonnx:Iteration.Count3:EnvironmentSafari:Model.Uniquesteerable-nafx                   8.144e-02
Runonnx:Iteration.Count4:EnvironmentSafari:Model.Uniquesteerable-nafx                   8.144e-02
Runonnx:Iteration.Count5:EnvironmentSafari:Model.Uniquesteerable-nafx                   8.144e-02
Runonnx:Iteration.Count6:EnvironmentSafari:Model.Uniquesteerable-nafx                   8.144e-02
Runonnx:Iteration.Count7:EnvironmentSafari:Model.Uniquesteerable-nafx                   8.144e-02
Runonnx:Iteration.Count8:EnvironmentSafari:Model.Uniquesteerable-nafx                   8.144e-02
Runonnx:Iteration.Count9:EnvironmentSafari:Model.Uniquesteerable-nafx                   8.144e-02
Buffer.Size1024:Iteration.Count1:EnvironmentChrome:Model.Uniquesteerable-nafx           8.144e-02
Buffer.Size8192:Iteration.Count1:EnvironmentChrome:Model.Uniquesteerable-nafx           8.144e-02
Buffer.Size1024:Iteration.Count2:EnvironmentChrome:Model.Uniquesteerable-nafx           8.144e-02
Buffer.Size8192:Iteration.Count2:EnvironmentChrome:Model.Uniquesteerable-nafx           8.144e-02
Buffer.Size1024:Iteration.Count3:EnvironmentChrome:Model.Uniquesteerable-nafx           8.144e-02
Buffer.Size8192:Iteration.Count3:EnvironmentChrome:Model.Uniquesteerable-nafx           8.144e-02
Buffer.Size1024:Iteration.Count4:EnvironmentChrome:Model.Uniquesteerable-nafx           8.144e-02
Buffer.Size8192:Iteration.Count4:EnvironmentChrome:Model.Uniquesteerable-nafx           8.144e-02
Buffer.Size1024:Iteration.Count5:EnvironmentChrome:Model.Uniquesteerable-nafx           8.144e-02
Buffer.Size8192:Iteration.Count5:EnvironmentChrome:Model.Uniquesteerable-nafx           8.144e-02
Buffer.Size1024:Iteration.Count6:EnvironmentChrome:Model.Uniquesteerable-nafx           8.144e-02
Buffer.Size8192:Iteration.Count6:EnvironmentChrome:Model.Uniquesteerable-nafx           8.144e-02
Buffer.Size1024:Iteration.Count7:EnvironmentChrome:Model.Uniquesteerable-nafx           8.144e-02
Buffer.Size8192:Iteration.Count7:EnvironmentChrome:Model.Uniquesteerable-nafx           8.144e-02
Buffer.Size1024:Iteration.Count8:EnvironmentChrome:Model.Uniquesteerable-nafx           8.144e-02
Buffer.Size8192:Iteration.Count8:EnvironmentChrome:Model.Uniquesteerable-nafx           8.144e-02
Buffer.Size1024:Iteration.Count9:EnvironmentChrome:Model.Uniquesteerable-nafx           8.144e-02
Buffer.Size8192:Iteration.Count9:EnvironmentChrome:Model.Uniquesteerable-nafx           8.144e-02
Buffer.Size1024:Iteration.Count1:EnvironmentFirefox:Model.Uniquesteerable-nafx          8.144e-02
Buffer.Size8192:Iteration.Count1:EnvironmentFirefox:Model.Uniquesteerable-nafx          8.144e-02
Buffer.Size1024:Iteration.Count2:EnvironmentFirefox:Model.Uniquesteerable-nafx          8.144e-02
Buffer.Size8192:Iteration.Count2:EnvironmentFirefox:Model.Uniquesteerable-nafx          8.144e-02
Buffer.Size1024:Iteration.Count3:EnvironmentFirefox:Model.Uniquesteerable-nafx          8.144e-02
Buffer.Size8192:Iteration.Count3:EnvironmentFirefox:Model.Uniquesteerable-nafx          8.144e-02
Buffer.Size1024:Iteration.Count4:EnvironmentFirefox:Model.Uniquesteerable-nafx          8.144e-02
Buffer.Size8192:Iteration.Count4:EnvironmentFirefox:Model.Uniquesteerable-nafx          8.144e-02
Buffer.Size1024:Iteration.Count5:EnvironmentFirefox:Model.Uniquesteerable-nafx          8.144e-02
Buffer.Size8192:Iteration.Count5:EnvironmentFirefox:Model.Uniquesteerable-nafx          8.144e-02
Buffer.Size1024:Iteration.Count6:EnvironmentFirefox:Model.Uniquesteerable-nafx          8.144e-02
Buffer.Size8192:Iteration.Count6:EnvironmentFirefox:Model.Uniquesteerable-nafx          8.144e-02
Buffer.Size1024:Iteration.Count7:EnvironmentFirefox:Model.Uniquesteerable-nafx          8.144e-02
Buffer.Size8192:Iteration.Count7:EnvironmentFirefox:Model.Uniquesteerable-nafx          8.144e-02
Buffer.Size1024:Iteration.Count8:EnvironmentFirefox:Model.Uniquesteerable-nafx          8.144e-02
Buffer.Size8192:Iteration.Count8:EnvironmentFirefox:Model.Uniquesteerable-nafx          8.144e-02
Buffer.Size1024:Iteration.Count9:EnvironmentFirefox:Model.Uniquesteerable-nafx          8.144e-02
Buffer.Size8192:Iteration.Count9:EnvironmentFirefox:Model.Uniquesteerable-nafx          8.144e-02
Buffer.Size1024:Iteration.Count1:EnvironmentSafari:Model.Uniquesteerable-nafx           8.144e-02
Buffer.Size8192:Iteration.Count1:EnvironmentSafari:Model.Uniquesteerable-nafx           8.144e-02
Buffer.Size1024:Iteration.Count2:EnvironmentSafari:Model.Uniquesteerable-nafx           8.144e-02
Buffer.Size8192:Iteration.Count2:EnvironmentSafari:Model.Uniquesteerable-nafx           8.144e-02
Buffer.Size1024:Iteration.Count3:EnvironmentSafari:Model.Uniquesteerable-nafx           8.144e-02
Buffer.Size8192:Iteration.Count3:EnvironmentSafari:Model.Uniquesteerable-nafx           8.144e-02
Buffer.Size1024:Iteration.Count4:EnvironmentSafari:Model.Uniquesteerable-nafx           8.144e-02
Buffer.Size8192:Iteration.Count4:EnvironmentSafari:Model.Uniquesteerable-nafx           8.144e-02
Buffer.Size1024:Iteration.Count5:EnvironmentSafari:Model.Uniquesteerable-nafx           8.144e-02
Buffer.Size8192:Iteration.Count5:EnvironmentSafari:Model.Uniquesteerable-nafx           8.144e-02
Buffer.Size1024:Iteration.Count6:EnvironmentSafari:Model.Uniquesteerable-nafx           8.144e-02
Buffer.Size8192:Iteration.Count6:EnvironmentSafari:Model.Uniquesteerable-nafx           8.144e-02
Buffer.Size1024:Iteration.Count7:EnvironmentSafari:Model.Uniquesteerable-nafx           8.144e-02
Buffer.Size8192:Iteration.Count7:EnvironmentSafari:Model.Uniquesteerable-nafx           8.144e-02
Buffer.Size1024:Iteration.Count8:EnvironmentSafari:Model.Uniquesteerable-nafx           8.144e-02
Buffer.Size8192:Iteration.Count8:EnvironmentSafari:Model.Uniquesteerable-nafx           8.144e-02
Buffer.Size1024:Iteration.Count9:EnvironmentSafari:Model.Uniquesteerable-nafx           8.144e-02
Buffer.Size8192:Iteration.Count9:EnvironmentSafari:Model.Uniquesteerable-nafx           8.144e-02
Runonnx:Buffer.Size1024:Iteration.Count1:EnvironmentChrome:Model.Uniquesteerable-nafx   1.152e-01
Runonnx:Buffer.Size8192:Iteration.Count1:EnvironmentChrome:Model.Uniquesteerable-nafx   1.152e-01
Runonnx:Buffer.Size1024:Iteration.Count2:EnvironmentChrome:Model.Uniquesteerable-nafx   1.152e-01
Runonnx:Buffer.Size8192:Iteration.Count2:EnvironmentChrome:Model.Uniquesteerable-nafx   1.152e-01
Runonnx:Buffer.Size1024:Iteration.Count3:EnvironmentChrome:Model.Uniquesteerable-nafx   1.152e-01
Runonnx:Buffer.Size8192:Iteration.Count3:EnvironmentChrome:Model.Uniquesteerable-nafx   1.152e-01
Runonnx:Buffer.Size1024:Iteration.Count4:EnvironmentChrome:Model.Uniquesteerable-nafx   1.152e-01
Runonnx:Buffer.Size8192:Iteration.Count4:EnvironmentChrome:Model.Uniquesteerable-nafx   1.152e-01
Runonnx:Buffer.Size1024:Iteration.Count5:EnvironmentChrome:Model.Uniquesteerable-nafx   1.152e-01
Runonnx:Buffer.Size8192:Iteration.Count5:EnvironmentChrome:Model.Uniquesteerable-nafx   1.152e-01
Runonnx:Buffer.Size1024:Iteration.Count6:EnvironmentChrome:Model.Uniquesteerable-nafx   1.152e-01
Runonnx:Buffer.Size8192:Iteration.Count6:EnvironmentChrome:Model.Uniquesteerable-nafx   1.152e-01
Runonnx:Buffer.Size1024:Iteration.Count7:EnvironmentChrome:Model.Uniquesteerable-nafx   1.152e-01
Runonnx:Buffer.Size8192:Iteration.Count7:EnvironmentChrome:Model.Uniquesteerable-nafx   1.152e-01
Runonnx:Buffer.Size1024:Iteration.Count8:EnvironmentChrome:Model.Uniquesteerable-nafx   1.152e-01
Runonnx:Buffer.Size8192:Iteration.Count8:EnvironmentChrome:Model.Uniquesteerable-nafx   1.152e-01
Runonnx:Buffer.Size1024:Iteration.Count9:EnvironmentChrome:Model.Uniquesteerable-nafx   1.152e-01
Runonnx:Buffer.Size8192:Iteration.Count9:EnvironmentChrome:Model.Uniquesteerable-nafx   1.152e-01
Runonnx:Buffer.Size1024:Iteration.Count1:EnvironmentFirefox:Model.Uniquesteerable-nafx  1.152e-01
Runonnx:Buffer.Size8192:Iteration.Count1:EnvironmentFirefox:Model.Uniquesteerable-nafx  1.152e-01
Runonnx:Buffer.Size1024:Iteration.Count2:EnvironmentFirefox:Model.Uniquesteerable-nafx  1.152e-01
Runonnx:Buffer.Size8192:Iteration.Count2:EnvironmentFirefox:Model.Uniquesteerable-nafx  1.152e-01
Runonnx:Buffer.Size1024:Iteration.Count3:EnvironmentFirefox:Model.Uniquesteerable-nafx  1.152e-01
Runonnx:Buffer.Size8192:Iteration.Count3:EnvironmentFirefox:Model.Uniquesteerable-nafx  1.152e-01
Runonnx:Buffer.Size1024:Iteration.Count4:EnvironmentFirefox:Model.Uniquesteerable-nafx  1.152e-01
Runonnx:Buffer.Size8192:Iteration.Count4:EnvironmentFirefox:Model.Uniquesteerable-nafx  1.152e-01
Runonnx:Buffer.Size1024:Iteration.Count5:EnvironmentFirefox:Model.Uniquesteerable-nafx  1.152e-01
Runonnx:Buffer.Size8192:Iteration.Count5:EnvironmentFirefox:Model.Uniquesteerable-nafx  1.152e-01
Runonnx:Buffer.Size1024:Iteration.Count6:EnvironmentFirefox:Model.Uniquesteerable-nafx  1.152e-01
Runonnx:Buffer.Size8192:Iteration.Count6:EnvironmentFirefox:Model.Uniquesteerable-nafx  1.152e-01
Runonnx:Buffer.Size1024:Iteration.Count7:EnvironmentFirefox:Model.Uniquesteerable-nafx  1.152e-01
Runonnx:Buffer.Size8192:Iteration.Count7:EnvironmentFirefox:Model.Uniquesteerable-nafx  1.152e-01
Runonnx:Buffer.Size1024:Iteration.Count8:EnvironmentFirefox:Model.Uniquesteerable-nafx  1.152e-01
Runonnx:Buffer.Size8192:Iteration.Count8:EnvironmentFirefox:Model.Uniquesteerable-nafx  1.152e-01
Runonnx:Buffer.Size1024:Iteration.Count9:EnvironmentFirefox:Model.Uniquesteerable-nafx  1.152e-01
Runonnx:Buffer.Size8192:Iteration.Count9:EnvironmentFirefox:Model.Uniquesteerable-nafx  1.152e-01
Runonnx:Buffer.Size1024:Iteration.Count1:EnvironmentSafari:Model.Uniquesteerable-nafx   1.152e-01
Runonnx:Buffer.Size8192:Iteration.Count1:EnvironmentSafari:Model.Uniquesteerable-nafx   1.152e-01
Runonnx:Buffer.Size1024:Iteration.Count2:EnvironmentSafari:Model.Uniquesteerable-nafx   1.152e-01
Runonnx:Buffer.Size8192:Iteration.Count2:EnvironmentSafari:Model.Uniquesteerable-nafx   1.152e-01
Runonnx:Buffer.Size1024:Iteration.Count3:EnvironmentSafari:Model.Uniquesteerable-nafx   1.152e-01
Runonnx:Buffer.Size8192:Iteration.Count3:EnvironmentSafari:Model.Uniquesteerable-nafx   1.152e-01
Runonnx:Buffer.Size1024:Iteration.Count4:EnvironmentSafari:Model.Uniquesteerable-nafx   1.152e-01
Runonnx:Buffer.Size8192:Iteration.Count4:EnvironmentSafari:Model.Uniquesteerable-nafx   1.152e-01
Runonnx:Buffer.Size1024:Iteration.Count5:EnvironmentSafari:Model.Uniquesteerable-nafx   1.152e-01
Runonnx:Buffer.Size8192:Iteration.Count5:EnvironmentSafari:Model.Uniquesteerable-nafx   1.152e-01
Runonnx:Buffer.Size1024:Iteration.Count6:EnvironmentSafari:Model.Uniquesteerable-nafx   1.152e-01
Runonnx:Buffer.Size8192:Iteration.Count6:EnvironmentSafari:Model.Uniquesteerable-nafx   1.152e-01
Runonnx:Buffer.Size1024:Iteration.Count7:EnvironmentSafari:Model.Uniquesteerable-nafx   1.152e-01
Runonnx:Buffer.Size8192:Iteration.Count7:EnvironmentSafari:Model.Uniquesteerable-nafx   1.152e-01
Runonnx:Buffer.Size1024:Iteration.Count8:EnvironmentSafari:Model.Uniquesteerable-nafx   1.152e-01
Runonnx:Buffer.Size8192:Iteration.Count8:EnvironmentSafari:Model.Uniquesteerable-nafx   1.152e-01
Runonnx:Buffer.Size1024:Iteration.Count9:EnvironmentSafari:Model.Uniquesteerable-nafx   1.152e-01
Runonnx:Buffer.Size8192:Iteration.Count9:EnvironmentSafari:Model.Uniquesteerable-nafx   1.152e-01
                                                                                               df
(Intercept)                                                                             4.320e+02
Runonnx                                                                                 4.320e+02
Buffer.Size1024                                                                         4.320e+02
Buffer.Size8192                                                                         4.320e+02
Iteration.Count1                                                                        3.888e+03
Iteration.Count2                                                                        3.888e+03
Iteration.Count3                                                                        3.888e+03
Iteration.Count4                                                                        3.888e+03
Iteration.Count5                                                                        3.888e+03
Iteration.Count6                                                                        3.888e+03
Iteration.Count7                                                                        3.888e+03
Iteration.Count8                                                                        3.888e+03
Iteration.Count9                                                                        3.888e+03
EnvironmentChrome                                                                       4.320e+02
EnvironmentFirefox                                                                      4.320e+02
EnvironmentSafari                                                                       4.320e+02
Model.Uniquesteerable-nafx                                                              4.320e+02
Runonnx:Buffer.Size1024                                                                 4.320e+02
Runonnx:Buffer.Size8192                                                                 4.320e+02
Runonnx:Iteration.Count1                                                                3.888e+03
Runonnx:Iteration.Count2                                                                3.888e+03
Runonnx:Iteration.Count3                                                                3.888e+03
Runonnx:Iteration.Count4                                                                3.888e+03
Runonnx:Iteration.Count5                                                                3.888e+03
Runonnx:Iteration.Count6                                                                3.888e+03
Runonnx:Iteration.Count7                                                                3.888e+03
Runonnx:Iteration.Count8                                                                3.888e+03
Runonnx:Iteration.Count9                                                                3.888e+03
Runonnx:EnvironmentChrome                                                               4.320e+02
Runonnx:EnvironmentFirefox                                                              4.320e+02
Runonnx:EnvironmentSafari                                                               4.320e+02
Runonnx:Model.Uniquesteerable-nafx                                                      4.320e+02
Buffer.Size1024:Iteration.Count1                                                        3.888e+03
Buffer.Size8192:Iteration.Count1                                                        3.888e+03
Buffer.Size1024:Iteration.Count2                                                        3.888e+03
Buffer.Size8192:Iteration.Count2                                                        3.888e+03
Buffer.Size1024:Iteration.Count3                                                        3.888e+03
Buffer.Size8192:Iteration.Count3                                                        3.888e+03
Buffer.Size1024:Iteration.Count4                                                        3.888e+03
Buffer.Size8192:Iteration.Count4                                                        3.888e+03
Buffer.Size1024:Iteration.Count5                                                        3.888e+03
Buffer.Size8192:Iteration.Count5                                                        3.888e+03
Buffer.Size1024:Iteration.Count6                                                        3.888e+03
Buffer.Size8192:Iteration.Count6                                                        3.888e+03
Buffer.Size1024:Iteration.Count7                                                        3.888e+03
Buffer.Size8192:Iteration.Count7                                                        3.888e+03
Buffer.Size1024:Iteration.Count8                                                        3.888e+03
Buffer.Size8192:Iteration.Count8                                                        3.888e+03
Buffer.Size1024:Iteration.Count9                                                        3.888e+03
Buffer.Size8192:Iteration.Count9                                                        3.888e+03
Buffer.Size1024:EnvironmentChrome                                                       4.320e+02
Buffer.Size8192:EnvironmentChrome                                                       4.320e+02
Buffer.Size1024:EnvironmentFirefox                                                      4.320e+02
Buffer.Size8192:EnvironmentFirefox                                                      4.320e+02
Buffer.Size1024:EnvironmentSafari                                                       4.320e+02
Buffer.Size8192:EnvironmentSafari                                                       4.320e+02
Buffer.Size1024:Model.Uniquesteerable-nafx                                              4.320e+02
Buffer.Size8192:Model.Uniquesteerable-nafx                                              4.320e+02
Iteration.Count1:EnvironmentChrome                                                      3.888e+03
Iteration.Count2:EnvironmentChrome                                                      3.888e+03
Iteration.Count3:EnvironmentChrome                                                      3.888e+03
Iteration.Count4:EnvironmentChrome                                                      3.888e+03
Iteration.Count5:EnvironmentChrome                                                      3.888e+03
Iteration.Count6:EnvironmentChrome                                                      3.888e+03
Iteration.Count7:EnvironmentChrome                                                      3.888e+03
Iteration.Count8:EnvironmentChrome                                                      3.888e+03
Iteration.Count9:EnvironmentChrome                                                      3.888e+03
Iteration.Count1:EnvironmentFirefox                                                     3.888e+03
Iteration.Count2:EnvironmentFirefox                                                     3.888e+03
Iteration.Count3:EnvironmentFirefox                                                     3.888e+03
Iteration.Count4:EnvironmentFirefox                                                     3.888e+03
Iteration.Count5:EnvironmentFirefox                                                     3.888e+03
Iteration.Count6:EnvironmentFirefox                                                     3.888e+03
Iteration.Count7:EnvironmentFirefox                                                     3.888e+03
Iteration.Count8:EnvironmentFirefox                                                     3.888e+03
Iteration.Count9:EnvironmentFirefox                                                     3.888e+03
Iteration.Count1:EnvironmentSafari                                                      3.888e+03
Iteration.Count2:EnvironmentSafari                                                      3.888e+03
Iteration.Count3:EnvironmentSafari                                                      3.888e+03
Iteration.Count4:EnvironmentSafari                                                      3.888e+03
Iteration.Count5:EnvironmentSafari                                                      3.888e+03
Iteration.Count6:EnvironmentSafari                                                      3.888e+03
Iteration.Count7:EnvironmentSafari                                                      3.888e+03
Iteration.Count8:EnvironmentSafari                                                      3.888e+03
Iteration.Count9:EnvironmentSafari                                                      3.888e+03
Iteration.Count1:Model.Uniquesteerable-nafx                                             3.888e+03
Iteration.Count2:Model.Uniquesteerable-nafx                                             3.888e+03
Iteration.Count3:Model.Uniquesteerable-nafx                                             3.888e+03
Iteration.Count4:Model.Uniquesteerable-nafx                                             3.888e+03
Iteration.Count5:Model.Uniquesteerable-nafx                                             3.888e+03
Iteration.Count6:Model.Uniquesteerable-nafx                                             3.888e+03
Iteration.Count7:Model.Uniquesteerable-nafx                                             3.888e+03
Iteration.Count8:Model.Uniquesteerable-nafx                                             3.888e+03
Iteration.Count9:Model.Uniquesteerable-nafx                                             3.888e+03
EnvironmentChrome:Model.Uniquesteerable-nafx                                            4.320e+02
EnvironmentFirefox:Model.Uniquesteerable-nafx                                           4.320e+02
EnvironmentSafari:Model.Uniquesteerable-nafx                                            4.320e+02
Runonnx:Buffer.Size1024:Iteration.Count1                                                3.888e+03
Runonnx:Buffer.Size8192:Iteration.Count1                                                3.888e+03
Runonnx:Buffer.Size1024:Iteration.Count2                                                3.888e+03
Runonnx:Buffer.Size8192:Iteration.Count2                                                3.888e+03
Runonnx:Buffer.Size1024:Iteration.Count3                                                3.888e+03
Runonnx:Buffer.Size8192:Iteration.Count3                                                3.888e+03
Runonnx:Buffer.Size1024:Iteration.Count4                                                3.888e+03
Runonnx:Buffer.Size8192:Iteration.Count4                                                3.888e+03
Runonnx:Buffer.Size1024:Iteration.Count5                                                3.888e+03
Runonnx:Buffer.Size8192:Iteration.Count5                                                3.888e+03
Runonnx:Buffer.Size1024:Iteration.Count6                                                3.888e+03
Runonnx:Buffer.Size8192:Iteration.Count6                                                3.888e+03
Runonnx:Buffer.Size1024:Iteration.Count7                                                3.888e+03
Runonnx:Buffer.Size8192:Iteration.Count7                                                3.888e+03
Runonnx:Buffer.Size1024:Iteration.Count8                                                3.888e+03
Runonnx:Buffer.Size8192:Iteration.Count8                                                3.888e+03
Runonnx:Buffer.Size1024:Iteration.Count9                                                3.888e+03
Runonnx:Buffer.Size8192:Iteration.Count9                                                3.888e+03
Runonnx:Buffer.Size1024:EnvironmentChrome                                               4.320e+02
Runonnx:Buffer.Size8192:EnvironmentChrome                                               4.320e+02
Runonnx:Buffer.Size1024:EnvironmentFirefox                                              4.320e+02
Runonnx:Buffer.Size8192:EnvironmentFirefox                                              4.320e+02
Runonnx:Buffer.Size1024:EnvironmentSafari                                               4.320e+02
Runonnx:Buffer.Size8192:EnvironmentSafari                                               4.320e+02
Runonnx:Buffer.Size1024:Model.Uniquesteerable-nafx                                      4.320e+02
Runonnx:Buffer.Size8192:Model.Uniquesteerable-nafx                                      4.320e+02
Runonnx:Iteration.Count1:EnvironmentChrome                                              3.888e+03
Runonnx:Iteration.Count2:EnvironmentChrome                                              3.888e+03
Runonnx:Iteration.Count3:EnvironmentChrome                                              3.888e+03
Runonnx:Iteration.Count4:EnvironmentChrome                                              3.888e+03
Runonnx:Iteration.Count5:EnvironmentChrome                                              3.888e+03
Runonnx:Iteration.Count6:EnvironmentChrome                                              3.888e+03
Runonnx:Iteration.Count7:EnvironmentChrome                                              3.888e+03
Runonnx:Iteration.Count8:EnvironmentChrome                                              3.888e+03
Runonnx:Iteration.Count9:EnvironmentChrome                                              3.888e+03
Runonnx:Iteration.Count1:EnvironmentFirefox                                             3.888e+03
Runonnx:Iteration.Count2:EnvironmentFirefox                                             3.888e+03
Runonnx:Iteration.Count3:EnvironmentFirefox                                             3.888e+03
Runonnx:Iteration.Count4:EnvironmentFirefox                                             3.888e+03
Runonnx:Iteration.Count5:EnvironmentFirefox                                             3.888e+03
Runonnx:Iteration.Count6:EnvironmentFirefox                                             3.888e+03
Runonnx:Iteration.Count7:EnvironmentFirefox                                             3.888e+03
Runonnx:Iteration.Count8:EnvironmentFirefox                                             3.888e+03
Runonnx:Iteration.Count9:EnvironmentFirefox                                             3.888e+03
Runonnx:Iteration.Count1:EnvironmentSafari                                              3.888e+03
Runonnx:Iteration.Count2:EnvironmentSafari                                              3.888e+03
Runonnx:Iteration.Count3:EnvironmentSafari                                              3.888e+03
Runonnx:Iteration.Count4:EnvironmentSafari                                              3.888e+03
Runonnx:Iteration.Count5:EnvironmentSafari                                              3.888e+03
Runonnx:Iteration.Count6:EnvironmentSafari                                              3.888e+03
Runonnx:Iteration.Count7:EnvironmentSafari                                              3.888e+03
Runonnx:Iteration.Count8:EnvironmentSafari                                              3.888e+03
Runonnx:Iteration.Count9:EnvironmentSafari                                              3.888e+03
Runonnx:Iteration.Count1:Model.Uniquesteerable-nafx                                     3.888e+03
Runonnx:Iteration.Count2:Model.Uniquesteerable-nafx                                     3.888e+03
Runonnx:Iteration.Count3:Model.Uniquesteerable-nafx                                     3.888e+03
Runonnx:Iteration.Count4:Model.Uniquesteerable-nafx                                     3.888e+03
Runonnx:Iteration.Count5:Model.Uniquesteerable-nafx                                     3.888e+03
Runonnx:Iteration.Count6:Model.Uniquesteerable-nafx                                     3.888e+03
Runonnx:Iteration.Count7:Model.Uniquesteerable-nafx                                     3.888e+03
Runonnx:Iteration.Count8:Model.Uniquesteerable-nafx                                     3.888e+03
Runonnx:Iteration.Count9:Model.Uniquesteerable-nafx                                     3.888e+03
Runonnx:EnvironmentChrome:Model.Uniquesteerable-nafx                                    4.320e+02
Runonnx:EnvironmentFirefox:Model.Uniquesteerable-nafx                                   4.320e+02
Runonnx:EnvironmentSafari:Model.Uniquesteerable-nafx                                    4.320e+02
Buffer.Size1024:Iteration.Count1:EnvironmentChrome                                      3.888e+03
Buffer.Size8192:Iteration.Count1:EnvironmentChrome                                      3.888e+03
Buffer.Size1024:Iteration.Count2:EnvironmentChrome                                      3.888e+03
Buffer.Size8192:Iteration.Count2:EnvironmentChrome                                      3.888e+03
Buffer.Size1024:Iteration.Count3:EnvironmentChrome                                      3.888e+03
Buffer.Size8192:Iteration.Count3:EnvironmentChrome                                      3.888e+03
Buffer.Size1024:Iteration.Count4:EnvironmentChrome                                      3.888e+03
Buffer.Size8192:Iteration.Count4:EnvironmentChrome                                      3.888e+03
Buffer.Size1024:Iteration.Count5:EnvironmentChrome                                      3.888e+03
Buffer.Size8192:Iteration.Count5:EnvironmentChrome                                      3.888e+03
Buffer.Size1024:Iteration.Count6:EnvironmentChrome                                      3.888e+03
Buffer.Size8192:Iteration.Count6:EnvironmentChrome                                      3.888e+03
Buffer.Size1024:Iteration.Count7:EnvironmentChrome                                      3.888e+03
Buffer.Size8192:Iteration.Count7:EnvironmentChrome                                      3.888e+03
Buffer.Size1024:Iteration.Count8:EnvironmentChrome                                      3.888e+03
Buffer.Size8192:Iteration.Count8:EnvironmentChrome                                      3.888e+03
Buffer.Size1024:Iteration.Count9:EnvironmentChrome                                      3.888e+03
Buffer.Size8192:Iteration.Count9:EnvironmentChrome                                      3.888e+03
Buffer.Size1024:Iteration.Count1:EnvironmentFirefox                                     3.888e+03
Buffer.Size8192:Iteration.Count1:EnvironmentFirefox                                     3.888e+03
Buffer.Size1024:Iteration.Count2:EnvironmentFirefox                                     3.888e+03
Buffer.Size8192:Iteration.Count2:EnvironmentFirefox                                     3.888e+03
Buffer.Size1024:Iteration.Count3:EnvironmentFirefox                                     3.888e+03
Buffer.Size8192:Iteration.Count3:EnvironmentFirefox                                     3.888e+03
Buffer.Size1024:Iteration.Count4:EnvironmentFirefox                                     3.888e+03
Buffer.Size8192:Iteration.Count4:EnvironmentFirefox                                     3.888e+03
Buffer.Size1024:Iteration.Count5:EnvironmentFirefox                                     3.888e+03
Buffer.Size8192:Iteration.Count5:EnvironmentFirefox                                     3.888e+03
Buffer.Size1024:Iteration.Count6:EnvironmentFirefox                                     3.888e+03
Buffer.Size8192:Iteration.Count6:EnvironmentFirefox                                     3.888e+03
Buffer.Size1024:Iteration.Count7:EnvironmentFirefox                                     3.888e+03
Buffer.Size8192:Iteration.Count7:EnvironmentFirefox                                     3.888e+03
Buffer.Size1024:Iteration.Count8:EnvironmentFirefox                                     3.888e+03
Buffer.Size8192:Iteration.Count8:EnvironmentFirefox                                     3.888e+03
Buffer.Size1024:Iteration.Count9:EnvironmentFirefox                                     3.888e+03
Buffer.Size8192:Iteration.Count9:EnvironmentFirefox                                     3.888e+03
Buffer.Size1024:Iteration.Count1:EnvironmentSafari                                      3.888e+03
Buffer.Size8192:Iteration.Count1:EnvironmentSafari                                      3.888e+03
Buffer.Size1024:Iteration.Count2:EnvironmentSafari                                      3.888e+03
Buffer.Size8192:Iteration.Count2:EnvironmentSafari                                      3.888e+03
Buffer.Size1024:Iteration.Count3:EnvironmentSafari                                      3.888e+03
Buffer.Size8192:Iteration.Count3:EnvironmentSafari                                      3.888e+03
Buffer.Size1024:Iteration.Count4:EnvironmentSafari                                      3.888e+03
Buffer.Size8192:Iteration.Count4:EnvironmentSafari                                      3.888e+03
Buffer.Size1024:Iteration.Count5:EnvironmentSafari                                      3.888e+03
Buffer.Size8192:Iteration.Count5:EnvironmentSafari                                      3.888e+03
Buffer.Size1024:Iteration.Count6:EnvironmentSafari                                      3.888e+03
Buffer.Size8192:Iteration.Count6:EnvironmentSafari                                      3.888e+03
Buffer.Size1024:Iteration.Count7:EnvironmentSafari                                      3.888e+03
Buffer.Size8192:Iteration.Count7:EnvironmentSafari                                      3.888e+03
Buffer.Size1024:Iteration.Count8:EnvironmentSafari                                      3.888e+03
Buffer.Size8192:Iteration.Count8:EnvironmentSafari                                      3.888e+03
Buffer.Size1024:Iteration.Count9:EnvironmentSafari                                      3.888e+03
Buffer.Size8192:Iteration.Count9:EnvironmentSafari                                      3.888e+03
Buffer.Size1024:Iteration.Count1:Model.Uniquesteerable-nafx                             3.888e+03
Buffer.Size8192:Iteration.Count1:Model.Uniquesteerable-nafx                             3.888e+03
Buffer.Size1024:Iteration.Count2:Model.Uniquesteerable-nafx                             3.888e+03
Buffer.Size8192:Iteration.Count2:Model.Uniquesteerable-nafx                             3.888e+03
Buffer.Size1024:Iteration.Count3:Model.Uniquesteerable-nafx                             3.888e+03
Buffer.Size8192:Iteration.Count3:Model.Uniquesteerable-nafx                             3.888e+03
Buffer.Size1024:Iteration.Count4:Model.Uniquesteerable-nafx                             3.888e+03
Buffer.Size8192:Iteration.Count4:Model.Uniquesteerable-nafx                             3.888e+03
Buffer.Size1024:Iteration.Count5:Model.Uniquesteerable-nafx                             3.888e+03
Buffer.Size8192:Iteration.Count5:Model.Uniquesteerable-nafx                             3.888e+03
Buffer.Size1024:Iteration.Count6:Model.Uniquesteerable-nafx                             3.888e+03
Buffer.Size8192:Iteration.Count6:Model.Uniquesteerable-nafx                             3.888e+03
Buffer.Size1024:Iteration.Count7:Model.Uniquesteerable-nafx                             3.888e+03
Buffer.Size8192:Iteration.Count7:Model.Uniquesteerable-nafx                             3.888e+03
Buffer.Size1024:Iteration.Count8:Model.Uniquesteerable-nafx                             3.888e+03
Buffer.Size8192:Iteration.Count8:Model.Uniquesteerable-nafx                             3.888e+03
Buffer.Size1024:Iteration.Count9:Model.Uniquesteerable-nafx                             3.888e+03
Buffer.Size8192:Iteration.Count9:Model.Uniquesteerable-nafx                             3.888e+03
Buffer.Size1024:EnvironmentChrome:Model.Uniquesteerable-nafx                            4.320e+02
Buffer.Size8192:EnvironmentChrome:Model.Uniquesteerable-nafx                            4.320e+02
Buffer.Size1024:EnvironmentFirefox:Model.Uniquesteerable-nafx                           4.320e+02
Buffer.Size8192:EnvironmentFirefox:Model.Uniquesteerable-nafx                           4.320e+02
Buffer.Size1024:EnvironmentSafari:Model.Uniquesteerable-nafx                            4.320e+02
Buffer.Size8192:EnvironmentSafari:Model.Uniquesteerable-nafx                            4.320e+02
Iteration.Count1:EnvironmentChrome:Model.Uniquesteerable-nafx                           3.888e+03
Iteration.Count2:EnvironmentChrome:Model.Uniquesteerable-nafx                           3.888e+03
Iteration.Count3:EnvironmentChrome:Model.Uniquesteerable-nafx                           3.888e+03
Iteration.Count4:EnvironmentChrome:Model.Uniquesteerable-nafx                           3.888e+03
Iteration.Count5:EnvironmentChrome:Model.Uniquesteerable-nafx                           3.888e+03
Iteration.Count6:EnvironmentChrome:Model.Uniquesteerable-nafx                           3.888e+03
Iteration.Count7:EnvironmentChrome:Model.Uniquesteerable-nafx                           3.888e+03
Iteration.Count8:EnvironmentChrome:Model.Uniquesteerable-nafx                           3.888e+03
Iteration.Count9:EnvironmentChrome:Model.Uniquesteerable-nafx                           3.888e+03
Iteration.Count1:EnvironmentFirefox:Model.Uniquesteerable-nafx                          3.888e+03
Iteration.Count2:EnvironmentFirefox:Model.Uniquesteerable-nafx                          3.888e+03
Iteration.Count3:EnvironmentFirefox:Model.Uniquesteerable-nafx                          3.888e+03
Iteration.Count4:EnvironmentFirefox:Model.Uniquesteerable-nafx                          3.888e+03
Iteration.Count5:EnvironmentFirefox:Model.Uniquesteerable-nafx                          3.888e+03
Iteration.Count6:EnvironmentFirefox:Model.Uniquesteerable-nafx                          3.888e+03
Iteration.Count7:EnvironmentFirefox:Model.Uniquesteerable-nafx                          3.888e+03
Iteration.Count8:EnvironmentFirefox:Model.Uniquesteerable-nafx                          3.888e+03
Iteration.Count9:EnvironmentFirefox:Model.Uniquesteerable-nafx                          3.888e+03
Iteration.Count1:EnvironmentSafari:Model.Uniquesteerable-nafx                           3.888e+03
Iteration.Count2:EnvironmentSafari:Model.Uniquesteerable-nafx                           3.888e+03
Iteration.Count3:EnvironmentSafari:Model.Uniquesteerable-nafx                           3.888e+03
Iteration.Count4:EnvironmentSafari:Model.Uniquesteerable-nafx                           3.888e+03
Iteration.Count5:EnvironmentSafari:Model.Uniquesteerable-nafx                           3.888e+03
Iteration.Count6:EnvironmentSafari:Model.Uniquesteerable-nafx                           3.888e+03
Iteration.Count7:EnvironmentSafari:Model.Uniquesteerable-nafx                           3.888e+03
Iteration.Count8:EnvironmentSafari:Model.Uniquesteerable-nafx                           3.888e+03
Iteration.Count9:EnvironmentSafari:Model.Uniquesteerable-nafx                           3.888e+03
Runonnx:Buffer.Size1024:Iteration.Count1:EnvironmentChrome                              3.888e+03
Runonnx:Buffer.Size8192:Iteration.Count1:EnvironmentChrome                              3.888e+03
Runonnx:Buffer.Size1024:Iteration.Count2:EnvironmentChrome                              3.888e+03
Runonnx:Buffer.Size8192:Iteration.Count2:EnvironmentChrome                              3.888e+03
Runonnx:Buffer.Size1024:Iteration.Count3:EnvironmentChrome                              3.888e+03
Runonnx:Buffer.Size8192:Iteration.Count3:EnvironmentChrome                              3.888e+03
Runonnx:Buffer.Size1024:Iteration.Count4:EnvironmentChrome                              3.888e+03
Runonnx:Buffer.Size8192:Iteration.Count4:EnvironmentChrome                              3.888e+03
Runonnx:Buffer.Size1024:Iteration.Count5:EnvironmentChrome                              3.888e+03
Runonnx:Buffer.Size8192:Iteration.Count5:EnvironmentChrome                              3.888e+03
Runonnx:Buffer.Size1024:Iteration.Count6:EnvironmentChrome                              3.888e+03
Runonnx:Buffer.Size8192:Iteration.Count6:EnvironmentChrome                              3.888e+03
Runonnx:Buffer.Size1024:Iteration.Count7:EnvironmentChrome                              3.888e+03
Runonnx:Buffer.Size8192:Iteration.Count7:EnvironmentChrome                              3.888e+03
Runonnx:Buffer.Size1024:Iteration.Count8:EnvironmentChrome                              3.888e+03
Runonnx:Buffer.Size8192:Iteration.Count8:EnvironmentChrome                              3.888e+03
Runonnx:Buffer.Size1024:Iteration.Count9:EnvironmentChrome                              3.888e+03
Runonnx:Buffer.Size8192:Iteration.Count9:EnvironmentChrome                              3.888e+03
Runonnx:Buffer.Size1024:Iteration.Count1:EnvironmentFirefox                             3.888e+03
Runonnx:Buffer.Size8192:Iteration.Count1:EnvironmentFirefox                             3.888e+03
Runonnx:Buffer.Size1024:Iteration.Count2:EnvironmentFirefox                             3.888e+03
Runonnx:Buffer.Size8192:Iteration.Count2:EnvironmentFirefox                             3.888e+03
Runonnx:Buffer.Size1024:Iteration.Count3:EnvironmentFirefox                             3.888e+03
Runonnx:Buffer.Size8192:Iteration.Count3:EnvironmentFirefox                             3.888e+03
Runonnx:Buffer.Size1024:Iteration.Count4:EnvironmentFirefox                             3.888e+03
Runonnx:Buffer.Size8192:Iteration.Count4:EnvironmentFirefox                             3.888e+03
Runonnx:Buffer.Size1024:Iteration.Count5:EnvironmentFirefox                             3.888e+03
Runonnx:Buffer.Size8192:Iteration.Count5:EnvironmentFirefox                             3.888e+03
Runonnx:Buffer.Size1024:Iteration.Count6:EnvironmentFirefox                             3.888e+03
Runonnx:Buffer.Size8192:Iteration.Count6:EnvironmentFirefox                             3.888e+03
Runonnx:Buffer.Size1024:Iteration.Count7:EnvironmentFirefox                             3.888e+03
Runonnx:Buffer.Size8192:Iteration.Count7:EnvironmentFirefox                             3.888e+03
Runonnx:Buffer.Size1024:Iteration.Count8:EnvironmentFirefox                             3.888e+03
Runonnx:Buffer.Size8192:Iteration.Count8:EnvironmentFirefox                             3.888e+03
Runonnx:Buffer.Size1024:Iteration.Count9:EnvironmentFirefox                             3.888e+03
Runonnx:Buffer.Size8192:Iteration.Count9:EnvironmentFirefox                             3.888e+03
Runonnx:Buffer.Size1024:Iteration.Count1:EnvironmentSafari                              3.888e+03
Runonnx:Buffer.Size8192:Iteration.Count1:EnvironmentSafari                              3.888e+03
Runonnx:Buffer.Size1024:Iteration.Count2:EnvironmentSafari                              3.888e+03
Runonnx:Buffer.Size8192:Iteration.Count2:EnvironmentSafari                              3.888e+03
Runonnx:Buffer.Size1024:Iteration.Count3:EnvironmentSafari                              3.888e+03
Runonnx:Buffer.Size8192:Iteration.Count3:EnvironmentSafari                              3.888e+03
Runonnx:Buffer.Size1024:Iteration.Count4:EnvironmentSafari                              3.888e+03
Runonnx:Buffer.Size8192:Iteration.Count4:EnvironmentSafari                              3.888e+03
Runonnx:Buffer.Size1024:Iteration.Count5:EnvironmentSafari                              3.888e+03
Runonnx:Buffer.Size8192:Iteration.Count5:EnvironmentSafari                              3.888e+03
Runonnx:Buffer.Size1024:Iteration.Count6:EnvironmentSafari                              3.888e+03
Runonnx:Buffer.Size8192:Iteration.Count6:EnvironmentSafari                              3.888e+03
Runonnx:Buffer.Size1024:Iteration.Count7:EnvironmentSafari                              3.888e+03
Runonnx:Buffer.Size8192:Iteration.Count7:EnvironmentSafari                              3.888e+03
Runonnx:Buffer.Size1024:Iteration.Count8:EnvironmentSafari                              3.888e+03
Runonnx:Buffer.Size8192:Iteration.Count8:EnvironmentSafari                              3.888e+03
Runonnx:Buffer.Size1024:Iteration.Count9:EnvironmentSafari                              3.888e+03
Runonnx:Buffer.Size8192:Iteration.Count9:EnvironmentSafari                              3.888e+03
Runonnx:Buffer.Size1024:Iteration.Count1:Model.Uniquesteerable-nafx                     3.888e+03
Runonnx:Buffer.Size8192:Iteration.Count1:Model.Uniquesteerable-nafx                     3.888e+03
Runonnx:Buffer.Size1024:Iteration.Count2:Model.Uniquesteerable-nafx                     3.888e+03
Runonnx:Buffer.Size8192:Iteration.Count2:Model.Uniquesteerable-nafx                     3.888e+03
Runonnx:Buffer.Size1024:Iteration.Count3:Model.Uniquesteerable-nafx                     3.888e+03
Runonnx:Buffer.Size8192:Iteration.Count3:Model.Uniquesteerable-nafx                     3.888e+03
Runonnx:Buffer.Size1024:Iteration.Count4:Model.Uniquesteerable-nafx                     3.888e+03
Runonnx:Buffer.Size8192:Iteration.Count4:Model.Uniquesteerable-nafx                     3.888e+03
Runonnx:Buffer.Size1024:Iteration.Count5:Model.Uniquesteerable-nafx                     3.888e+03
Runonnx:Buffer.Size8192:Iteration.Count5:Model.Uniquesteerable-nafx                     3.888e+03
Runonnx:Buffer.Size1024:Iteration.Count6:Model.Uniquesteerable-nafx                     3.888e+03
Runonnx:Buffer.Size8192:Iteration.Count6:Model.Uniquesteerable-nafx                     3.888e+03
Runonnx:Buffer.Size1024:Iteration.Count7:Model.Uniquesteerable-nafx                     3.888e+03
Runonnx:Buffer.Size8192:Iteration.Count7:Model.Uniquesteerable-nafx                     3.888e+03
Runonnx:Buffer.Size1024:Iteration.Count8:Model.Uniquesteerable-nafx                     3.888e+03
Runonnx:Buffer.Size8192:Iteration.Count8:Model.Uniquesteerable-nafx                     3.888e+03
Runonnx:Buffer.Size1024:Iteration.Count9:Model.Uniquesteerable-nafx                     3.888e+03
Runonnx:Buffer.Size8192:Iteration.Count9:Model.Uniquesteerable-nafx                     3.888e+03
Runonnx:Buffer.Size1024:EnvironmentChrome:Model.Uniquesteerable-nafx                    4.320e+02
Runonnx:Buffer.Size8192:EnvironmentChrome:Model.Uniquesteerable-nafx                    4.320e+02
Runonnx:Buffer.Size1024:EnvironmentFirefox:Model.Uniquesteerable-nafx                   4.320e+02
Runonnx:Buffer.Size8192:EnvironmentFirefox:Model.Uniquesteerable-nafx                   4.320e+02
Runonnx:Buffer.Size1024:EnvironmentSafari:Model.Uniquesteerable-nafx                    4.320e+02
Runonnx:Buffer.Size8192:EnvironmentSafari:Model.Uniquesteerable-nafx                    4.320e+02
Runonnx:Iteration.Count1:EnvironmentChrome:Model.Uniquesteerable-nafx                   3.888e+03
Runonnx:Iteration.Count2:EnvironmentChrome:Model.Uniquesteerable-nafx                   3.888e+03
Runonnx:Iteration.Count3:EnvironmentChrome:Model.Uniquesteerable-nafx                   3.888e+03
Runonnx:Iteration.Count4:EnvironmentChrome:Model.Uniquesteerable-nafx                   3.888e+03
Runonnx:Iteration.Count5:EnvironmentChrome:Model.Uniquesteerable-nafx                   3.888e+03
Runonnx:Iteration.Count6:EnvironmentChrome:Model.Uniquesteerable-nafx                   3.888e+03
Runonnx:Iteration.Count7:EnvironmentChrome:Model.Uniquesteerable-nafx                   3.888e+03
Runonnx:Iteration.Count8:EnvironmentChrome:Model.Uniquesteerable-nafx                   3.888e+03
Runonnx:Iteration.Count9:EnvironmentChrome:Model.Uniquesteerable-nafx                   3.888e+03
Runonnx:Iteration.Count1:EnvironmentFirefox:Model.Uniquesteerable-nafx                  3.888e+03
Runonnx:Iteration.Count2:EnvironmentFirefox:Model.Uniquesteerable-nafx                  3.888e+03
Runonnx:Iteration.Count3:EnvironmentFirefox:Model.Uniquesteerable-nafx                  3.888e+03
Runonnx:Iteration.Count4:EnvironmentFirefox:Model.Uniquesteerable-nafx                  3.888e+03
Runonnx:Iteration.Count5:EnvironmentFirefox:Model.Uniquesteerable-nafx                  3.888e+03
Runonnx:Iteration.Count6:EnvironmentFirefox:Model.Uniquesteerable-nafx                  3.888e+03
Runonnx:Iteration.Count7:EnvironmentFirefox:Model.Uniquesteerable-nafx                  3.888e+03
Runonnx:Iteration.Count8:EnvironmentFirefox:Model.Uniquesteerable-nafx                  3.888e+03
Runonnx:Iteration.Count9:EnvironmentFirefox:Model.Uniquesteerable-nafx                  3.888e+03
Runonnx:Iteration.Count1:EnvironmentSafari:Model.Uniquesteerable-nafx                   3.888e+03
Runonnx:Iteration.Count2:EnvironmentSafari:Model.Uniquesteerable-nafx                   3.888e+03
Runonnx:Iteration.Count3:EnvironmentSafari:Model.Uniquesteerable-nafx                   3.888e+03
Runonnx:Iteration.Count4:EnvironmentSafari:Model.Uniquesteerable-nafx                   3.888e+03
Runonnx:Iteration.Count5:EnvironmentSafari:Model.Uniquesteerable-nafx                   3.888e+03
Runonnx:Iteration.Count6:EnvironmentSafari:Model.Uniquesteerable-nafx                   3.888e+03
Runonnx:Iteration.Count7:EnvironmentSafari:Model.Uniquesteerable-nafx                   3.888e+03
Runonnx:Iteration.Count8:EnvironmentSafari:Model.Uniquesteerable-nafx                   3.888e+03
Runonnx:Iteration.Count9:EnvironmentSafari:Model.Uniquesteerable-nafx                   3.888e+03
Buffer.Size1024:Iteration.Count1:EnvironmentChrome:Model.Uniquesteerable-nafx           3.888e+03
Buffer.Size8192:Iteration.Count1:EnvironmentChrome:Model.Uniquesteerable-nafx           3.888e+03
Buffer.Size1024:Iteration.Count2:EnvironmentChrome:Model.Uniquesteerable-nafx           3.888e+03
Buffer.Size8192:Iteration.Count2:EnvironmentChrome:Model.Uniquesteerable-nafx           3.888e+03
Buffer.Size1024:Iteration.Count3:EnvironmentChrome:Model.Uniquesteerable-nafx           3.888e+03
Buffer.Size8192:Iteration.Count3:EnvironmentChrome:Model.Uniquesteerable-nafx           3.888e+03
Buffer.Size1024:Iteration.Count4:EnvironmentChrome:Model.Uniquesteerable-nafx           3.888e+03
Buffer.Size8192:Iteration.Count4:EnvironmentChrome:Model.Uniquesteerable-nafx           3.888e+03
Buffer.Size1024:Iteration.Count5:EnvironmentChrome:Model.Uniquesteerable-nafx           3.888e+03
Buffer.Size8192:Iteration.Count5:EnvironmentChrome:Model.Uniquesteerable-nafx           3.888e+03
Buffer.Size1024:Iteration.Count6:EnvironmentChrome:Model.Uniquesteerable-nafx           3.888e+03
Buffer.Size8192:Iteration.Count6:EnvironmentChrome:Model.Uniquesteerable-nafx           3.888e+03
Buffer.Size1024:Iteration.Count7:EnvironmentChrome:Model.Uniquesteerable-nafx           3.888e+03
Buffer.Size8192:Iteration.Count7:EnvironmentChrome:Model.Uniquesteerable-nafx           3.888e+03
Buffer.Size1024:Iteration.Count8:EnvironmentChrome:Model.Uniquesteerable-nafx           3.888e+03
Buffer.Size8192:Iteration.Count8:EnvironmentChrome:Model.Uniquesteerable-nafx           3.888e+03
Buffer.Size1024:Iteration.Count9:EnvironmentChrome:Model.Uniquesteerable-nafx           3.888e+03
Buffer.Size8192:Iteration.Count9:EnvironmentChrome:Model.Uniquesteerable-nafx           3.888e+03
Buffer.Size1024:Iteration.Count1:EnvironmentFirefox:Model.Uniquesteerable-nafx          3.888e+03
Buffer.Size8192:Iteration.Count1:EnvironmentFirefox:Model.Uniquesteerable-nafx          3.888e+03
Buffer.Size1024:Iteration.Count2:EnvironmentFirefox:Model.Uniquesteerable-nafx          3.888e+03
Buffer.Size8192:Iteration.Count2:EnvironmentFirefox:Model.Uniquesteerable-nafx          3.888e+03
Buffer.Size1024:Iteration.Count3:EnvironmentFirefox:Model.Uniquesteerable-nafx          3.888e+03
Buffer.Size8192:Iteration.Count3:EnvironmentFirefox:Model.Uniquesteerable-nafx          3.888e+03
Buffer.Size1024:Iteration.Count4:EnvironmentFirefox:Model.Uniquesteerable-nafx          3.888e+03
Buffer.Size8192:Iteration.Count4:EnvironmentFirefox:Model.Uniquesteerable-nafx          3.888e+03
Buffer.Size1024:Iteration.Count5:EnvironmentFirefox:Model.Uniquesteerable-nafx          3.888e+03
Buffer.Size8192:Iteration.Count5:EnvironmentFirefox:Model.Uniquesteerable-nafx          3.888e+03
Buffer.Size1024:Iteration.Count6:EnvironmentFirefox:Model.Uniquesteerable-nafx          3.888e+03
Buffer.Size8192:Iteration.Count6:EnvironmentFirefox:Model.Uniquesteerable-nafx          3.888e+03
Buffer.Size1024:Iteration.Count7:EnvironmentFirefox:Model.Uniquesteerable-nafx          3.888e+03
Buffer.Size8192:Iteration.Count7:EnvironmentFirefox:Model.Uniquesteerable-nafx          3.888e+03
Buffer.Size1024:Iteration.Count8:EnvironmentFirefox:Model.Uniquesteerable-nafx          3.888e+03
Buffer.Size8192:Iteration.Count8:EnvironmentFirefox:Model.Uniquesteerable-nafx          3.888e+03
Buffer.Size1024:Iteration.Count9:EnvironmentFirefox:Model.Uniquesteerable-nafx          3.888e+03
Buffer.Size8192:Iteration.Count9:EnvironmentFirefox:Model.Uniquesteerable-nafx          3.888e+03
Buffer.Size1024:Iteration.Count1:EnvironmentSafari:Model.Uniquesteerable-nafx           3.888e+03
Buffer.Size8192:Iteration.Count1:EnvironmentSafari:Model.Uniquesteerable-nafx           3.888e+03
Buffer.Size1024:Iteration.Count2:EnvironmentSafari:Model.Uniquesteerable-nafx           3.888e+03
Buffer.Size8192:Iteration.Count2:EnvironmentSafari:Model.Uniquesteerable-nafx           3.888e+03
Buffer.Size1024:Iteration.Count3:EnvironmentSafari:Model.Uniquesteerable-nafx           3.888e+03
Buffer.Size8192:Iteration.Count3:EnvironmentSafari:Model.Uniquesteerable-nafx           3.888e+03
Buffer.Size1024:Iteration.Count4:EnvironmentSafari:Model.Uniquesteerable-nafx           3.888e+03
Buffer.Size8192:Iteration.Count4:EnvironmentSafari:Model.Uniquesteerable-nafx           3.888e+03
Buffer.Size1024:Iteration.Count5:EnvironmentSafari:Model.Uniquesteerable-nafx           3.888e+03
Buffer.Size8192:Iteration.Count5:EnvironmentSafari:Model.Uniquesteerable-nafx           3.888e+03
Buffer.Size1024:Iteration.Count6:EnvironmentSafari:Model.Uniquesteerable-nafx           3.888e+03
Buffer.Size8192:Iteration.Count6:EnvironmentSafari:Model.Uniquesteerable-nafx           3.888e+03
Buffer.Size1024:Iteration.Count7:EnvironmentSafari:Model.Uniquesteerable-nafx           3.888e+03
Buffer.Size8192:Iteration.Count7:EnvironmentSafari:Model.Uniquesteerable-nafx           3.888e+03
Buffer.Size1024:Iteration.Count8:EnvironmentSafari:Model.Uniquesteerable-nafx           3.888e+03
Buffer.Size8192:Iteration.Count8:EnvironmentSafari:Model.Uniquesteerable-nafx           3.888e+03
Buffer.Size1024:Iteration.Count9:EnvironmentSafari:Model.Uniquesteerable-nafx           3.888e+03
Buffer.Size8192:Iteration.Count9:EnvironmentSafari:Model.Uniquesteerable-nafx           3.888e+03
Runonnx:Buffer.Size1024:Iteration.Count1:EnvironmentChrome:Model.Uniquesteerable-nafx   3.888e+03
Runonnx:Buffer.Size8192:Iteration.Count1:EnvironmentChrome:Model.Uniquesteerable-nafx   3.888e+03
Runonnx:Buffer.Size1024:Iteration.Count2:EnvironmentChrome:Model.Uniquesteerable-nafx   3.888e+03
Runonnx:Buffer.Size8192:Iteration.Count2:EnvironmentChrome:Model.Uniquesteerable-nafx   3.888e+03
Runonnx:Buffer.Size1024:Iteration.Count3:EnvironmentChrome:Model.Uniquesteerable-nafx   3.888e+03
Runonnx:Buffer.Size8192:Iteration.Count3:EnvironmentChrome:Model.Uniquesteerable-nafx   3.888e+03
Runonnx:Buffer.Size1024:Iteration.Count4:EnvironmentChrome:Model.Uniquesteerable-nafx   3.888e+03
Runonnx:Buffer.Size8192:Iteration.Count4:EnvironmentChrome:Model.Uniquesteerable-nafx   3.888e+03
Runonnx:Buffer.Size1024:Iteration.Count5:EnvironmentChrome:Model.Uniquesteerable-nafx   3.888e+03
Runonnx:Buffer.Size8192:Iteration.Count5:EnvironmentChrome:Model.Uniquesteerable-nafx   3.888e+03
Runonnx:Buffer.Size1024:Iteration.Count6:EnvironmentChrome:Model.Uniquesteerable-nafx   3.888e+03
Runonnx:Buffer.Size8192:Iteration.Count6:EnvironmentChrome:Model.Uniquesteerable-nafx   3.888e+03
Runonnx:Buffer.Size1024:Iteration.Count7:EnvironmentChrome:Model.Uniquesteerable-nafx   3.888e+03
Runonnx:Buffer.Size8192:Iteration.Count7:EnvironmentChrome:Model.Uniquesteerable-nafx   3.888e+03
Runonnx:Buffer.Size1024:Iteration.Count8:EnvironmentChrome:Model.Uniquesteerable-nafx   3.888e+03
Runonnx:Buffer.Size8192:Iteration.Count8:EnvironmentChrome:Model.Uniquesteerable-nafx   3.888e+03
Runonnx:Buffer.Size1024:Iteration.Count9:EnvironmentChrome:Model.Uniquesteerable-nafx   3.888e+03
Runonnx:Buffer.Size8192:Iteration.Count9:EnvironmentChrome:Model.Uniquesteerable-nafx   3.888e+03
Runonnx:Buffer.Size1024:Iteration.Count1:EnvironmentFirefox:Model.Uniquesteerable-nafx  3.888e+03
Runonnx:Buffer.Size8192:Iteration.Count1:EnvironmentFirefox:Model.Uniquesteerable-nafx  3.888e+03
Runonnx:Buffer.Size1024:Iteration.Count2:EnvironmentFirefox:Model.Uniquesteerable-nafx  3.888e+03
Runonnx:Buffer.Size8192:Iteration.Count2:EnvironmentFirefox:Model.Uniquesteerable-nafx  3.888e+03
Runonnx:Buffer.Size1024:Iteration.Count3:EnvironmentFirefox:Model.Uniquesteerable-nafx  3.888e+03
Runonnx:Buffer.Size8192:Iteration.Count3:EnvironmentFirefox:Model.Uniquesteerable-nafx  3.888e+03
Runonnx:Buffer.Size1024:Iteration.Count4:EnvironmentFirefox:Model.Uniquesteerable-nafx  3.888e+03
Runonnx:Buffer.Size8192:Iteration.Count4:EnvironmentFirefox:Model.Uniquesteerable-nafx  3.888e+03
Runonnx:Buffer.Size1024:Iteration.Count5:EnvironmentFirefox:Model.Uniquesteerable-nafx  3.888e+03
Runonnx:Buffer.Size8192:Iteration.Count5:EnvironmentFirefox:Model.Uniquesteerable-nafx  3.888e+03
Runonnx:Buffer.Size1024:Iteration.Count6:EnvironmentFirefox:Model.Uniquesteerable-nafx  3.888e+03
Runonnx:Buffer.Size8192:Iteration.Count6:EnvironmentFirefox:Model.Uniquesteerable-nafx  3.888e+03
Runonnx:Buffer.Size1024:Iteration.Count7:EnvironmentFirefox:Model.Uniquesteerable-nafx  3.888e+03
Runonnx:Buffer.Size8192:Iteration.Count7:EnvironmentFirefox:Model.Uniquesteerable-nafx  3.888e+03
Runonnx:Buffer.Size1024:Iteration.Count8:EnvironmentFirefox:Model.Uniquesteerable-nafx  3.888e+03
Runonnx:Buffer.Size8192:Iteration.Count8:EnvironmentFirefox:Model.Uniquesteerable-nafx  3.888e+03
Runonnx:Buffer.Size1024:Iteration.Count9:EnvironmentFirefox:Model.Uniquesteerable-nafx  3.888e+03
Runonnx:Buffer.Size8192:Iteration.Count9:EnvironmentFirefox:Model.Uniquesteerable-nafx  3.888e+03
Runonnx:Buffer.Size1024:Iteration.Count1:EnvironmentSafari:Model.Uniquesteerable-nafx   3.888e+03
Runonnx:Buffer.Size8192:Iteration.Count1:EnvironmentSafari:Model.Uniquesteerable-nafx   3.888e+03
Runonnx:Buffer.Size1024:Iteration.Count2:EnvironmentSafari:Model.Uniquesteerable-nafx   3.888e+03
Runonnx:Buffer.Size8192:Iteration.Count2:EnvironmentSafari:Model.Uniquesteerable-nafx   3.888e+03
Runonnx:Buffer.Size1024:Iteration.Count3:EnvironmentSafari:Model.Uniquesteerable-nafx   3.888e+03
Runonnx:Buffer.Size8192:Iteration.Count3:EnvironmentSafari:Model.Uniquesteerable-nafx   3.888e+03
Runonnx:Buffer.Size1024:Iteration.Count4:EnvironmentSafari:Model.Uniquesteerable-nafx   3.888e+03
Runonnx:Buffer.Size8192:Iteration.Count4:EnvironmentSafari:Model.Uniquesteerable-nafx   3.888e+03
Runonnx:Buffer.Size1024:Iteration.Count5:EnvironmentSafari:Model.Uniquesteerable-nafx   3.888e+03
Runonnx:Buffer.Size8192:Iteration.Count5:EnvironmentSafari:Model.Uniquesteerable-nafx   3.888e+03
Runonnx:Buffer.Size1024:Iteration.Count6:EnvironmentSafari:Model.Uniquesteerable-nafx   3.888e+03
Runonnx:Buffer.Size8192:Iteration.Count6:EnvironmentSafari:Model.Uniquesteerable-nafx   3.888e+03
Runonnx:Buffer.Size1024:Iteration.Count7:EnvironmentSafari:Model.Uniquesteerable-nafx   3.888e+03
Runonnx:Buffer.Size8192:Iteration.Count7:EnvironmentSafari:Model.Uniquesteerable-nafx   3.888e+03
Runonnx:Buffer.Size1024:Iteration.Count8:EnvironmentSafari:Model.Uniquesteerable-nafx   3.888e+03
Runonnx:Buffer.Size8192:Iteration.Count8:EnvironmentSafari:Model.Uniquesteerable-nafx   3.888e+03
Runonnx:Buffer.Size1024:Iteration.Count9:EnvironmentSafari:Model.Uniquesteerable-nafx   3.888e+03
Runonnx:Buffer.Size8192:Iteration.Count9:EnvironmentSafari:Model.Uniquesteerable-nafx   3.888e+03
                                                                                        t value
(Intercept)                                                                            -584.787
Runonnx                                                                                  81.238
Buffer.Size1024                                                                         -61.980
Buffer.Size8192                                                                         -72.018
Iteration.Count1                                                                          2.437
Iteration.Count2                                                                         -0.218
Iteration.Count3                                                                         -0.033
Iteration.Count4                                                                         -0.340
Iteration.Count5                                                                         -0.345
Iteration.Count6                                                                         -0.245
Iteration.Count7                                                                         -0.286
Iteration.Count8                                                                         -0.370
Iteration.Count9                                                                         -0.207
EnvironmentChrome                                                                         6.896
EnvironmentFirefox                                                                       -0.742
EnvironmentSafari                                                                         9.837
Model.Uniquesteerable-nafx                                                               -2.721
Runonnx:Buffer.Size1024                                                                  33.917
Runonnx:Buffer.Size8192                                                                  40.132
Runonnx:Iteration.Count1                                                                  1.413
Runonnx:Iteration.Count2                                                                 -0.218
Runonnx:Iteration.Count3                                                                 -0.406
Runonnx:Iteration.Count4                                                                  0.027
Runonnx:Iteration.Count5                                                                 -0.091
Runonnx:Iteration.Count6                                                                 -0.028
Runonnx:Iteration.Count7                                                                 -0.211
Runonnx:Iteration.Count8                                                                 -0.106
Runonnx:Iteration.Count9                                                                 -0.214
Runonnx:EnvironmentChrome                                                                43.545
Runonnx:EnvironmentFirefox                                                               26.613
Runonnx:EnvironmentSafari                                                                18.625
Runonnx:Model.Uniquesteerable-nafx                                                      125.927
Buffer.Size1024:Iteration.Count1                                                         -0.834
Buffer.Size8192:Iteration.Count1                                                         -1.517
Buffer.Size1024:Iteration.Count2                                                          0.057
Buffer.Size8192:Iteration.Count2                                                          0.089
Buffer.Size1024:Iteration.Count3                                                         -0.118
Buffer.Size8192:Iteration.Count3                                                          0.000
Buffer.Size1024:Iteration.Count4                                                          0.064
Buffer.Size8192:Iteration.Count4                                                          0.188
Buffer.Size1024:Iteration.Count5                                                          0.225
Buffer.Size8192:Iteration.Count5                                                          0.405
Buffer.Size1024:Iteration.Count6                                                          0.056
Buffer.Size8192:Iteration.Count6                                                          0.327
Buffer.Size1024:Iteration.Count7                                                          0.187
Buffer.Size8192:Iteration.Count7                                                          0.101
Buffer.Size1024:Iteration.Count8                                                          0.262
Buffer.Size8192:Iteration.Count8                                                          0.257
Buffer.Size1024:Iteration.Count9                                                         -0.076
Buffer.Size8192:Iteration.Count9                                                          0.045
Buffer.Size1024:EnvironmentChrome                                                        34.995
Buffer.Size8192:EnvironmentChrome                                                        40.760
Buffer.Size1024:EnvironmentFirefox                                                       24.166
Buffer.Size8192:EnvironmentFirefox                                                       27.488
Buffer.Size1024:EnvironmentSafari                                                        14.320
Buffer.Size8192:EnvironmentSafari                                                        12.669
Buffer.Size1024:Model.Uniquesteerable-nafx                                              -45.263
Buffer.Size8192:Model.Uniquesteerable-nafx                                             -131.573
Iteration.Count1:EnvironmentChrome                                                       11.230
Iteration.Count2:EnvironmentChrome                                                       -1.230
Iteration.Count3:EnvironmentChrome                                                       -1.002
Iteration.Count4:EnvironmentChrome                                                       -1.313
Iteration.Count5:EnvironmentChrome                                                       -1.476
Iteration.Count6:EnvironmentChrome                                                       -1.463
Iteration.Count7:EnvironmentChrome                                                       -1.349
Iteration.Count8:EnvironmentChrome                                                       -0.965
Iteration.Count9:EnvironmentChrome                                                       -1.240
Iteration.Count1:EnvironmentFirefox                                                      11.347
Iteration.Count2:EnvironmentFirefox                                                      -1.508
Iteration.Count3:EnvironmentFirefox                                                      -2.396
Iteration.Count4:EnvironmentFirefox                                                      -0.286
Iteration.Count5:EnvironmentFirefox                                                      -1.419
Iteration.Count6:EnvironmentFirefox                                                      -1.489
Iteration.Count7:EnvironmentFirefox                                                      -1.839
Iteration.Count8:EnvironmentFirefox                                                      -0.265
Iteration.Count9:EnvironmentFirefox                                                      -1.516
Iteration.Count1:EnvironmentSafari                                                       29.619
Iteration.Count2:EnvironmentSafari                                                       -1.868
Iteration.Count3:EnvironmentSafari                                                       -4.467
Iteration.Count4:EnvironmentSafari                                                       -2.926
Iteration.Count5:EnvironmentSafari                                                       -3.540
Iteration.Count6:EnvironmentSafari                                                       -2.916
Iteration.Count7:EnvironmentSafari                                                       -3.582
Iteration.Count8:EnvironmentSafari                                                       -2.578
Iteration.Count9:EnvironmentSafari                                                       -4.434
Iteration.Count1:Model.Uniquesteerable-nafx                                              -0.395
Iteration.Count2:Model.Uniquesteerable-nafx                                              -0.009
Iteration.Count3:Model.Uniquesteerable-nafx                                              -0.138
Iteration.Count4:Model.Uniquesteerable-nafx                                               0.143
Iteration.Count5:Model.Uniquesteerable-nafx                                               0.122
Iteration.Count6:Model.Uniquesteerable-nafx                                               0.018
Iteration.Count7:Model.Uniquesteerable-nafx                                              -0.024
Iteration.Count8:Model.Uniquesteerable-nafx                                               0.080
Iteration.Count9:Model.Uniquesteerable-nafx                                               0.051
EnvironmentChrome:Model.Uniquesteerable-nafx                                            -11.114
EnvironmentFirefox:Model.Uniquesteerable-nafx                                            -3.972
EnvironmentSafari:Model.Uniquesteerable-nafx                                             -8.333
Runonnx:Buffer.Size1024:Iteration.Count1                                                 -1.285
Runonnx:Buffer.Size8192:Iteration.Count1                                                 -0.953
Runonnx:Buffer.Size1024:Iteration.Count2                                                  0.165
Runonnx:Buffer.Size8192:Iteration.Count2                                                  0.190
Runonnx:Buffer.Size1024:Iteration.Count3                                                  0.372
Runonnx:Buffer.Size8192:Iteration.Count3                                                  0.290
Runonnx:Buffer.Size1024:Iteration.Count4                                                  0.062
Runonnx:Buffer.Size8192:Iteration.Count4                                                  0.010
Runonnx:Buffer.Size1024:Iteration.Count5                                                  0.068
Runonnx:Buffer.Size8192:Iteration.Count5                                                 -0.090
Runonnx:Buffer.Size1024:Iteration.Count6                                                  0.059
Runonnx:Buffer.Size8192:Iteration.Count6                                                 -0.126
Runonnx:Buffer.Size1024:Iteration.Count7                                                  0.108
Runonnx:Buffer.Size8192:Iteration.Count7                                                  0.193
Runonnx:Buffer.Size1024:Iteration.Count8                                                  0.028
Runonnx:Buffer.Size8192:Iteration.Count8                                                  0.079
Runonnx:Buffer.Size1024:Iteration.Count9                                                  0.266
Runonnx:Buffer.Size8192:Iteration.Count9                                                  0.193
Runonnx:Buffer.Size1024:EnvironmentChrome                                               -20.646
Runonnx:Buffer.Size8192:EnvironmentChrome                                               -24.328
Runonnx:Buffer.Size1024:EnvironmentFirefox                                              -16.484
Runonnx:Buffer.Size8192:EnvironmentFirefox                                              -18.545
Runonnx:Buffer.Size1024:EnvironmentSafari                                               -11.943
Runonnx:Buffer.Size8192:EnvironmentSafari                                               -11.703
Runonnx:Buffer.Size1024:Model.Uniquesteerable-nafx                                      -21.812
Runonnx:Buffer.Size8192:Model.Uniquesteerable-nafx                                       -9.598
Runonnx:Iteration.Count1:EnvironmentChrome                                               -6.869
Runonnx:Iteration.Count2:EnvironmentChrome                                                0.388
Runonnx:Iteration.Count3:EnvironmentChrome                                                0.327
Runonnx:Iteration.Count4:EnvironmentChrome                                                0.274
Runonnx:Iteration.Count5:EnvironmentChrome                                                0.410
Runonnx:Iteration.Count6:EnvironmentChrome                                                0.361
Runonnx:Iteration.Count7:EnvironmentChrome                                                0.795
Runonnx:Iteration.Count8:EnvironmentChrome                                                0.380
Runonnx:Iteration.Count9:EnvironmentChrome                                                1.577
Runonnx:Iteration.Count1:EnvironmentFirefox                                              -6.634
Runonnx:Iteration.Count2:EnvironmentFirefox                                               0.968
Runonnx:Iteration.Count3:EnvironmentFirefox                                               1.627
Runonnx:Iteration.Count4:EnvironmentFirefox                                               0.057
Runonnx:Iteration.Count5:EnvironmentFirefox                                               1.122
Runonnx:Iteration.Count6:EnvironmentFirefox                                               0.894
Runonnx:Iteration.Count7:EnvironmentFirefox                                               1.091
Runonnx:Iteration.Count8:EnvironmentFirefox                                              -0.165
Runonnx:Iteration.Count9:EnvironmentFirefox                                               0.783
Runonnx:Iteration.Count1:EnvironmentSafari                                              -15.214
Runonnx:Iteration.Count2:EnvironmentSafari                                                2.024
Runonnx:Iteration.Count3:EnvironmentSafari                                                3.629
Runonnx:Iteration.Count4:EnvironmentSafari                                                1.459
Runonnx:Iteration.Count5:EnvironmentSafari                                                1.563
Runonnx:Iteration.Count6:EnvironmentSafari                                                0.850
Runonnx:Iteration.Count7:EnvironmentSafari                                                1.309
Runonnx:Iteration.Count8:EnvironmentSafari                                                1.027
Runonnx:Iteration.Count9:EnvironmentSafari                                                2.182
Runonnx:Iteration.Count1:Model.Uniquesteerable-nafx                                      -1.454
Runonnx:Iteration.Count2:Model.Uniquesteerable-nafx                                       0.210
Runonnx:Iteration.Count3:Model.Uniquesteerable-nafx                                       0.369
Runonnx:Iteration.Count4:Model.Uniquesteerable-nafx                                       0.016
Runonnx:Iteration.Count5:Model.Uniquesteerable-nafx                                       0.097
Runonnx:Iteration.Count6:Model.Uniquesteerable-nafx                                       0.080
Runonnx:Iteration.Count7:Model.Uniquesteerable-nafx                                       0.235
Runonnx:Iteration.Count8:Model.Uniquesteerable-nafx                                       0.180
Runonnx:Iteration.Count9:Model.Uniquesteerable-nafx                                       0.123
Runonnx:EnvironmentChrome:Model.Uniquesteerable-nafx                                     13.322
Runonnx:EnvironmentFirefox:Model.Uniquesteerable-nafx                                     2.591
Runonnx:EnvironmentSafari:Model.Uniquesteerable-nafx                                      5.963
Buffer.Size1024:Iteration.Count1:EnvironmentChrome                                       -7.412
Buffer.Size8192:Iteration.Count1:EnvironmentChrome                                       -8.009
Buffer.Size1024:Iteration.Count2:EnvironmentChrome                                        1.050
Buffer.Size8192:Iteration.Count2:EnvironmentChrome                                        0.793
Buffer.Size1024:Iteration.Count3:EnvironmentChrome                                        0.618
Buffer.Size8192:Iteration.Count3:EnvironmentChrome                                        0.537
Buffer.Size1024:Iteration.Count4:EnvironmentChrome                                        0.855
Buffer.Size8192:Iteration.Count4:EnvironmentChrome                                        1.717
Buffer.Size1024:Iteration.Count5:EnvironmentChrome                                        1.296
Buffer.Size8192:Iteration.Count5:EnvironmentChrome                                        0.796
Buffer.Size1024:Iteration.Count6:EnvironmentChrome                                        0.734
Buffer.Size8192:Iteration.Count6:EnvironmentChrome                                        0.853
Buffer.Size1024:Iteration.Count7:EnvironmentChrome                                        0.783
Buffer.Size8192:Iteration.Count7:EnvironmentChrome                                        0.921
Buffer.Size1024:Iteration.Count8:EnvironmentChrome                                        0.510
Buffer.Size8192:Iteration.Count8:EnvironmentChrome                                        0.599
Buffer.Size1024:Iteration.Count9:EnvironmentChrome                                        0.801
Buffer.Size8192:Iteration.Count9:EnvironmentChrome                                        0.932
Buffer.Size1024:Iteration.Count1:EnvironmentFirefox                                      -5.094
Buffer.Size8192:Iteration.Count1:EnvironmentFirefox                                      -7.784
Buffer.Size1024:Iteration.Count2:EnvironmentFirefox                                       0.384
Buffer.Size8192:Iteration.Count2:EnvironmentFirefox                                       0.752
Buffer.Size1024:Iteration.Count3:EnvironmentFirefox                                       1.557
Buffer.Size8192:Iteration.Count3:EnvironmentFirefox                                       1.628
Buffer.Size1024:Iteration.Count4:EnvironmentFirefox                                      -0.274
Buffer.Size8192:Iteration.Count4:EnvironmentFirefox                                       0.054
Buffer.Size1024:Iteration.Count5:EnvironmentFirefox                                       1.157
Buffer.Size8192:Iteration.Count5:EnvironmentFirefox                                       0.766
Buffer.Size1024:Iteration.Count6:EnvironmentFirefox                                       0.108
Buffer.Size8192:Iteration.Count6:EnvironmentFirefox                                       0.897
Buffer.Size1024:Iteration.Count7:EnvironmentFirefox                                       0.720
Buffer.Size8192:Iteration.Count7:EnvironmentFirefox                                       1.757
Buffer.Size1024:Iteration.Count8:EnvironmentFirefox                                       0.219
Buffer.Size8192:Iteration.Count8:EnvironmentFirefox                                       0.258
Buffer.Size1024:Iteration.Count9:EnvironmentFirefox                                       0.987
Buffer.Size8192:Iteration.Count9:EnvironmentFirefox                                       1.158
Buffer.Size1024:Iteration.Count1:EnvironmentSafari                                      -13.401
Buffer.Size8192:Iteration.Count1:EnvironmentSafari                                      -19.216
Buffer.Size1024:Iteration.Count2:EnvironmentSafari                                        0.308
Buffer.Size8192:Iteration.Count2:EnvironmentSafari                                        1.369
Buffer.Size1024:Iteration.Count3:EnvironmentSafari                                        2.379
Buffer.Size8192:Iteration.Count3:EnvironmentSafari                                        3.356
Buffer.Size1024:Iteration.Count4:EnvironmentSafari                                        1.221
Buffer.Size8192:Iteration.Count4:EnvironmentSafari                                        1.803
Buffer.Size1024:Iteration.Count5:EnvironmentSafari                                        1.636
Buffer.Size8192:Iteration.Count5:EnvironmentSafari                                        2.038
Buffer.Size1024:Iteration.Count6:EnvironmentSafari                                        1.639
Buffer.Size8192:Iteration.Count6:EnvironmentSafari                                        1.660
Buffer.Size1024:Iteration.Count7:EnvironmentSafari                                        2.563
Buffer.Size8192:Iteration.Count7:EnvironmentSafari                                        2.328
Buffer.Size1024:Iteration.Count8:EnvironmentSafari                                        0.337
Buffer.Size8192:Iteration.Count8:EnvironmentSafari                                        1.590
Buffer.Size1024:Iteration.Count9:EnvironmentSafari                                        2.042
Buffer.Size8192:Iteration.Count9:EnvironmentSafari                                        2.937
Buffer.Size1024:Iteration.Count1:Model.Uniquesteerable-nafx                               0.806
Buffer.Size8192:Iteration.Count1:Model.Uniquesteerable-nafx                               3.921
Buffer.Size1024:Iteration.Count2:Model.Uniquesteerable-nafx                              -0.005
Buffer.Size8192:Iteration.Count2:Model.Uniquesteerable-nafx                              -0.245
Buffer.Size1024:Iteration.Count3:Model.Uniquesteerable-nafx                               0.038
Buffer.Size8192:Iteration.Count3:Model.Uniquesteerable-nafx                               0.126
Buffer.Size1024:Iteration.Count4:Model.Uniquesteerable-nafx                              -0.100
Buffer.Size8192:Iteration.Count4:Model.Uniquesteerable-nafx                              -0.943
Buffer.Size1024:Iteration.Count5:Model.Uniquesteerable-nafx                              -0.222
Buffer.Size8192:Iteration.Count5:Model.Uniquesteerable-nafx                              -0.750
Buffer.Size1024:Iteration.Count6:Model.Uniquesteerable-nafx                              -0.073
Buffer.Size8192:Iteration.Count6:Model.Uniquesteerable-nafx                              -0.766
Buffer.Size1024:Iteration.Count7:Model.Uniquesteerable-nafx                              -0.015
Buffer.Size8192:Iteration.Count7:Model.Uniquesteerable-nafx                               0.622
Buffer.Size1024:Iteration.Count8:Model.Uniquesteerable-nafx                              -0.187
Buffer.Size8192:Iteration.Count8:Model.Uniquesteerable-nafx                              -0.744
Buffer.Size1024:Iteration.Count9:Model.Uniquesteerable-nafx                              -0.038
Buffer.Size8192:Iteration.Count9:Model.Uniquesteerable-nafx                              -0.683
Buffer.Size1024:EnvironmentChrome:Model.Uniquesteerable-nafx                            -22.869
Buffer.Size8192:EnvironmentChrome:Model.Uniquesteerable-nafx                              5.041
Buffer.Size1024:EnvironmentFirefox:Model.Uniquesteerable-nafx                           -16.845
Buffer.Size8192:EnvironmentFirefox:Model.Uniquesteerable-nafx                             1.084
Buffer.Size1024:EnvironmentSafari:Model.Uniquesteerable-nafx                             -8.637
Buffer.Size8192:EnvironmentSafari:Model.Uniquesteerable-nafx                             11.945
Iteration.Count1:EnvironmentChrome:Model.Uniquesteerable-nafx                             5.849
Iteration.Count2:EnvironmentChrome:Model.Uniquesteerable-nafx                            -0.426
Iteration.Count3:EnvironmentChrome:Model.Uniquesteerable-nafx                             0.009
Iteration.Count4:EnvironmentChrome:Model.Uniquesteerable-nafx                            -0.808
Iteration.Count5:EnvironmentChrome:Model.Uniquesteerable-nafx                            -0.765
Iteration.Count6:EnvironmentChrome:Model.Uniquesteerable-nafx                            -0.330
Iteration.Count7:EnvironmentChrome:Model.Uniquesteerable-nafx                            -0.786
Iteration.Count8:EnvironmentChrome:Model.Uniquesteerable-nafx                            -1.254
Iteration.Count9:EnvironmentChrome:Model.Uniquesteerable-nafx                            -0.530
Iteration.Count1:EnvironmentFirefox:Model.Uniquesteerable-nafx                            1.807
Iteration.Count2:EnvironmentFirefox:Model.Uniquesteerable-nafx                            1.595
Iteration.Count3:EnvironmentFirefox:Model.Uniquesteerable-nafx                            0.055
Iteration.Count4:EnvironmentFirefox:Model.Uniquesteerable-nafx                           -1.483
Iteration.Count5:EnvironmentFirefox:Model.Uniquesteerable-nafx                            0.285
Iteration.Count6:EnvironmentFirefox:Model.Uniquesteerable-nafx                           -0.591
Iteration.Count7:EnvironmentFirefox:Model.Uniquesteerable-nafx                            1.289
Iteration.Count8:EnvironmentFirefox:Model.Uniquesteerable-nafx                           -1.755
Iteration.Count9:EnvironmentFirefox:Model.Uniquesteerable-nafx                            0.652
Iteration.Count1:EnvironmentSafari:Model.Uniquesteerable-nafx                            -0.936
Iteration.Count2:EnvironmentSafari:Model.Uniquesteerable-nafx                            -0.317
Iteration.Count3:EnvironmentSafari:Model.Uniquesteerable-nafx                             1.876
Iteration.Count4:EnvironmentSafari:Model.Uniquesteerable-nafx                            -1.514
Iteration.Count5:EnvironmentSafari:Model.Uniquesteerable-nafx                            -2.084
Iteration.Count6:EnvironmentSafari:Model.Uniquesteerable-nafx                            -0.919
Iteration.Count7:EnvironmentSafari:Model.Uniquesteerable-nafx                             1.256
Iteration.Count8:EnvironmentSafari:Model.Uniquesteerable-nafx                             0.198
Iteration.Count9:EnvironmentSafari:Model.Uniquesteerable-nafx                             1.766
Runonnx:Buffer.Size1024:Iteration.Count1:EnvironmentChrome                                4.766
Runonnx:Buffer.Size8192:Iteration.Count1:EnvironmentChrome                                5.056
Runonnx:Buffer.Size1024:Iteration.Count2:EnvironmentChrome                               -0.197
Runonnx:Buffer.Size8192:Iteration.Count2:EnvironmentChrome                               -0.256
Runonnx:Buffer.Size1024:Iteration.Count3:EnvironmentChrome                               -0.269
Runonnx:Buffer.Size8192:Iteration.Count3:EnvironmentChrome                               -0.148
Runonnx:Buffer.Size1024:Iteration.Count4:EnvironmentChrome                               -0.242
Runonnx:Buffer.Size8192:Iteration.Count4:EnvironmentChrome                               -0.768
Runonnx:Buffer.Size1024:Iteration.Count5:EnvironmentChrome                               -0.608
Runonnx:Buffer.Size8192:Iteration.Count5:EnvironmentChrome                               -0.096
Runonnx:Buffer.Size1024:Iteration.Count6:EnvironmentChrome                               -0.161
Runonnx:Buffer.Size8192:Iteration.Count6:EnvironmentChrome                               -0.139
Runonnx:Buffer.Size1024:Iteration.Count7:EnvironmentChrome                               -0.557
Runonnx:Buffer.Size8192:Iteration.Count7:EnvironmentChrome                               -0.538
Runonnx:Buffer.Size1024:Iteration.Count8:EnvironmentChrome                               -0.246
Runonnx:Buffer.Size8192:Iteration.Count8:EnvironmentChrome                               -0.251
Runonnx:Buffer.Size1024:Iteration.Count9:EnvironmentChrome                               -1.168
Runonnx:Buffer.Size8192:Iteration.Count9:EnvironmentChrome                               -1.157
Runonnx:Buffer.Size1024:Iteration.Count1:EnvironmentFirefox                               3.181
Runonnx:Buffer.Size8192:Iteration.Count1:EnvironmentFirefox                               4.691
Runonnx:Buffer.Size1024:Iteration.Count2:EnvironmentFirefox                              -0.202
Runonnx:Buffer.Size8192:Iteration.Count2:EnvironmentFirefox                              -0.500
Runonnx:Buffer.Size1024:Iteration.Count3:EnvironmentFirefox                              -1.112
Runonnx:Buffer.Size8192:Iteration.Count3:EnvironmentFirefox                              -1.192
Runonnx:Buffer.Size1024:Iteration.Count4:EnvironmentFirefox                               0.189
Runonnx:Buffer.Size8192:Iteration.Count4:EnvironmentFirefox                               0.031
Runonnx:Buffer.Size1024:Iteration.Count5:EnvironmentFirefox                              -1.070
Runonnx:Buffer.Size8192:Iteration.Count5:EnvironmentFirefox                              -0.725
Runonnx:Buffer.Size1024:Iteration.Count6:EnvironmentFirefox                               0.177
Runonnx:Buffer.Size8192:Iteration.Count6:EnvironmentFirefox                              -0.531
Runonnx:Buffer.Size1024:Iteration.Count7:EnvironmentFirefox                              -0.418
Runonnx:Buffer.Size8192:Iteration.Count7:EnvironmentFirefox                              -1.065
Runonnx:Buffer.Size1024:Iteration.Count8:EnvironmentFirefox                              -0.004
Runonnx:Buffer.Size8192:Iteration.Count8:EnvironmentFirefox                               0.029
Runonnx:Buffer.Size1024:Iteration.Count9:EnvironmentFirefox                              -0.555
Runonnx:Buffer.Size8192:Iteration.Count9:EnvironmentFirefox                              -0.572
Runonnx:Buffer.Size1024:Iteration.Count1:EnvironmentSafari                                7.229
Runonnx:Buffer.Size8192:Iteration.Count1:EnvironmentSafari                               10.411
Runonnx:Buffer.Size1024:Iteration.Count2:EnvironmentSafari                               -0.419
Runonnx:Buffer.Size8192:Iteration.Count2:EnvironmentSafari                               -1.582
Runonnx:Buffer.Size1024:Iteration.Count3:EnvironmentSafari                               -2.168
Runonnx:Buffer.Size8192:Iteration.Count3:EnvironmentSafari                               -2.772
Runonnx:Buffer.Size1024:Iteration.Count4:EnvironmentSafari                               -0.656
Runonnx:Buffer.Size8192:Iteration.Count4:EnvironmentSafari                               -0.939
Runonnx:Buffer.Size1024:Iteration.Count5:EnvironmentSafari                               -0.798
Runonnx:Buffer.Size8192:Iteration.Count5:EnvironmentSafari                               -0.890
Runonnx:Buffer.Size1024:Iteration.Count6:EnvironmentSafari                               -0.566
Runonnx:Buffer.Size8192:Iteration.Count6:EnvironmentSafari                               -0.406
Runonnx:Buffer.Size1024:Iteration.Count7:EnvironmentSafari                               -1.162
Runonnx:Buffer.Size8192:Iteration.Count7:EnvironmentSafari                               -0.822
Runonnx:Buffer.Size1024:Iteration.Count8:EnvironmentSafari                                0.010
Runonnx:Buffer.Size8192:Iteration.Count8:EnvironmentSafari                               -0.710
Runonnx:Buffer.Size1024:Iteration.Count9:EnvironmentSafari                               -1.060
Runonnx:Buffer.Size8192:Iteration.Count9:EnvironmentSafari                               -1.470
Runonnx:Buffer.Size1024:Iteration.Count1:Model.Uniquesteerable-nafx                       0.615
Runonnx:Buffer.Size8192:Iteration.Count1:Model.Uniquesteerable-nafx                      -1.490
Runonnx:Buffer.Size1024:Iteration.Count2:Model.Uniquesteerable-nafx                      -0.119
Runonnx:Buffer.Size8192:Iteration.Count2:Model.Uniquesteerable-nafx                       0.008
Runonnx:Buffer.Size1024:Iteration.Count3:Model.Uniquesteerable-nafx                      -0.238
Runonnx:Buffer.Size8192:Iteration.Count3:Model.Uniquesteerable-nafx                      -0.280
Runonnx:Buffer.Size1024:Iteration.Count4:Model.Uniquesteerable-nafx                       0.013
Runonnx:Buffer.Size8192:Iteration.Count4:Model.Uniquesteerable-nafx                       0.566
Runonnx:Buffer.Size1024:Iteration.Count5:Model.Uniquesteerable-nafx                       0.003
Runonnx:Buffer.Size8192:Iteration.Count5:Model.Uniquesteerable-nafx                       0.402
Runonnx:Buffer.Size1024:Iteration.Count6:Model.Uniquesteerable-nafx                      -0.004
Runonnx:Buffer.Size8192:Iteration.Count6:Model.Uniquesteerable-nafx                       0.489
Runonnx:Buffer.Size1024:Iteration.Count7:Model.Uniquesteerable-nafx                      -0.125
Runonnx:Buffer.Size8192:Iteration.Count7:Model.Uniquesteerable-nafx                      -0.597
Runonnx:Buffer.Size1024:Iteration.Count8:Model.Uniquesteerable-nafx                      -0.032
Runonnx:Buffer.Size8192:Iteration.Count8:Model.Uniquesteerable-nafx                       0.336
Runonnx:Buffer.Size1024:Iteration.Count9:Model.Uniquesteerable-nafx                      -0.075
Runonnx:Buffer.Size8192:Iteration.Count9:Model.Uniquesteerable-nafx                       0.368
Runonnx:Buffer.Size1024:EnvironmentChrome:Model.Uniquesteerable-nafx                     13.275
Runonnx:Buffer.Size8192:EnvironmentChrome:Model.Uniquesteerable-nafx                     -6.772
Runonnx:Buffer.Size1024:EnvironmentFirefox:Model.Uniquesteerable-nafx                    11.583
Runonnx:Buffer.Size8192:EnvironmentFirefox:Model.Uniquesteerable-nafx                    -0.894
Runonnx:Buffer.Size1024:EnvironmentSafari:Model.Uniquesteerable-nafx                      7.536
Runonnx:Buffer.Size8192:EnvironmentSafari:Model.Uniquesteerable-nafx                     -6.196
Runonnx:Iteration.Count1:EnvironmentChrome:Model.Uniquesteerable-nafx                    -4.640
Runonnx:Iteration.Count2:EnvironmentChrome:Model.Uniquesteerable-nafx                     0.616
Runonnx:Iteration.Count3:EnvironmentChrome:Model.Uniquesteerable-nafx                     0.187
Runonnx:Iteration.Count4:EnvironmentChrome:Model.Uniquesteerable-nafx                     0.971
Runonnx:Iteration.Count5:EnvironmentChrome:Model.Uniquesteerable-nafx                     1.103
Runonnx:Iteration.Count6:EnvironmentChrome:Model.Uniquesteerable-nafx                     0.668
Runonnx:Iteration.Count7:EnvironmentChrome:Model.Uniquesteerable-nafx                     0.635
Runonnx:Iteration.Count8:EnvironmentChrome:Model.Uniquesteerable-nafx                     1.060
Runonnx:Iteration.Count9:EnvironmentChrome:Model.Uniquesteerable-nafx                    -0.163
Runonnx:Iteration.Count1:EnvironmentFirefox:Model.Uniquesteerable-nafx                   -2.283
Runonnx:Iteration.Count2:EnvironmentFirefox:Model.Uniquesteerable-nafx                   -1.010
Runonnx:Iteration.Count3:EnvironmentFirefox:Model.Uniquesteerable-nafx                    0.025
Runonnx:Iteration.Count4:EnvironmentFirefox:Model.Uniquesteerable-nafx                    1.106
Runonnx:Iteration.Count5:EnvironmentFirefox:Model.Uniquesteerable-nafx                   -0.349
Runonnx:Iteration.Count6:EnvironmentFirefox:Model.Uniquesteerable-nafx                    0.435
Runonnx:Iteration.Count7:EnvironmentFirefox:Model.Uniquesteerable-nafx                   -0.793
Runonnx:Iteration.Count8:EnvironmentFirefox:Model.Uniquesteerable-nafx                    1.639
Runonnx:Iteration.Count9:EnvironmentFirefox:Model.Uniquesteerable-nafx                   -0.204
Runonnx:Iteration.Count1:EnvironmentSafari:Model.Uniquesteerable-nafx                    -2.718
Runonnx:Iteration.Count2:EnvironmentSafari:Model.Uniquesteerable-nafx                    -0.342
Runonnx:Iteration.Count3:EnvironmentSafari:Model.Uniquesteerable-nafx                    -1.742
Runonnx:Iteration.Count4:EnvironmentSafari:Model.Uniquesteerable-nafx                     1.394
Runonnx:Iteration.Count5:EnvironmentSafari:Model.Uniquesteerable-nafx                     2.048
Runonnx:Iteration.Count6:EnvironmentSafari:Model.Uniquesteerable-nafx                     1.422
Runonnx:Iteration.Count7:EnvironmentSafari:Model.Uniquesteerable-nafx                    -0.068
Runonnx:Iteration.Count8:EnvironmentSafari:Model.Uniquesteerable-nafx                     0.323
Runonnx:Iteration.Count9:EnvironmentSafari:Model.Uniquesteerable-nafx                    -0.608
Buffer.Size1024:Iteration.Count1:EnvironmentChrome:Model.Uniquesteerable-nafx             3.256
Buffer.Size8192:Iteration.Count1:EnvironmentChrome:Model.Uniquesteerable-nafx            -2.319
Buffer.Size1024:Iteration.Count2:EnvironmentChrome:Model.Uniquesteerable-nafx            -0.871
Buffer.Size8192:Iteration.Count2:EnvironmentChrome:Model.Uniquesteerable-nafx             1.341
Buffer.Size1024:Iteration.Count3:EnvironmentChrome:Model.Uniquesteerable-nafx            -0.983
Buffer.Size8192:Iteration.Count3:EnvironmentChrome:Model.Uniquesteerable-nafx            -0.683
Buffer.Size1024:Iteration.Count4:EnvironmentChrome:Model.Uniquesteerable-nafx            -0.397
Buffer.Size8192:Iteration.Count4:EnvironmentChrome:Model.Uniquesteerable-nafx             0.127
Buffer.Size1024:Iteration.Count5:EnvironmentChrome:Model.Uniquesteerable-nafx            -0.631
Buffer.Size8192:Iteration.Count5:EnvironmentChrome:Model.Uniquesteerable-nafx             0.541
Buffer.Size1024:Iteration.Count6:EnvironmentChrome:Model.Uniquesteerable-nafx             0.270
Buffer.Size8192:Iteration.Count6:EnvironmentChrome:Model.Uniquesteerable-nafx             0.193
Buffer.Size1024:Iteration.Count7:EnvironmentChrome:Model.Uniquesteerable-nafx            -0.447
Buffer.Size8192:Iteration.Count7:EnvironmentChrome:Model.Uniquesteerable-nafx            -0.402
Buffer.Size1024:Iteration.Count8:EnvironmentChrome:Model.Uniquesteerable-nafx             0.903
Buffer.Size8192:Iteration.Count8:EnvironmentChrome:Model.Uniquesteerable-nafx             0.598
Buffer.Size1024:Iteration.Count9:EnvironmentChrome:Model.Uniquesteerable-nafx            -0.671
Buffer.Size8192:Iteration.Count9:EnvironmentChrome:Model.Uniquesteerable-nafx             0.157
Buffer.Size1024:Iteration.Count1:EnvironmentFirefox:Model.Uniquesteerable-nafx            4.365
Buffer.Size8192:Iteration.Count1:EnvironmentFirefox:Model.Uniquesteerable-nafx            1.145
Buffer.Size1024:Iteration.Count2:EnvironmentFirefox:Model.Uniquesteerable-nafx           -1.682
Buffer.Size8192:Iteration.Count2:EnvironmentFirefox:Model.Uniquesteerable-nafx           -1.541
Buffer.Size1024:Iteration.Count3:EnvironmentFirefox:Model.Uniquesteerable-nafx           -0.698
Buffer.Size8192:Iteration.Count3:EnvironmentFirefox:Model.Uniquesteerable-nafx           -0.862
Buffer.Size1024:Iteration.Count4:EnvironmentFirefox:Model.Uniquesteerable-nafx            0.380
Buffer.Size8192:Iteration.Count4:EnvironmentFirefox:Model.Uniquesteerable-nafx            1.638
Buffer.Size1024:Iteration.Count5:EnvironmentFirefox:Model.Uniquesteerable-nafx           -1.298
Buffer.Size8192:Iteration.Count5:EnvironmentFirefox:Model.Uniquesteerable-nafx           -0.100
Buffer.Size1024:Iteration.Count6:EnvironmentFirefox:Model.Uniquesteerable-nafx            0.094
Buffer.Size8192:Iteration.Count6:EnvironmentFirefox:Model.Uniquesteerable-nafx            0.387
Buffer.Size1024:Iteration.Count7:EnvironmentFirefox:Model.Uniquesteerable-nafx           -0.927
Buffer.Size8192:Iteration.Count7:EnvironmentFirefox:Model.Uniquesteerable-nafx           -2.458
Buffer.Size1024:Iteration.Count8:EnvironmentFirefox:Model.Uniquesteerable-nafx            0.441
Buffer.Size8192:Iteration.Count8:EnvironmentFirefox:Model.Uniquesteerable-nafx            0.846
Buffer.Size1024:Iteration.Count9:EnvironmentFirefox:Model.Uniquesteerable-nafx           -1.605
Buffer.Size8192:Iteration.Count9:EnvironmentFirefox:Model.Uniquesteerable-nafx           -0.352
Buffer.Size1024:Iteration.Count1:EnvironmentSafari:Model.Uniquesteerable-nafx            10.444
Buffer.Size8192:Iteration.Count1:EnvironmentSafari:Model.Uniquesteerable-nafx             6.763
Buffer.Size1024:Iteration.Count2:EnvironmentSafari:Model.Uniquesteerable-nafx             0.440
Buffer.Size8192:Iteration.Count2:EnvironmentSafari:Model.Uniquesteerable-nafx            -0.497
Buffer.Size1024:Iteration.Count3:EnvironmentSafari:Model.Uniquesteerable-nafx            -2.166
Buffer.Size8192:Iteration.Count3:EnvironmentSafari:Model.Uniquesteerable-nafx            -2.176
Buffer.Size1024:Iteration.Count4:EnvironmentSafari:Model.Uniquesteerable-nafx            -0.098
Buffer.Size8192:Iteration.Count4:EnvironmentSafari:Model.Uniquesteerable-nafx             0.610
Buffer.Size1024:Iteration.Count5:EnvironmentSafari:Model.Uniquesteerable-nafx             0.336
Buffer.Size8192:Iteration.Count5:EnvironmentSafari:Model.Uniquesteerable-nafx             0.813
Buffer.Size1024:Iteration.Count6:EnvironmentSafari:Model.Uniquesteerable-nafx            -1.443
Buffer.Size8192:Iteration.Count6:EnvironmentSafari:Model.Uniquesteerable-nafx             0.258
Buffer.Size1024:Iteration.Count7:EnvironmentSafari:Model.Uniquesteerable-nafx            -2.133
Buffer.Size8192:Iteration.Count7:EnvironmentSafari:Model.Uniquesteerable-nafx            -2.274
Buffer.Size1024:Iteration.Count8:EnvironmentSafari:Model.Uniquesteerable-nafx            -1.765
Buffer.Size8192:Iteration.Count8:EnvironmentSafari:Model.Uniquesteerable-nafx            -0.296
Buffer.Size1024:Iteration.Count9:EnvironmentSafari:Model.Uniquesteerable-nafx            -2.633
Buffer.Size8192:Iteration.Count9:EnvironmentSafari:Model.Uniquesteerable-nafx            -2.002
Runonnx:Buffer.Size1024:Iteration.Count1:EnvironmentChrome:Model.Uniquesteerable-nafx    -2.030
Runonnx:Buffer.Size8192:Iteration.Count1:EnvironmentChrome:Model.Uniquesteerable-nafx     2.054
Runonnx:Buffer.Size1024:Iteration.Count2:EnvironmentChrome:Model.Uniquesteerable-nafx     0.244
Runonnx:Buffer.Size8192:Iteration.Count2:EnvironmentChrome:Model.Uniquesteerable-nafx    -1.166
Runonnx:Buffer.Size1024:Iteration.Count3:EnvironmentChrome:Model.Uniquesteerable-nafx     0.611
Runonnx:Buffer.Size8192:Iteration.Count3:EnvironmentChrome:Model.Uniquesteerable-nafx     0.438
Runonnx:Buffer.Size1024:Iteration.Count4:EnvironmentChrome:Model.Uniquesteerable-nafx     0.078
Runonnx:Buffer.Size8192:Iteration.Count4:EnvironmentChrome:Model.Uniquesteerable-nafx    -0.380
Runonnx:Buffer.Size1024:Iteration.Count5:EnvironmentChrome:Model.Uniquesteerable-nafx     0.182
Runonnx:Buffer.Size8192:Iteration.Count5:EnvironmentChrome:Model.Uniquesteerable-nafx    -0.804
Runonnx:Buffer.Size1024:Iteration.Count6:EnvironmentChrome:Model.Uniquesteerable-nafx    -0.440
Runonnx:Buffer.Size8192:Iteration.Count6:EnvironmentChrome:Model.Uniquesteerable-nafx    -0.478
Runonnx:Buffer.Size1024:Iteration.Count7:EnvironmentChrome:Model.Uniquesteerable-nafx     0.310
Runonnx:Buffer.Size8192:Iteration.Count7:EnvironmentChrome:Model.Uniquesteerable-nafx     0.210
Runonnx:Buffer.Size1024:Iteration.Count8:EnvironmentChrome:Model.Uniquesteerable-nafx    -0.715
Runonnx:Buffer.Size8192:Iteration.Count8:EnvironmentChrome:Model.Uniquesteerable-nafx    -0.557
Runonnx:Buffer.Size1024:Iteration.Count9:EnvironmentChrome:Model.Uniquesteerable-nafx     0.897
Runonnx:Buffer.Size8192:Iteration.Count9:EnvironmentChrome:Model.Uniquesteerable-nafx     0.233
Runonnx:Buffer.Size1024:Iteration.Count1:EnvironmentFirefox:Model.Uniquesteerable-nafx   -2.706
Runonnx:Buffer.Size8192:Iteration.Count1:EnvironmentFirefox:Model.Uniquesteerable-nafx   -0.192
Runonnx:Buffer.Size1024:Iteration.Count2:EnvironmentFirefox:Model.Uniquesteerable-nafx    1.186
Runonnx:Buffer.Size8192:Iteration.Count2:EnvironmentFirefox:Model.Uniquesteerable-nafx    1.196
Runonnx:Buffer.Size1024:Iteration.Count3:EnvironmentFirefox:Model.Uniquesteerable-nafx    0.553
Runonnx:Buffer.Size8192:Iteration.Count3:EnvironmentFirefox:Model.Uniquesteerable-nafx    0.580
Runonnx:Buffer.Size1024:Iteration.Count4:EnvironmentFirefox:Model.Uniquesteerable-nafx   -0.291
Runonnx:Buffer.Size8192:Iteration.Count4:EnvironmentFirefox:Model.Uniquesteerable-nafx   -1.227
Runonnx:Buffer.Size1024:Iteration.Count5:EnvironmentFirefox:Model.Uniquesteerable-nafx    1.085
Runonnx:Buffer.Size8192:Iteration.Count5:EnvironmentFirefox:Model.Uniquesteerable-nafx    0.294
Runonnx:Buffer.Size1024:Iteration.Count6:EnvironmentFirefox:Model.Uniquesteerable-nafx   -0.227
Runonnx:Buffer.Size8192:Iteration.Count6:EnvironmentFirefox:Model.Uniquesteerable-nafx   -0.256
Runonnx:Buffer.Size1024:Iteration.Count7:EnvironmentFirefox:Model.Uniquesteerable-nafx    0.578
Runonnx:Buffer.Size8192:Iteration.Count7:EnvironmentFirefox:Model.Uniquesteerable-nafx    1.602
Runonnx:Buffer.Size1024:Iteration.Count8:EnvironmentFirefox:Model.Uniquesteerable-nafx   -0.497
Runonnx:Buffer.Size8192:Iteration.Count8:EnvironmentFirefox:Model.Uniquesteerable-nafx   -0.905
Runonnx:Buffer.Size1024:Iteration.Count9:EnvironmentFirefox:Model.Uniquesteerable-nafx    0.997
Runonnx:Buffer.Size8192:Iteration.Count9:EnvironmentFirefox:Model.Uniquesteerable-nafx   -0.015
Runonnx:Buffer.Size1024:Iteration.Count1:EnvironmentSafari:Model.Uniquesteerable-nafx    -5.602
Runonnx:Buffer.Size8192:Iteration.Count1:EnvironmentSafari:Model.Uniquesteerable-nafx    -2.489
Runonnx:Buffer.Size1024:Iteration.Count2:EnvironmentSafari:Model.Uniquesteerable-nafx    -0.182
Runonnx:Buffer.Size8192:Iteration.Count2:EnvironmentSafari:Model.Uniquesteerable-nafx     0.788
Runonnx:Buffer.Size1024:Iteration.Count3:EnvironmentSafari:Model.Uniquesteerable-nafx     1.886
Runonnx:Buffer.Size8192:Iteration.Count3:EnvironmentSafari:Model.Uniquesteerable-nafx     1.832
Runonnx:Buffer.Size1024:Iteration.Count4:EnvironmentSafari:Model.Uniquesteerable-nafx    -0.107
Runonnx:Buffer.Size8192:Iteration.Count4:EnvironmentSafari:Model.Uniquesteerable-nafx    -0.659
Runonnx:Buffer.Size1024:Iteration.Count5:EnvironmentSafari:Model.Uniquesteerable-nafx    -0.497
Runonnx:Buffer.Size8192:Iteration.Count5:EnvironmentSafari:Model.Uniquesteerable-nafx    -0.948
Runonnx:Buffer.Size1024:Iteration.Count6:EnvironmentSafari:Model.Uniquesteerable-nafx     0.576
Runonnx:Buffer.Size8192:Iteration.Count6:EnvironmentSafari:Model.Uniquesteerable-nafx    -0.725
Runonnx:Buffer.Size1024:Iteration.Count7:EnvironmentSafari:Model.Uniquesteerable-nafx     1.021
Runonnx:Buffer.Size8192:Iteration.Count7:EnvironmentSafari:Model.Uniquesteerable-nafx     0.989
Runonnx:Buffer.Size1024:Iteration.Count8:EnvironmentSafari:Model.Uniquesteerable-nafx     1.073
Runonnx:Buffer.Size8192:Iteration.Count8:EnvironmentSafari:Model.Uniquesteerable-nafx    -0.064
Runonnx:Buffer.Size1024:Iteration.Count9:EnvironmentSafari:Model.Uniquesteerable-nafx     1.531
Runonnx:Buffer.Size8192:Iteration.Count9:EnvironmentSafari:Model.Uniquesteerable-nafx     0.947
                                                                                       Pr(>|t|)
(Intercept)                                                                             < 2e-16
Runonnx                                                                                 < 2e-16
Buffer.Size1024                                                                         < 2e-16
Buffer.Size8192                                                                         < 2e-16
Iteration.Count1                                                                       0.014853
Iteration.Count2                                                                       0.827207
Iteration.Count3                                                                       0.973624
Iteration.Count4                                                                       0.733642
Iteration.Count5                                                                       0.730207
Iteration.Count6                                                                       0.806089
Iteration.Count7                                                                       0.774977
Iteration.Count8                                                                       0.711548
Iteration.Count9                                                                       0.835877
EnvironmentChrome                                                                      1.90e-11
EnvironmentFirefox                                                                     0.458206
EnvironmentSafari                                                                       < 2e-16
Model.Uniquesteerable-nafx                                                             0.006773
Runonnx:Buffer.Size1024                                                                 < 2e-16
Runonnx:Buffer.Size8192                                                                 < 2e-16
Runonnx:Iteration.Count1                                                               0.157767
Runonnx:Iteration.Count2                                                               0.827576
Runonnx:Iteration.Count3                                                               0.684755
Runonnx:Iteration.Count4                                                               0.978707
Runonnx:Iteration.Count5                                                               0.927843
Runonnx:Iteration.Count6                                                               0.977299
Runonnx:Iteration.Count7                                                               0.833089
Runonnx:Iteration.Count8                                                               0.915736
Runonnx:Iteration.Count9                                                               0.830413
Runonnx:EnvironmentChrome                                                               < 2e-16
Runonnx:EnvironmentFirefox                                                              < 2e-16
Runonnx:EnvironmentSafari                                                               < 2e-16
Runonnx:Model.Uniquesteerable-nafx                                                      < 2e-16
Buffer.Size1024:Iteration.Count1                                                       0.404117
Buffer.Size8192:Iteration.Count1                                                       0.129435
Buffer.Size1024:Iteration.Count2                                                       0.954650
Buffer.Size8192:Iteration.Count2                                                       0.928987
Buffer.Size1024:Iteration.Count3                                                       0.906341
Buffer.Size8192:Iteration.Count3                                                       0.999823
Buffer.Size1024:Iteration.Count4                                                       0.948901
Buffer.Size8192:Iteration.Count4                                                       0.850944
Buffer.Size1024:Iteration.Count5                                                       0.822127
Buffer.Size8192:Iteration.Count5                                                       0.685302
Buffer.Size1024:Iteration.Count6                                                       0.955453
Buffer.Size8192:Iteration.Count6                                                       0.743744
Buffer.Size1024:Iteration.Count7                                                       0.851824
Buffer.Size8192:Iteration.Count7                                                       0.919661
Buffer.Size1024:Iteration.Count8                                                       0.793262
Buffer.Size8192:Iteration.Count8                                                       0.796881
Buffer.Size1024:Iteration.Count9                                                       0.939268
Buffer.Size8192:Iteration.Count9                                                       0.964043
Buffer.Size1024:EnvironmentChrome                                                       < 2e-16
Buffer.Size8192:EnvironmentChrome                                                       < 2e-16
Buffer.Size1024:EnvironmentFirefox                                                      < 2e-16
Buffer.Size8192:EnvironmentFirefox                                                      < 2e-16
Buffer.Size1024:EnvironmentSafari                                                       < 2e-16
Buffer.Size8192:EnvironmentSafari                                                       < 2e-16
Buffer.Size1024:Model.Uniquesteerable-nafx                                              < 2e-16
Buffer.Size8192:Model.Uniquesteerable-nafx                                              < 2e-16
Iteration.Count1:EnvironmentChrome                                                      < 2e-16
Iteration.Count2:EnvironmentChrome                                                     0.218765
Iteration.Count3:EnvironmentChrome                                                     0.316328
Iteration.Count4:EnvironmentChrome                                                     0.189202
Iteration.Count5:EnvironmentChrome                                                     0.139903
Iteration.Count6:EnvironmentChrome                                                     0.143419
Iteration.Count7:EnvironmentChrome                                                     0.177502
Iteration.Count8:EnvironmentChrome                                                     0.334619
Iteration.Count9:EnvironmentChrome                                                     0.214897
Iteration.Count1:EnvironmentFirefox                                                     < 2e-16
Iteration.Count2:EnvironmentFirefox                                                    0.131579
Iteration.Count3:EnvironmentFirefox                                                    0.016608
Iteration.Count4:EnvironmentFirefox                                                    0.774686
Iteration.Count5:EnvironmentFirefox                                                    0.156061
Iteration.Count6:EnvironmentFirefox                                                    0.136570
Iteration.Count7:EnvironmentFirefox                                                    0.065993
Iteration.Count8:EnvironmentFirefox                                                    0.790705
Iteration.Count9:EnvironmentFirefox                                                    0.129580
Iteration.Count1:EnvironmentSafari                                                      < 2e-16
Iteration.Count2:EnvironmentSafari                                                     0.061822
Iteration.Count3:EnvironmentSafari                                                     8.14e-06
Iteration.Count4:EnvironmentSafari                                                     0.003448
Iteration.Count5:EnvironmentSafari                                                     0.000404
Iteration.Count6:EnvironmentSafari                                                     0.003564
Iteration.Count7:EnvironmentSafari                                                     0.000345
Iteration.Count8:EnvironmentSafari                                                     0.009984
Iteration.Count9:EnvironmentSafari                                                     9.53e-06
Iteration.Count1:Model.Uniquesteerable-nafx                                            0.693124
Iteration.Count2:Model.Uniquesteerable-nafx                                            0.993122
Iteration.Count3:Model.Uniquesteerable-nafx                                            0.890212
Iteration.Count4:Model.Uniquesteerable-nafx                                            0.886436
Iteration.Count5:Model.Uniquesteerable-nafx                                            0.902604
Iteration.Count6:Model.Uniquesteerable-nafx                                            0.985630
Iteration.Count7:Model.Uniquesteerable-nafx                                            0.980647
Iteration.Count8:Model.Uniquesteerable-nafx                                            0.936388
Iteration.Count9:Model.Uniquesteerable-nafx                                            0.959509
EnvironmentChrome:Model.Uniquesteerable-nafx                                            < 2e-16
EnvironmentFirefox:Model.Uniquesteerable-nafx                                          8.34e-05
EnvironmentSafari:Model.Uniquesteerable-nafx                                           1.06e-15
Runonnx:Buffer.Size1024:Iteration.Count1                                               0.198792
Runonnx:Buffer.Size8192:Iteration.Count1                                               0.340737
Runonnx:Buffer.Size1024:Iteration.Count2                                               0.869045
Runonnx:Buffer.Size8192:Iteration.Count2                                               0.849549
Runonnx:Buffer.Size1024:Iteration.Count3                                               0.710136
Runonnx:Buffer.Size8192:Iteration.Count3                                               0.772199
Runonnx:Buffer.Size1024:Iteration.Count4                                               0.950940
Runonnx:Buffer.Size8192:Iteration.Count4                                               0.992248
Runonnx:Buffer.Size1024:Iteration.Count5                                               0.945578
Runonnx:Buffer.Size8192:Iteration.Count5                                               0.928675
Runonnx:Buffer.Size1024:Iteration.Count6                                               0.952866
Runonnx:Buffer.Size8192:Iteration.Count6                                               0.899808
Runonnx:Buffer.Size1024:Iteration.Count7                                               0.913614
Runonnx:Buffer.Size8192:Iteration.Count7                                               0.846595
Runonnx:Buffer.Size1024:Iteration.Count8                                               0.977889
Runonnx:Buffer.Size8192:Iteration.Count8                                               0.937227
Runonnx:Buffer.Size1024:Iteration.Count9                                               0.790424
Runonnx:Buffer.Size8192:Iteration.Count9                                               0.847235
Runonnx:Buffer.Size1024:EnvironmentChrome                                               < 2e-16
Runonnx:Buffer.Size8192:EnvironmentChrome                                               < 2e-16
Runonnx:Buffer.Size1024:EnvironmentFirefox                                              < 2e-16
Runonnx:Buffer.Size8192:EnvironmentFirefox                                              < 2e-16
Runonnx:Buffer.Size1024:EnvironmentSafari                                               < 2e-16
Runonnx:Buffer.Size8192:EnvironmentSafari                                               < 2e-16
Runonnx:Buffer.Size1024:Model.Uniquesteerable-nafx                                      < 2e-16
Runonnx:Buffer.Size8192:Model.Uniquesteerable-nafx                                      < 2e-16
Runonnx:Iteration.Count1:EnvironmentChrome                                             7.48e-12
Runonnx:Iteration.Count2:EnvironmentChrome                                             0.697861
Runonnx:Iteration.Count3:EnvironmentChrome                                             0.743661
Runonnx:Iteration.Count4:EnvironmentChrome                                             0.783777
Runonnx:Iteration.Count5:EnvironmentChrome                                             0.682106
Runonnx:Iteration.Count6:EnvironmentChrome                                             0.718179
Runonnx:Iteration.Count7:EnvironmentChrome                                             0.426613
Runonnx:Iteration.Count8:EnvironmentChrome                                             0.703670
Runonnx:Iteration.Count9:EnvironmentChrome                                             0.114827
Runonnx:Iteration.Count1:EnvironmentFirefox                                            3.71e-11
Runonnx:Iteration.Count2:EnvironmentFirefox                                            0.332995
Runonnx:Iteration.Count3:EnvironmentFirefox                                            0.103858
Runonnx:Iteration.Count4:EnvironmentFirefox                                            0.954448
Runonnx:Iteration.Count5:EnvironmentFirefox                                            0.262079
Runonnx:Iteration.Count6:EnvironmentFirefox                                            0.371502
Runonnx:Iteration.Count7:EnvironmentFirefox                                            0.275459
Runonnx:Iteration.Count8:EnvironmentFirefox                                            0.868737
Runonnx:Iteration.Count9:EnvironmentFirefox                                            0.433736
Runonnx:Iteration.Count1:EnvironmentSafari                                              < 2e-16
Runonnx:Iteration.Count2:EnvironmentSafari                                             0.043046
Runonnx:Iteration.Count3:EnvironmentSafari                                             0.000288
Runonnx:Iteration.Count4:EnvironmentSafari                                             0.144607
Runonnx:Iteration.Count5:EnvironmentSafari                                             0.118025
Runonnx:Iteration.Count6:EnvironmentSafari                                             0.395138
Runonnx:Iteration.Count7:EnvironmentSafari                                             0.190763
Runonnx:Iteration.Count8:EnvironmentSafari                                             0.304500
Runonnx:Iteration.Count9:EnvironmentSafari                                             0.029198
Runonnx:Iteration.Count1:Model.Uniquesteerable-nafx                                    0.146093
Runonnx:Iteration.Count2:Model.Uniquesteerable-nafx                                    0.833638
Runonnx:Iteration.Count3:Model.Uniquesteerable-nafx                                    0.712387
Runonnx:Iteration.Count4:Model.Uniquesteerable-nafx                                    0.987454
Runonnx:Iteration.Count5:Model.Uniquesteerable-nafx                                    0.922670
Runonnx:Iteration.Count6:Model.Uniquesteerable-nafx                                    0.936326
Runonnx:Iteration.Count7:Model.Uniquesteerable-nafx                                    0.814577
Runonnx:Iteration.Count8:Model.Uniquesteerable-nafx                                    0.857253
Runonnx:Iteration.Count9:Model.Uniquesteerable-nafx                                    0.901998
Runonnx:EnvironmentChrome:Model.Uniquesteerable-nafx                                    < 2e-16
Runonnx:EnvironmentFirefox:Model.Uniquesteerable-nafx                                  0.009886
Runonnx:EnvironmentSafari:Model.Uniquesteerable-nafx                                   5.16e-09
Buffer.Size1024:Iteration.Count1:EnvironmentChrome                                     1.52e-13
Buffer.Size8192:Iteration.Count1:EnvironmentChrome                                     1.52e-15
Buffer.Size1024:Iteration.Count2:EnvironmentChrome                                     0.293692
Buffer.Size8192:Iteration.Count2:EnvironmentChrome                                     0.427541
Buffer.Size1024:Iteration.Count3:EnvironmentChrome                                     0.536759
Buffer.Size8192:Iteration.Count3:EnvironmentChrome                                     0.591223
Buffer.Size1024:Iteration.Count4:EnvironmentChrome                                     0.392677
Buffer.Size8192:Iteration.Count4:EnvironmentChrome                                     0.086078
Buffer.Size1024:Iteration.Count5:EnvironmentChrome                                     0.195102
Buffer.Size8192:Iteration.Count5:EnvironmentChrome                                     0.425829
Buffer.Size1024:Iteration.Count6:EnvironmentChrome                                     0.463107
Buffer.Size8192:Iteration.Count6:EnvironmentChrome                                     0.393628
Buffer.Size1024:Iteration.Count7:EnvironmentChrome                                     0.433417
Buffer.Size8192:Iteration.Count7:EnvironmentChrome                                     0.357141
Buffer.Size1024:Iteration.Count8:EnvironmentChrome                                     0.610428
Buffer.Size8192:Iteration.Count8:EnvironmentChrome                                     0.549370
Buffer.Size1024:Iteration.Count9:EnvironmentChrome                                     0.423222
Buffer.Size8192:Iteration.Count9:EnvironmentChrome                                     0.351459
Buffer.Size1024:Iteration.Count1:EnvironmentFirefox                                    3.68e-07
Buffer.Size8192:Iteration.Count1:EnvironmentFirefox                                    8.97e-15
Buffer.Size1024:Iteration.Count2:EnvironmentFirefox                                    0.700868
Buffer.Size8192:Iteration.Count2:EnvironmentFirefox                                    0.452131
Buffer.Size1024:Iteration.Count3:EnvironmentFirefox                                    0.119530
Buffer.Size8192:Iteration.Count3:EnvironmentFirefox                                    0.103629
Buffer.Size1024:Iteration.Count4:EnvironmentFirefox                                    0.783806
Buffer.Size8192:Iteration.Count4:EnvironmentFirefox                                    0.956634
Buffer.Size1024:Iteration.Count5:EnvironmentFirefox                                    0.247219
Buffer.Size8192:Iteration.Count5:EnvironmentFirefox                                    0.443933
Buffer.Size1024:Iteration.Count6:EnvironmentFirefox                                    0.914150
Buffer.Size8192:Iteration.Count6:EnvironmentFirefox                                    0.369830
Buffer.Size1024:Iteration.Count7:EnvironmentFirefox                                    0.471329
Buffer.Size8192:Iteration.Count7:EnvironmentFirefox                                    0.078921
Buffer.Size1024:Iteration.Count8:EnvironmentFirefox                                    0.826464
Buffer.Size8192:Iteration.Count8:EnvironmentFirefox                                    0.796161
Buffer.Size1024:Iteration.Count9:EnvironmentFirefox                                    0.323813
Buffer.Size8192:Iteration.Count9:EnvironmentFirefox                                    0.246802
Buffer.Size1024:Iteration.Count1:EnvironmentSafari                                      < 2e-16
Buffer.Size8192:Iteration.Count1:EnvironmentSafari                                      < 2e-16
Buffer.Size1024:Iteration.Count2:EnvironmentSafari                                     0.757905
Buffer.Size8192:Iteration.Count2:EnvironmentSafari                                     0.171133
Buffer.Size1024:Iteration.Count3:EnvironmentSafari                                     0.017392
Buffer.Size8192:Iteration.Count3:EnvironmentSafari                                     0.000798
Buffer.Size1024:Iteration.Count4:EnvironmentSafari                                     0.222274
Buffer.Size8192:Iteration.Count4:EnvironmentSafari                                     0.071434
Buffer.Size1024:Iteration.Count5:EnvironmentSafari                                     0.101909
Buffer.Size8192:Iteration.Count5:EnvironmentSafari                                     0.041638
Buffer.Size1024:Iteration.Count6:EnvironmentSafari                                     0.101386
Buffer.Size8192:Iteration.Count6:EnvironmentSafari                                     0.096900
Buffer.Size1024:Iteration.Count7:EnvironmentSafari                                     0.010414
Buffer.Size8192:Iteration.Count7:EnvironmentSafari                                     0.019976
Buffer.Size1024:Iteration.Count8:EnvironmentSafari                                     0.735936
Buffer.Size8192:Iteration.Count8:EnvironmentSafari                                     0.112021
Buffer.Size1024:Iteration.Count9:EnvironmentSafari                                     0.041249
Buffer.Size8192:Iteration.Count9:EnvironmentSafari                                     0.003329
Buffer.Size1024:Iteration.Count1:Model.Uniquesteerable-nafx                            0.420151
Buffer.Size8192:Iteration.Count1:Model.Uniquesteerable-nafx                            8.98e-05
Buffer.Size1024:Iteration.Count2:Model.Uniquesteerable-nafx                            0.995653
Buffer.Size8192:Iteration.Count2:Model.Uniquesteerable-nafx                            0.806115
Buffer.Size1024:Iteration.Count3:Model.Uniquesteerable-nafx                            0.969815
Buffer.Size8192:Iteration.Count3:Model.Uniquesteerable-nafx                            0.899742
Buffer.Size1024:Iteration.Count4:Model.Uniquesteerable-nafx                            0.920131
Buffer.Size8192:Iteration.Count4:Model.Uniquesteerable-nafx                            0.345834
Buffer.Size1024:Iteration.Count5:Model.Uniquesteerable-nafx                            0.824372
Buffer.Size8192:Iteration.Count5:Model.Uniquesteerable-nafx                            0.453363
Buffer.Size1024:Iteration.Count6:Model.Uniquesteerable-nafx                            0.941765
Buffer.Size8192:Iteration.Count6:Model.Uniquesteerable-nafx                            0.443954
Buffer.Size1024:Iteration.Count7:Model.Uniquesteerable-nafx                            0.987892
Buffer.Size8192:Iteration.Count7:Model.Uniquesteerable-nafx                            0.534071
Buffer.Size1024:Iteration.Count8:Model.Uniquesteerable-nafx                            0.851505
Buffer.Size8192:Iteration.Count8:Model.Uniquesteerable-nafx                            0.456637
Buffer.Size1024:Iteration.Count9:Model.Uniquesteerable-nafx                            0.969783
Buffer.Size8192:Iteration.Count9:Model.Uniquesteerable-nafx                            0.494911
Buffer.Size1024:EnvironmentChrome:Model.Uniquesteerable-nafx                            < 2e-16
Buffer.Size8192:EnvironmentChrome:Model.Uniquesteerable-nafx                           6.81e-07
Buffer.Size1024:EnvironmentFirefox:Model.Uniquesteerable-nafx                           < 2e-16
Buffer.Size8192:EnvironmentFirefox:Model.Uniquesteerable-nafx                          0.278755
Buffer.Size1024:EnvironmentSafari:Model.Uniquesteerable-nafx                            < 2e-16
Buffer.Size8192:EnvironmentSafari:Model.Uniquesteerable-nafx                            < 2e-16
Iteration.Count1:EnvironmentChrome:Model.Uniquesteerable-nafx                          5.34e-09
Iteration.Count2:EnvironmentChrome:Model.Uniquesteerable-nafx                          0.670321
Iteration.Count3:EnvironmentChrome:Model.Uniquesteerable-nafx                          0.992690
Iteration.Count4:EnvironmentChrome:Model.Uniquesteerable-nafx                          0.418993
Iteration.Count5:EnvironmentChrome:Model.Uniquesteerable-nafx                          0.444481
Iteration.Count6:EnvironmentChrome:Model.Uniquesteerable-nafx                          0.741328
Iteration.Count7:EnvironmentChrome:Model.Uniquesteerable-nafx                          0.432154
Iteration.Count8:EnvironmentChrome:Model.Uniquesteerable-nafx                          0.210031
Iteration.Count9:EnvironmentChrome:Model.Uniquesteerable-nafx                          0.596028
Iteration.Count1:EnvironmentFirefox:Model.Uniquesteerable-nafx                         0.070839
Iteration.Count2:EnvironmentFirefox:Model.Uniquesteerable-nafx                         0.110813
Iteration.Count3:EnvironmentFirefox:Model.Uniquesteerable-nafx                         0.956534
Iteration.Count4:EnvironmentFirefox:Model.Uniquesteerable-nafx                         0.138287
Iteration.Count5:EnvironmentFirefox:Model.Uniquesteerable-nafx                         0.775815
Iteration.Count6:EnvironmentFirefox:Model.Uniquesteerable-nafx                         0.554417
Iteration.Count7:EnvironmentFirefox:Model.Uniquesteerable-nafx                         0.197347
Iteration.Count8:EnvironmentFirefox:Model.Uniquesteerable-nafx                         0.079414
Iteration.Count9:EnvironmentFirefox:Model.Uniquesteerable-nafx                         0.514420
Iteration.Count1:EnvironmentSafari:Model.Uniquesteerable-nafx                          0.349148
Iteration.Count2:EnvironmentSafari:Model.Uniquesteerable-nafx                          0.751212
Iteration.Count3:EnvironmentSafari:Model.Uniquesteerable-nafx                          0.060679
Iteration.Count4:EnvironmentSafari:Model.Uniquesteerable-nafx                          0.130007
Iteration.Count5:EnvironmentSafari:Model.Uniquesteerable-nafx                          0.037205
Iteration.Count6:EnvironmentSafari:Model.Uniquesteerable-nafx                          0.358405
Iteration.Count7:EnvironmentSafari:Model.Uniquesteerable-nafx                          0.209060
Iteration.Count8:EnvironmentSafari:Model.Uniquesteerable-nafx                          0.843144
Iteration.Count9:EnvironmentSafari:Model.Uniquesteerable-nafx                          0.077472
Runonnx:Buffer.Size1024:Iteration.Count1:EnvironmentChrome                             1.94e-06
Runonnx:Buffer.Size8192:Iteration.Count1:EnvironmentChrome                             4.49e-07
Runonnx:Buffer.Size1024:Iteration.Count2:EnvironmentChrome                             0.843902
Runonnx:Buffer.Size8192:Iteration.Count2:EnvironmentChrome                             0.798242
Runonnx:Buffer.Size1024:Iteration.Count3:EnvironmentChrome                             0.787884
Runonnx:Buffer.Size8192:Iteration.Count3:EnvironmentChrome                             0.882485
Runonnx:Buffer.Size1024:Iteration.Count4:EnvironmentChrome                             0.809171
Runonnx:Buffer.Size8192:Iteration.Count4:EnvironmentChrome                             0.442589
Runonnx:Buffer.Size1024:Iteration.Count5:EnvironmentChrome                             0.543357
Runonnx:Buffer.Size8192:Iteration.Count5:EnvironmentChrome                             0.923213
Runonnx:Buffer.Size1024:Iteration.Count6:EnvironmentChrome                             0.872283
Runonnx:Buffer.Size8192:Iteration.Count6:EnvironmentChrome                             0.889108
Runonnx:Buffer.Size1024:Iteration.Count7:EnvironmentChrome                             0.577353
Runonnx:Buffer.Size8192:Iteration.Count7:EnvironmentChrome                             0.590688
Runonnx:Buffer.Size1024:Iteration.Count8:EnvironmentChrome                             0.805883
Runonnx:Buffer.Size8192:Iteration.Count8:EnvironmentChrome                             0.801988
Runonnx:Buffer.Size1024:Iteration.Count9:EnvironmentChrome                             0.243042
Runonnx:Buffer.Size8192:Iteration.Count9:EnvironmentChrome                             0.247153
Runonnx:Buffer.Size1024:Iteration.Count1:EnvironmentFirefox                            0.001478
Runonnx:Buffer.Size8192:Iteration.Count1:EnvironmentFirefox                            2.82e-06
Runonnx:Buffer.Size1024:Iteration.Count2:EnvironmentFirefox                            0.840197
Runonnx:Buffer.Size8192:Iteration.Count2:EnvironmentFirefox                            0.616904
Runonnx:Buffer.Size1024:Iteration.Count3:EnvironmentFirefox                            0.266416
Runonnx:Buffer.Size8192:Iteration.Count3:EnvironmentFirefox                            0.233508
Runonnx:Buffer.Size1024:Iteration.Count4:EnvironmentFirefox                            0.850211
Runonnx:Buffer.Size8192:Iteration.Count4:EnvironmentFirefox                            0.975386
Runonnx:Buffer.Size1024:Iteration.Count5:EnvironmentFirefox                            0.284644
Runonnx:Buffer.Size8192:Iteration.Count5:EnvironmentFirefox                            0.468431
Runonnx:Buffer.Size1024:Iteration.Count6:EnvironmentFirefox                            0.859173
Runonnx:Buffer.Size8192:Iteration.Count6:EnvironmentFirefox                            0.595163
Runonnx:Buffer.Size1024:Iteration.Count7:EnvironmentFirefox                            0.676290
Runonnx:Buffer.Size8192:Iteration.Count7:EnvironmentFirefox                            0.287122
Runonnx:Buffer.Size1024:Iteration.Count8:EnvironmentFirefox                            0.996869
Runonnx:Buffer.Size8192:Iteration.Count8:EnvironmentFirefox                            0.976872
Runonnx:Buffer.Size1024:Iteration.Count9:EnvironmentFirefox                            0.579254
Runonnx:Buffer.Size8192:Iteration.Count9:EnvironmentFirefox                            0.567257
Runonnx:Buffer.Size1024:Iteration.Count1:EnvironmentSafari                             5.85e-13
Runonnx:Buffer.Size8192:Iteration.Count1:EnvironmentSafari                              < 2e-16
Runonnx:Buffer.Size1024:Iteration.Count2:EnvironmentSafari                             0.675379
Runonnx:Buffer.Size8192:Iteration.Count2:EnvironmentSafari                             0.113674
Runonnx:Buffer.Size1024:Iteration.Count3:EnvironmentSafari                             0.030254
Runonnx:Buffer.Size8192:Iteration.Count3:EnvironmentSafari                             0.005591
Runonnx:Buffer.Size1024:Iteration.Count4:EnvironmentSafari                             0.511554
Runonnx:Buffer.Size8192:Iteration.Count4:EnvironmentSafari                             0.347849
Runonnx:Buffer.Size1024:Iteration.Count5:EnvironmentSafari                             0.424929
Runonnx:Buffer.Size8192:Iteration.Count5:EnvironmentSafari                             0.373784
Runonnx:Buffer.Size1024:Iteration.Count6:EnvironmentSafari                             0.571678
Runonnx:Buffer.Size8192:Iteration.Count6:EnvironmentSafari                             0.684518
Runonnx:Buffer.Size1024:Iteration.Count7:EnvironmentSafari                             0.245497
Runonnx:Buffer.Size8192:Iteration.Count7:EnvironmentSafari                             0.411059
Runonnx:Buffer.Size1024:Iteration.Count8:EnvironmentSafari                             0.991995
Runonnx:Buffer.Size8192:Iteration.Count8:EnvironmentSafari                             0.477442
Runonnx:Buffer.Size1024:Iteration.Count9:EnvironmentSafari                             0.289379
Runonnx:Buffer.Size8192:Iteration.Count9:EnvironmentSafari                             0.141534
Runonnx:Buffer.Size1024:Iteration.Count1:Model.Uniquesteerable-nafx                    0.538866
Runonnx:Buffer.Size8192:Iteration.Count1:Model.Uniquesteerable-nafx                    0.136245
Runonnx:Buffer.Size1024:Iteration.Count2:Model.Uniquesteerable-nafx                    0.905547
Runonnx:Buffer.Size8192:Iteration.Count2:Model.Uniquesteerable-nafx                    0.993383
Runonnx:Buffer.Size1024:Iteration.Count3:Model.Uniquesteerable-nafx                    0.811916
Runonnx:Buffer.Size8192:Iteration.Count3:Model.Uniquesteerable-nafx                    0.779556
Runonnx:Buffer.Size1024:Iteration.Count4:Model.Uniquesteerable-nafx                    0.989619
Runonnx:Buffer.Size8192:Iteration.Count4:Model.Uniquesteerable-nafx                    0.571095
Runonnx:Buffer.Size1024:Iteration.Count5:Model.Uniquesteerable-nafx                    0.997441
Runonnx:Buffer.Size8192:Iteration.Count5:Model.Uniquesteerable-nafx                    0.687778
Runonnx:Buffer.Size1024:Iteration.Count6:Model.Uniquesteerable-nafx                    0.996686
Runonnx:Buffer.Size8192:Iteration.Count6:Model.Uniquesteerable-nafx                    0.624685
Runonnx:Buffer.Size1024:Iteration.Count7:Model.Uniquesteerable-nafx                    0.900336
Runonnx:Buffer.Size8192:Iteration.Count7:Model.Uniquesteerable-nafx                    0.550408
Runonnx:Buffer.Size1024:Iteration.Count8:Model.Uniquesteerable-nafx                    0.974480
Runonnx:Buffer.Size8192:Iteration.Count8:Model.Uniquesteerable-nafx                    0.736678
Runonnx:Buffer.Size1024:Iteration.Count9:Model.Uniquesteerable-nafx                    0.940417
Runonnx:Buffer.Size8192:Iteration.Count9:Model.Uniquesteerable-nafx                    0.713031
Runonnx:Buffer.Size1024:EnvironmentChrome:Model.Uniquesteerable-nafx                    < 2e-16
Runonnx:Buffer.Size8192:EnvironmentChrome:Model.Uniquesteerable-nafx                   4.16e-11
Runonnx:Buffer.Size1024:EnvironmentFirefox:Model.Uniquesteerable-nafx                   < 2e-16
Runonnx:Buffer.Size8192:EnvironmentFirefox:Model.Uniquesteerable-nafx                  0.372035
Runonnx:Buffer.Size1024:EnvironmentSafari:Model.Uniquesteerable-nafx                   2.88e-13
Runonnx:Buffer.Size8192:EnvironmentSafari:Model.Uniquesteerable-nafx                   1.35e-09
Runonnx:Iteration.Count1:EnvironmentChrome:Model.Uniquesteerable-nafx                  3.59e-06
Runonnx:Iteration.Count2:EnvironmentChrome:Model.Uniquesteerable-nafx                  0.537990
Runonnx:Iteration.Count3:EnvironmentChrome:Model.Uniquesteerable-nafx                  0.851841
Runonnx:Iteration.Count4:EnvironmentChrome:Model.Uniquesteerable-nafx                  0.331835
Runonnx:Iteration.Count5:EnvironmentChrome:Model.Uniquesteerable-nafx                  0.270292
Runonnx:Iteration.Count6:EnvironmentChrome:Model.Uniquesteerable-nafx                  0.504352
Runonnx:Iteration.Count7:EnvironmentChrome:Model.Uniquesteerable-nafx                  0.525502
Runonnx:Iteration.Count8:EnvironmentChrome:Model.Uniquesteerable-nafx                  0.289067
Runonnx:Iteration.Count9:EnvironmentChrome:Model.Uniquesteerable-nafx                  0.870914
Runonnx:Iteration.Count1:EnvironmentFirefox:Model.Uniquesteerable-nafx                 0.022501
Runonnx:Iteration.Count2:EnvironmentFirefox:Model.Uniquesteerable-nafx                 0.312757
Runonnx:Iteration.Count3:EnvironmentFirefox:Model.Uniquesteerable-nafx                 0.979958
Runonnx:Iteration.Count4:EnvironmentFirefox:Model.Uniquesteerable-nafx                 0.268674
Runonnx:Iteration.Count5:EnvironmentFirefox:Model.Uniquesteerable-nafx                 0.726809
Runonnx:Iteration.Count6:EnvironmentFirefox:Model.Uniquesteerable-nafx                 0.663776
Runonnx:Iteration.Count7:EnvironmentFirefox:Model.Uniquesteerable-nafx                 0.427911
Runonnx:Iteration.Count8:EnvironmentFirefox:Model.Uniquesteerable-nafx                 0.101319
Runonnx:Iteration.Count9:EnvironmentFirefox:Model.Uniquesteerable-nafx                 0.838067
Runonnx:Iteration.Count1:EnvironmentSafari:Model.Uniquesteerable-nafx                  0.006595
Runonnx:Iteration.Count2:EnvironmentSafari:Model.Uniquesteerable-nafx                  0.732321
Runonnx:Iteration.Count3:EnvironmentSafari:Model.Uniquesteerable-nafx                  0.081554
Runonnx:Iteration.Count4:EnvironmentSafari:Model.Uniquesteerable-nafx                  0.163287
Runonnx:Iteration.Count5:EnvironmentSafari:Model.Uniquesteerable-nafx                  0.040656
Runonnx:Iteration.Count6:EnvironmentSafari:Model.Uniquesteerable-nafx                  0.155073
Runonnx:Iteration.Count7:EnvironmentSafari:Model.Uniquesteerable-nafx                  0.945639
Runonnx:Iteration.Count8:EnvironmentSafari:Model.Uniquesteerable-nafx                  0.747063
Runonnx:Iteration.Count9:EnvironmentSafari:Model.Uniquesteerable-nafx                  0.543302
Buffer.Size1024:Iteration.Count1:EnvironmentChrome:Model.Uniquesteerable-nafx          0.001140
Buffer.Size8192:Iteration.Count1:EnvironmentChrome:Model.Uniquesteerable-nafx          0.020458
Buffer.Size1024:Iteration.Count2:EnvironmentChrome:Model.Uniquesteerable-nafx          0.383958
Buffer.Size8192:Iteration.Count2:EnvironmentChrome:Model.Uniquesteerable-nafx          0.180132
Buffer.Size1024:Iteration.Count3:EnvironmentChrome:Model.Uniquesteerable-nafx          0.325881
Buffer.Size8192:Iteration.Count3:EnvironmentChrome:Model.Uniquesteerable-nafx          0.494443
Buffer.Size1024:Iteration.Count4:EnvironmentChrome:Model.Uniquesteerable-nafx          0.691481
Buffer.Size8192:Iteration.Count4:EnvironmentChrome:Model.Uniquesteerable-nafx          0.899163
Buffer.Size1024:Iteration.Count5:EnvironmentChrome:Model.Uniquesteerable-nafx          0.528328
Buffer.Size8192:Iteration.Count5:EnvironmentChrome:Model.Uniquesteerable-nafx          0.588802
Buffer.Size1024:Iteration.Count6:EnvironmentChrome:Model.Uniquesteerable-nafx          0.787487
Buffer.Size8192:Iteration.Count6:EnvironmentChrome:Model.Uniquesteerable-nafx          0.847151
Buffer.Size1024:Iteration.Count7:EnvironmentChrome:Model.Uniquesteerable-nafx          0.655117
Buffer.Size8192:Iteration.Count7:EnvironmentChrome:Model.Uniquesteerable-nafx          0.687601
Buffer.Size1024:Iteration.Count8:EnvironmentChrome:Model.Uniquesteerable-nafx          0.366499
Buffer.Size8192:Iteration.Count8:EnvironmentChrome:Model.Uniquesteerable-nafx          0.549833
Buffer.Size1024:Iteration.Count9:EnvironmentChrome:Model.Uniquesteerable-nafx          0.502078
Buffer.Size8192:Iteration.Count9:EnvironmentChrome:Model.Uniquesteerable-nafx          0.875253
Buffer.Size1024:Iteration.Count1:EnvironmentFirefox:Model.Uniquesteerable-nafx         1.31e-05
Buffer.Size8192:Iteration.Count1:EnvironmentFirefox:Model.Uniquesteerable-nafx         0.252485
Buffer.Size1024:Iteration.Count2:EnvironmentFirefox:Model.Uniquesteerable-nafx         0.092693
Buffer.Size8192:Iteration.Count2:EnvironmentFirefox:Model.Uniquesteerable-nafx         0.123404
Buffer.Size1024:Iteration.Count3:EnvironmentFirefox:Model.Uniquesteerable-nafx         0.485141
Buffer.Size8192:Iteration.Count3:EnvironmentFirefox:Model.Uniquesteerable-nafx         0.388793
Buffer.Size1024:Iteration.Count4:EnvironmentFirefox:Model.Uniquesteerable-nafx         0.704085
Buffer.Size8192:Iteration.Count4:EnvironmentFirefox:Model.Uniquesteerable-nafx         0.101470
Buffer.Size1024:Iteration.Count5:EnvironmentFirefox:Model.Uniquesteerable-nafx         0.194205
Buffer.Size8192:Iteration.Count5:EnvironmentFirefox:Model.Uniquesteerable-nafx         0.920244
Buffer.Size1024:Iteration.Count6:EnvironmentFirefox:Model.Uniquesteerable-nafx         0.924753
Buffer.Size8192:Iteration.Count6:EnvironmentFirefox:Model.Uniquesteerable-nafx         0.698595
Buffer.Size1024:Iteration.Count7:EnvironmentFirefox:Model.Uniquesteerable-nafx         0.353761
Buffer.Size8192:Iteration.Count7:EnvironmentFirefox:Model.Uniquesteerable-nafx         0.014015
Buffer.Size1024:Iteration.Count8:EnvironmentFirefox:Model.Uniquesteerable-nafx         0.659239
Buffer.Size8192:Iteration.Count8:EnvironmentFirefox:Model.Uniquesteerable-nafx         0.397468
Buffer.Size1024:Iteration.Count9:EnvironmentFirefox:Model.Uniquesteerable-nafx         0.108518
Buffer.Size8192:Iteration.Count9:EnvironmentFirefox:Model.Uniquesteerable-nafx         0.724750
Buffer.Size1024:Iteration.Count1:EnvironmentSafari:Model.Uniquesteerable-nafx           < 2e-16
Buffer.Size8192:Iteration.Count1:EnvironmentSafari:Model.Uniquesteerable-nafx          1.55e-11
Buffer.Size1024:Iteration.Count2:EnvironmentSafari:Model.Uniquesteerable-nafx          0.660262
Buffer.Size8192:Iteration.Count2:EnvironmentSafari:Model.Uniquesteerable-nafx          0.619507
Buffer.Size1024:Iteration.Count3:EnvironmentSafari:Model.Uniquesteerable-nafx          0.030372
Buffer.Size8192:Iteration.Count3:EnvironmentSafari:Model.Uniquesteerable-nafx          0.029633
Buffer.Size1024:Iteration.Count4:EnvironmentSafari:Model.Uniquesteerable-nafx          0.922102
Buffer.Size8192:Iteration.Count4:EnvironmentSafari:Model.Uniquesteerable-nafx          0.542185
Buffer.Size1024:Iteration.Count5:EnvironmentSafari:Model.Uniquesteerable-nafx          0.736960
Buffer.Size8192:Iteration.Count5:EnvironmentSafari:Model.Uniquesteerable-nafx          0.415983
Buffer.Size1024:Iteration.Count6:EnvironmentSafari:Model.Uniquesteerable-nafx          0.149092
Buffer.Size8192:Iteration.Count6:EnvironmentSafari:Model.Uniquesteerable-nafx          0.796701
Buffer.Size1024:Iteration.Count7:EnvironmentSafari:Model.Uniquesteerable-nafx          0.032975
Buffer.Size8192:Iteration.Count7:EnvironmentSafari:Model.Uniquesteerable-nafx          0.023004
Buffer.Size1024:Iteration.Count8:EnvironmentSafari:Model.Uniquesteerable-nafx          0.077663
Buffer.Size8192:Iteration.Count8:EnvironmentSafari:Model.Uniquesteerable-nafx          0.767364
Buffer.Size1024:Iteration.Count9:EnvironmentSafari:Model.Uniquesteerable-nafx          0.008508
Buffer.Size8192:Iteration.Count9:EnvironmentSafari:Model.Uniquesteerable-nafx          0.045407
Runonnx:Buffer.Size1024:Iteration.Count1:EnvironmentChrome:Model.Uniquesteerable-nafx  0.042414
Runonnx:Buffer.Size8192:Iteration.Count1:EnvironmentChrome:Model.Uniquesteerable-nafx  0.039995
Runonnx:Buffer.Size1024:Iteration.Count2:EnvironmentChrome:Model.Uniquesteerable-nafx  0.807166
Runonnx:Buffer.Size8192:Iteration.Count2:EnvironmentChrome:Model.Uniquesteerable-nafx  0.243857
Runonnx:Buffer.Size1024:Iteration.Count3:EnvironmentChrome:Model.Uniquesteerable-nafx  0.541478
Runonnx:Buffer.Size8192:Iteration.Count3:EnvironmentChrome:Model.Uniquesteerable-nafx  0.661294
Runonnx:Buffer.Size1024:Iteration.Count4:EnvironmentChrome:Model.Uniquesteerable-nafx  0.938006
Runonnx:Buffer.Size8192:Iteration.Count4:EnvironmentChrome:Model.Uniquesteerable-nafx  0.703754
Runonnx:Buffer.Size1024:Iteration.Count5:EnvironmentChrome:Model.Uniquesteerable-nafx  0.855641
Runonnx:Buffer.Size8192:Iteration.Count5:EnvironmentChrome:Model.Uniquesteerable-nafx  0.421437
Runonnx:Buffer.Size1024:Iteration.Count6:EnvironmentChrome:Model.Uniquesteerable-nafx  0.659626
Runonnx:Buffer.Size8192:Iteration.Count6:EnvironmentChrome:Model.Uniquesteerable-nafx  0.632881
Runonnx:Buffer.Size1024:Iteration.Count7:EnvironmentChrome:Model.Uniquesteerable-nafx  0.756248
Runonnx:Buffer.Size8192:Iteration.Count7:EnvironmentChrome:Model.Uniquesteerable-nafx  0.833449
Runonnx:Buffer.Size1024:Iteration.Count8:EnvironmentChrome:Model.Uniquesteerable-nafx  0.474524
Runonnx:Buffer.Size8192:Iteration.Count8:EnvironmentChrome:Model.Uniquesteerable-nafx  0.577530
Runonnx:Buffer.Size1024:Iteration.Count9:EnvironmentChrome:Model.Uniquesteerable-nafx  0.369699
Runonnx:Buffer.Size8192:Iteration.Count9:EnvironmentChrome:Model.Uniquesteerable-nafx  0.815988
Runonnx:Buffer.Size1024:Iteration.Count1:EnvironmentFirefox:Model.Uniquesteerable-nafx 0.006847
Runonnx:Buffer.Size8192:Iteration.Count1:EnvironmentFirefox:Model.Uniquesteerable-nafx 0.847564
Runonnx:Buffer.Size1024:Iteration.Count2:EnvironmentFirefox:Model.Uniquesteerable-nafx 0.235832
Runonnx:Buffer.Size8192:Iteration.Count2:EnvironmentFirefox:Model.Uniquesteerable-nafx 0.231853
Runonnx:Buffer.Size1024:Iteration.Count3:EnvironmentFirefox:Model.Uniquesteerable-nafx 0.580500
Runonnx:Buffer.Size8192:Iteration.Count3:EnvironmentFirefox:Model.Uniquesteerable-nafx 0.561649
Runonnx:Buffer.Size1024:Iteration.Count4:EnvironmentFirefox:Model.Uniquesteerable-nafx 0.770933
Runonnx:Buffer.Size8192:Iteration.Count4:EnvironmentFirefox:Model.Uniquesteerable-nafx 0.219739
Runonnx:Buffer.Size1024:Iteration.Count5:EnvironmentFirefox:Model.Uniquesteerable-nafx 0.278133
Runonnx:Buffer.Size8192:Iteration.Count5:EnvironmentFirefox:Model.Uniquesteerable-nafx 0.768661
Runonnx:Buffer.Size1024:Iteration.Count6:EnvironmentFirefox:Model.Uniquesteerable-nafx 0.820549
Runonnx:Buffer.Size8192:Iteration.Count6:EnvironmentFirefox:Model.Uniquesteerable-nafx 0.798255
Runonnx:Buffer.Size1024:Iteration.Count7:EnvironmentFirefox:Model.Uniquesteerable-nafx 0.562970
Runonnx:Buffer.Size8192:Iteration.Count7:EnvironmentFirefox:Model.Uniquesteerable-nafx 0.109346
Runonnx:Buffer.Size1024:Iteration.Count8:EnvironmentFirefox:Model.Uniquesteerable-nafx 0.619394
Runonnx:Buffer.Size8192:Iteration.Count8:EnvironmentFirefox:Model.Uniquesteerable-nafx 0.365649
Runonnx:Buffer.Size1024:Iteration.Count9:EnvironmentFirefox:Model.Uniquesteerable-nafx 0.318823
Runonnx:Buffer.Size8192:Iteration.Count9:EnvironmentFirefox:Model.Uniquesteerable-nafx 0.988272
Runonnx:Buffer.Size1024:Iteration.Count1:EnvironmentSafari:Model.Uniquesteerable-nafx  2.27e-08
Runonnx:Buffer.Size8192:Iteration.Count1:EnvironmentSafari:Model.Uniquesteerable-nafx  0.012862
Runonnx:Buffer.Size1024:Iteration.Count2:EnvironmentSafari:Model.Uniquesteerable-nafx  0.855215
Runonnx:Buffer.Size8192:Iteration.Count2:EnvironmentSafari:Model.Uniquesteerable-nafx  0.430990
Runonnx:Buffer.Size1024:Iteration.Count3:EnvironmentSafari:Model.Uniquesteerable-nafx  0.059318
Runonnx:Buffer.Size8192:Iteration.Count3:EnvironmentSafari:Model.Uniquesteerable-nafx  0.066970
Runonnx:Buffer.Size1024:Iteration.Count4:EnvironmentSafari:Model.Uniquesteerable-nafx  0.915103
Runonnx:Buffer.Size8192:Iteration.Count4:EnvironmentSafari:Model.Uniquesteerable-nafx  0.509867
Runonnx:Buffer.Size1024:Iteration.Count5:EnvironmentSafari:Model.Uniquesteerable-nafx  0.619321
Runonnx:Buffer.Size8192:Iteration.Count5:EnvironmentSafari:Model.Uniquesteerable-nafx  0.343114
Runonnx:Buffer.Size1024:Iteration.Count6:EnvironmentSafari:Model.Uniquesteerable-nafx  0.564464
Runonnx:Buffer.Size8192:Iteration.Count6:EnvironmentSafari:Model.Uniquesteerable-nafx  0.468471
Runonnx:Buffer.Size1024:Iteration.Count7:EnvironmentSafari:Model.Uniquesteerable-nafx  0.307331
Runonnx:Buffer.Size8192:Iteration.Count7:EnvironmentSafari:Model.Uniquesteerable-nafx  0.322831
Runonnx:Buffer.Size1024:Iteration.Count8:EnvironmentSafari:Model.Uniquesteerable-nafx  0.283199
Runonnx:Buffer.Size8192:Iteration.Count8:EnvironmentSafari:Model.Uniquesteerable-nafx  0.949310
Runonnx:Buffer.Size1024:Iteration.Count9:EnvironmentSafari:Model.Uniquesteerable-nafx  0.125738
Runonnx:Buffer.Size8192:Iteration.Count9:EnvironmentSafari:Model.Uniquesteerable-nafx  0.343508
                                                                                          
(Intercept)                                                                            ***
Runonnx                                                                                ***
Buffer.Size1024                                                                        ***
Buffer.Size8192                                                                        ***
Iteration.Count1                                                                       *  
Iteration.Count2                                                                          
Iteration.Count3                                                                          
Iteration.Count4                                                                          
Iteration.Count5                                                                          
Iteration.Count6                                                                          
Iteration.Count7                                                                          
Iteration.Count8                                                                          
Iteration.Count9                                                                          
EnvironmentChrome                                                                      ***
EnvironmentFirefox                                                                        
EnvironmentSafari                                                                      ***
Model.Uniquesteerable-nafx                                                             ** 
Runonnx:Buffer.Size1024                                                                ***
Runonnx:Buffer.Size8192                                                                ***
Runonnx:Iteration.Count1                                                                  
Runonnx:Iteration.Count2                                                                  
Runonnx:Iteration.Count3                                                                  
Runonnx:Iteration.Count4                                                                  
Runonnx:Iteration.Count5                                                                  
Runonnx:Iteration.Count6                                                                  
Runonnx:Iteration.Count7                                                                  
Runonnx:Iteration.Count8                                                                  
Runonnx:Iteration.Count9                                                                  
Runonnx:EnvironmentChrome                                                              ***
Runonnx:EnvironmentFirefox                                                             ***
Runonnx:EnvironmentSafari                                                              ***
Runonnx:Model.Uniquesteerable-nafx                                                     ***
Buffer.Size1024:Iteration.Count1                                                          
Buffer.Size8192:Iteration.Count1                                                          
Buffer.Size1024:Iteration.Count2                                                          
Buffer.Size8192:Iteration.Count2                                                          
Buffer.Size1024:Iteration.Count3                                                          
Buffer.Size8192:Iteration.Count3                                                          
Buffer.Size1024:Iteration.Count4                                                          
Buffer.Size8192:Iteration.Count4                                                          
Buffer.Size1024:Iteration.Count5                                                          
Buffer.Size8192:Iteration.Count5                                                          
Buffer.Size1024:Iteration.Count6                                                          
Buffer.Size8192:Iteration.Count6                                                          
Buffer.Size1024:Iteration.Count7                                                          
Buffer.Size8192:Iteration.Count7                                                          
Buffer.Size1024:Iteration.Count8                                                          
Buffer.Size8192:Iteration.Count8                                                          
Buffer.Size1024:Iteration.Count9                                                          
Buffer.Size8192:Iteration.Count9                                                          
Buffer.Size1024:EnvironmentChrome                                                      ***
Buffer.Size8192:EnvironmentChrome                                                      ***
Buffer.Size1024:EnvironmentFirefox                                                     ***
Buffer.Size8192:EnvironmentFirefox                                                     ***
Buffer.Size1024:EnvironmentSafari                                                      ***
Buffer.Size8192:EnvironmentSafari                                                      ***
Buffer.Size1024:Model.Uniquesteerable-nafx                                             ***
Buffer.Size8192:Model.Uniquesteerable-nafx                                             ***
Iteration.Count1:EnvironmentChrome                                                     ***
Iteration.Count2:EnvironmentChrome                                                        
Iteration.Count3:EnvironmentChrome                                                        
Iteration.Count4:EnvironmentChrome                                                        
Iteration.Count5:EnvironmentChrome                                                        
Iteration.Count6:EnvironmentChrome                                                        
Iteration.Count7:EnvironmentChrome                                                        
Iteration.Count8:EnvironmentChrome                                                        
Iteration.Count9:EnvironmentChrome                                                        
Iteration.Count1:EnvironmentFirefox                                                    ***
Iteration.Count2:EnvironmentFirefox                                                       
Iteration.Count3:EnvironmentFirefox                                                    *  
Iteration.Count4:EnvironmentFirefox                                                       
Iteration.Count5:EnvironmentFirefox                                                       
Iteration.Count6:EnvironmentFirefox                                                       
Iteration.Count7:EnvironmentFirefox                                                    .  
Iteration.Count8:EnvironmentFirefox                                                       
Iteration.Count9:EnvironmentFirefox                                                       
Iteration.Count1:EnvironmentSafari                                                     ***
Iteration.Count2:EnvironmentSafari                                                     .  
Iteration.Count3:EnvironmentSafari                                                     ***
Iteration.Count4:EnvironmentSafari                                                     ** 
Iteration.Count5:EnvironmentSafari                                                     ***
Iteration.Count6:EnvironmentSafari                                                     ** 
Iteration.Count7:EnvironmentSafari                                                     ***
Iteration.Count8:EnvironmentSafari                                                     ** 
Iteration.Count9:EnvironmentSafari                                                     ***
Iteration.Count1:Model.Uniquesteerable-nafx                                               
Iteration.Count2:Model.Uniquesteerable-nafx                                               
Iteration.Count3:Model.Uniquesteerable-nafx                                               
Iteration.Count4:Model.Uniquesteerable-nafx                                               
Iteration.Count5:Model.Uniquesteerable-nafx                                               
Iteration.Count6:Model.Uniquesteerable-nafx                                               
Iteration.Count7:Model.Uniquesteerable-nafx                                               
Iteration.Count8:Model.Uniquesteerable-nafx                                               
Iteration.Count9:Model.Uniquesteerable-nafx                                               
EnvironmentChrome:Model.Uniquesteerable-nafx                                           ***
EnvironmentFirefox:Model.Uniquesteerable-nafx                                          ***
EnvironmentSafari:Model.Uniquesteerable-nafx                                           ***
Runonnx:Buffer.Size1024:Iteration.Count1                                                  
Runonnx:Buffer.Size8192:Iteration.Count1                                                  
Runonnx:Buffer.Size1024:Iteration.Count2                                                  
Runonnx:Buffer.Size8192:Iteration.Count2                                                  
Runonnx:Buffer.Size1024:Iteration.Count3                                                  
Runonnx:Buffer.Size8192:Iteration.Count3                                                  
Runonnx:Buffer.Size1024:Iteration.Count4                                                  
Runonnx:Buffer.Size8192:Iteration.Count4                                                  
Runonnx:Buffer.Size1024:Iteration.Count5                                                  
Runonnx:Buffer.Size8192:Iteration.Count5                                                  
Runonnx:Buffer.Size1024:Iteration.Count6                                                  
Runonnx:Buffer.Size8192:Iteration.Count6                                                  
Runonnx:Buffer.Size1024:Iteration.Count7                                                  
Runonnx:Buffer.Size8192:Iteration.Count7                                                  
Runonnx:Buffer.Size1024:Iteration.Count8                                                  
Runonnx:Buffer.Size8192:Iteration.Count8                                                  
Runonnx:Buffer.Size1024:Iteration.Count9                                                  
Runonnx:Buffer.Size8192:Iteration.Count9                                                  
Runonnx:Buffer.Size1024:EnvironmentChrome                                              ***
Runonnx:Buffer.Size8192:EnvironmentChrome                                              ***
Runonnx:Buffer.Size1024:EnvironmentFirefox                                             ***
Runonnx:Buffer.Size8192:EnvironmentFirefox                                             ***
Runonnx:Buffer.Size1024:EnvironmentSafari                                              ***
Runonnx:Buffer.Size8192:EnvironmentSafari                                              ***
Runonnx:Buffer.Size1024:Model.Uniquesteerable-nafx                                     ***
Runonnx:Buffer.Size8192:Model.Uniquesteerable-nafx                                     ***
Runonnx:Iteration.Count1:EnvironmentChrome                                             ***
Runonnx:Iteration.Count2:EnvironmentChrome                                                
Runonnx:Iteration.Count3:EnvironmentChrome                                                
Runonnx:Iteration.Count4:EnvironmentChrome                                                
Runonnx:Iteration.Count5:EnvironmentChrome                                                
Runonnx:Iteration.Count6:EnvironmentChrome                                                
Runonnx:Iteration.Count7:EnvironmentChrome                                                
Runonnx:Iteration.Count8:EnvironmentChrome                                                
Runonnx:Iteration.Count9:EnvironmentChrome                                                
Runonnx:Iteration.Count1:EnvironmentFirefox                                            ***
Runonnx:Iteration.Count2:EnvironmentFirefox                                               
Runonnx:Iteration.Count3:EnvironmentFirefox                                               
Runonnx:Iteration.Count4:EnvironmentFirefox                                               
Runonnx:Iteration.Count5:EnvironmentFirefox                                               
Runonnx:Iteration.Count6:EnvironmentFirefox                                               
Runonnx:Iteration.Count7:EnvironmentFirefox                                               
Runonnx:Iteration.Count8:EnvironmentFirefox                                               
Runonnx:Iteration.Count9:EnvironmentFirefox                                               
Runonnx:Iteration.Count1:EnvironmentSafari                                             ***
Runonnx:Iteration.Count2:EnvironmentSafari                                             *  
Runonnx:Iteration.Count3:EnvironmentSafari                                             ***
Runonnx:Iteration.Count4:EnvironmentSafari                                                
Runonnx:Iteration.Count5:EnvironmentSafari                                                
Runonnx:Iteration.Count6:EnvironmentSafari                                                
Runonnx:Iteration.Count7:EnvironmentSafari                                                
Runonnx:Iteration.Count8:EnvironmentSafari                                                
Runonnx:Iteration.Count9:EnvironmentSafari                                             *  
Runonnx:Iteration.Count1:Model.Uniquesteerable-nafx                                       
Runonnx:Iteration.Count2:Model.Uniquesteerable-nafx                                       
Runonnx:Iteration.Count3:Model.Uniquesteerable-nafx                                       
Runonnx:Iteration.Count4:Model.Uniquesteerable-nafx                                       
Runonnx:Iteration.Count5:Model.Uniquesteerable-nafx                                       
Runonnx:Iteration.Count6:Model.Uniquesteerable-nafx                                       
Runonnx:Iteration.Count7:Model.Uniquesteerable-nafx                                       
Runonnx:Iteration.Count8:Model.Uniquesteerable-nafx                                       
Runonnx:Iteration.Count9:Model.Uniquesteerable-nafx                                       
Runonnx:EnvironmentChrome:Model.Uniquesteerable-nafx                                   ***
Runonnx:EnvironmentFirefox:Model.Uniquesteerable-nafx                                  ** 
Runonnx:EnvironmentSafari:Model.Uniquesteerable-nafx                                   ***
Buffer.Size1024:Iteration.Count1:EnvironmentChrome                                     ***
Buffer.Size8192:Iteration.Count1:EnvironmentChrome                                     ***
Buffer.Size1024:Iteration.Count2:EnvironmentChrome                                        
Buffer.Size8192:Iteration.Count2:EnvironmentChrome                                        
Buffer.Size1024:Iteration.Count3:EnvironmentChrome                                        
Buffer.Size8192:Iteration.Count3:EnvironmentChrome                                        
Buffer.Size1024:Iteration.Count4:EnvironmentChrome                                        
Buffer.Size8192:Iteration.Count4:EnvironmentChrome                                     .  
Buffer.Size1024:Iteration.Count5:EnvironmentChrome                                        
Buffer.Size8192:Iteration.Count5:EnvironmentChrome                                        
Buffer.Size1024:Iteration.Count6:EnvironmentChrome                                        
Buffer.Size8192:Iteration.Count6:EnvironmentChrome                                        
Buffer.Size1024:Iteration.Count7:EnvironmentChrome                                        
Buffer.Size8192:Iteration.Count7:EnvironmentChrome                                        
Buffer.Size1024:Iteration.Count8:EnvironmentChrome                                        
Buffer.Size8192:Iteration.Count8:EnvironmentChrome                                        
Buffer.Size1024:Iteration.Count9:EnvironmentChrome                                        
Buffer.Size8192:Iteration.Count9:EnvironmentChrome                                        
Buffer.Size1024:Iteration.Count1:EnvironmentFirefox                                    ***
Buffer.Size8192:Iteration.Count1:EnvironmentFirefox                                    ***
Buffer.Size1024:Iteration.Count2:EnvironmentFirefox                                       
Buffer.Size8192:Iteration.Count2:EnvironmentFirefox                                       
Buffer.Size1024:Iteration.Count3:EnvironmentFirefox                                       
Buffer.Size8192:Iteration.Count3:EnvironmentFirefox                                       
Buffer.Size1024:Iteration.Count4:EnvironmentFirefox                                       
Buffer.Size8192:Iteration.Count4:EnvironmentFirefox                                       
Buffer.Size1024:Iteration.Count5:EnvironmentFirefox                                       
Buffer.Size8192:Iteration.Count5:EnvironmentFirefox                                       
Buffer.Size1024:Iteration.Count6:EnvironmentFirefox                                       
Buffer.Size8192:Iteration.Count6:EnvironmentFirefox                                       
Buffer.Size1024:Iteration.Count7:EnvironmentFirefox                                       
Buffer.Size8192:Iteration.Count7:EnvironmentFirefox                                    .  
Buffer.Size1024:Iteration.Count8:EnvironmentFirefox                                       
Buffer.Size8192:Iteration.Count8:EnvironmentFirefox                                       
Buffer.Size1024:Iteration.Count9:EnvironmentFirefox                                       
Buffer.Size8192:Iteration.Count9:EnvironmentFirefox                                       
Buffer.Size1024:Iteration.Count1:EnvironmentSafari                                     ***
Buffer.Size8192:Iteration.Count1:EnvironmentSafari                                     ***
Buffer.Size1024:Iteration.Count2:EnvironmentSafari                                        
Buffer.Size8192:Iteration.Count2:EnvironmentSafari                                        
Buffer.Size1024:Iteration.Count3:EnvironmentSafari                                     *  
Buffer.Size8192:Iteration.Count3:EnvironmentSafari                                     ***
Buffer.Size1024:Iteration.Count4:EnvironmentSafari                                        
Buffer.Size8192:Iteration.Count4:EnvironmentSafari                                     .  
Buffer.Size1024:Iteration.Count5:EnvironmentSafari                                        
Buffer.Size8192:Iteration.Count5:EnvironmentSafari                                     *  
Buffer.Size1024:Iteration.Count6:EnvironmentSafari                                        
Buffer.Size8192:Iteration.Count6:EnvironmentSafari                                     .  
Buffer.Size1024:Iteration.Count7:EnvironmentSafari                                     *  
Buffer.Size8192:Iteration.Count7:EnvironmentSafari                                     *  
Buffer.Size1024:Iteration.Count8:EnvironmentSafari                                        
Buffer.Size8192:Iteration.Count8:EnvironmentSafari                                        
Buffer.Size1024:Iteration.Count9:EnvironmentSafari                                     *  
Buffer.Size8192:Iteration.Count9:EnvironmentSafari                                     ** 
Buffer.Size1024:Iteration.Count1:Model.Uniquesteerable-nafx                               
Buffer.Size8192:Iteration.Count1:Model.Uniquesteerable-nafx                            ***
Buffer.Size1024:Iteration.Count2:Model.Uniquesteerable-nafx                               
Buffer.Size8192:Iteration.Count2:Model.Uniquesteerable-nafx                               
Buffer.Size1024:Iteration.Count3:Model.Uniquesteerable-nafx                               
Buffer.Size8192:Iteration.Count3:Model.Uniquesteerable-nafx                               
Buffer.Size1024:Iteration.Count4:Model.Uniquesteerable-nafx                               
Buffer.Size8192:Iteration.Count4:Model.Uniquesteerable-nafx                               
Buffer.Size1024:Iteration.Count5:Model.Uniquesteerable-nafx                               
Buffer.Size8192:Iteration.Count5:Model.Uniquesteerable-nafx                               
Buffer.Size1024:Iteration.Count6:Model.Uniquesteerable-nafx                               
Buffer.Size8192:Iteration.Count6:Model.Uniquesteerable-nafx                               
Buffer.Size1024:Iteration.Count7:Model.Uniquesteerable-nafx                               
Buffer.Size8192:Iteration.Count7:Model.Uniquesteerable-nafx                               
Buffer.Size1024:Iteration.Count8:Model.Uniquesteerable-nafx                               
Buffer.Size8192:Iteration.Count8:Model.Uniquesteerable-nafx                               
Buffer.Size1024:Iteration.Count9:Model.Uniquesteerable-nafx                               
Buffer.Size8192:Iteration.Count9:Model.Uniquesteerable-nafx                               
Buffer.Size1024:EnvironmentChrome:Model.Uniquesteerable-nafx                           ***
Buffer.Size8192:EnvironmentChrome:Model.Uniquesteerable-nafx                           ***
Buffer.Size1024:EnvironmentFirefox:Model.Uniquesteerable-nafx                          ***
Buffer.Size8192:EnvironmentFirefox:Model.Uniquesteerable-nafx                             
Buffer.Size1024:EnvironmentSafari:Model.Uniquesteerable-nafx                           ***
Buffer.Size8192:EnvironmentSafari:Model.Uniquesteerable-nafx                           ***
Iteration.Count1:EnvironmentChrome:Model.Uniquesteerable-nafx                          ***
Iteration.Count2:EnvironmentChrome:Model.Uniquesteerable-nafx                             
Iteration.Count3:EnvironmentChrome:Model.Uniquesteerable-nafx                             
Iteration.Count4:EnvironmentChrome:Model.Uniquesteerable-nafx                             
Iteration.Count5:EnvironmentChrome:Model.Uniquesteerable-nafx                             
Iteration.Count6:EnvironmentChrome:Model.Uniquesteerable-nafx                             
Iteration.Count7:EnvironmentChrome:Model.Uniquesteerable-nafx                             
Iteration.Count8:EnvironmentChrome:Model.Uniquesteerable-nafx                             
Iteration.Count9:EnvironmentChrome:Model.Uniquesteerable-nafx                             
Iteration.Count1:EnvironmentFirefox:Model.Uniquesteerable-nafx                         .  
Iteration.Count2:EnvironmentFirefox:Model.Uniquesteerable-nafx                            
Iteration.Count3:EnvironmentFirefox:Model.Uniquesteerable-nafx                            
Iteration.Count4:EnvironmentFirefox:Model.Uniquesteerable-nafx                            
Iteration.Count5:EnvironmentFirefox:Model.Uniquesteerable-nafx                            
Iteration.Count6:EnvironmentFirefox:Model.Uniquesteerable-nafx                            
Iteration.Count7:EnvironmentFirefox:Model.Uniquesteerable-nafx                            
Iteration.Count8:EnvironmentFirefox:Model.Uniquesteerable-nafx                         .  
Iteration.Count9:EnvironmentFirefox:Model.Uniquesteerable-nafx                            
Iteration.Count1:EnvironmentSafari:Model.Uniquesteerable-nafx                             
Iteration.Count2:EnvironmentSafari:Model.Uniquesteerable-nafx                             
Iteration.Count3:EnvironmentSafari:Model.Uniquesteerable-nafx                          .  
Iteration.Count4:EnvironmentSafari:Model.Uniquesteerable-nafx                             
Iteration.Count5:EnvironmentSafari:Model.Uniquesteerable-nafx                          *  
Iteration.Count6:EnvironmentSafari:Model.Uniquesteerable-nafx                             
Iteration.Count7:EnvironmentSafari:Model.Uniquesteerable-nafx                             
Iteration.Count8:EnvironmentSafari:Model.Uniquesteerable-nafx                             
Iteration.Count9:EnvironmentSafari:Model.Uniquesteerable-nafx                          .  
Runonnx:Buffer.Size1024:Iteration.Count1:EnvironmentChrome                             ***
Runonnx:Buffer.Size8192:Iteration.Count1:EnvironmentChrome                             ***
Runonnx:Buffer.Size1024:Iteration.Count2:EnvironmentChrome                                
Runonnx:Buffer.Size8192:Iteration.Count2:EnvironmentChrome                                
Runonnx:Buffer.Size1024:Iteration.Count3:EnvironmentChrome                                
Runonnx:Buffer.Size8192:Iteration.Count3:EnvironmentChrome                                
Runonnx:Buffer.Size1024:Iteration.Count4:EnvironmentChrome                                
Runonnx:Buffer.Size8192:Iteration.Count4:EnvironmentChrome                                
Runonnx:Buffer.Size1024:Iteration.Count5:EnvironmentChrome                                
Runonnx:Buffer.Size8192:Iteration.Count5:EnvironmentChrome                                
Runonnx:Buffer.Size1024:Iteration.Count6:EnvironmentChrome                                
Runonnx:Buffer.Size8192:Iteration.Count6:EnvironmentChrome                                
Runonnx:Buffer.Size1024:Iteration.Count7:EnvironmentChrome                                
Runonnx:Buffer.Size8192:Iteration.Count7:EnvironmentChrome                                
Runonnx:Buffer.Size1024:Iteration.Count8:EnvironmentChrome                                
Runonnx:Buffer.Size8192:Iteration.Count8:EnvironmentChrome                                
Runonnx:Buffer.Size1024:Iteration.Count9:EnvironmentChrome                                
Runonnx:Buffer.Size8192:Iteration.Count9:EnvironmentChrome                                
Runonnx:Buffer.Size1024:Iteration.Count1:EnvironmentFirefox                            ** 
Runonnx:Buffer.Size8192:Iteration.Count1:EnvironmentFirefox                            ***
Runonnx:Buffer.Size1024:Iteration.Count2:EnvironmentFirefox                               
Runonnx:Buffer.Size8192:Iteration.Count2:EnvironmentFirefox                               
Runonnx:Buffer.Size1024:Iteration.Count3:EnvironmentFirefox                               
Runonnx:Buffer.Size8192:Iteration.Count3:EnvironmentFirefox                               
Runonnx:Buffer.Size1024:Iteration.Count4:EnvironmentFirefox                               
Runonnx:Buffer.Size8192:Iteration.Count4:EnvironmentFirefox                               
Runonnx:Buffer.Size1024:Iteration.Count5:EnvironmentFirefox                               
Runonnx:Buffer.Size8192:Iteration.Count5:EnvironmentFirefox                               
Runonnx:Buffer.Size1024:Iteration.Count6:EnvironmentFirefox                               
Runonnx:Buffer.Size8192:Iteration.Count6:EnvironmentFirefox                               
Runonnx:Buffer.Size1024:Iteration.Count7:EnvironmentFirefox                               
Runonnx:Buffer.Size8192:Iteration.Count7:EnvironmentFirefox                               
Runonnx:Buffer.Size1024:Iteration.Count8:EnvironmentFirefox                               
Runonnx:Buffer.Size8192:Iteration.Count8:EnvironmentFirefox                               
Runonnx:Buffer.Size1024:Iteration.Count9:EnvironmentFirefox                               
Runonnx:Buffer.Size8192:Iteration.Count9:EnvironmentFirefox                               
Runonnx:Buffer.Size1024:Iteration.Count1:EnvironmentSafari                             ***
Runonnx:Buffer.Size8192:Iteration.Count1:EnvironmentSafari                             ***
Runonnx:Buffer.Size1024:Iteration.Count2:EnvironmentSafari                                
Runonnx:Buffer.Size8192:Iteration.Count2:EnvironmentSafari                                
Runonnx:Buffer.Size1024:Iteration.Count3:EnvironmentSafari                             *  
Runonnx:Buffer.Size8192:Iteration.Count3:EnvironmentSafari                             ** 
Runonnx:Buffer.Size1024:Iteration.Count4:EnvironmentSafari                                
Runonnx:Buffer.Size8192:Iteration.Count4:EnvironmentSafari                                
Runonnx:Buffer.Size1024:Iteration.Count5:EnvironmentSafari                                
Runonnx:Buffer.Size8192:Iteration.Count5:EnvironmentSafari                                
Runonnx:Buffer.Size1024:Iteration.Count6:EnvironmentSafari                                
Runonnx:Buffer.Size8192:Iteration.Count6:EnvironmentSafari                                
Runonnx:Buffer.Size1024:Iteration.Count7:EnvironmentSafari                                
Runonnx:Buffer.Size8192:Iteration.Count7:EnvironmentSafari                                
Runonnx:Buffer.Size1024:Iteration.Count8:EnvironmentSafari                                
Runonnx:Buffer.Size8192:Iteration.Count8:EnvironmentSafari                                
Runonnx:Buffer.Size1024:Iteration.Count9:EnvironmentSafari                                
Runonnx:Buffer.Size8192:Iteration.Count9:EnvironmentSafari                                
Runonnx:Buffer.Size1024:Iteration.Count1:Model.Uniquesteerable-nafx                       
Runonnx:Buffer.Size8192:Iteration.Count1:Model.Uniquesteerable-nafx                       
Runonnx:Buffer.Size1024:Iteration.Count2:Model.Uniquesteerable-nafx                       
Runonnx:Buffer.Size8192:Iteration.Count2:Model.Uniquesteerable-nafx                       
Runonnx:Buffer.Size1024:Iteration.Count3:Model.Uniquesteerable-nafx                       
Runonnx:Buffer.Size8192:Iteration.Count3:Model.Uniquesteerable-nafx                       
Runonnx:Buffer.Size1024:Iteration.Count4:Model.Uniquesteerable-nafx                       
Runonnx:Buffer.Size8192:Iteration.Count4:Model.Uniquesteerable-nafx                       
Runonnx:Buffer.Size1024:Iteration.Count5:Model.Uniquesteerable-nafx                       
Runonnx:Buffer.Size8192:Iteration.Count5:Model.Uniquesteerable-nafx                       
Runonnx:Buffer.Size1024:Iteration.Count6:Model.Uniquesteerable-nafx                       
Runonnx:Buffer.Size8192:Iteration.Count6:Model.Uniquesteerable-nafx                       
Runonnx:Buffer.Size1024:Iteration.Count7:Model.Uniquesteerable-nafx                       
Runonnx:Buffer.Size8192:Iteration.Count7:Model.Uniquesteerable-nafx                       
Runonnx:Buffer.Size1024:Iteration.Count8:Model.Uniquesteerable-nafx                       
Runonnx:Buffer.Size8192:Iteration.Count8:Model.Uniquesteerable-nafx                       
Runonnx:Buffer.Size1024:Iteration.Count9:Model.Uniquesteerable-nafx                       
Runonnx:Buffer.Size8192:Iteration.Count9:Model.Uniquesteerable-nafx                       
Runonnx:Buffer.Size1024:EnvironmentChrome:Model.Uniquesteerable-nafx                   ***
Runonnx:Buffer.Size8192:EnvironmentChrome:Model.Uniquesteerable-nafx                   ***
Runonnx:Buffer.Size1024:EnvironmentFirefox:Model.Uniquesteerable-nafx                  ***
Runonnx:Buffer.Size8192:EnvironmentFirefox:Model.Uniquesteerable-nafx                     
Runonnx:Buffer.Size1024:EnvironmentSafari:Model.Uniquesteerable-nafx                   ***
Runonnx:Buffer.Size8192:EnvironmentSafari:Model.Uniquesteerable-nafx                   ***
Runonnx:Iteration.Count1:EnvironmentChrome:Model.Uniquesteerable-nafx                  ***
Runonnx:Iteration.Count2:EnvironmentChrome:Model.Uniquesteerable-nafx                     
Runonnx:Iteration.Count3:EnvironmentChrome:Model.Uniquesteerable-nafx                     
Runonnx:Iteration.Count4:EnvironmentChrome:Model.Uniquesteerable-nafx                     
Runonnx:Iteration.Count5:EnvironmentChrome:Model.Uniquesteerable-nafx                     
Runonnx:Iteration.Count6:EnvironmentChrome:Model.Uniquesteerable-nafx                     
Runonnx:Iteration.Count7:EnvironmentChrome:Model.Uniquesteerable-nafx                     
Runonnx:Iteration.Count8:EnvironmentChrome:Model.Uniquesteerable-nafx                     
Runonnx:Iteration.Count9:EnvironmentChrome:Model.Uniquesteerable-nafx                     
Runonnx:Iteration.Count1:EnvironmentFirefox:Model.Uniquesteerable-nafx                 *  
Runonnx:Iteration.Count2:EnvironmentFirefox:Model.Uniquesteerable-nafx                    
Runonnx:Iteration.Count3:EnvironmentFirefox:Model.Uniquesteerable-nafx                    
Runonnx:Iteration.Count4:EnvironmentFirefox:Model.Uniquesteerable-nafx                    
Runonnx:Iteration.Count5:EnvironmentFirefox:Model.Uniquesteerable-nafx                    
Runonnx:Iteration.Count6:EnvironmentFirefox:Model.Uniquesteerable-nafx                    
Runonnx:Iteration.Count7:EnvironmentFirefox:Model.Uniquesteerable-nafx                    
Runonnx:Iteration.Count8:EnvironmentFirefox:Model.Uniquesteerable-nafx                    
Runonnx:Iteration.Count9:EnvironmentFirefox:Model.Uniquesteerable-nafx                    
Runonnx:Iteration.Count1:EnvironmentSafari:Model.Uniquesteerable-nafx                  ** 
Runonnx:Iteration.Count2:EnvironmentSafari:Model.Uniquesteerable-nafx                     
Runonnx:Iteration.Count3:EnvironmentSafari:Model.Uniquesteerable-nafx                  .  
Runonnx:Iteration.Count4:EnvironmentSafari:Model.Uniquesteerable-nafx                     
Runonnx:Iteration.Count5:EnvironmentSafari:Model.Uniquesteerable-nafx                  *  
Runonnx:Iteration.Count6:EnvironmentSafari:Model.Uniquesteerable-nafx                     
Runonnx:Iteration.Count7:EnvironmentSafari:Model.Uniquesteerable-nafx                     
Runonnx:Iteration.Count8:EnvironmentSafari:Model.Uniquesteerable-nafx                     
Runonnx:Iteration.Count9:EnvironmentSafari:Model.Uniquesteerable-nafx                     
Buffer.Size1024:Iteration.Count1:EnvironmentChrome:Model.Uniquesteerable-nafx          ** 
Buffer.Size8192:Iteration.Count1:EnvironmentChrome:Model.Uniquesteerable-nafx          *  
Buffer.Size1024:Iteration.Count2:EnvironmentChrome:Model.Uniquesteerable-nafx             
Buffer.Size8192:Iteration.Count2:EnvironmentChrome:Model.Uniquesteerable-nafx             
Buffer.Size1024:Iteration.Count3:EnvironmentChrome:Model.Uniquesteerable-nafx             
Buffer.Size8192:Iteration.Count3:EnvironmentChrome:Model.Uniquesteerable-nafx             
Buffer.Size1024:Iteration.Count4:EnvironmentChrome:Model.Uniquesteerable-nafx             
Buffer.Size8192:Iteration.Count4:EnvironmentChrome:Model.Uniquesteerable-nafx             
Buffer.Size1024:Iteration.Count5:EnvironmentChrome:Model.Uniquesteerable-nafx             
Buffer.Size8192:Iteration.Count5:EnvironmentChrome:Model.Uniquesteerable-nafx             
Buffer.Size1024:Iteration.Count6:EnvironmentChrome:Model.Uniquesteerable-nafx             
Buffer.Size8192:Iteration.Count6:EnvironmentChrome:Model.Uniquesteerable-nafx             
Buffer.Size1024:Iteration.Count7:EnvironmentChrome:Model.Uniquesteerable-nafx             
Buffer.Size8192:Iteration.Count7:EnvironmentChrome:Model.Uniquesteerable-nafx             
Buffer.Size1024:Iteration.Count8:EnvironmentChrome:Model.Uniquesteerable-nafx             
Buffer.Size8192:Iteration.Count8:EnvironmentChrome:Model.Uniquesteerable-nafx             
Buffer.Size1024:Iteration.Count9:EnvironmentChrome:Model.Uniquesteerable-nafx             
Buffer.Size8192:Iteration.Count9:EnvironmentChrome:Model.Uniquesteerable-nafx             
Buffer.Size1024:Iteration.Count1:EnvironmentFirefox:Model.Uniquesteerable-nafx         ***
Buffer.Size8192:Iteration.Count1:EnvironmentFirefox:Model.Uniquesteerable-nafx            
Buffer.Size1024:Iteration.Count2:EnvironmentFirefox:Model.Uniquesteerable-nafx         .  
Buffer.Size8192:Iteration.Count2:EnvironmentFirefox:Model.Uniquesteerable-nafx            
Buffer.Size1024:Iteration.Count3:EnvironmentFirefox:Model.Uniquesteerable-nafx            
Buffer.Size8192:Iteration.Count3:EnvironmentFirefox:Model.Uniquesteerable-nafx            
Buffer.Size1024:Iteration.Count4:EnvironmentFirefox:Model.Uniquesteerable-nafx            
Buffer.Size8192:Iteration.Count4:EnvironmentFirefox:Model.Uniquesteerable-nafx            
Buffer.Size1024:Iteration.Count5:EnvironmentFirefox:Model.Uniquesteerable-nafx            
Buffer.Size8192:Iteration.Count5:EnvironmentFirefox:Model.Uniquesteerable-nafx            
Buffer.Size1024:Iteration.Count6:EnvironmentFirefox:Model.Uniquesteerable-nafx            
Buffer.Size8192:Iteration.Count6:EnvironmentFirefox:Model.Uniquesteerable-nafx            
Buffer.Size1024:Iteration.Count7:EnvironmentFirefox:Model.Uniquesteerable-nafx            
Buffer.Size8192:Iteration.Count7:EnvironmentFirefox:Model.Uniquesteerable-nafx         *  
Buffer.Size1024:Iteration.Count8:EnvironmentFirefox:Model.Uniquesteerable-nafx            
Buffer.Size8192:Iteration.Count8:EnvironmentFirefox:Model.Uniquesteerable-nafx            
Buffer.Size1024:Iteration.Count9:EnvironmentFirefox:Model.Uniquesteerable-nafx            
Buffer.Size8192:Iteration.Count9:EnvironmentFirefox:Model.Uniquesteerable-nafx            
Buffer.Size1024:Iteration.Count1:EnvironmentSafari:Model.Uniquesteerable-nafx          ***
Buffer.Size8192:Iteration.Count1:EnvironmentSafari:Model.Uniquesteerable-nafx          ***
Buffer.Size1024:Iteration.Count2:EnvironmentSafari:Model.Uniquesteerable-nafx             
Buffer.Size8192:Iteration.Count2:EnvironmentSafari:Model.Uniquesteerable-nafx             
Buffer.Size1024:Iteration.Count3:EnvironmentSafari:Model.Uniquesteerable-nafx          *  
Buffer.Size8192:Iteration.Count3:EnvironmentSafari:Model.Uniquesteerable-nafx          *  
Buffer.Size1024:Iteration.Count4:EnvironmentSafari:Model.Uniquesteerable-nafx             
Buffer.Size8192:Iteration.Count4:EnvironmentSafari:Model.Uniquesteerable-nafx             
Buffer.Size1024:Iteration.Count5:EnvironmentSafari:Model.Uniquesteerable-nafx             
Buffer.Size8192:Iteration.Count5:EnvironmentSafari:Model.Uniquesteerable-nafx             
Buffer.Size1024:Iteration.Count6:EnvironmentSafari:Model.Uniquesteerable-nafx             
Buffer.Size8192:Iteration.Count6:EnvironmentSafari:Model.Uniquesteerable-nafx             
Buffer.Size1024:Iteration.Count7:EnvironmentSafari:Model.Uniquesteerable-nafx          *  
Buffer.Size8192:Iteration.Count7:EnvironmentSafari:Model.Uniquesteerable-nafx          *  
Buffer.Size1024:Iteration.Count8:EnvironmentSafari:Model.Uniquesteerable-nafx          .  
Buffer.Size8192:Iteration.Count8:EnvironmentSafari:Model.Uniquesteerable-nafx             
Buffer.Size1024:Iteration.Count9:EnvironmentSafari:Model.Uniquesteerable-nafx          ** 
Buffer.Size8192:Iteration.Count9:EnvironmentSafari:Model.Uniquesteerable-nafx          *  
Runonnx:Buffer.Size1024:Iteration.Count1:EnvironmentChrome:Model.Uniquesteerable-nafx  *  
Runonnx:Buffer.Size8192:Iteration.Count1:EnvironmentChrome:Model.Uniquesteerable-nafx  *  
Runonnx:Buffer.Size1024:Iteration.Count2:EnvironmentChrome:Model.Uniquesteerable-nafx     
Runonnx:Buffer.Size8192:Iteration.Count2:EnvironmentChrome:Model.Uniquesteerable-nafx     
Runonnx:Buffer.Size1024:Iteration.Count3:EnvironmentChrome:Model.Uniquesteerable-nafx     
Runonnx:Buffer.Size8192:Iteration.Count3:EnvironmentChrome:Model.Uniquesteerable-nafx     
Runonnx:Buffer.Size1024:Iteration.Count4:EnvironmentChrome:Model.Uniquesteerable-nafx     
Runonnx:Buffer.Size8192:Iteration.Count4:EnvironmentChrome:Model.Uniquesteerable-nafx     
Runonnx:Buffer.Size1024:Iteration.Count5:EnvironmentChrome:Model.Uniquesteerable-nafx     
Runonnx:Buffer.Size8192:Iteration.Count5:EnvironmentChrome:Model.Uniquesteerable-nafx     
Runonnx:Buffer.Size1024:Iteration.Count6:EnvironmentChrome:Model.Uniquesteerable-nafx     
Runonnx:Buffer.Size8192:Iteration.Count6:EnvironmentChrome:Model.Uniquesteerable-nafx     
Runonnx:Buffer.Size1024:Iteration.Count7:EnvironmentChrome:Model.Uniquesteerable-nafx     
Runonnx:Buffer.Size8192:Iteration.Count7:EnvironmentChrome:Model.Uniquesteerable-nafx     
Runonnx:Buffer.Size1024:Iteration.Count8:EnvironmentChrome:Model.Uniquesteerable-nafx     
Runonnx:Buffer.Size8192:Iteration.Count8:EnvironmentChrome:Model.Uniquesteerable-nafx     
Runonnx:Buffer.Size1024:Iteration.Count9:EnvironmentChrome:Model.Uniquesteerable-nafx     
Runonnx:Buffer.Size8192:Iteration.Count9:EnvironmentChrome:Model.Uniquesteerable-nafx     
Runonnx:Buffer.Size1024:Iteration.Count1:EnvironmentFirefox:Model.Uniquesteerable-nafx ** 
Runonnx:Buffer.Size8192:Iteration.Count1:EnvironmentFirefox:Model.Uniquesteerable-nafx    
Runonnx:Buffer.Size1024:Iteration.Count2:EnvironmentFirefox:Model.Uniquesteerable-nafx    
Runonnx:Buffer.Size8192:Iteration.Count2:EnvironmentFirefox:Model.Uniquesteerable-nafx    
Runonnx:Buffer.Size1024:Iteration.Count3:EnvironmentFirefox:Model.Uniquesteerable-nafx    
Runonnx:Buffer.Size8192:Iteration.Count3:EnvironmentFirefox:Model.Uniquesteerable-nafx    
Runonnx:Buffer.Size1024:Iteration.Count4:EnvironmentFirefox:Model.Uniquesteerable-nafx    
Runonnx:Buffer.Size8192:Iteration.Count4:EnvironmentFirefox:Model.Uniquesteerable-nafx    
Runonnx:Buffer.Size1024:Iteration.Count5:EnvironmentFirefox:Model.Uniquesteerable-nafx    
Runonnx:Buffer.Size8192:Iteration.Count5:EnvironmentFirefox:Model.Uniquesteerable-nafx    
Runonnx:Buffer.Size1024:Iteration.Count6:EnvironmentFirefox:Model.Uniquesteerable-nafx    
Runonnx:Buffer.Size8192:Iteration.Count6:EnvironmentFirefox:Model.Uniquesteerable-nafx    
Runonnx:Buffer.Size1024:Iteration.Count7:EnvironmentFirefox:Model.Uniquesteerable-nafx    
Runonnx:Buffer.Size8192:Iteration.Count7:EnvironmentFirefox:Model.Uniquesteerable-nafx    
Runonnx:Buffer.Size1024:Iteration.Count8:EnvironmentFirefox:Model.Uniquesteerable-nafx    
Runonnx:Buffer.Size8192:Iteration.Count8:EnvironmentFirefox:Model.Uniquesteerable-nafx    
Runonnx:Buffer.Size1024:Iteration.Count9:EnvironmentFirefox:Model.Uniquesteerable-nafx    
Runonnx:Buffer.Size8192:Iteration.Count9:EnvironmentFirefox:Model.Uniquesteerable-nafx    
Runonnx:Buffer.Size1024:Iteration.Count1:EnvironmentSafari:Model.Uniquesteerable-nafx  ***
Runonnx:Buffer.Size8192:Iteration.Count1:EnvironmentSafari:Model.Uniquesteerable-nafx  *  
Runonnx:Buffer.Size1024:Iteration.Count2:EnvironmentSafari:Model.Uniquesteerable-nafx     
Runonnx:Buffer.Size8192:Iteration.Count2:EnvironmentSafari:Model.Uniquesteerable-nafx     
Runonnx:Buffer.Size1024:Iteration.Count3:EnvironmentSafari:Model.Uniquesteerable-nafx  .  
Runonnx:Buffer.Size8192:Iteration.Count3:EnvironmentSafari:Model.Uniquesteerable-nafx  .  
Runonnx:Buffer.Size1024:Iteration.Count4:EnvironmentSafari:Model.Uniquesteerable-nafx     
Runonnx:Buffer.Size8192:Iteration.Count4:EnvironmentSafari:Model.Uniquesteerable-nafx     
Runonnx:Buffer.Size1024:Iteration.Count5:EnvironmentSafari:Model.Uniquesteerable-nafx     
Runonnx:Buffer.Size8192:Iteration.Count5:EnvironmentSafari:Model.Uniquesteerable-nafx     
Runonnx:Buffer.Size1024:Iteration.Count6:EnvironmentSafari:Model.Uniquesteerable-nafx     
Runonnx:Buffer.Size8192:Iteration.Count6:EnvironmentSafari:Model.Uniquesteerable-nafx     
Runonnx:Buffer.Size1024:Iteration.Count7:EnvironmentSafari:Model.Uniquesteerable-nafx     
Runonnx:Buffer.Size8192:Iteration.Count7:EnvironmentSafari:Model.Uniquesteerable-nafx     
Runonnx:Buffer.Size1024:Iteration.Count8:EnvironmentSafari:Model.Uniquesteerable-nafx     
Runonnx:Buffer.Size8192:Iteration.Count8:EnvironmentSafari:Model.Uniquesteerable-nafx     
Runonnx:Buffer.Size1024:Iteration.Count9:EnvironmentSafari:Model.Uniquesteerable-nafx     
Runonnx:Buffer.Size8192:Iteration.Count9:EnvironmentSafari:Model.Uniquesteerable-nafx     
---
Signif. codes:  0 ‘***’ 0.001 ‘**’ 0.01 ‘*’ 0.05 ‘.’ 0.1 ‘ ’ 1

Correlation matrix not shown by default, as p = 480 > 12.
Use print(summary(model), correlation=TRUE)  or
    vcov(summary(model))        if you need it

# Fixed Effects

Parameter                                                                                                      
---------------------------------------------------------------------------------------------------------------
(Intercept)                                                                                                    
Run [onnx]                                                                                                     
Buffer Size [1024]                                                                                             
Buffer Size [8192]                                                                                             
Iteration Count1                                                                                               
Iteration Count2                                                                                               
Iteration Count3                                                                                               
Iteration Count4                                                                                               
Iteration Count [5]                                                                                            
Iteration Count6                                                                                               
Iteration Count7                                                                                               
Iteration Count8                                                                                               
Iteration Count9                                                                                               
Environment [Chrome]                                                                                           
Environment [Firefox]                                                                                          
Environment [Safari]                                                                                           
Model Unique [steerable-nafx]                                                                                  
Run [onnx] × Buffer Size [1024]                                                                                
Run [onnx] × Buffer Size [8192]                                                                                
Run [onnx] × Iteration Count1                                                                                  
Run [onnx] × Iteration Count2                                                                                  
Run [onnx] × Iteration Count3                                                                                  
Run [onnx] × Iteration Count4                                                                                  
Run [onnx] × Iteration Count [5]                                                                               
Run [onnx] × Iteration Count6                                                                                  
Run [onnx] × Iteration Count7                                                                                  
Run [onnx] × Iteration Count8                                                                                  
Run [onnx] × Iteration Count9                                                                                  
Run [onnx] × Environment [Chrome]                                                                              
Run [onnx] × Environment [Firefox]                                                                             
Run [onnx] × Environment [Safari]                                                                              
Run [onnx] × Model Unique [steerable-nafx]                                                                     
Buffer Size [1024] × Iteration Count1                                                                          
Buffer Size [8192] × Iteration Count1                                                                          
Buffer Size [1024] × Iteration Count2                                                                          
Buffer Size [8192] × Iteration Count2                                                                          
Buffer Size [1024] × Iteration Count3                                                                          
Buffer Size [8192] × Iteration Count3                                                                          
Buffer Size [1024] × Iteration Count4                                                                          
Buffer Size [8192] × Iteration Count4                                                                          
Buffer Size [1024] × Iteration Count [5]                                                                       
Buffer Size [8192] × Iteration Count [5]                                                                       
Buffer Size [1024] × Iteration Count6                                                                          
Buffer Size [8192] × Iteration Count6                                                                          
Buffer Size [1024] × Iteration Count7                                                                          
Buffer Size [8192] × Iteration Count7                                                                          
Buffer Size [1024] × Iteration Count8                                                                          
Buffer Size [8192] × Iteration Count8                                                                          
Buffer Size [1024] × Iteration Count9                                                                          
Buffer Size [8192] × Iteration Count9                                                                          
Buffer Size [1024] × Environment [Chrome]                                                                      
Buffer Size [8192] × Environment [Chrome]                                                                      
Buffer Size [1024] × Environment [Firefox]                                                                     
Buffer Size [8192] × Environment [Firefox]                                                                     
Buffer Size [1024] × Environment [Safari]                                                                      
Buffer Size [8192] × Environment [Safari]                                                                      
Buffer Size [1024] × Model Unique [steerable-nafx]                                                             
Buffer Size [8192] × Model Unique [steerable-nafx]                                                             
Iteration Count1 × Environment [Chrome]                                                                        
Iteration Count2 × Environment [Chrome]                                                                        
Iteration Count3 × Environment [Chrome]                                                                        
Iteration Count4 × Environment [Chrome]                                                                        
Iteration Count [5] × Environment [Chrome]                                                                     
Iteration Count6 × Environment [Chrome]                                                                        
Iteration Count7 × Environment [Chrome]                                                                        
Iteration Count8 × Environment [Chrome]                                                                        
Iteration Count9 × Environment [Chrome]                                                                        
Iteration Count1 × Environment [Firefox]                                                                       
Iteration Count2 × Environment [Firefox]                                                                       
Iteration Count3 × Environment [Firefox]                                                                       
Iteration Count4 × Environment [Firefox]                                                                       
Iteration Count [5] × Environment [Firefox]                                                                    
Iteration Count6 × Environment [Firefox]                                                                       
Iteration Count7 × Environment [Firefox]                                                                       
Iteration Count8 × Environment [Firefox]                                                                       
Iteration Count9 × Environment [Firefox]                                                                       
Iteration Count1 × Environment [Safari]                                                                        
Iteration Count2 × Environment [Safari]                                                                        
Iteration Count3 × Environment [Safari]                                                                        
Iteration Count4 × Environment [Safari]                                                                        
Iteration Count [5] × Environment [Safari]                                                                     
Iteration Count6 × Environment [Safari]                                                                        
Iteration Count7 × Environment [Safari]                                                                        
Iteration Count8 × Environment [Safari]                                                                        
Iteration Count9 × Environment [Safari]                                                                        
Iteration Count1 × Model Unique [steerable-nafx]                                                               
Iteration Count2 × Model Unique [steerable-nafx]                                                               
Iteration Count3 × Model Unique [steerable-nafx]                                                               
Iteration Count4 × Model Unique [steerable-nafx]                                                               
Iteration Count [5] × Model Unique [steerable-nafx]                                                            
Iteration Count6 × Model Unique [steerable-nafx]                                                               
Iteration Count7 × Model Unique [steerable-nafx]                                                               
Iteration Count8 × Model Unique [steerable-nafx]                                                               
Iteration Count9 × Model Unique [steerable-nafx]                                                               
Environment [Chrome] × Model Unique [steerable-nafx]                                                           
Environment [Firefox] × Model Unique [steerable-nafx]                                                          
Environment [Safari] × Model Unique [steerable-nafx]                                                           
Run [onnx] × Buffer Size [1024] × Iteration Count1                                                             
Run [onnx] × Buffer Size [8192] × Iteration Count1                                                             
Run [onnx] × Buffer Size [1024] × Iteration Count2                                                             
Run [onnx] × Buffer Size [8192] × Iteration Count2                                                             
Run [onnx] × Buffer Size [1024] × Iteration Count3                                                             
Run [onnx] × Buffer Size [8192] × Iteration Count3                                                             
Run [onnx] × Buffer Size [1024] × Iteration Count4                                                             
Run [onnx] × Buffer Size [8192] × Iteration Count4                                                             
(Run [onnx] × Buffer Size [1024]) × Iteration Count [5]                                                        
(Run [onnx] × Buffer Size [8192]) × Iteration Count [5]                                                        
Run [onnx] × Buffer Size [1024] × Iteration Count6                                                             
Run [onnx] × Buffer Size [8192] × Iteration Count6                                                             
Run [onnx] × Buffer Size [1024] × Iteration Count7                                                             
Run [onnx] × Buffer Size [8192] × Iteration Count7                                                             
Run [onnx] × Buffer Size [1024] × Iteration Count8                                                             
Run [onnx] × Buffer Size [8192] × Iteration Count8                                                             
Run [onnx] × Buffer Size [1024] × Iteration Count9                                                             
Run [onnx] × Buffer Size [8192] × Iteration Count9                                                             
(Run [onnx] × Buffer Size [1024]) × Environment [Chrome]                                                       
(Run [onnx] × Buffer Size [8192]) × Environment [Chrome]                                                       
(Run [onnx] × Buffer Size [1024]) × Environment [Firefox]                                                      
(Run [onnx] × Buffer Size [8192]) × Environment [Firefox]                                                      
(Run [onnx] × Buffer Size [1024]) × Environment [Safari]                                                       
(Run [onnx] × Buffer Size [8192]) × Environment [Safari]                                                       
(Run [onnx] × Buffer Size [1024]) × Model Unique [steerable-nafx]                                              
(Run [onnx] × Buffer Size [8192]) × Model Unique [steerable-nafx]                                              
(Run [onnx] × Iteration Count1) × Environment [Chrome]                                                         
(Run [onnx] × Iteration Count2) × Environment [Chrome]                                                         
(Run [onnx] × Iteration Count3) × Environment [Chrome]                                                         
(Run [onnx] × Iteration Count4) × Environment [Chrome]                                                         
(Run [onnx] × Iteration Count [5]) × Environment [Chrome]                                                      
(Run [onnx] × Iteration Count6) × Environment [Chrome]                                                         
(Run [onnx] × Iteration Count7) × Environment [Chrome]                                                         
(Run [onnx] × Iteration Count8) × Environment [Chrome]                                                         
(Run [onnx] × Iteration Count9) × Environment [Chrome]                                                         
(Run [onnx] × Iteration Count1) × Environment [Firefox]                                                        
(Run [onnx] × Iteration Count2) × Environment [Firefox]                                                        
(Run [onnx] × Iteration Count3) × Environment [Firefox]                                                        
(Run [onnx] × Iteration Count4) × Environment [Firefox]                                                        
(Run [onnx] × Iteration Count [5]) × Environment [Firefox]                                                     
(Run [onnx] × Iteration Count6) × Environment [Firefox]                                                        
(Run [onnx] × Iteration Count7) × Environment [Firefox]                                                        
(Run [onnx] × Iteration Count8) × Environment [Firefox]                                                        
(Run [onnx] × Iteration Count9) × Environment [Firefox]                                                        
(Run [onnx] × Iteration Count1) × Environment [Safari]                                                         
(Run [onnx] × Iteration Count2) × Environment [Safari]                                                         
(Run [onnx] × Iteration Count3) × Environment [Safari]                                                         
(Run [onnx] × Iteration Count4) × Environment [Safari]                                                         
(Run [onnx] × Iteration Count [5]) × Environment [Safari]                                                      
(Run [onnx] × Iteration Count6) × Environment [Safari]                                                         
(Run [onnx] × Iteration Count7) × Environment [Safari]                                                         
(Run [onnx] × Iteration Count8) × Environment [Safari]                                                         
(Run [onnx] × Iteration Count9) × Environment [Safari]                                                         
(Run [onnx] × Iteration Count1) × Model Unique [steerable-nafx]                                                
(Run [onnx] × Iteration Count2) × Model Unique [steerable-nafx]                                                
(Run [onnx] × Iteration Count3) × Model Unique [steerable-nafx]                                                
(Run [onnx] × Iteration Count4) × Model Unique [steerable-nafx]                                                
(Run [onnx] × Iteration Count [5]) × Model Unique [steerable-nafx]                                             
(Run [onnx] × Iteration Count6) × Model Unique [steerable-nafx]                                                
(Run [onnx] × Iteration Count7) × Model Unique [steerable-nafx]                                                
(Run [onnx] × Iteration Count8) × Model Unique [steerable-nafx]                                                
(Run [onnx] × Iteration Count9) × Model Unique [steerable-nafx]                                                
(Run [onnx] × Environment [Chrome]) × Model Unique [steerable-nafx]                                            
(Run [onnx] × Environment [Firefox]) × Model Unique [steerable-nafx]                                           
(Run [onnx] × Environment [Safari]) × Model Unique [steerable-nafx]                                            
(Buffer Size [1024] × Iteration Count1) × Environment [Chrome]                                                 
(Buffer Size [8192] × Iteration Count1) × Environment [Chrome]                                                 
(Buffer Size [1024] × Iteration Count2) × Environment [Chrome]                                                 
(Buffer Size [8192] × Iteration Count2) × Environment [Chrome]                                                 
(Buffer Size [1024] × Iteration Count3) × Environment [Chrome]                                                 
(Buffer Size [8192] × Iteration Count3) × Environment [Chrome]                                                 
(Buffer Size [1024] × Iteration Count4) × Environment [Chrome]                                                 
(Buffer Size [8192] × Iteration Count4) × Environment [Chrome]                                                 
(Buffer Size [1024] × Iteration Count [5]) × Environment [Chrome]                                              
(Buffer Size [8192] × Iteration Count [5]) × Environment [Chrome]                                              
(Buffer Size [1024] × Iteration Count6) × Environment [Chrome]                                                 
(Buffer Size [8192] × Iteration Count6) × Environment [Chrome]                                                 
(Buffer Size [1024] × Iteration Count7) × Environment [Chrome]                                                 
(Buffer Size [8192] × Iteration Count7) × Environment [Chrome]                                                 
(Buffer Size [1024] × Iteration Count8) × Environment [Chrome]                                                 
(Buffer Size [8192] × Iteration Count8) × Environment [Chrome]                                                 
(Buffer Size [1024] × Iteration Count9) × Environment [Chrome]                                                 
(Buffer Size [8192] × Iteration Count9) × Environment [Chrome]                                                 
(Buffer Size [1024] × Iteration Count1) × Environment [Firefox]                                                
(Buffer Size [8192] × Iteration Count1) × Environment [Firefox]                                                
(Buffer Size [1024] × Iteration Count2) × Environment [Firefox]                                                
(Buffer Size [8192] × Iteration Count2) × Environment [Firefox]                                                
(Buffer Size [1024] × Iteration Count3) × Environment [Firefox]                                                
(Buffer Size [8192] × Iteration Count3) × Environment [Firefox]                                                
(Buffer Size [1024] × Iteration Count4) × Environment [Firefox]                                                
(Buffer Size [8192] × Iteration Count4) × Environment [Firefox]                                                
(Buffer Size [1024] × Iteration Count [5]) × Environment [Firefox]                                             
(Buffer Size [8192] × Iteration Count [5]) × Environment [Firefox]                                             
(Buffer Size [1024] × Iteration Count6) × Environment [Firefox]                                                
(Buffer Size [8192] × Iteration Count6) × Environment [Firefox]                                                
(Buffer Size [1024] × Iteration Count7) × Environment [Firefox]                                                
(Buffer Size [8192] × Iteration Count7) × Environment [Firefox]                                                
(Buffer Size [1024] × Iteration Count8) × Environment [Firefox]                                                
(Buffer Size [8192] × Iteration Count8) × Environment [Firefox]                                                
(Buffer Size [1024] × Iteration Count9) × Environment [Firefox]                                                
(Buffer Size [8192] × Iteration Count9) × Environment [Firefox]                                                
(Buffer Size [1024] × Iteration Count1) × Environment [Safari]                                                 
(Buffer Size [8192] × Iteration Count1) × Environment [Safari]                                                 
(Buffer Size [1024] × Iteration Count2) × Environment [Safari]                                                 
(Buffer Size [8192] × Iteration Count2) × Environment [Safari]                                                 
(Buffer Size [1024] × Iteration Count3) × Environment [Safari]                                                 
(Buffer Size [8192] × Iteration Count3) × Environment [Safari]                                                 
(Buffer Size [1024] × Iteration Count4) × Environment [Safari]                                                 
(Buffer Size [8192] × Iteration Count4) × Environment [Safari]                                                 
(Buffer Size [1024] × Iteration Count [5]) × Environment [Safari]                                              
(Buffer Size [8192] × Iteration Count [5]) × Environment [Safari]                                              
(Buffer Size [1024] × Iteration Count6) × Environment [Safari]                                                 
(Buffer Size [8192] × Iteration Count6) × Environment [Safari]                                                 
(Buffer Size [1024] × Iteration Count7) × Environment [Safari]                                                 
(Buffer Size [8192] × Iteration Count7) × Environment [Safari]                                                 
(Buffer Size [1024] × Iteration Count8) × Environment [Safari]                                                 
(Buffer Size [8192] × Iteration Count8) × Environment [Safari]                                                 
(Buffer Size [1024] × Iteration Count9) × Environment [Safari]                                                 
(Buffer Size [8192] × Iteration Count9) × Environment [Safari]                                                 
(Buffer Size [1024] × Iteration Count1) × Model Unique [steerable-nafx]                                        
(Buffer Size [8192] × Iteration Count1) × Model Unique [steerable-nafx]                                        
(Buffer Size [1024] × Iteration Count2) × Model Unique [steerable-nafx]                                        
(Buffer Size [8192] × Iteration Count2) × Model Unique [steerable-nafx]                                        
(Buffer Size [1024] × Iteration Count3) × Model Unique [steerable-nafx]                                        
(Buffer Size [8192] × Iteration Count3) × Model Unique [steerable-nafx]                                        
(Buffer Size [1024] × Iteration Count4) × Model Unique [steerable-nafx]                                        
(Buffer Size [8192] × Iteration Count4) × Model Unique [steerable-nafx]                                        
(Buffer Size [1024] × Iteration Count [5]) × Model Unique [steerable-nafx]                                     
(Buffer Size [8192] × Iteration Count [5]) × Model Unique [steerable-nafx]                                     
(Buffer Size [1024] × Iteration Count6) × Model Unique [steerable-nafx]                                        
(Buffer Size [8192] × Iteration Count6) × Model Unique [steerable-nafx]                                        
(Buffer Size [1024] × Iteration Count7) × Model Unique [steerable-nafx]                                        
(Buffer Size [8192] × Iteration Count7) × Model Unique [steerable-nafx]                                        
(Buffer Size [1024] × Iteration Count8) × Model Unique [steerable-nafx]                                        
(Buffer Size [8192] × Iteration Count8) × Model Unique [steerable-nafx]                                        
(Buffer Size [1024] × Iteration Count9) × Model Unique [steerable-nafx]                                        
(Buffer Size [8192] × Iteration Count9) × Model Unique [steerable-nafx]                                        
(Buffer Size [1024] × Environment [Chrome]) × Model Unique [steerable-nafx]                                    
(Buffer Size [8192] × Environment [Chrome]) × Model Unique [steerable-nafx]                                    
(Buffer Size [1024] × Environment [Firefox]) × Model Unique [steerable-nafx]                                   
(Buffer Size [8192] × Environment [Firefox]) × Model Unique [steerable-nafx]                                   
(Buffer Size [1024] × Environment [Safari]) × Model Unique [steerable-nafx]                                    
(Buffer Size [8192] × Environment [Safari]) × Model Unique [steerable-nafx]                                    
(Iteration Count1 × Environment [Chrome]) × Model Unique [steerable-nafx]                                      
(Iteration Count2 × Environment [Chrome]) × Model Unique [steerable-nafx]                                      
(Iteration Count3 × Environment [Chrome]) × Model Unique [steerable-nafx]                                      
(Iteration Count4 × Environment [Chrome]) × Model Unique [steerable-nafx]                                      
(Iteration Count [5] × Environment [Chrome]) × Model Unique [steerable-nafx]                                   
(Iteration Count6 × Environment [Chrome]) × Model Unique [steerable-nafx]                                      
(Iteration Count7 × Environment [Chrome]) × Model Unique [steerable-nafx]                                      
(Iteration Count8 × Environment [Chrome]) × Model Unique [steerable-nafx]                                      
(Iteration Count9 × Environment [Chrome]) × Model Unique [steerable-nafx]                                      
(Iteration Count1 × Environment [Firefox]) × Model Unique [steerable-nafx]                                     
(Iteration Count2 × Environment [Firefox]) × Model Unique [steerable-nafx]                                     
(Iteration Count3 × Environment [Firefox]) × Model Unique [steerable-nafx]                                     
(Iteration Count4 × Environment [Firefox]) × Model Unique [steerable-nafx]                                     
(Iteration Count [5] × Environment [Firefox]) × Model Unique [steerable-nafx]                                  
(Iteration Count6 × Environment [Firefox]) × Model Unique [steerable-nafx]                                     
(Iteration Count7 × Environment [Firefox]) × Model Unique [steerable-nafx]                                     
(Iteration Count8 × Environment [Firefox]) × Model Unique [steerable-nafx]                                     
(Iteration Count9 × Environment [Firefox]) × Model Unique [steerable-nafx]                                     
(Iteration Count1 × Environment [Safari]) × Model Unique [steerable-nafx]                                      
(Iteration Count2 × Environment [Safari]) × Model Unique [steerable-nafx]                                      
(Iteration Count3 × Environment [Safari]) × Model Unique [steerable-nafx]                                      
(Iteration Count4 × Environment [Safari]) × Model Unique [steerable-nafx]                                      
(Iteration Count [5] × Environment [Safari]) × Model Unique [steerable-nafx]                                   
(Iteration Count6 × Environment [Safari]) × Model Unique [steerable-nafx]                                      
(Iteration Count7 × Environment [Safari]) × Model Unique [steerable-nafx]                                      
(Iteration Count8 × Environment [Safari]) × Model Unique [steerable-nafx]                                      
(Iteration Count9 × Environment [Safari]) × Model Unique [steerable-nafx]                                      
(Run [onnx] × Buffer Size [1024] × Iteration Count1) × Environment [Chrome]                                    
(Run [onnx] × Buffer Size [8192] × Iteration Count1) × Environment [Chrome]                                    
(Run [onnx] × Buffer Size [1024] × Iteration Count2) × Environment [Chrome]                                    
(Run [onnx] × Buffer Size [8192] × Iteration Count2) × Environment [Chrome]                                    
(Run [onnx] × Buffer Size [1024] × Iteration Count3) × Environment [Chrome]                                    
(Run [onnx] × Buffer Size [8192] × Iteration Count3) × Environment [Chrome]                                    
(Run [onnx] × Buffer Size [1024] × Iteration Count4) × Environment [Chrome]                                    
(Run [onnx] × Buffer Size [8192] × Iteration Count4) × Environment [Chrome]                                    
(Run [onnx] × Buffer Size [1024] × Iteration Count [5]) × Environment [Chrome]                                 
(Run [onnx] × Buffer Size [8192] × Iteration Count [5]) × Environment [Chrome]                                 
(Run [onnx] × Buffer Size [1024] × Iteration Count6) × Environment [Chrome]                                    
(Run [onnx] × Buffer Size [8192] × Iteration Count6) × Environment [Chrome]                                    
(Run [onnx] × Buffer Size [1024] × Iteration Count7) × Environment [Chrome]                                    
(Run [onnx] × Buffer Size [8192] × Iteration Count7) × Environment [Chrome]                                    
(Run [onnx] × Buffer Size [1024] × Iteration Count8) × Environment [Chrome]                                    
(Run [onnx] × Buffer Size [8192] × Iteration Count8) × Environment [Chrome]                                    
(Run [onnx] × Buffer Size [1024] × Iteration Count9) × Environment [Chrome]                                    
(Run [onnx] × Buffer Size [8192] × Iteration Count9) × Environment [Chrome]                                    
(Run [onnx] × Buffer Size [1024] × Iteration Count1) × Environment [Firefox]                                   
(Run [onnx] × Buffer Size [8192] × Iteration Count1) × Environment [Firefox]                                   
(Run [onnx] × Buffer Size [1024] × Iteration Count2) × Environment [Firefox]                                   
(Run [onnx] × Buffer Size [8192] × Iteration Count2) × Environment [Firefox]                                   
(Run [onnx] × Buffer Size [1024] × Iteration Count3) × Environment [Firefox]                                   
(Run [onnx] × Buffer Size [8192] × Iteration Count3) × Environment [Firefox]                                   
(Run [onnx] × Buffer Size [1024] × Iteration Count4) × Environment [Firefox]                                   
(Run [onnx] × Buffer Size [8192] × Iteration Count4) × Environment [Firefox]                                   
(Run [onnx] × Buffer Size [1024] × Iteration Count [5]) × Environment [Firefox]                                
(Run [onnx] × Buffer Size [8192] × Iteration Count [5]) × Environment [Firefox]                                
(Run [onnx] × Buffer Size [1024] × Iteration Count6) × Environment [Firefox]                                   
(Run [onnx] × Buffer Size [8192] × Iteration Count6) × Environment [Firefox]                                   
(Run [onnx] × Buffer Size [1024] × Iteration Count7) × Environment [Firefox]                                   
(Run [onnx] × Buffer Size [8192] × Iteration Count7) × Environment [Firefox]                                   
(Run [onnx] × Buffer Size [1024] × Iteration Count8) × Environment [Firefox]                                   
(Run [onnx] × Buffer Size [8192] × Iteration Count8) × Environment [Firefox]                                   
(Run [onnx] × Buffer Size [1024] × Iteration Count9) × Environment [Firefox]                                   
(Run [onnx] × Buffer Size [8192] × Iteration Count9) × Environment [Firefox]                                   
(Run [onnx] × Buffer Size [1024] × Iteration Count1) × Environment [Safari]                                    
(Run [onnx] × Buffer Size [8192] × Iteration Count1) × Environment [Safari]                                    
(Run [onnx] × Buffer Size [1024] × Iteration Count2) × Environment [Safari]                                    
(Run [onnx] × Buffer Size [8192] × Iteration Count2) × Environment [Safari]                                    
(Run [onnx] × Buffer Size [1024] × Iteration Count3) × Environment [Safari]                                    
(Run [onnx] × Buffer Size [8192] × Iteration Count3) × Environment [Safari]                                    
(Run [onnx] × Buffer Size [1024] × Iteration Count4) × Environment [Safari]                                    
(Run [onnx] × Buffer Size [8192] × Iteration Count4) × Environment [Safari]                                    
(Run [onnx] × Buffer Size [1024] × Iteration Count [5]) × Environment [Safari]                                 
(Run [onnx] × Buffer Size [8192] × Iteration Count [5]) × Environment [Safari]                                 
(Run [onnx] × Buffer Size [1024] × Iteration Count6) × Environment [Safari]                                    
(Run [onnx] × Buffer Size [8192] × Iteration Count6) × Environment [Safari]                                    
(Run [onnx] × Buffer Size [1024] × Iteration Count7) × Environment [Safari]                                    
(Run [onnx] × Buffer Size [8192] × Iteration Count7) × Environment [Safari]                                    
(Run [onnx] × Buffer Size [1024] × Iteration Count8) × Environment [Safari]                                    
(Run [onnx] × Buffer Size [8192] × Iteration Count8) × Environment [Safari]                                    
(Run [onnx] × Buffer Size [1024] × Iteration Count9) × Environment [Safari]                                    
(Run [onnx] × Buffer Size [8192] × Iteration Count9) × Environment [Safari]                                    
(Run [onnx] × Buffer Size [1024] × Iteration Count1) × Model Unique [steerable-nafx]                           
(Run [onnx] × Buffer Size [8192] × Iteration Count1) × Model Unique [steerable-nafx]                           
(Run [onnx] × Buffer Size [1024] × Iteration Count2) × Model Unique [steerable-nafx]                           
(Run [onnx] × Buffer Size [8192] × Iteration Count2) × Model Unique [steerable-nafx]                           
(Run [onnx] × Buffer Size [1024] × Iteration Count3) × Model Unique [steerable-nafx]                           
(Run [onnx] × Buffer Size [8192] × Iteration Count3) × Model Unique [steerable-nafx]                           
(Run [onnx] × Buffer Size [1024] × Iteration Count4) × Model Unique [steerable-nafx]                           
(Run [onnx] × Buffer Size [8192] × Iteration Count4) × Model Unique [steerable-nafx]                           
(Run [onnx] × Buffer Size [1024] × Iteration Count [5]) × Model Unique [steerable-nafx]                        
(Run [onnx] × Buffer Size [8192] × Iteration Count [5]) × Model Unique [steerable-nafx]                        
(Run [onnx] × Buffer Size [1024] × Iteration Count6) × Model Unique [steerable-nafx]                           
(Run [onnx] × Buffer Size [8192] × Iteration Count6) × Model Unique [steerable-nafx]                           
(Run [onnx] × Buffer Size [1024] × Iteration Count7) × Model Unique [steerable-nafx]                           
(Run [onnx] × Buffer Size [8192] × Iteration Count7) × Model Unique [steerable-nafx]                           
(Run [onnx] × Buffer Size [1024] × Iteration Count8) × Model Unique [steerable-nafx]                           
(Run [onnx] × Buffer Size [8192] × Iteration Count8) × Model Unique [steerable-nafx]                           
(Run [onnx] × Buffer Size [1024] × Iteration Count9) × Model Unique [steerable-nafx]                           
(Run [onnx] × Buffer Size [8192] × Iteration Count9) × Model Unique [steerable-nafx]                           
(Run [onnx] × Buffer Size [1024] × Environment [Chrome]) × Model Unique [steerable-nafx]                       
(Run [onnx] × Buffer Size [8192] × Environment [Chrome]) × Model Unique [steerable-nafx]                       
(Run [onnx] × Buffer Size [1024] × Environment [Firefox]) × Model Unique [steerable-nafx]                      
(Run [onnx] × Buffer Size [8192] × Environment [Firefox]) × Model Unique [steerable-nafx]                      
(Run [onnx] × Buffer Size [1024] × Environment [Safari]) × Model Unique [steerable-nafx]                       
(Run [onnx] × Buffer Size [8192] × Environment [Safari]) × Model Unique [steerable-nafx]                       
(Run [onnx] × Iteration Count1 × Environment [Chrome]) × Model Unique [steerable-nafx]                         
(Run [onnx] × Iteration Count2 × Environment [Chrome]) × Model Unique [steerable-nafx]                         
(Run [onnx] × Iteration Count3 × Environment [Chrome]) × Model Unique [steerable-nafx]                         
(Run [onnx] × Iteration Count4 × Environment [Chrome]) × Model Unique [steerable-nafx]                         
(Run [onnx] × Iteration Count [5] × Environment [Chrome]) × Model Unique [steerable-nafx]                      
(Run [onnx] × Iteration Count6 × Environment [Chrome]) × Model Unique [steerable-nafx]                         
(Run [onnx] × Iteration Count7 × Environment [Chrome]) × Model Unique [steerable-nafx]                         
(Run [onnx] × Iteration Count8 × Environment [Chrome]) × Model Unique [steerable-nafx]                         
(Run [onnx] × Iteration Count9 × Environment [Chrome]) × Model Unique [steerable-nafx]                         
(Run [onnx] × Iteration Count1 × Environment [Firefox]) × Model Unique [steerable-nafx]                        
(Run [onnx] × Iteration Count2 × Environment [Firefox]) × Model Unique [steerable-nafx]                        
(Run [onnx] × Iteration Count3 × Environment [Firefox]) × Model Unique [steerable-nafx]                        
(Run [onnx] × Iteration Count4 × Environment [Firefox]) × Model Unique [steerable-nafx]                        
(Run [onnx] × Iteration Count [5] × Environment [Firefox]) × Model Unique [steerable-nafx]                     
(Run [onnx] × Iteration Count6 × Environment [Firefox]) × Model Unique [steerable-nafx]                        
(Run [onnx] × Iteration Count7 × Environment [Firefox]) × Model Unique [steerable-nafx]                        
(Run [onnx] × Iteration Count8 × Environment [Firefox]) × Model Unique [steerable-nafx]                        
(Run [onnx] × Iteration Count9 × Environment [Firefox]) × Model Unique [steerable-nafx]                        
(Run [onnx] × Iteration Count1 × Environment [Safari]) × Model Unique [steerable-nafx]                         
(Run [onnx] × Iteration Count2 × Environment [Safari]) × Model Unique [steerable-nafx]                         
(Run [onnx] × Iteration Count3 × Environment [Safari]) × Model Unique [steerable-nafx]                         
(Run [onnx] × Iteration Count4 × Environment [Safari]) × Model Unique [steerable-nafx]                         
(Run [onnx] × Iteration Count [5] × Environment [Safari]) × Model Unique [steerable-nafx]                      
(Run [onnx] × Iteration Count6 × Environment [Safari]) × Model Unique [steerable-nafx]                         
(Run [onnx] × Iteration Count7 × Environment [Safari]) × Model Unique [steerable-nafx]                         
(Run [onnx] × Iteration Count8 × Environment [Safari]) × Model Unique [steerable-nafx]                         
(Run [onnx] × Iteration Count9 × Environment [Safari]) × Model Unique [steerable-nafx]                         
(Buffer Size [1024] × Iteration Count1 × Environment [Chrome]) × Model Unique [steerable-nafx]                 
(Buffer Size [8192] × Iteration Count1 × Environment [Chrome]) × Model Unique [steerable-nafx]                 
(Buffer Size [1024] × Iteration Count2 × Environment [Chrome]) × Model Unique [steerable-nafx]                 
(Buffer Size [8192] × Iteration Count2 × Environment [Chrome]) × Model Unique [steerable-nafx]                 
(Buffer Size [1024] × Iteration Count3 × Environment [Chrome]) × Model Unique [steerable-nafx]                 
(Buffer Size [8192] × Iteration Count3 × Environment [Chrome]) × Model Unique [steerable-nafx]                 
(Buffer Size [1024] × Iteration Count4 × Environment [Chrome]) × Model Unique [steerable-nafx]                 
(Buffer Size [8192] × Iteration Count4 × Environment [Chrome]) × Model Unique [steerable-nafx]                 
(Buffer Size [1024] × Iteration Count [5] × Environment [Chrome]) × Model Unique [steerable-nafx]              
(Buffer Size [8192] × Iteration Count [5] × Environment [Chrome]) × Model Unique [steerable-nafx]              
(Buffer Size [1024] × Iteration Count6 × Environment [Chrome]) × Model Unique [steerable-nafx]                 
(Buffer Size [8192] × Iteration Count6 × Environment [Chrome]) × Model Unique [steerable-nafx]                 
(Buffer Size [1024] × Iteration Count7 × Environment [Chrome]) × Model Unique [steerable-nafx]                 
(Buffer Size [8192] × Iteration Count7 × Environment [Chrome]) × Model Unique [steerable-nafx]                 
(Buffer Size [1024] × Iteration Count8 × Environment [Chrome]) × Model Unique [steerable-nafx]                 
(Buffer Size [8192] × Iteration Count8 × Environment [Chrome]) × Model Unique [steerable-nafx]                 
(Buffer Size [1024] × Iteration Count9 × Environment [Chrome]) × Model Unique [steerable-nafx]                 
(Buffer Size [8192] × Iteration Count9 × Environment [Chrome]) × Model Unique [steerable-nafx]                 
(Buffer Size [1024] × Iteration Count1 × Environment [Firefox]) × Model Unique [steerable-nafx]                
(Buffer Size [8192] × Iteration Count1 × Environment [Firefox]) × Model Unique [steerable-nafx]                
(Buffer Size [1024] × Iteration Count2 × Environment [Firefox]) × Model Unique [steerable-nafx]                
(Buffer Size [8192] × Iteration Count2 × Environment [Firefox]) × Model Unique [steerable-nafx]                
(Buffer Size [1024] × Iteration Count3 × Environment [Firefox]) × Model Unique [steerable-nafx]                
(Buffer Size [8192] × Iteration Count3 × Environment [Firefox]) × Model Unique [steerable-nafx]                
(Buffer Size [1024] × Iteration Count4 × Environment [Firefox]) × Model Unique [steerable-nafx]                
(Buffer Size [8192] × Iteration Count4 × Environment [Firefox]) × Model Unique [steerable-nafx]                
(Buffer Size [1024] × Iteration Count [5] × Environment [Firefox]) × Model Unique [steerable-nafx]             
(Buffer Size [8192] × Iteration Count [5] × Environment [Firefox]) × Model Unique [steerable-nafx]             
(Buffer Size [1024] × Iteration Count6 × Environment [Firefox]) × Model Unique [steerable-nafx]                
(Buffer Size [8192] × Iteration Count6 × Environment [Firefox]) × Model Unique [steerable-nafx]                
(Buffer Size [1024] × Iteration Count7 × Environment [Firefox]) × Model Unique [steerable-nafx]                
(Buffer Size [8192] × Iteration Count7 × Environment [Firefox]) × Model Unique [steerable-nafx]                
(Buffer Size [1024] × Iteration Count8 × Environment [Firefox]) × Model Unique [steerable-nafx]                
(Buffer Size [8192] × Iteration Count8 × Environment [Firefox]) × Model Unique [steerable-nafx]                
(Buffer Size [1024] × Iteration Count9 × Environment [Firefox]) × Model Unique [steerable-nafx]                
(Buffer Size [8192] × Iteration Count9 × Environment [Firefox]) × Model Unique [steerable-nafx]                
(Buffer Size [1024] × Iteration Count1 × Environment [Safari]) × Model Unique [steerable-nafx]                 
(Buffer Size [8192] × Iteration Count1 × Environment [Safari]) × Model Unique [steerable-nafx]                 
(Buffer Size [1024] × Iteration Count2 × Environment [Safari]) × Model Unique [steerable-nafx]                 
(Buffer Size [8192] × Iteration Count2 × Environment [Safari]) × Model Unique [steerable-nafx]                 
(Buffer Size [1024] × Iteration Count3 × Environment [Safari]) × Model Unique [steerable-nafx]                 
(Buffer Size [8192] × Iteration Count3 × Environment [Safari]) × Model Unique [steerable-nafx]                 
(Buffer Size [1024] × Iteration Count4 × Environment [Safari]) × Model Unique [steerable-nafx]                 
(Buffer Size [8192] × Iteration Count4 × Environment [Safari]) × Model Unique [steerable-nafx]                 
(Buffer Size [1024] × Iteration Count [5] × Environment [Safari]) × Model Unique [steerable-nafx]              
(Buffer Size [8192] × Iteration Count [5] × Environment [Safari]) × Model Unique [steerable-nafx]              
(Buffer Size [1024] × Iteration Count6 × Environment [Safari]) × Model Unique [steerable-nafx]                 
(Buffer Size [8192] × Iteration Count6 × Environment [Safari]) × Model Unique [steerable-nafx]                 
(Buffer Size [1024] × Iteration Count7 × Environment [Safari]) × Model Unique [steerable-nafx]                 
(Buffer Size [8192] × Iteration Count7 × Environment [Safari]) × Model Unique [steerable-nafx]                 
(Buffer Size [1024] × Iteration Count8 × Environment [Safari]) × Model Unique [steerable-nafx]                 
(Buffer Size [8192] × Iteration Count8 × Environment [Safari]) × Model Unique [steerable-nafx]                 
(Buffer Size [1024] × Iteration Count9 × Environment [Safari]) × Model Unique [steerable-nafx]                 
(Buffer Size [8192] × Iteration Count9 × Environment [Safari]) × Model Unique [steerable-nafx]                 
(Run [onnx] × Buffer Size [1024] × Iteration Count1 × Environment [Chrome]) × Model Unique [steerable-nafx]    
(Run [onnx] × Buffer Size [8192] × Iteration Count1 × Environment [Chrome]) × Model Unique [steerable-nafx]    
(Run [onnx] × Buffer Size [1024] × Iteration Count2 × Environment [Chrome]) × Model Unique [steerable-nafx]    
(Run [onnx] × Buffer Size [8192] × Iteration Count2 × Environment [Chrome]) × Model Unique [steerable-nafx]    
(Run [onnx] × Buffer Size [1024] × Iteration Count3 × Environment [Chrome]) × Model Unique [steerable-nafx]    
(Run [onnx] × Buffer Size [8192] × Iteration Count3 × Environment [Chrome]) × Model Unique [steerable-nafx]    
(Run [onnx] × Buffer Size [1024] × Iteration Count4 × Environment [Chrome]) × Model Unique [steerable-nafx]    
(Run [onnx] × Buffer Size [8192] × Iteration Count4 × Environment [Chrome]) × Model Unique [steerable-nafx]    
(Run [onnx] × Buffer Size [1024] × Iteration Count [5] × Environment [Chrome]) × Model Unique [steerable-nafx] 
(Run [onnx] × Buffer Size [8192] × Iteration Count [5] × Environment [Chrome]) × Model Unique [steerable-nafx] 
(Run [onnx] × Buffer Size [1024] × Iteration Count6 × Environment [Chrome]) × Model Unique [steerable-nafx]    
(Run [onnx] × Buffer Size [8192] × Iteration Count6 × Environment [Chrome]) × Model Unique [steerable-nafx]    
(Run [onnx] × Buffer Size [1024] × Iteration Count7 × Environment [Chrome]) × Model Unique [steerable-nafx]    
(Run [onnx] × Buffer Size [8192] × Iteration Count7 × Environment [Chrome]) × Model Unique [steerable-nafx]    
(Run [onnx] × Buffer Size [1024] × Iteration Count8 × Environment [Chrome]) × Model Unique [steerable-nafx]    
(Run [onnx] × Buffer Size [8192] × Iteration Count8 × Environment [Chrome]) × Model Unique [steerable-nafx]    
(Run [onnx] × Buffer Size [1024] × Iteration Count9 × Environment [Chrome]) × Model Unique [steerable-nafx]    
(Run [onnx] × Buffer Size [8192] × Iteration Count9 × Environment [Chrome]) × Model Unique [steerable-nafx]    
(Run [onnx] × Buffer Size [1024] × Iteration Count1 × Environment [Firefox]) × Model Unique [steerable-nafx]   
(Run [onnx] × Buffer Size [8192] × Iteration Count1 × Environment [Firefox]) × Model Unique [steerable-nafx]   
(Run [onnx] × Buffer Size [1024] × Iteration Count2 × Environment [Firefox]) × Model Unique [steerable-nafx]   
(Run [onnx] × Buffer Size [8192] × Iteration Count2 × Environment [Firefox]) × Model Unique [steerable-nafx]   
(Run [onnx] × Buffer Size [1024] × Iteration Count3 × Environment [Firefox]) × Model Unique [steerable-nafx]   
(Run [onnx] × Buffer Size [8192] × Iteration Count3 × Environment [Firefox]) × Model Unique [steerable-nafx]   
(Run [onnx] × Buffer Size [1024] × Iteration Count4 × Environment [Firefox]) × Model Unique [steerable-nafx]   
(Run [onnx] × Buffer Size [8192] × Iteration Count4 × Environment [Firefox]) × Model Unique [steerable-nafx]   
(Run [onnx] × Buffer Size [1024] × Iteration Count [5] × Environment [Firefox]) × Model Unique [steerable-nafx]
(Run [onnx] × Buffer Size [8192] × Iteration Count [5] × Environment [Firefox]) × Model Unique [steerable-nafx]
(Run [onnx] × Buffer Size [1024] × Iteration Count6 × Environment [Firefox]) × Model Unique [steerable-nafx]   
(Run [onnx] × Buffer Size [8192] × Iteration Count6 × Environment [Firefox]) × Model Unique [steerable-nafx]   
(Run [onnx] × Buffer Size [1024] × Iteration Count7 × Environment [Firefox]) × Model Unique [steerable-nafx]   
(Run [onnx] × Buffer Size [8192] × Iteration Count7 × Environment [Firefox]) × Model Unique [steerable-nafx]   
(Run [onnx] × Buffer Size [1024] × Iteration Count8 × Environment [Firefox]) × Model Unique [steerable-nafx]   
(Run [onnx] × Buffer Size [8192] × Iteration Count8 × Environment [Firefox]) × Model Unique [steerable-nafx]   
(Run [onnx] × Buffer Size [1024] × Iteration Count9 × Environment [Firefox]) × Model Unique [steerable-nafx]   
(Run [onnx] × Buffer Size [8192] × Iteration Count9 × Environment [Firefox]) × Model Unique [steerable-nafx]   
(Run [onnx] × Buffer Size [1024] × Iteration Count1 × Environment [Safari]) × Model Unique [steerable-nafx]    
(Run [onnx] × Buffer Size [8192] × Iteration Count1 × Environment [Safari]) × Model Unique [steerable-nafx]    
(Run [onnx] × Buffer Size [1024] × Iteration Count2 × Environment [Safari]) × Model Unique [steerable-nafx]    
(Run [onnx] × Buffer Size [8192] × Iteration Count2 × Environment [Safari]) × Model Unique [steerable-nafx]    
(Run [onnx] × Buffer Size [1024] × Iteration Count3 × Environment [Safari]) × Model Unique [steerable-nafx]    
(Run [onnx] × Buffer Size [8192] × Iteration Count3 × Environment [Safari]) × Model Unique [steerable-nafx]    
(Run [onnx] × Buffer Size [1024] × Iteration Count4 × Environment [Safari]) × Model Unique [steerable-nafx]    
(Run [onnx] × Buffer Size [8192] × Iteration Count4 × Environment [Safari]) × Model Unique [steerable-nafx]    
(Run [onnx] × Buffer Size [1024] × Iteration Count [5] × Environment [Safari]) × Model Unique [steerable-nafx] 
(Run [onnx] × Buffer Size [8192] × Iteration Count [5] × Environment [Safari]) × Model Unique [steerable-nafx] 
(Run [onnx] × Buffer Size [1024] × Iteration Count6 × Environment [Safari]) × Model Unique [steerable-nafx]    
(Run [onnx] × Buffer Size [8192] × Iteration Count6 × Environment [Safari]) × Model Unique [steerable-nafx]    
(Run [onnx] × Buffer Size [1024] × Iteration Count7 × Environment [Safari]) × Model Unique [steerable-nafx]    
(Run [onnx] × Buffer Size [8192] × Iteration Count7 × Environment [Safari]) × Model Unique [steerable-nafx]    
(Run [onnx] × Buffer Size [1024] × Iteration Count8 × Environment [Safari]) × Model Unique [steerable-nafx]    
(Run [onnx] × Buffer Size [8192] × Iteration Count8 × Environment [Safari]) × Model Unique [steerable-nafx]    
(Run [onnx] × Buffer Size [1024] × Iteration Count9 × Environment [Safari]) × Model Unique [steerable-nafx]    
(Run [onnx] × Buffer Size [8192] × Iteration Count9 × Environment [Safari]) × Model Unique [steerable-nafx]    

Coefficient |   SE |         95% CI |   t(4318) |      p
--------------------------------------------------------
      -6.83 | 0.01 | [-6.85, -6.81] |   -584.79 | < .001
       1.34 | 0.02 | [ 1.31,  1.37] |     81.24 | < .001
      -1.02 | 0.02 | [-1.06, -0.99] |    -61.98 | < .001
      -1.19 | 0.02 | [-1.22, -1.16] |    -72.02 | < .001
       0.07 | 0.03 | [ 0.01,  0.13] |      2.44 | 0.015 
  -6.29e-03 | 0.03 | [-0.06,  0.05] |     -0.22 | 0.827 
  -9.52e-04 | 0.03 | [-0.06,  0.06] |     -0.03 | 0.974 
  -9.80e-03 | 0.03 | [-0.07,  0.05] |     -0.34 | 0.734 
  -9.93e-03 | 0.03 | [-0.07,  0.05] |     -0.34 | 0.730 
  -7.07e-03 | 0.03 | [-0.06,  0.05] |     -0.25 | 0.806 
  -8.23e-03 | 0.03 | [-0.06,  0.05] |     -0.29 | 0.775 
      -0.01 | 0.03 | [-0.07,  0.05] |     -0.37 | 0.712 
  -5.97e-03 | 0.03 | [-0.06,  0.05] |     -0.21 | 0.836 
       0.11 | 0.02 | [ 0.08,  0.15] |      6.90 | < .001
      -0.01 | 0.02 | [-0.04,  0.02] |     -0.74 | 0.458 
       0.16 | 0.02 | [ 0.13,  0.19] |      9.84 | < .001
      -0.04 | 0.02 | [-0.08, -0.01] |     -2.72 | 0.007 
       0.79 | 0.02 | [ 0.75,  0.84] |     33.92 | < .001
       0.94 | 0.02 | [ 0.89,  0.98] |     40.13 | < .001
       0.06 | 0.04 | [-0.02,  0.14] |      1.41 | 0.158 
  -8.87e-03 | 0.04 | [-0.09,  0.07] |     -0.22 | 0.828 
      -0.02 | 0.04 | [-0.10,  0.06] |     -0.41 | 0.685 
   1.09e-03 | 0.04 | [-0.08,  0.08] |      0.03 | 0.979 
  -3.69e-03 | 0.04 | [-0.08,  0.08] |     -0.09 | 0.928 
  -1.16e-03 | 0.04 | [-0.08,  0.08] |     -0.03 | 0.977 
  -8.58e-03 | 0.04 | [-0.09,  0.07] |     -0.21 | 0.833 
  -4.31e-03 | 0.04 | [-0.08,  0.08] |     -0.11 | 0.916 
  -8.72e-03 | 0.04 | [-0.09,  0.07] |     -0.21 | 0.830 
       1.02 | 0.02 | [ 0.97,  1.06] |     43.54 | < .001
       0.62 | 0.02 | [ 0.58,  0.67] |     26.61 | < .001
       0.44 | 0.02 | [ 0.39,  0.48] |     18.62 | < .001
       2.94 | 0.02 | [ 2.90,  2.99] |    125.93 | < .001
      -0.03 | 0.04 | [-0.11,  0.05] |     -0.83 | 0.404 
      -0.06 | 0.04 | [-0.14,  0.02] |     -1.52 | 0.129 
   2.32e-03 | 0.04 | [-0.08,  0.08] |      0.06 | 0.955 
   3.63e-03 | 0.04 | [-0.08,  0.08] |      0.09 | 0.929 
  -4.79e-03 | 0.04 | [-0.08,  0.08] |     -0.12 | 0.906 
   9.04e-06 | 0.04 | [-0.08,  0.08] |  2.22e-04 | > .999
   2.61e-03 | 0.04 | [-0.08,  0.08] |      0.06 | 0.949 
   7.65e-03 | 0.04 | [-0.07,  0.09] |      0.19 | 0.851 
   9.15e-03 | 0.04 | [-0.07,  0.09] |      0.22 | 0.822 
       0.02 | 0.04 | [-0.06,  0.10] |      0.41 | 0.685 
   2.27e-03 | 0.04 | [-0.08,  0.08] |      0.06 | 0.955 
       0.01 | 0.04 | [-0.07,  0.09] |      0.33 | 0.744 
   7.61e-03 | 0.04 | [-0.07,  0.09] |      0.19 | 0.852 
   4.11e-03 | 0.04 | [-0.08,  0.08] |      0.10 | 0.920 
       0.01 | 0.04 | [-0.07,  0.09] |      0.26 | 0.793 
       0.01 | 0.04 | [-0.07,  0.09] |      0.26 | 0.797 
  -3.10e-03 | 0.04 | [-0.08,  0.08] |     -0.08 | 0.939 
   1.84e-03 | 0.04 | [-0.08,  0.08] |      0.05 | 0.964 
       0.82 | 0.02 | [ 0.77,  0.86] |     34.99 | < .001
       0.95 | 0.02 | [ 0.91,  1.00] |     40.76 | < .001
       0.56 | 0.02 | [ 0.52,  0.61] |     24.17 | < .001
       0.64 | 0.02 | [ 0.60,  0.69] |     27.49 | < .001
       0.33 | 0.02 | [ 0.29,  0.38] |     14.32 | < .001
       0.30 | 0.02 | [ 0.25,  0.34] |     12.67 | < .001
      -1.06 | 0.02 | [-1.10, -1.01] |    -45.26 | < .001
      -3.07 | 0.02 | [-3.12, -3.03] |   -131.57 | < .001
       0.46 | 0.04 | [ 0.38,  0.54] |     11.23 | < .001
      -0.05 | 0.04 | [-0.13,  0.03] |     -1.23 | 0.219 
      -0.04 | 0.04 | [-0.12,  0.04] |     -1.00 | 0.316 
      -0.05 | 0.04 | [-0.13,  0.03] |     -1.31 | 0.189 
      -0.06 | 0.04 | [-0.14,  0.02] |     -1.48 | 0.140 
      -0.06 | 0.04 | [-0.14,  0.02] |     -1.46 | 0.143 
      -0.05 | 0.04 | [-0.13,  0.02] |     -1.35 | 0.177 
      -0.04 | 0.04 | [-0.12,  0.04] |     -0.96 | 0.335 
      -0.05 | 0.04 | [-0.13,  0.03] |     -1.24 | 0.215 
       0.46 | 0.04 | [ 0.38,  0.54] |     11.35 | < .001
      -0.06 | 0.04 | [-0.14,  0.02] |     -1.51 | 0.132 
      -0.10 | 0.04 | [-0.18, -0.02] |     -2.40 | 0.017 
      -0.01 | 0.04 | [-0.09,  0.07] |     -0.29 | 0.775 
      -0.06 | 0.04 | [-0.14,  0.02] |     -1.42 | 0.156 
      -0.06 | 0.04 | [-0.14,  0.02] |     -1.49 | 0.137 
      -0.07 | 0.04 | [-0.15,  0.00] |     -1.84 | 0.066 
      -0.01 | 0.04 | [-0.09,  0.07] |     -0.27 | 0.791 
      -0.06 | 0.04 | [-0.14,  0.02] |     -1.52 | 0.130 
       1.21 | 0.04 | [ 1.13,  1.29] |     29.62 | < .001
      -0.08 | 0.04 | [-0.16,  0.00] |     -1.87 | 0.062 
      -0.18 | 0.04 | [-0.26, -0.10] |     -4.47 | < .001
      -0.12 | 0.04 | [-0.20, -0.04] |     -2.93 | 0.003 
      -0.14 | 0.04 | [-0.22, -0.06] |     -3.54 | < .001
      -0.12 | 0.04 | [-0.20, -0.04] |     -2.92 | 0.004 
      -0.15 | 0.04 | [-0.23, -0.07] |     -3.58 | < .001
      -0.10 | 0.04 | [-0.18, -0.03] |     -2.58 | 0.010 
      -0.18 | 0.04 | [-0.26, -0.10] |     -4.43 | < .001
      -0.02 | 0.04 | [-0.10,  0.06] |     -0.39 | 0.693 
  -3.51e-04 | 0.04 | [-0.08,  0.08] | -8.62e-03 | 0.993 
  -5.62e-03 | 0.04 | [-0.09,  0.07] |     -0.14 | 0.890 
   5.82e-03 | 0.04 | [-0.07,  0.09] |      0.14 | 0.886 
   4.98e-03 | 0.04 | [-0.07,  0.08] |      0.12 | 0.903 
   7.33e-04 | 0.04 | [-0.08,  0.08] |      0.02 | 0.986 
  -9.88e-04 | 0.04 | [-0.08,  0.08] |     -0.02 | 0.981 
   3.25e-03 | 0.04 | [-0.08,  0.08] |      0.08 | 0.936 
   2.07e-03 | 0.04 | [-0.08,  0.08] |      0.05 | 0.960 
      -0.26 | 0.02 | [-0.31, -0.21] |    -11.11 | < .001
      -0.09 | 0.02 | [-0.14, -0.05] |     -3.97 | < .001
      -0.19 | 0.02 | [-0.24, -0.15] |     -8.33 | < .001
      -0.07 | 0.06 | [-0.19,  0.04] |     -1.29 | 0.199 
      -0.05 | 0.06 | [-0.17,  0.06] |     -0.95 | 0.341 
   9.50e-03 | 0.06 | [-0.10,  0.12] |      0.16 | 0.869 
       0.01 | 0.06 | [-0.10,  0.12] |      0.19 | 0.850 
       0.02 | 0.06 | [-0.09,  0.13] |      0.37 | 0.710 
       0.02 | 0.06 | [-0.10,  0.13] |      0.29 | 0.772 
   3.54e-03 | 0.06 | [-0.11,  0.12] |      0.06 | 0.951 
   5.60e-04 | 0.06 | [-0.11,  0.11] |  9.72e-03 | 0.992 
   3.93e-03 | 0.06 | [-0.11,  0.12] |      0.07 | 0.946 
  -5.16e-03 | 0.06 | [-0.12,  0.11] |     -0.09 | 0.929 
   3.40e-03 | 0.06 | [-0.11,  0.12] |      0.06 | 0.953 
  -7.25e-03 | 0.06 | [-0.12,  0.11] |     -0.13 | 0.900 
   6.25e-03 | 0.06 | [-0.11,  0.12] |      0.11 | 0.914 
       0.01 | 0.06 | [-0.10,  0.12] |      0.19 | 0.847 
   1.60e-03 | 0.06 | [-0.11,  0.11] |      0.03 | 0.978 
   4.54e-03 | 0.06 | [-0.11,  0.12] |      0.08 | 0.937 
       0.02 | 0.06 | [-0.10,  0.13] |      0.27 | 0.790 
       0.01 | 0.06 | [-0.10,  0.12] |      0.19 | 0.847 
      -0.68 | 0.03 | [-0.75, -0.62] |    -20.65 | < .001
      -0.80 | 0.03 | [-0.87, -0.74] |    -24.33 | < .001
      -0.54 | 0.03 | [-0.61, -0.48] |    -16.48 | < .001
      -0.61 | 0.03 | [-0.68, -0.55] |    -18.55 | < .001
      -0.39 | 0.03 | [-0.46, -0.33] |    -11.94 | < .001
      -0.39 | 0.03 | [-0.45, -0.32] |    -11.70 | < .001
      -0.72 | 0.03 | [-0.79, -0.66] |    -21.81 | < .001
      -0.32 | 0.03 | [-0.38, -0.25] |     -9.60 | < .001
      -0.40 | 0.06 | [-0.51, -0.28] |     -6.87 | < .001
       0.02 | 0.06 | [-0.09,  0.14] |      0.39 | 0.698 
       0.02 | 0.06 | [-0.09,  0.13] |      0.33 | 0.744 
       0.02 | 0.06 | [-0.10,  0.13] |      0.27 | 0.784 
       0.02 | 0.06 | [-0.09,  0.14] |      0.41 | 0.682 
       0.02 | 0.06 | [-0.09,  0.13] |      0.36 | 0.718 
       0.05 | 0.06 | [-0.07,  0.16] |      0.80 | 0.427 
       0.02 | 0.06 | [-0.09,  0.13] |      0.38 | 0.704 
       0.09 | 0.06 | [-0.02,  0.20] |      1.58 | 0.115 
      -0.38 | 0.06 | [-0.49, -0.27] |     -6.63 | < .001
       0.06 | 0.06 | [-0.06,  0.17] |      0.97 | 0.333 
       0.09 | 0.06 | [-0.02,  0.21] |      1.63 | 0.104 
   3.29e-03 | 0.06 | [-0.11,  0.12] |      0.06 | 0.954 
       0.06 | 0.06 | [-0.05,  0.18] |      1.12 | 0.262 
       0.05 | 0.06 | [-0.06,  0.16] |      0.89 | 0.371 
       0.06 | 0.06 | [-0.05,  0.18] |      1.09 | 0.275 
  -9.52e-03 | 0.06 | [-0.12,  0.10] |     -0.17 | 0.869 
       0.05 | 0.06 | [-0.07,  0.16] |      0.78 | 0.434 
      -0.88 | 0.06 | [-0.99, -0.76] |    -15.21 | < .001
       0.12 | 0.06 | [ 0.00,  0.23] |      2.02 | 0.043 
       0.21 | 0.06 | [ 0.10,  0.32] |      3.63 | < .001
       0.08 | 0.06 | [-0.03,  0.20] |      1.46 | 0.145 
       0.09 | 0.06 | [-0.02,  0.20] |      1.56 | 0.118 
       0.05 | 0.06 | [-0.06,  0.16] |      0.85 | 0.395 
       0.08 | 0.06 | [-0.04,  0.19] |      1.31 | 0.191 
       0.06 | 0.06 | [-0.05,  0.17] |      1.03 | 0.304 
       0.13 | 0.06 | [ 0.01,  0.24] |      2.18 | 0.029 
      -0.08 | 0.06 | [-0.20,  0.03] |     -1.45 | 0.146 
       0.01 | 0.06 | [-0.10,  0.12] |      0.21 | 0.834 
       0.02 | 0.06 | [-0.09,  0.13] |      0.37 | 0.712 
   9.06e-04 | 0.06 | [-0.11,  0.11] |      0.02 | 0.987 
   5.59e-03 | 0.06 | [-0.11,  0.12] |      0.10 | 0.923 
   4.60e-03 | 0.06 | [-0.11,  0.12] |      0.08 | 0.936 
       0.01 | 0.06 | [-0.10,  0.13] |      0.23 | 0.815 
       0.01 | 0.06 | [-0.10,  0.12] |      0.18 | 0.857 
   7.09e-03 | 0.06 | [-0.11,  0.12] |      0.12 | 0.902 
       0.44 | 0.03 | [ 0.38,  0.50] |     13.32 | < .001
       0.09 | 0.03 | [ 0.02,  0.15] |      2.59 | 0.010 
       0.20 | 0.03 | [ 0.13,  0.26] |      5.96 | < .001
      -0.43 | 0.06 | [-0.54, -0.31] |     -7.41 | < .001
      -0.46 | 0.06 | [-0.57, -0.35] |     -8.01 | < .001
       0.06 | 0.06 | [-0.05,  0.17] |      1.05 | 0.294 
       0.05 | 0.06 | [-0.07,  0.16] |      0.79 | 0.428 
       0.04 | 0.06 | [-0.08,  0.15] |      0.62 | 0.537 
       0.03 | 0.06 | [-0.08,  0.14] |      0.54 | 0.591 
       0.05 | 0.06 | [-0.06,  0.16] |      0.85 | 0.393 
       0.10 | 0.06 | [-0.01,  0.21] |      1.72 | 0.086 
       0.07 | 0.06 | [-0.04,  0.19] |      1.30 | 0.195 
       0.05 | 0.06 | [-0.07,  0.16] |      0.80 | 0.426 
       0.04 | 0.06 | [-0.07,  0.16] |      0.73 | 0.463 
       0.05 | 0.06 | [-0.06,  0.16] |      0.85 | 0.394 
       0.05 | 0.06 | [-0.07,  0.16] |      0.78 | 0.433 
       0.05 | 0.06 | [-0.06,  0.17] |      0.92 | 0.357 
       0.03 | 0.06 | [-0.08,  0.14] |      0.51 | 0.610 
       0.03 | 0.06 | [-0.08,  0.15] |      0.60 | 0.549 
       0.05 | 0.06 | [-0.07,  0.16] |      0.80 | 0.423 
       0.05 | 0.06 | [-0.06,  0.17] |      0.93 | 0.351 
      -0.29 | 0.06 | [-0.41, -0.18] |     -5.09 | < .001
      -0.45 | 0.06 | [-0.56, -0.34] |     -7.78 | < .001
       0.02 | 0.06 | [-0.09,  0.14] |      0.38 | 0.701 
       0.04 | 0.06 | [-0.07,  0.16] |      0.75 | 0.452 
       0.09 | 0.06 | [-0.02,  0.20] |      1.56 | 0.120 
       0.09 | 0.06 | [-0.02,  0.21] |      1.63 | 0.104 
      -0.02 | 0.06 | [-0.13,  0.10] |     -0.27 | 0.784 
   3.13e-03 | 0.06 | [-0.11,  0.12] |      0.05 | 0.957 
       0.07 | 0.06 | [-0.05,  0.18] |      1.16 | 0.247 
       0.04 | 0.06 | [-0.07,  0.16] |      0.77 | 0.444 
   6.21e-03 | 0.06 | [-0.11,  0.12] |      0.11 | 0.914 
       0.05 | 0.06 | [-0.06,  0.16] |      0.90 | 0.370 
       0.04 | 0.06 | [-0.07,  0.15] |      0.72 | 0.471 
       0.10 | 0.06 | [-0.01,  0.21] |      1.76 | 0.079 
       0.01 | 0.06 | [-0.10,  0.13] |      0.22 | 0.826 
       0.01 | 0.06 | [-0.10,  0.13] |      0.26 | 0.796 
       0.06 | 0.06 | [-0.06,  0.17] |      0.99 | 0.324 
       0.07 | 0.06 | [-0.05,  0.18] |      1.16 | 0.247 
      -0.77 | 0.06 | [-0.88, -0.66] |    -13.40 | < .001
      -1.11 | 0.06 | [-1.22, -0.99] |    -19.22 | < .001
       0.02 | 0.06 | [-0.10,  0.13] |      0.31 | 0.758 
       0.08 | 0.06 | [-0.03,  0.19] |      1.37 | 0.171 
       0.14 | 0.06 | [ 0.02,  0.25] |      2.38 | 0.017 
       0.19 | 0.06 | [ 0.08,  0.31] |      3.36 | < .001
       0.07 | 0.06 | [-0.04,  0.18] |      1.22 | 0.222 
       0.10 | 0.06 | [-0.01,  0.22] |      1.80 | 0.071 
       0.09 | 0.06 | [-0.02,  0.21] |      1.64 | 0.102 
       0.12 | 0.06 | [ 0.00,  0.23] |      2.04 | 0.042 
       0.09 | 0.06 | [-0.02,  0.21] |      1.64 | 0.101 
       0.10 | 0.06 | [-0.02,  0.21] |      1.66 | 0.097 
       0.15 | 0.06 | [ 0.03,  0.26] |      2.56 | 0.010 
       0.13 | 0.06 | [ 0.02,  0.25] |      2.33 | 0.020 
       0.02 | 0.06 | [-0.09,  0.13] |      0.34 | 0.736 
       0.09 | 0.06 | [-0.02,  0.20] |      1.59 | 0.112 
       0.12 | 0.06 | [ 0.00,  0.23] |      2.04 | 0.041 
       0.17 | 0.06 | [ 0.06,  0.28] |      2.94 | 0.003 
       0.05 | 0.06 | [-0.07,  0.16] |      0.81 | 0.420 
       0.23 | 0.06 | [ 0.11,  0.34] |      3.92 | < .001
  -3.14e-04 | 0.06 | [-0.11,  0.11] | -5.45e-03 | 0.996 
      -0.01 | 0.06 | [-0.13,  0.10] |     -0.25 | 0.806 
   2.18e-03 | 0.06 | [-0.11,  0.12] |      0.04 | 0.970 
   7.26e-03 | 0.06 | [-0.11,  0.12] |      0.13 | 0.900 
  -5.77e-03 | 0.06 | [-0.12,  0.11] |     -0.10 | 0.920 
      -0.05 | 0.06 | [-0.17,  0.06] |     -0.94 | 0.346 
      -0.01 | 0.06 | [-0.13,  0.10] |     -0.22 | 0.824 
      -0.04 | 0.06 | [-0.16,  0.07] |     -0.75 | 0.453 
  -4.21e-03 | 0.06 | [-0.12,  0.11] |     -0.07 | 0.942 
      -0.04 | 0.06 | [-0.16,  0.07] |     -0.77 | 0.444 
  -8.74e-04 | 0.06 | [-0.11,  0.11] |     -0.02 | 0.988 
       0.04 | 0.06 | [-0.08,  0.15] |      0.62 | 0.534 
      -0.01 | 0.06 | [-0.12,  0.10] |     -0.19 | 0.852 
      -0.04 | 0.06 | [-0.16,  0.07] |     -0.74 | 0.457 
  -2.18e-03 | 0.06 | [-0.12,  0.11] |     -0.04 | 0.970 
      -0.04 | 0.06 | [-0.15,  0.07] |     -0.68 | 0.495 
      -0.76 | 0.03 | [-0.82, -0.69] |    -22.87 | < .001
       0.17 | 0.03 | [ 0.10,  0.23] |      5.04 | < .001
      -0.56 | 0.03 | [-0.62, -0.49] |    -16.84 | < .001
       0.04 | 0.03 | [-0.03,  0.10] |      1.08 | 0.278 
      -0.29 | 0.03 | [-0.35, -0.22] |     -8.64 | < .001
       0.39 | 0.03 | [ 0.33,  0.46] |     11.95 | < .001
       0.34 | 0.06 | [ 0.22,  0.45] |      5.85 | < .001
      -0.02 | 0.06 | [-0.14,  0.09] |     -0.43 | 0.670 
   5.28e-04 | 0.06 | [-0.11,  0.11] |  9.16e-03 | 0.993 
      -0.05 | 0.06 | [-0.16,  0.07] |     -0.81 | 0.419 
      -0.04 | 0.06 | [-0.16,  0.07] |     -0.76 | 0.444 
      -0.02 | 0.06 | [-0.13,  0.09] |     -0.33 | 0.741 
      -0.05 | 0.06 | [-0.16,  0.07] |     -0.79 | 0.432 
      -0.07 | 0.06 | [-0.19,  0.04] |     -1.25 | 0.210 
      -0.03 | 0.06 | [-0.14,  0.08] |     -0.53 | 0.596 
       0.10 | 0.06 | [-0.01,  0.22] |      1.81 | 0.071 
       0.09 | 0.06 | [-0.02,  0.20] |      1.59 | 0.111 
   3.14e-03 | 0.06 | [-0.11,  0.12] |      0.05 | 0.957 
      -0.09 | 0.06 | [-0.20,  0.03] |     -1.48 | 0.138 
       0.02 | 0.06 | [-0.10,  0.13] |      0.28 | 0.776 
      -0.03 | 0.06 | [-0.15,  0.08] |     -0.59 | 0.554 
       0.07 | 0.06 | [-0.04,  0.19] |      1.29 | 0.197 
      -0.10 | 0.06 | [-0.21,  0.01] |     -1.75 | 0.079 
       0.04 | 0.06 | [-0.08,  0.15] |      0.65 | 0.514 
      -0.05 | 0.06 | [-0.17,  0.06] |     -0.94 | 0.349 
      -0.02 | 0.06 | [-0.13,  0.09] |     -0.32 | 0.751 
       0.11 | 0.06 | [ 0.00,  0.22] |      1.88 | 0.061 
      -0.09 | 0.06 | [-0.20,  0.03] |     -1.51 | 0.130 
      -0.12 | 0.06 | [-0.23, -0.01] |     -2.08 | 0.037 
      -0.05 | 0.06 | [-0.17,  0.06] |     -0.92 | 0.358 
       0.07 | 0.06 | [-0.04,  0.19] |      1.26 | 0.209 
       0.01 | 0.06 | [-0.10,  0.12] |      0.20 | 0.843 
       0.10 | 0.06 | [-0.01,  0.21] |      1.77 | 0.077 
       0.39 | 0.08 | [ 0.23,  0.55] |      4.77 | < .001
       0.41 | 0.08 | [ 0.25,  0.57] |      5.06 | < .001
      -0.02 | 0.08 | [-0.18,  0.14] |     -0.20 | 0.844 
      -0.02 | 0.08 | [-0.18,  0.14] |     -0.26 | 0.798 
      -0.02 | 0.08 | [-0.18,  0.14] |     -0.27 | 0.788 
      -0.01 | 0.08 | [-0.17,  0.15] |     -0.15 | 0.882 
      -0.02 | 0.08 | [-0.18,  0.14] |     -0.24 | 0.809 
      -0.06 | 0.08 | [-0.22,  0.10] |     -0.77 | 0.443 
      -0.05 | 0.08 | [-0.21,  0.11] |     -0.61 | 0.543 
  -7.85e-03 | 0.08 | [-0.17,  0.15] |     -0.10 | 0.923 
      -0.01 | 0.08 | [-0.17,  0.15] |     -0.16 | 0.872 
      -0.01 | 0.08 | [-0.17,  0.15] |     -0.14 | 0.889 
      -0.05 | 0.08 | [-0.21,  0.11] |     -0.56 | 0.577 
      -0.04 | 0.08 | [-0.20,  0.12] |     -0.54 | 0.591 
      -0.02 | 0.08 | [-0.18,  0.14] |     -0.25 | 0.806 
      -0.02 | 0.08 | [-0.18,  0.14] |     -0.25 | 0.802 
      -0.10 | 0.08 | [-0.25,  0.06] |     -1.17 | 0.243 
      -0.09 | 0.08 | [-0.25,  0.07] |     -1.16 | 0.247 
       0.26 | 0.08 | [ 0.10,  0.42] |      3.18 | 0.001 
       0.38 | 0.08 | [ 0.22,  0.54] |      4.69 | < .001
      -0.02 | 0.08 | [-0.18,  0.14] |     -0.20 | 0.840 
      -0.04 | 0.08 | [-0.20,  0.12] |     -0.50 | 0.617 
      -0.09 | 0.08 | [-0.25,  0.07] |     -1.11 | 0.266 
      -0.10 | 0.08 | [-0.26,  0.06] |     -1.19 | 0.234 
       0.02 | 0.08 | [-0.14,  0.18] |      0.19 | 0.850 
   2.51e-03 | 0.08 | [-0.16,  0.16] |      0.03 | 0.975 
      -0.09 | 0.08 | [-0.25,  0.07] |     -1.07 | 0.285 
      -0.06 | 0.08 | [-0.22,  0.10] |     -0.73 | 0.468 
       0.01 | 0.08 | [-0.15,  0.17] |      0.18 | 0.859 
      -0.04 | 0.08 | [-0.20,  0.12] |     -0.53 | 0.595 
      -0.03 | 0.08 | [-0.19,  0.13] |     -0.42 | 0.676 
      -0.09 | 0.08 | [-0.25,  0.07] |     -1.06 | 0.287 
  -3.20e-04 | 0.08 | [-0.16,  0.16] | -3.92e-03 | 0.997 
   2.36e-03 | 0.08 | [-0.16,  0.16] |      0.03 | 0.977 
      -0.05 | 0.08 | [-0.20,  0.11] |     -0.55 | 0.579 
      -0.05 | 0.08 | [-0.21,  0.11] |     -0.57 | 0.567 
       0.59 | 0.08 | [ 0.43,  0.75] |      7.23 | < .001
       0.85 | 0.08 | [ 0.69,  1.01] |     10.41 | < .001
      -0.03 | 0.08 | [-0.19,  0.13] |     -0.42 | 0.675 
      -0.13 | 0.08 | [-0.29,  0.03] |     -1.58 | 0.114 
      -0.18 | 0.08 | [-0.34, -0.02] |     -2.17 | 0.030 
      -0.23 | 0.08 | [-0.39, -0.07] |     -2.77 | 0.006 
      -0.05 | 0.08 | [-0.21,  0.11] |     -0.66 | 0.512 
      -0.08 | 0.08 | [-0.24,  0.08] |     -0.94 | 0.348 
      -0.06 | 0.08 | [-0.22,  0.09] |     -0.80 | 0.425 
      -0.07 | 0.08 | [-0.23,  0.09] |     -0.89 | 0.374 
      -0.05 | 0.08 | [-0.21,  0.11] |     -0.57 | 0.572 
      -0.03 | 0.08 | [-0.19,  0.13] |     -0.41 | 0.685 
      -0.09 | 0.08 | [-0.25,  0.07] |     -1.16 | 0.245 
      -0.07 | 0.08 | [-0.23,  0.09] |     -0.82 | 0.411 
   8.17e-04 | 0.08 | [-0.16,  0.16] |      0.01 | 0.992 
      -0.06 | 0.08 | [-0.22,  0.10] |     -0.71 | 0.477 
      -0.09 | 0.08 | [-0.25,  0.07] |     -1.06 | 0.289 
      -0.12 | 0.08 | [-0.28,  0.04] |     -1.47 | 0.142 
       0.05 | 0.08 | [-0.11,  0.21] |      0.61 | 0.539 
      -0.12 | 0.08 | [-0.28,  0.04] |     -1.49 | 0.136 
  -9.66e-03 | 0.08 | [-0.17,  0.15] |     -0.12 | 0.906 
   6.75e-04 | 0.08 | [-0.16,  0.16] |  8.29e-03 | 0.993 
      -0.02 | 0.08 | [-0.18,  0.14] |     -0.24 | 0.812 
      -0.02 | 0.08 | [-0.18,  0.14] |     -0.28 | 0.780 
   1.06e-03 | 0.08 | [-0.16,  0.16] |      0.01 | 0.990 
       0.05 | 0.08 | [-0.11,  0.21] |      0.57 | 0.571 
   2.61e-04 | 0.08 | [-0.16,  0.16] |  3.21e-03 | 0.997 
       0.03 | 0.08 | [-0.13,  0.19] |      0.40 | 0.688 
  -3.38e-04 | 0.08 | [-0.16,  0.16] | -4.15e-03 | 0.997 
       0.04 | 0.08 | [-0.12,  0.20] |      0.49 | 0.625 
      -0.01 | 0.08 | [-0.17,  0.15] |     -0.13 | 0.900 
      -0.05 | 0.08 | [-0.21,  0.11] |     -0.60 | 0.550 
  -2.61e-03 | 0.08 | [-0.16,  0.16] |     -0.03 | 0.974 
       0.03 | 0.08 | [-0.13,  0.19] |      0.34 | 0.737 
  -6.09e-03 | 0.08 | [-0.17,  0.15] |     -0.07 | 0.940 
       0.03 | 0.08 | [-0.13,  0.19] |      0.37 | 0.713 
       0.62 | 0.05 | [ 0.53,  0.71] |     13.27 | < .001
      -0.32 | 0.05 | [-0.41, -0.22] |     -6.77 | < .001
       0.54 | 0.05 | [ 0.45,  0.63] |     11.58 | < .001
      -0.04 | 0.05 | [-0.13,  0.05] |     -0.89 | 0.372 
       0.35 | 0.05 | [ 0.26,  0.44] |      7.54 | < .001
      -0.29 | 0.05 | [-0.38, -0.20] |     -6.20 | < .001
      -0.38 | 0.08 | [-0.54, -0.22] |     -4.64 | < .001
       0.05 | 0.08 | [-0.11,  0.21] |      0.62 | 0.538 
       0.02 | 0.08 | [-0.14,  0.17] |      0.19 | 0.852 
       0.08 | 0.08 | [-0.08,  0.24] |      0.97 | 0.332 
       0.09 | 0.08 | [-0.07,  0.25] |      1.10 | 0.270 
       0.05 | 0.08 | [-0.11,  0.21] |      0.67 | 0.504 
       0.05 | 0.08 | [-0.11,  0.21] |      0.63 | 0.525 
       0.09 | 0.08 | [-0.07,  0.25] |      1.06 | 0.289 
      -0.01 | 0.08 | [-0.17,  0.15] |     -0.16 | 0.871 
      -0.19 | 0.08 | [-0.35, -0.03] |     -2.28 | 0.022 
      -0.08 | 0.08 | [-0.24,  0.08] |     -1.01 | 0.313 
   2.05e-03 | 0.08 | [-0.16,  0.16] |      0.03 | 0.980 
       0.09 | 0.08 | [-0.07,  0.25] |      1.11 | 0.269 
      -0.03 | 0.08 | [-0.19,  0.13] |     -0.35 | 0.727 
       0.04 | 0.08 | [-0.12,  0.20] |      0.43 | 0.664 
      -0.06 | 0.08 | [-0.22,  0.10] |     -0.79 | 0.428 
       0.13 | 0.08 | [-0.03,  0.29] |      1.64 | 0.101 
      -0.02 | 0.08 | [-0.18,  0.14] |     -0.20 | 0.838 
      -0.22 | 0.08 | [-0.38, -0.06] |     -2.72 | 0.007 
      -0.03 | 0.08 | [-0.19,  0.13] |     -0.34 | 0.732 
      -0.14 | 0.08 | [-0.30,  0.02] |     -1.74 | 0.082 
       0.11 | 0.08 | [-0.05,  0.27] |      1.39 | 0.163 
       0.17 | 0.08 | [ 0.01,  0.33] |      2.05 | 0.041 
       0.12 | 0.08 | [-0.04,  0.28] |      1.42 | 0.155 
  -5.55e-03 | 0.08 | [-0.17,  0.15] |     -0.07 | 0.946 
       0.03 | 0.08 | [-0.13,  0.19] |      0.32 | 0.747 
      -0.05 | 0.08 | [-0.21,  0.11] |     -0.61 | 0.543 
       0.27 | 0.08 | [ 0.11,  0.42] |      3.26 | 0.001 
      -0.19 | 0.08 | [-0.35, -0.03] |     -2.32 | 0.020 
      -0.07 | 0.08 | [-0.23,  0.09] |     -0.87 | 0.384 
       0.11 | 0.08 | [-0.05,  0.27] |      1.34 | 0.180 
      -0.08 | 0.08 | [-0.24,  0.08] |     -0.98 | 0.326 
      -0.06 | 0.08 | [-0.22,  0.10] |     -0.68 | 0.494 
      -0.03 | 0.08 | [-0.19,  0.13] |     -0.40 | 0.691 
       0.01 | 0.08 | [-0.15,  0.17] |      0.13 | 0.899 
      -0.05 | 0.08 | [-0.21,  0.11] |     -0.63 | 0.528 
       0.04 | 0.08 | [-0.12,  0.20] |      0.54 | 0.589 
       0.02 | 0.08 | [-0.14,  0.18] |      0.27 | 0.787 
       0.02 | 0.08 | [-0.14,  0.18] |      0.19 | 0.847 
      -0.04 | 0.08 | [-0.20,  0.12] |     -0.45 | 0.655 
      -0.03 | 0.08 | [-0.19,  0.13] |     -0.40 | 0.688 
       0.07 | 0.08 | [-0.09,  0.23] |      0.90 | 0.366 
       0.05 | 0.08 | [-0.11,  0.21] |      0.60 | 0.550 
      -0.05 | 0.08 | [-0.21,  0.10] |     -0.67 | 0.502 
       0.01 | 0.08 | [-0.15,  0.17] |      0.16 | 0.875 
       0.36 | 0.08 | [ 0.20,  0.52] |      4.36 | < .001
       0.09 | 0.08 | [-0.07,  0.25] |      1.14 | 0.252 
      -0.14 | 0.08 | [-0.30,  0.02] |     -1.68 | 0.093 
      -0.13 | 0.08 | [-0.29,  0.03] |     -1.54 | 0.123 
      -0.06 | 0.08 | [-0.22,  0.10] |     -0.70 | 0.485 
      -0.07 | 0.08 | [-0.23,  0.09] |     -0.86 | 0.389 
       0.03 | 0.08 | [-0.13,  0.19] |      0.38 | 0.704 
       0.13 | 0.08 | [-0.03,  0.29] |      1.64 | 0.101 
      -0.11 | 0.08 | [-0.27,  0.05] |     -1.30 | 0.194 
  -8.15e-03 | 0.08 | [-0.17,  0.15] |     -0.10 | 0.920 
   7.69e-03 | 0.08 | [-0.15,  0.17] |      0.09 | 0.925 
       0.03 | 0.08 | [-0.13,  0.19] |      0.39 | 0.699 
      -0.08 | 0.08 | [-0.24,  0.08] |     -0.93 | 0.354 
      -0.20 | 0.08 | [-0.36, -0.04] |     -2.46 | 0.014 
       0.04 | 0.08 | [-0.12,  0.20] |      0.44 | 0.659 
       0.07 | 0.08 | [-0.09,  0.23] |      0.85 | 0.397 
      -0.13 | 0.08 | [-0.29,  0.03] |     -1.61 | 0.109 
      -0.03 | 0.08 | [-0.19,  0.13] |     -0.35 | 0.725 
       0.85 | 0.08 | [ 0.69,  1.01] |     10.44 | < .001
       0.55 | 0.08 | [ 0.39,  0.71] |      6.76 | < .001
       0.04 | 0.08 | [-0.12,  0.20] |      0.44 | 0.660 
      -0.04 | 0.08 | [-0.20,  0.12] |     -0.50 | 0.620 
      -0.18 | 0.08 | [-0.34, -0.02] |     -2.17 | 0.030 
      -0.18 | 0.08 | [-0.34, -0.02] |     -2.18 | 0.030 
  -7.96e-03 | 0.08 | [-0.17,  0.15] |     -0.10 | 0.922 
       0.05 | 0.08 | [-0.11,  0.21] |      0.61 | 0.542 
       0.03 | 0.08 | [-0.13,  0.19] |      0.34 | 0.737 
       0.07 | 0.08 | [-0.09,  0.23] |      0.81 | 0.416 
      -0.12 | 0.08 | [-0.28,  0.04] |     -1.44 | 0.149 
       0.02 | 0.08 | [-0.14,  0.18] |      0.26 | 0.797 
      -0.17 | 0.08 | [-0.33, -0.01] |     -2.13 | 0.033 
      -0.19 | 0.08 | [-0.34, -0.03] |     -2.27 | 0.023 
      -0.14 | 0.08 | [-0.30,  0.02] |     -1.76 | 0.078 
      -0.02 | 0.08 | [-0.18,  0.14] |     -0.30 | 0.767 
      -0.21 | 0.08 | [-0.37, -0.05] |     -2.63 | 0.009 
      -0.16 | 0.08 | [-0.32,  0.00] |     -2.00 | 0.045 
      -0.23 | 0.12 | [-0.46, -0.01] |     -2.03 | 0.042 
       0.24 | 0.12 | [ 0.01,  0.46] |      2.05 | 0.040 
       0.03 | 0.12 | [-0.20,  0.25] |      0.24 | 0.807 
      -0.13 | 0.12 | [-0.36,  0.09] |     -1.17 | 0.244 
       0.07 | 0.12 | [-0.16,  0.30] |      0.61 | 0.541 
       0.05 | 0.12 | [-0.18,  0.28] |      0.44 | 0.661 
   8.96e-03 | 0.12 | [-0.22,  0.23] |      0.08 | 0.938 
      -0.04 | 0.12 | [-0.27,  0.18] |     -0.38 | 0.704 
       0.02 | 0.12 | [-0.20,  0.25] |      0.18 | 0.856 
      -0.09 | 0.12 | [-0.32,  0.13] |     -0.80 | 0.421 
      -0.05 | 0.12 | [-0.28,  0.18] |     -0.44 | 0.660 
      -0.06 | 0.12 | [-0.28,  0.17] |     -0.48 | 0.633 
       0.04 | 0.12 | [-0.19,  0.26] |      0.31 | 0.756 
       0.02 | 0.12 | [-0.20,  0.25] |      0.21 | 0.833 
      -0.08 | 0.12 | [-0.31,  0.14] |     -0.72 | 0.475 
      -0.06 | 0.12 | [-0.29,  0.16] |     -0.56 | 0.578 
       0.10 | 0.12 | [-0.12,  0.33] |      0.90 | 0.370 
       0.03 | 0.12 | [-0.20,  0.25] |      0.23 | 0.816 
      -0.31 | 0.12 | [-0.54, -0.09] |     -2.71 | 0.007 
      -0.02 | 0.12 | [-0.25,  0.20] |     -0.19 | 0.848 
       0.14 | 0.12 | [-0.09,  0.36] |      1.19 | 0.236 
       0.14 | 0.12 | [-0.09,  0.36] |      1.20 | 0.232 
       0.06 | 0.12 | [-0.16,  0.29] |      0.55 | 0.580 
       0.07 | 0.12 | [-0.16,  0.29] |      0.58 | 0.562 
      -0.03 | 0.12 | [-0.26,  0.19] |     -0.29 | 0.771 
      -0.14 | 0.12 | [-0.37,  0.08] |     -1.23 | 0.220 
       0.12 | 0.12 | [-0.10,  0.35] |      1.08 | 0.278 
       0.03 | 0.12 | [-0.19,  0.26] |      0.29 | 0.769 
      -0.03 | 0.12 | [-0.25,  0.20] |     -0.23 | 0.821 
      -0.03 | 0.12 | [-0.26,  0.20] |     -0.26 | 0.798 
       0.07 | 0.12 | [-0.16,  0.29] |      0.58 | 0.563 
       0.18 | 0.12 | [-0.04,  0.41] |      1.60 | 0.109 
      -0.06 | 0.12 | [-0.28,  0.17] |     -0.50 | 0.619 
      -0.10 | 0.12 | [-0.33,  0.12] |     -0.90 | 0.366 
       0.11 | 0.12 | [-0.11,  0.34] |      1.00 | 0.319 
  -1.69e-03 | 0.12 | [-0.23,  0.22] |     -0.01 | 0.988 
      -0.65 | 0.12 | [-0.87, -0.42] |     -5.60 | < .001
      -0.29 | 0.12 | [-0.51, -0.06] |     -2.49 | 0.013 
      -0.02 | 0.12 | [-0.25,  0.20] |     -0.18 | 0.855 
       0.09 | 0.12 | [-0.14,  0.32] |      0.79 | 0.431 
       0.22 | 0.12 | [-0.01,  0.44] |      1.89 | 0.059 
       0.21 | 0.12 | [-0.01,  0.44] |      1.83 | 0.067 
      -0.01 | 0.12 | [-0.24,  0.21] |     -0.11 | 0.915 
      -0.08 | 0.12 | [-0.30,  0.15] |     -0.66 | 0.510 
      -0.06 | 0.12 | [-0.28,  0.17] |     -0.50 | 0.619 
      -0.11 | 0.12 | [-0.34,  0.12] |     -0.95 | 0.343 
       0.07 | 0.12 | [-0.16,  0.29] |      0.58 | 0.564 
      -0.08 | 0.12 | [-0.31,  0.14] |     -0.73 | 0.468 
       0.12 | 0.12 | [-0.11,  0.34] |      1.02 | 0.307 
       0.11 | 0.12 | [-0.11,  0.34] |      0.99 | 0.323 
       0.12 | 0.12 | [-0.10,  0.35] |      1.07 | 0.283 
  -7.32e-03 | 0.12 | [-0.23,  0.22] |     -0.06 | 0.949 
       0.18 | 0.12 | [-0.05,  0.40] |      1.53 | 0.126 
       0.11 | 0.12 | [-0.12,  0.33] |      0.95 | 0.344 

# Random Effects

Parameter                        | Coefficient
----------------------------------------------
SD (Intercept: Repetition.Index) |        0.02
SD (Residual)                    |        0.10

Uncertainty intervals (equal-tailed) and p-values (two-tailed) computed
  using a Wald t-distribution approximation.

The model has a log-transformed response variable. Consider using
  `exponentiate = TRUE` to interpret coefficients as ratios.
Warning message:
The table contains very wide columns that don't fit into the available
  display-width of the console. Splitting tables into multiple parts did
  not have the desired effect. 
Warning messages:
1: Log-likelihood is corrected for models with transformed response.
  However, this ignores `REML=TRUE`. Log-likelihood value is probably
  inaccurate. 
2: Log-likelihood is corrected for models with transformed response.
  However, this ignores `REML=TRUE`. Log-likelihood value is probably
  inaccurate. 
# Indices of model performance

AIC      |     AICc |      BIC | R2 (cond.) | R2 (marg.) |   ICC |  RMSE | Sigma
--------------------------------------------------------------------------------
-65384.3 | -65276.4 | -62262.7 |      0.998 |      0.998 | 0.046 | 0.090 | 0.096
# R2 for Mixed Models

  Conditional R2: 0.998
     Marginal R2: 0.998
Type III Analysis of Variance Table with Kenward-Roger's method
                                                          Sum Sq Mean Sq NumDF
Run                                                      10361.5 10361.5     1
Buffer.Size                                               2307.8  1153.9     2
Iteration.Count                                             36.5     4.1     9
Environment                                                308.2   102.7     3
Model.Unique                                                38.4    38.4     1
Run:Buffer.Size                                              9.8     4.9     2
Run:Iteration.Count                                         17.7     2.0     9
Run:Environment                                             65.4    21.8     3
Run:Model.Unique                                          1643.8  1643.8     1
Buffer.Size:Iteration.Count                                  5.8     0.3    18
Buffer.Size:Environment                                     21.8     3.6     6
Buffer.Size:Model.Unique                                  1352.2   676.1     2
Iteration.Count:Environment                                 14.2     0.5    27
Iteration.Count:Model.Unique                                 2.2     0.2     9
Environment:Model.Unique                                     4.3     1.4     3
Run:Buffer.Size:Iteration.Count                              1.9     0.1    18
Run:Buffer.Size:Environment                                 16.4     2.7     6
Run:Buffer.Size:Model.Unique                                 8.2     4.1     2
Run:Iteration.Count:Environment                              7.4     0.3    27
Run:Iteration.Count:Model.Unique                             5.7     0.6     9
Run:Environment:Model.Unique                                 7.5     2.5     3
Buffer.Size:Iteration.Count:Environment                      2.9     0.1    54
Buffer.Size:Iteration.Count:Model.Unique                     2.4     0.1    18
Buffer.Size:Environment:Model.Unique                         6.2     1.0     6
Iteration.Count:Environment:Model.Unique                     0.7     0.0    27
Run:Buffer.Size:Iteration.Count:Environment                  1.8     0.0    54
Run:Buffer.Size:Iteration.Count:Model.Unique                 0.4     0.0    18
Run:Buffer.Size:Environment:Model.Unique                     4.3     0.7     6
Run:Iteration.Count:Environment:Model.Unique                 1.4     0.1    27
Buffer.Size:Iteration.Count:Environment:Model.Unique         1.4     0.0    54
Run:Buffer.Size:Iteration.Count:Environment:Model.Unique     0.7     0.0    54
                                                         DenDF    F value
Run                                                        432 1.1248e+06
Buffer.Size                                                432 1.2526e+05
Iteration.Count                                           3888 4.4082e+02
Environment                                                432 1.1151e+04
Model.Unique                                               432 4.1702e+03
Run:Buffer.Size                                            432 5.3134e+02
Run:Iteration.Count                                       3888 2.1296e+02
Run:Environment                                            432 2.3648e+03
Run:Model.Unique                                           432 1.7844e+05
Buffer.Size:Iteration.Count                               3888 3.4823e+01
Buffer.Size:Environment                                    432 3.9390e+02
Buffer.Size:Model.Unique                                   432 7.3393e+04
Iteration.Count:Environment                               3888 5.7092e+01
Iteration.Count:Model.Unique                              3888 2.6571e+01
Environment:Model.Unique                                   432 1.5618e+02
Run:Buffer.Size:Iteration.Count                           3888 1.1341e+01
Run:Buffer.Size:Environment                                432 2.9699e+02
Run:Buffer.Size:Model.Unique                               432 4.4621e+02
Run:Iteration.Count:Environment                           3888 2.9950e+01
Run:Iteration.Count:Model.Unique                          3888 6.8173e+01
Run:Environment:Model.Unique                               432 2.7196e+02
Buffer.Size:Iteration.Count:Environment                   3888 5.8306e+00
Buffer.Size:Iteration.Count:Model.Unique                  3888 1.4391e+01
Buffer.Size:Environment:Model.Unique                       432 1.1190e+02
Iteration.Count:Environment:Model.Unique                  3888 2.7915e+00
Run:Buffer.Size:Iteration.Count:Environment               3888 3.5895e+00
Run:Buffer.Size:Iteration.Count:Model.Unique              3888 2.4405e+00
Run:Buffer.Size:Environment:Model.Unique                   432 7.8459e+01
Run:Iteration.Count:Environment:Model.Unique              3888 5.4871e+00
Buffer.Size:Iteration.Count:Environment:Model.Unique      3888 2.8480e+00
Run:Buffer.Size:Iteration.Count:Environment:Model.Unique  3888 1.4378e+00
                                                            Pr(>F)    
Run                                                      < 2.2e-16 ***
Buffer.Size                                              < 2.2e-16 ***
Iteration.Count                                          < 2.2e-16 ***
Environment                                              < 2.2e-16 ***
Model.Unique                                             < 2.2e-16 ***
Run:Buffer.Size                                          < 2.2e-16 ***
Run:Iteration.Count                                      < 2.2e-16 ***
Run:Environment                                          < 2.2e-16 ***
Run:Model.Unique                                         < 2.2e-16 ***
Buffer.Size:Iteration.Count                              < 2.2e-16 ***
Buffer.Size:Environment                                  < 2.2e-16 ***
Buffer.Size:Model.Unique                                 < 2.2e-16 ***
Iteration.Count:Environment                              < 2.2e-16 ***
Iteration.Count:Model.Unique                             < 2.2e-16 ***
Environment:Model.Unique                                 < 2.2e-16 ***
Run:Buffer.Size:Iteration.Count                          < 2.2e-16 ***
Run:Buffer.Size:Environment                              < 2.2e-16 ***
Run:Buffer.Size:Model.Unique                             < 2.2e-16 ***
Run:Iteration.Count:Environment                          < 2.2e-16 ***
Run:Iteration.Count:Model.Unique                         < 2.2e-16 ***
Run:Environment:Model.Unique                             < 2.2e-16 ***
Buffer.Size:Iteration.Count:Environment                  < 2.2e-16 ***
Buffer.Size:Iteration.Count:Model.Unique                 < 2.2e-16 ***
Buffer.Size:Environment:Model.Unique                     < 2.2e-16 ***
Iteration.Count:Environment:Model.Unique                 2.193e-06 ***
Run:Buffer.Size:Iteration.Count:Environment              < 2.2e-16 ***
Run:Buffer.Size:Iteration.Count:Model.Unique             0.0006217 ***
Run:Buffer.Size:Environment:Model.Unique                 < 2.2e-16 ***
Run:Iteration.Count:Environment:Model.Unique             < 2.2e-16 ***
Buffer.Size:Iteration.Count:Environment:Model.Unique     3.095e-11 ***
Run:Buffer.Size:Iteration.Count:Environment:Model.Unique 0.0201293 *  
---
Signif. codes:  0 ‘***’ 0.001 ‘**’ 0.01 ‘*’ 0.05 ‘.’ 0.1 ‘ ’ 1
Significant (p < 0.0001): 29
Non-significant (p >= 0.0001): 2
Type III Analysis of Variance Table with Kenward-Roger's method
                                                      Sum Sq Mean Sq NumDF
Run                                                  10361.5 10361.5     1
Buffer.Size                                           2307.8  1153.9     2
Iteration.Count                                         36.5     4.1     9
Environment                                            308.2   102.7     3
Model.Unique                                            38.4    38.4     1
Run:Buffer.Size                                          9.8     4.9     2
Run:Iteration.Count                                     17.7     2.0     9
Run:Environment                                         65.4    21.8     3
Run:Model.Unique                                      1643.8  1643.8     1
Buffer.Size:Iteration.Count                              5.8     0.3    18
Buffer.Size:Environment                                 21.8     3.6     6
Buffer.Size:Model.Unique                              1352.2   676.1     2
Iteration.Count:Environment                             14.2     0.5    27
Iteration.Count:Model.Unique                             2.2     0.2     9
Environment:Model.Unique                                 4.3     1.4     3
Run:Buffer.Size:Iteration.Count                          1.9     0.1    18
Run:Buffer.Size:Environment                             16.4     2.7     6
Run:Buffer.Size:Model.Unique                             8.2     4.1     2
Run:Iteration.Count:Environment                          7.4     0.3    27
Run:Iteration.Count:Model.Unique                         5.7     0.6     9
Run:Environment:Model.Unique                             7.5     2.5     3
Buffer.Size:Iteration.Count:Environment                  2.9     0.1    54
Buffer.Size:Iteration.Count:Model.Unique                 2.4     0.1    18
Buffer.Size:Environment:Model.Unique                     6.2     1.0     6
Iteration.Count:Environment:Model.Unique                 0.7     0.0    27
Run:Buffer.Size:Iteration.Count:Environment              1.8     0.0    54
Run:Buffer.Size:Environment:Model.Unique                 4.3     0.7     6
Run:Iteration.Count:Environment:Model.Unique             1.4     0.1    27
Buffer.Size:Iteration.Count:Environment:Model.Unique     1.4     0.0    54
                                                     DenDF    F value    Pr(>F)
Run                                                    432 1.1248e+06 < 2.2e-16
Buffer.Size                                            432 1.2526e+05 < 2.2e-16
Iteration.Count                                       3888 4.4082e+02 < 2.2e-16
Environment                                            432 1.1151e+04 < 2.2e-16
Model.Unique                                           432 4.1702e+03 < 2.2e-16
Run:Buffer.Size                                        432 5.3134e+02 < 2.2e-16
Run:Iteration.Count                                   3888 2.1296e+02 < 2.2e-16
Run:Environment                                        432 2.3648e+03 < 2.2e-16
Run:Model.Unique                                       432 1.7844e+05 < 2.2e-16
Buffer.Size:Iteration.Count                           3888 3.4823e+01 < 2.2e-16
Buffer.Size:Environment                                432 3.9390e+02 < 2.2e-16
Buffer.Size:Model.Unique                               432 7.3393e+04 < 2.2e-16
Iteration.Count:Environment                           3888 5.7092e+01 < 2.2e-16
Iteration.Count:Model.Unique                          3888 2.6571e+01 < 2.2e-16
Environment:Model.Unique                               432 1.5618e+02 < 2.2e-16
Run:Buffer.Size:Iteration.Count                       3888 1.1341e+01 < 2.2e-16
Run:Buffer.Size:Environment                            432 2.9699e+02 < 2.2e-16
Run:Buffer.Size:Model.Unique                           432 4.4621e+02 < 2.2e-16
Run:Iteration.Count:Environment                       3888 2.9950e+01 < 2.2e-16
Run:Iteration.Count:Model.Unique                      3888 6.8173e+01 < 2.2e-16
Run:Environment:Model.Unique                           432 2.7196e+02 < 2.2e-16
Buffer.Size:Iteration.Count:Environment               3888 5.8306e+00 < 2.2e-16
Buffer.Size:Iteration.Count:Model.Unique              3888 1.4391e+01 < 2.2e-16
Buffer.Size:Environment:Model.Unique                   432 1.1190e+02 < 2.2e-16
Iteration.Count:Environment:Model.Unique              3888 2.7915e+00 2.193e-06
Run:Buffer.Size:Iteration.Count:Environment           3888 3.5895e+00 < 2.2e-16
Run:Buffer.Size:Environment:Model.Unique               432 7.8459e+01 < 2.2e-16
Run:Iteration.Count:Environment:Model.Unique          3888 5.4871e+00 < 2.2e-16
Buffer.Size:Iteration.Count:Environment:Model.Unique  3888 2.8480e+00 3.095e-11
                                                        
Run                                                  ***
Buffer.Size                                          ***
Iteration.Count                                      ***
Environment                                          ***
Model.Unique                                         ***
Run:Buffer.Size                                      ***
Run:Iteration.Count                                  ***
Run:Environment                                      ***
Run:Model.Unique                                     ***
Buffer.Size:Iteration.Count                          ***
Buffer.Size:Environment                              ***
Buffer.Size:Model.Unique                             ***
Iteration.Count:Environment                          ***
Iteration.Count:Model.Unique                         ***
Environment:Model.Unique                             ***
Run:Buffer.Size:Iteration.Count                      ***
Run:Buffer.Size:Environment                          ***
Run:Buffer.Size:Model.Unique                         ***
Run:Iteration.Count:Environment                      ***
Run:Iteration.Count:Model.Unique                     ***
Run:Environment:Model.Unique                         ***
Buffer.Size:Iteration.Count:Environment              ***
Buffer.Size:Iteration.Count:Model.Unique             ***
Buffer.Size:Environment:Model.Unique                 ***
Iteration.Count:Environment:Model.Unique             ***
Run:Buffer.Size:Iteration.Count:Environment          ***
Run:Buffer.Size:Environment:Model.Unique             ***
Run:Iteration.Count:Environment:Model.Unique         ***
Buffer.Size:Iteration.Count:Environment:Model.Unique ***
---
Signif. codes:  0 ‘***’ 0.001 ‘**’ 0.01 ‘*’ 0.05 ‘.’ 0.1 ‘ ’ 1
Type III Analysis of Variance Table with Kenward-Roger's method
                                                          Sum Sq  Mean Sq NumDF
Run:Buffer.Size:Iteration.Count:Model.Unique             0.40467 0.022482    18
Run:Buffer.Size:Iteration.Count:Environment:Model.Unique 0.71521 0.013245    54
                                                         DenDF F value
Run:Buffer.Size:Iteration.Count:Model.Unique              3888  2.4405
Run:Buffer.Size:Iteration.Count:Environment:Model.Unique  3888  1.4378
                                                            Pr(>F)    
Run:Buffer.Size:Iteration.Count:Model.Unique             0.0006217 ***
Run:Buffer.Size:Iteration.Count:Environment:Model.Unique 0.0201293 *  
---
Signif. codes:  0 ‘***’ 0.001 ‘**’ 0.01 ‘*’ 0.05 ‘.’ 0.1 ‘ ’ 1

#####################################################################
# Clean up the environment
#####################################################################

Remaining attached packages:
Remaining objects in the environment:
Removing all objects from the environment...
Remaining objects in the environment:
Warning messages:
1: In q("no", save = "no") : NAs introduced by coercion
2: In q("no", save = "no") : invalid 'status', 0 assumed
